{"(0.4, 0.0, 0.0)": {"nn": [[0.09760383829684419, -0.11353575006840427, 7.60261118755547e-05], [2.4492935982947065e-17, 0.4, 0.0], [-7.347880794884119e-17, -0.4, 0.0], [-1.2246467991473531e-17, 1.3877787807814457e-17, 0.0], [-0.38154724608294927, 0.011042925653569874, 0.0002582470578884824], [0.09928895258120102, 0.11705200421173942, 6.50619279319203e-05]], "index": 0}, "(0.8, -1.9594348786357652e-16, 0.7)": {"nn": [[0.39480851909164877, 0.12777952740140264, 0.7010561965572537], [4.898587196589413e-17, 0.8, 0.7], [-1.4695761589768238e-16, -0.8, 0.7], [0.36202957687605086, -0.3709957623408434, 0.7001397415796506], [0.3535391322490142, 0.3537101053707437, 0.7002962964931598], [-2.4492935982947062e-17, -2.7755575615628914e-17, 0.7]], "index": 1}, "(-0.4, 4.898587196589413e-17, 0.0)": {"nn": [[2.4492935982947065e-17, 0.4, 0.0], [-0.3827786501354141, 0.011805097378292188, -0.0001277332775963013], [-7.347880794884119e-17, -0.4, 0.0], [-1.2246467991473531e-17, 1.3877787807814457e-17, 0.0], [-0.24400238361575602, -0.15535125159323326, -1.9712660694952074e-05], [-0.23432153664389588, 0.16504308218622035, 0.00023815656554820327]], "index": 3}, "(-0.8, 9.797174393178826e-17, 0.7)": {"nn": [[-0.3535147669397658, 0.3536712125029449, 0.7000210740689973], [4.898587196589413e-17, 0.8, 0.7], [-1.4695761589768238e-16, -0.8, 0.7], [-0.3884910367244272, -0.39840046908723903, 0.7000204623100987], [-2.4492935982947062e-17, -2.7755575615628914e-17, 0.7], [-0.03919505167650235, 0.19786092626940902, 0.7001551468465289]], "index": 5}, "(-7.347880794884119e-17, -0.4, 0.0)": {"nn": [[0.09760383829684419, -0.11353575006840427, 7.60261118755547e-05], [-0.4, 4.898587196589413e-17, 0.0], [0.4, 0.0, 0.0], [-0.38053077261365237, 0.009777002147892764, -0.000434845648882166], [-1.2246467991473531e-17, 1.3877787807814457e-17, 0.0], [-0.24400238361575602, -0.15535125159323326, -1.9712660694952074e-05]], "index": 10}, "(4.898587196589413e-17, 0.8, 0.7)": {"nn": [[-0.3535147669397658, 0.3536712125029449, 0.7000210740689973], [0.007234428343706633, 0.5929631550958874, 0.7002076319419939], [0.3535391322490142, 0.3537101053707437, 0.7002962964931598], [0.8, -1.9594348786357652e-16, 0.7], [-0.8, 9.797174393178826e-17, 0.7], [-2.4492935982947062e-17, -2.7755575615628914e-17, 0.7]], "index": 21}, "(-1.4695761589768238e-16, -0.8, 0.7)": {"nn": [[-0.3884910367244272, -0.39840046908723903, 0.7000204623100987], [0.36202957687605086, -0.3709957623408434, 0.7001397415796506], [0.8, -1.9594348786357652e-16, 0.7], [-0.8, 9.797174393178826e-17, 0.7], [-2.4492935982947062e-17, -2.7755575615628914e-17, 0.7], [-0.013496132780606532, -0.7785021699054825, 0.6999494921956082]], "index": 26}, "(2.4492935982947065e-17, 0.4, 0.0)": {"nn": [[-0.4, 4.898587196589413e-17, 0.0], [0.4, 0.0, 0.0], [-0.38286969622147426, 0.0121580933411946, 0.0012626676696119556], [-1.2246467991473531e-17, 1.3877787807814457e-17, 0.0], [0.09928895258120102, 0.11705200421173942, 6.50619279319203e-05], [-0.23432153664389588, 0.16504308218622035, 0.00023815656554820327]], "index": 31}, "(-2.4492935982947062e-17, -2.7755575615628914e-17, 0.7)": {"nn": [[4.898587196589413e-17, 0.8, 0.7], [-1.4695761589768238e-16, -0.8, 0.7], [0.8, -1.9594348786357652e-16, 0.7], [-0.8, 9.797174393178826e-17, 0.7]], "index": 36}, "(-1.2246467991473531e-17, 1.3877787807814457e-17, 0.0)": {"nn": [[2.4492935982947065e-17, 0.4, 0.0], [-0.4, 4.898587196589413e-17, 0.0], [0.4, 0.0, 0.0], [-7.347880794884119e-17, -0.4, 0.0]], "index": 37}, "(-0.012245676228341478, -0.7533899087711785, 0.700692148565218)": {"nn": [[-0.3827786501354141, 0.011805097378292188, -0.0001277332775963013], [-0.01099390017923405, -0.7535556965983825, 0.6983307933524567], [-0.19967452567275415, -0.3643562777059071, 0.34306693237721875], [-0.012675927065593487, -0.7534730802586199, 0.701463884002958], [-0.01558567441606408, 0.1796656475289744, 0.7001421954575974], [-0.026525851011574175, -0.26640846938754076, 0.7002776873024307], [-0.20175181509046528, -0.3625429761485684, 0.34273902785570654], [-0.03919505167650235, 0.19786092626940902, 0.7001551468465289]], "index": 2}, "(-0.012129597596328381, -0.7537931436968693, 0.6997628837416541)": {"nn": [[0.39480851909164877, 0.12777952740140264, 0.7010561965572537], [-0.20117680973439447, -0.3614937135214237, 0.34036309572946405], [-0.012675927065593487, -0.7534730802586199, 0.701463884002958], [-0.20218923046740286, -0.36067375617053166, 0.34176594346986805], [-0.38154724608294927, 0.011042925653569874, 0.0002582470578884824], [0.22631522605297433, 0.17757711548700536, 0.7007278377277776], [0.20609098491244637, -0.2896647720160041, 0.7004487710759021], [-0.01099390017923405, -0.7535556965983825, 0.6983307933524567]], "index": 4}, "(-0.38053077261365237, 0.009777002147892764, -0.000434845648882166)": {"nn": [[-0.3827786501354141, 0.011805097378292188, -0.0001277332775963013], [-0.20218923046740286, -0.36067375617053166, 0.34176594346986805], [-0.38154724608294927, 0.011042925653569874, 0.0002582470578884824], [0.09760383829684419, -0.11353575006840427, 7.60261118755547e-05], [-7.347880794884119e-17, -0.4, 0.0], [-0.012675927065593487, -0.7534730802586199, 0.701463884002958], [-0.24400238361575602, -0.15535125159323326, -1.9712660694952074e-05], [-0.20175181509046528, -0.3625429761485684, 0.34273902785570654]], "index": 6}, "(0.007234428343706633, 0.5929631550958874, 0.7002076319419939)": {"nn": [[0.39480851909164877, 0.12777952740140264, 0.7010561965572537], [4.898587196589413e-17, 0.8, 0.7], [0.3535391322490142, 0.3537101053707437, 0.7002962964931598], [0.22631522605297433, 0.17757711548700536, 0.7007278377277776], [-0.01099390017923405, -0.7535556965983825, 0.6983307933524567], [-0.3535147669397658, 0.3536712125029449, 0.7000210740689973], [-0.01558567441606408, 0.1796656475289744, 0.7001421954575974], [-0.03919505167650235, 0.19786092626940902, 0.7001551468465289]], "index": 7}, "(-0.013496132780606532, -0.7785021699054825, 0.6999494921956082)": {"nn": [[0.39480851909164877, 0.12777952740140264, 0.7010561965572537], [-0.3884910367244272, -0.39840046908723903, 0.7000204623100987], [0.36202957687605086, -0.3709957623408434, 0.7001397415796506], [0.20609098491244637, -0.2896647720160041, 0.7004487710759021], [-0.012675927065593487, -0.7534730802586199, 0.701463884002958], [-0.026525851011574175, -0.26640846938754076, 0.7002776873024307], [-1.4695761589768238e-16, -0.8, 0.7], [-0.03919505167650235, 0.19786092626940902, 0.7001551468465289]], "index": 8}, "(-0.38286969622147426, 0.0121580933411946, 0.0012626676696119556)": {"nn": [[-0.3827786501354141, 0.011805097378292188, -0.0001277332775963013], [-0.20117680973439447, -0.3614937135214237, 0.34036309572946405], [0.09928895258120102, 0.11705200421173942, 6.50619279319203e-05], [-0.01099390017923405, -0.7535556965983825, 0.6983307933524567], [-0.19967452567275415, -0.3643562777059071, 0.34306693237721875], [-0.38154724608294927, 0.011042925653569874, 0.0002582470578884824], [-0.23432153664389588, 0.16504308218622035, 0.00023815656554820327], [2.4492935982947065e-17, 0.4, 0.0]], "index": 9}, "(-0.3827786501354141, 0.011805097378292188, -0.0001277332775963013)": {"nn": [[-0.4, 4.898587196589413e-17, 0.0], [-0.38053077261365237, 0.009777002147892764, -0.000434845648882166], [-0.38286969622147426, 0.0121580933411946, 0.0012626676696119556], [-0.24400238361575602, -0.15535125159323326, -1.9712660694952074e-05], [-0.23432153664389588, 0.16504308218622035, 0.00023815656554820327], [-0.012245676228341478, -0.7533899087711785, 0.700692148565218], [-0.20175181509046528, -0.3625429761485684, 0.34273902785570654], [-0.19967452567275415, -0.3643562777059071, 0.34306693237721875]], "index": 11},