iter,A_PL_total,A_target,V_total,rho_mean,mass_total,P_inside_mean,dP_mean,surface_tension_mean,P_outside_mean,dt,rel.error.V%,rel.error.A%,ave_dist_nnpt,ave_dist_O
0,5.9551677775396486e-06,4.8359758620494268e-06,1.0000000000000044e-09,1.000000e+03,1.0000000000000002e-06,1.014222e+05,9.715214e+01,9.715214e+01,1.013250e+05,1.000000e-09,0.000000e+00,2.314304e+01,2.8348925287530191e-04,6.5767531907929633e-04
1,5.9118097047572978e-06,4.8359758620494268e-06,9.9815493811827350e-10,1.002093e+03,1.0000000000000002e-06,4.243602e+06,4.142277e+06,9.771001e+01,1.013250e+05,1.000000e-09,-1.845062e-01,2.224647e+01,2.8249243632844822e-04,6.5692886190267888e-04
2,5.8698811054052162e-06,4.8359758620494268e-06,9.9636348199574927e-10,1.004186e+03,1.0000000000000002e-06,8.615326e+06,8.514001e+06,9.825720e+01,1.013250e+05,1.000000e-09,-3.636518e-01,2.137945e+01,2.8152647799875949e-04,6.5619738634713546e-04
3,5.8293381759207133e-06,4.8359758620494268e-06,9.9462395446493880e-10,1.006275e+03,1.0000000000000002e-06,1.321143e+07,1.311011e+07,9.879363e+01,1.013250e+05,1.000000e-09,-5.376046e-01,2.054109e+01,2.8059051424429000e-04,6.5548060253416032e-04
4,5.7901379916615320e-06,4.8359758620494268e-06,9.9293469852620677e-10,1.008318e+03,1.0000000000000002e-06,1.796671e+07,1.786539e+07,9.931919e+01,1.013250e+05,1.000000e-09,-7.065301e-01,1.973050e+01,2.7968368811936051e-04,6.5477821421205669e-04
5,5.7522387772321651e-06,4.8359758620494268e-06,9.9129404317339612e-10,1.009378e+03,1.0000000000000002e-06,2.148947e+07,2.138815e+07,9.983382e+01,1.013250e+05,1.000000e-09,-8.705957e-01,1.894680e+01,2.7880516482584196e-04,6.5408992940586082e-04
6,5.7155999458378165e-06,4.8359758620494268e-06,9.8970038772388483e-10,1.010477e+03,1.0000000000000002e-06,2.519100e+07,2.508967e+07,1.003375e+02,1.013250e+05,1.000000e-09,-1.029961e+00,1.818917e+01,2.7795412888988370e-04,6.5341546268393128e-04
7,5.6801820672603260e-06,4.8359758620494268e-06,9.8815219038578399e-10,1.011996e+03,1.0000000000000002e-06,2.949052e+07,2.938920e+07,1.008301e+02,1.013250e+05,1.000000e-09,-1.184781e+00,1.745679e+01,2.7712978391971119e-04,6.5275453501635649e-04
8,5.6459468228279944e-06,4.8359758620494268e-06,9.8664796601021255e-10,1.013497e+03,1.0000000000000002e-06,3.388107e+07,3.377974e+07,1.013118e+02,1.013250e+05,1.000000e-09,-1.335203e+00,1.674886e+01,2.7633135222246522e-04,6.5210687434161154e-04
9,5.6128569912021889e-06,4.8359758620494268e-06,9.8518629338580969e-10,1.014624e+03,1.0000000000000002e-06,3.699473e+07,3.689340e+07,1.017824e+02,1.013250e+05,1.000000e-09,-1.481371e+00,1.606462e+01,2.7555807504850140e-04,6.5147221952700709e-04
10,5.5808764030343661e-06,4.8359758620494268e-06,9.8376584850404068e-10,1.014782e+03,1.0000000000000002e-06,3.648036e+07,3.637903e+07,1.022420e+02,1.013250e+05,1.000000e-09,-1.623415e+00,1.540331e+01,2.7480921176770563e-04,6.5085031262100126e-04
11,5.5499699182792369e-06,4.8359758620494268e-06,9.8238533586865416e-10,1.014940e+03,1.0000000000000002e-06,3.599955e+07,3.589822e+07,1.026907e+02,1.013250e+05,1.000000e-09,-1.761466e+00,1.476422e+01,2.7408403976712857e-04,6.5024090079779102e-04
12,5.5201033999158375e-06,4.8359758620494268e-06,9.8104350474938408e-10,1.015099e+03,1.0000000000000002e-06,3.555123e+07,3.544990e+07,1.031283e+02,1.013250e+05,1.000000e-09,-1.895650e+00,1.414663e+01,2.7338185419920557e-04,6.4964373625516847e-04
13,5.4912436884674403e-06,4.8359758620494268e-06,9.7973914753452357e-10,1.015258e+03,1.0000000000000002e-06,3.513436e+07,3.503304e+07,1.035552e+02,1.013250e+05,1.000000e-09,-2.026085e+00,1.354986e+01,2.7270196772774281e-04,6.4905857611441734e-04
14,5.4633585772762319e-06,4.8359758620494268e-06,9.7847109814641974e-10,1.015418e+03,1.0000000000000002e-06,3.474794e+07,3.464661e+07,1.039711e+02,1.013250e+05,1.000000e-09,-2.152890e+00,1.297324e+01,2.7204371027151730e-04,6.4848518232221513e-04
15,5.4364167884904656e-06,4.8359758620494268e-06,9.7723823051754044e-10,1.015346e+03,1.0000000000000002e-06,3.394829e+07,3.384697e+07,1.043764e+02,1.013250e+05,1.000000e-09,-2.276177e+00,1.241613e+01,2.7140642874538091e-04,6.4792332155449626e-04
16,5.4103879497246165e-06,4.8359758620494268e-06,9.7603945712464838e-10,1.015121e+03,1.0000000000000002e-06,3.287792e+07,3.277660e+07,1.047710e+02,1.013250e+05,1.000000e-09,-2.396054e+00,1.187789e+01,2.7078948679884929e-04,6.4737276512223663e-04
17,5.3852425713551957e-06,4.8359758620494268e-06,9.7487372757884549e-10,1.014901e+03,1.0000000000000002e-06,3.183442e+07,3.173309e+07,1.051550e+02,1.013250e+05,1.000000e-09,-2.512627e+00,1.135793e+01,2.7019226455214608e-04,6.4683328887912557e-04
18,5.3609520244171007e-06,4.8359758620494268e-06,9.7374002726934023e-10,1.014686e+03,1.0000000000000002e-06,3.081710e+07,3.071577e+07,1.055286e+02,1.013250e+05,1.000000e-09,-2.625997e+00,1.085564e+01,2.6961415832977783e-04,6.4630467313108006e-04
19,5.3374885190683425e-06,4.8359758620494268e-06,9.7263737605876353e-10,1.014476e+03,1.0000000000000002e-06,2.982529e+07,2.972396e+07,1.058919e+02,1.013250e+05,1.000000e-09,-2.736262e+00,1.037045e+01,2.6905458039171360e-04,6.4578670254756914e-04
20,5.3148250750777770e-06,4.8359758620494268e-06,9.7156482702810416e-10,1.014270e+03,1.0000000000000002e-06,2.885833e+07,2.875701e+07,1.062450e+02,1.013250e+05,1.000000e-09,-2.843517e+00,9.901811e+00,2.6851295853835925e-04,6.4527916411726970e-04
21,5.2929355085704600e-06,4.8359758620494268e-06,9.7052145724394004e-10,1.014069e+03,1.0000000000000002e-06,2.791561e+07,2.781429e+07,1.065881e+02,1.013250e+05,1.000000e-09,-2.947854e+00,9.449171e+00,2.6798873594246006e-04,6.4478184908396360e-04
22,5.2717944131640093e-06,4.8359758620494268e-06,9.6950637504204184e-10,1.013872e+03,1.0000000000000002e-06,2.699652e+07,2.689520e+07,1.069212e+02,1.013250e+05,1.000000e-09,-3.049362e+00,9.012008e+00,2.6748137089067095e-04,6.4429455308617821e-04
23,5.2513771396092348e-06,4.8359758620494268e-06,9.6851871978917851e-10,1.013679e+03,1.0000000000000002e-06,2.610048e+07,2.599916e+07,1.072446e+02,1.013250e+05,1.000000e-09,-3.148128e+00,8.589813e+00,2.6699033649487080e-04,6.4381707584668742e-04
24,5.2316597767624491e-06,4.8359758620494268e-06,9.6755765985036513e-10,1.013491e+03,1.0000000000000002e-06,2.522691e+07,2.512558e+07,1.075584e+02,1.013250e+05,1.000000e-09,-3.244234e+00,8.182090e+00,2.6651512041501470e-04,6.4334922109088863e-04
25,5.2126191329748377e-06,4.8359758620494268e-06,9.6662239153648345e-10,1.013306e+03,1.0000000000000002e-06,2.437525e+07,2.427393e+07,1.078627e+02,1.013250e+05,1.000000e-09,-3.337761e+00,7.788361e+00,2.6605522458076638e-04,6.4289079646680876e-04
26,5.1942327178810008e-06,4.8359758620494268e-06,9.6571213809196790e-10,1.013126e+03,1.0000000000000002e-06,2.354498e+07,2.344365e+07,1.081578e+02,1.013250e+05,1.000000e-09,-3.428786e+00,7.408161e+00,2.6561016491217127e-04,6.4244161346671221e-04
27,5.1764787245695609e-06,4.8359758620494268e-06,9.6482614872099791e-10,1.012949e+03,1.0000000000000002e-06,2.273555e+07,2.263422e+07,1.084438e+02,1.013250e+05,1.000000e-09,-3.517385e+00,7.041037e+00,2.6517947103963686e-04,6.4200148735027668e-04
28,5.1593360121209500e-06,4.8359758620494268e-06,9.6396369765070344e-10,1.012776e+03,1.0000000000000002e-06,2.194646e+07,2.184514e+07,1.087208e+02,1.013250e+05,1.000000e-09,-3.603630e+00,6.686554e+00,2.6476268602351445e-04,6.4157023706930413e-04
29,5.1427840884989244e-06,4.8359758620494268e-06,9.6312408322988847e-10,1.012688e+03,1.0000000000000002e-06,2.136604e+07,2.126472e+07,1.089892e+02,1.013250e+05,1.000000e-09,-3.687592e+00,6.344288e+00,2.6435936607355155e-04,6.4114768519393946e-04
30,5.1268030937836256e-06,4.8359758620494268e-06,9.6230662706193143e-10,1.012829e+03,1.0000000000000002e-06,2.133737e+07,2.123604e+07,1.092490e+02,1.013250e+05,1.000000e-09,-3.769337e+00,6.013827e+00,2.6396908026852622e-04,6.4073365784036334e-04
31,5.1113737837356330e-06,4.8359758620494268e-06,9.6151067317047328e-10,1.012968e+03,1.0000000000000002e-06,2.131051e+07,2.120918e+07,1.095004e+02,1.013250e+05,1.000000e-09,-3.848933e+00,5.694775e+00,2.6359141027634185e-04,6.4032798459993110e-04
32,5.0964775136813324e-06,4.8359758620494268e-06,9.6073558719665320e-10,1.013104e+03,1.0000000000000002e-06,2.128542e+07,2.118410e+07,1.097436e+02,1.013250e+05,1.000000e-09,-3.926441e+00,5.386744e+00,2.6322595007486900e-04,6.3993049846972896e-04
33,5.0820962227115061e-06,4.8359758620494268e-06,9.5998075562666147e-10,1.013238e+03,1.0000000000000002e-06,2.126208e+07,2.116076e+07,1.099789e+02,1.013250e+05,1.000000e-09,-4.001924e+00,5.089363e+00,2.6287230567383513e-04,6.3954103578451823e-04
34,5.0682124181854976e-06,4.8359758620494268e-06,9.5924558504836654e-10,1.013369e+03,1.0000000000000002e-06,2.124046e+07,2.113914e+07,1.102064e+02,1.013250e+05,1.000000e-09,-4.075441e+00,4.802269e+00,2.6253009483801810e-04,6.3915943615004028e-04
35,5.0548091605346926e-06,4.8359758620494268e-06,9.5852950143596263e-10,1.013497e+03,1.0000000000000002e-06,2.122052e+07,2.111919e+07,1.104263e+02,1.013250e+05,1.000000e-09,-4.147050e+00,4.525111e+00,2.6219894681203611e-04,6.3878554237765570e-04
36,5.0418700483596516e-06,4.8359758620494268e-06,9.5783194946149859e-10,1.013623e+03,1.0000000000000002e-06,2.120222e+07,2.110089e+07,1.106388e+02,1.013250e+05,1.000000e-09,-4.216805e+00,4.257552e+00,2.6187850204699323e-04,6.3841920042028864e-04
37,5.0293792038160863e-06,4.8359758620494268e-06,9.5715239183223902e-10,1.013747e+03,1.0000000000000002e-06,2.118552e+07,2.108419e+07,1.108441e+02,1.013250e+05,1.000000e-09,-4.284761e+00,3.999262e+00,2.6156841192922196e-04,6.3806025930965293e-04
38,5.0173212582851130e-06,4.8359758620494268e-06,9.5649030865289709e-10,1.013868e+03,1.0000000000000002e-06,2.117038e+07,2.106906e+07,1.110423e+02,1.013250e+05,1.000000e-09,-4.350969e+00,3.749924e+00,2.6126833851138282e-04,6.3770857109473190e-04
39,5.0056813383245500e-06,4.8359758620494268e-06,9.5584519681170397e-10,1.013986e+03,1.0000000000000002e-06,2.115678e+07,2.105545e+07,1.112337e+02,1.013250e+05,1.000000e-09,-4.415480e+00,3.509229e+00,2.6097795424614360e-04,6.3736399078148859e-04
40,4.9944450518975619e-06,4.8359758620494268e-06,9.5521656938946167e-10,1.014103e+03,1.0000000000000002e-06,2.114465e+07,2.104333e+07,1.114185e+02,1.013250e+05,1.000000e-09,-4.478343e+00,3.276881e+00,2.6069694172265140e-04,6.3702637627378162e-04
41,4.9835978444520211e-06,4.8359758620494268e-06,9.5460395509063866e-10,1.014217e+03,1.0000000000000002e-06,2.113397e+07,2.103265e+07,1.115968e+02,1.013250e+05,1.000000e-09,-4.539604e+00,3.052579e+00,2.6042498002629860e-04,6.3669557019224482e-04
42,4.9731248430432735e-06,4.8359758620494268e-06,9.5400687259363744e-10,1.014329e+03,1.0000000000000002e-06,2.112470e+07,2.102337e+07,1.117688e+02,1.013250e+05,1.000000e-09,-4.599313e+00,2.836015e+00,2.6016171591839474e-04,6.3637137059061792e-04
43,4.9630131904586967e-06,4.8359758620494268e-06,9.5342455789480574e-10,1.014439e+03,1.0000000000000002e-06,2.111693e+07,2.101560e+07,1.119348e+02,1.013250e+05,1.000000e-09,-4.657544e+00,2.626922e+00,2.5990687571828718e-04,6.3605364743840999e-04
44,4.9532510742826209e-06,4.8359758620494268e-06,9.5285664248787998e-10,1.014546e+03,1.0000000000000002e-06,2.111057e+07,2.100925e+07,1.120949e+02,1.013250e+05,1.000000e-09,-4.714336e+00,2.425058e+00,2.5966020254767638e-04,6.3574232728068792e-04
45,4.9438264460624767e-06,4.8359758620494268e-06,9.5230313170061116e-10,1.014652e+03,1.0000000000000002e-06,2.110540e+07,2.100407e+07,1.122493e+02,1.013250e+05,1.000000e-09,-4.769687e+00,2.230172e+00,2.5942142932917645e-04,6.3543728485540129e-04
46,4.9347275574877803e-06,4.8359758620494268e-06,9.5176364497129645e-10,1.014755e+03,1.0000000000000002e-06,2.110135e+07,2.100003e+07,1.123981e+02,1.013250e+05,1.000000e-09,-4.823636e+00,2.042022e+00,2.5919029413391088e-04,6.3513838834593293e-04
47,4.9259431157043083e-06,4.8359758620494268e-06,9.5123774126966432e-10,1.014857e+03,1.0000000000000002e-06,2.109841e+07,2.099709e+07,1.125416e+02,1.013250e+05,1.000000e-09,-4.876226e+00,1.860374e+00,2.5896654561449978e-04,6.3484551489348124e-04
48,4.9174622038064272e-06,4.8359758620494268e-06,9.5072504355014350e-10,1.014956e+03,1.0000000000000002e-06,2.109654e+07,2.099522e+07,1.126798e+02,1.013250e+05,1.000000e-09,-4.927496e+00,1.685003e+00,2.5874994046425407e-04,6.3455854409501971e-04
49,4.9092739630099986e-06,4.8359758620494268e-06,9.5022518650762816e-10,1.015053e+03,1.0000000000000002e-06,2.109570e+07,2.099437e+07,1.128130e+02,1.013250e+05,1.000000e-09,-4.977481e+00,1.515684e+00,2.5854023866247100e-04,6.3427732507108142e-04
50,4.9013679828174955e-06,4.8359758620494268e-06,9.4973769559308254e-10,1.015149e+03,1.0000000000000002e-06,2.109595e+07,2.099462e+07,1.129414e+02,1.013250e+05,1.000000e-09,-5.026230e+00,1.352201e+00,2.5833720917131685e-04,6.3400172126157372e-04
51,4.8937344989256849e-06,4.8359758620494268e-06,9.4926215197979305e-10,1.015243e+03,1.0000000000000002e-06,2.109733e+07,2.099600e+07,1.130650e+02,1.013250e+05,1.000000e-09,-5.073785e+00,1.194353e+00,2.5814063280472482e-04,6.3373163119373314e-04
52,4.8863639795245720e-06,4.8359758620494268e-06,9.4879826746280816e-10,1.015334e+03,1.0000000000000002e-06,2.109975e+07,2.099842e+07,1.131840e+02,1.013250e+05,1.000000e-09,-5.120173e+00,1.041943e+00,2.5795029605310180e-04,6.3346694459813036e-04
53,4.8792472162425834e-06,4.8359758620494268e-06,9.4834572345730818e-10,1.015425e+03,1.0000000000000002e-06,2.110318e+07,2.100185e+07,1.132987e+02,1.013250e+05,1.000000e-09,-5.165428e+00,8.947802e-01,2.5776599236869034e-04,6.3320755340889791e-04
54,4.8723753141758798e-06,4.8359758620494268e-06,9.4790421114675889e-10,1.015513e+03,1.0000000000000002e-06,2.110756e+07,2.100624e+07,1.134090e+02,1.013250e+05,1.000000e-09,-5.209579e+00,7.526806e-01,2.5758752195988594e-04,6.3295335171974405e-04
55,4.8657396821594400e-06,4.8359758620494268e-06,9.4747343115215301e-10,1.015600e+03,1.0000000000000002e-06,2.111287e+07,2.101155e+07,1.135152e+02,1.013250e+05,1.000000e-09,-5.252657e+00,6.154667e-01,2.5741469158996376e-04,6.3270423574084676e-04
56,4.8593320232772619e-06,4.8359758620494268e-06,9.4705309321329276e-10,1.015685e+03,1.0000000000000002e-06,2.111906e+07,2.101773e+07,1.136175e+02,1.013250e+05,1.000000e-09,-5.294691e+00,4.829669e-01,2.5724731438026081e-04,6.3246010375660525e-04
57,4.8531443256095087e-06,4.8359758620494268e-06,9.4664291588163061e-10,1.015768e+03,1.0000000000000002e-06,2.112609e+07,2.102476e+07,1.137158e+02,1.013250e+05,1.000000e-09,-5.335708e+00,3.550155e-01,2.5708520961778423e-04,6.3222085608423742e-04
58,4.8471688532140092e-06,4.8359758620494268e-06,9.4624262622423603e-10,1.015850e+03,1.0000000000000002e-06,2.113391e+07,2.103259e+07,1.138105e+02,1.013250e+05,1.000000e-09,-5.375737e+00,2.314526e-01,2.5692820256729081e-04,6.3198639503320056e-04
59,4.8413981373394928e-06,4.8359758620494268e-06,9.4585195953850791e-10,1.015930e+03,1.0000000000000002e-06,2.114250e+07,2.104118e+07,1.139016e+02,1.013250e+05,1.000000e-09,-5.414804e+00,1.121237e-01,2.5677612428778689e-04,6.3175662486542224e-04
60,4.8358249678676421e-06,4.8359758620494268e-06,9.4547065907712626e-10,1.016009e+03,1.0000000000000002e-06,2.115182e+07,2.105049e+07,1.139892e+02,1.013250e+05,1.000000e-09,-5.452934e+00,-3.120243e-03,2.5662881145347457e-04,6.3153145175632642e-04
61,4.8304423849811733e-06,4.8359758620494268e-06,9.4509847578298156e-10,1.016086e+03,1.0000000000000002e-06,2.116182e+07,2.106050e+07,1.140735e+02,1.013250e+05,1.000000e-09,-5.490152e+00,-1.144232e-01,2.5648610617909134e-04,6.3131078375663386e-04
62,4.8252436710548324e-06,4.8359758620494268e-06,9.4473516803358652e-10,1.016161e+03,1.0000000000000002e-06,2.117248e+07,2.107115e+07,1.141545e+02,1.013250e+05,1.000000e-09,-5.526483e+00,-2.219240e-01,2.5634785584962921e-04,6.3109453075492700e-04
63,4.8202223427661684e-06,4.8359758620494268e-06,9.4438050139470918e-10,1.016235e+03,1.0000000000000002e-06,2.118375e+07,2.108242e+07,1.142325e+02,1.013250e+05,1.000000e-09,-5.561950e+00,-3.257568e-01,2.5621391295440243e-04,6.3088260444095945e-04
64,4.8153721434227219e-06,4.8359758620494268e-06,9.4403424838279946e-10,1.016308e+03,1.0000000000000002e-06,2.119560e+07,2.109428e+07,1.143074e+02,1.013250e+05,1.000000e-09,-5.596575e+00,-4.260509e-01,2.5608413492541536e-04,6.3067491826969933e-04
65,4.8106870355024092e-06,4.8359758620494268e-06,9.4369618823593120e-10,1.016380e+03,1.0000000000000002e-06,2.120801e+07,2.110669e+07,1.143795e+02,1.013250e+05,1.000000e-09,-5.630381e+00,-5.229312e-01,2.5595838397998445e-04,6.3047138742608705e-04
66,4.8061611934034350e-06,4.8359758620494268e-06,9.4336610669290468e-10,1.016449e+03,1.0000000000000002e-06,2.122093e+07,2.111961e+07,1.144487e+02,1.013250e+05,1.000000e-09,-5.663389e+00,-6.165181e-01,2.5583652696757874e-04,6.3027192879049781e-04
67,4.8017889964003093e-06,4.8359758620494268e-06,9.4304379578025190e-10,1.016518e+03,1.0000000000000002e-06,2.123435e+07,2.113302e+07,1.145153e+02,1.013250e+05,1.000000e-09,-5.695620e+00,-7.069280e-01,2.5571843522080877e-04,6.3007646090489176e-04
68,4.7975650218022364e-06,4.8359758620494268e-06,9.4272905360675833e-10,1.016585e+03,1.0000000000000002e-06,2.124821e+07,2.114689e+07,1.145794e+02,1.013250e+05,1.000000e-09,-5.727095e+00,-7.942728e-01,2.5560398441051938e-04,6.2988490393963976e-04
69,4.7934840383102587e-06,4.8359758620494268e-06,9.4242168416532358e-10,1.016651e+03,1.0000000000000002e-06,2.126251e+07,2.116118e+07,1.146409e+02,1.013250e+05,1.000000e-09,-5.757832e+00,-8.786608e-01,2.5549305440491159e-04,6.2969717966100940e-04
70,4.7895409995691814e-06,4.8359758620494268e-06,9.4212149714182930e-10,1.016716e+03,1.0000000000000002e-06,2.127720e+07,2.117587e+07,1.147000e+02,1.013250e+05,1.000000e-09,-5.787850e+00,-9.601963e-01,2.5538552913264797e-04,6.2951321139930101e-04
71,4.7857310379107243e-06,4.8359758620494268e-06,9.4182830773072735e-10,1.016779e+03,1.0000000000000002e-06,2.129226e+07,2.119094e+07,1.147569e+02,1.013250e+05,1.000000e-09,-5.817169e+00,-1.038980e+00,2.5528129644985462e-04,6.2933292401761744e-04
72,4.7820494582836685e-06,4.8359758620494268e-06,9.4154193645716165e-10,1.016842e+03,1.0000000000000002e-06,2.130767e+07,2.120635e+07,1.148115e+02,1.013250e+05,1.000000e-09,-5.845806e+00,-1.115109e+00,2.5518024801096851e-04,6.2915624388125619e-04
73,4.7784917323674973e-06,4.8359758620494268e-06,9.4126220900533934e-10,1.016902e+03,1.0000000000000002e-06,2.132340e+07,2.122207e+07,1.148640e+02,1.013250e+05,1.000000e-09,-5.873779e+00,-1.188677e+00,2.5508227914335341e-04,6.2898309882771484e-04
74,4.7750534928651684e-06,4.8359758620494268e-06,9.4098895605292469e-10,1.016962e+03,1.0000000000000002e-06,2.133942e+07,2.123809e+07,1.149144e+02,1.013250e+05,1.000000e-09,-5.901104e+00,-1.259774e+00,2.5498728872559609e-04,6.2881341813728943e-04
75,4.7717305279713900e-06,4.8359758620494268e-06,9.4072201311123090e-10,1.017021e+03,1.0000000000000002e-06,2.135570e+07,2.125438e+07,1.149629e+02,1.013250e+05,1.000000e-09,-5.927799e+00,-1.328487e+00,2.5489517906944416e-04,6.2864713250426350e-04
76,4.7685187760121868e-06,4.8359758620494268e-06,9.4046122037099643e-10,1.017078e+03,1.0000000000000002e-06,2.137224e+07,2.127091e+07,1.150094e+02,1.013250e+05,1.000000e-09,-5.953878e+00,-1.394901e+00,2.5480585580526664e-04,6.2848417400866946e-04
77,4.7654143202519970e-06,4.8359758620494268e-06,9.4020642255356319e-10,1.017135e+03,1.0000000000000002e-06,2.138900e+07,2.128767e+07,1.150542e+02,1.013250e+05,1.000000e-09,-5.979358e+00,-1.459096e+00,2.5471922777100658e-04,6.2832447608861285e-04
78,4.7624133838640933e-06,4.8359758620494268e-06,9.3995746876717749e-10,1.017190e+03,1.0000000000000002e-06,2.140595e+07,2.130463e+07,1.150971e+02,1.013250e+05,1.000000e-09,-6.004253e+00,-1.521151e+00,2.5463520690450266e-04,6.2816797351314911e-04
79,4.7595123250605049e-06,4.8359758620494268e-06,9.3971421236834878e-10,1.017244e+03,1.0000000000000002e-06,2.142310e+07,2.132177e+07,1.151384e+02,1.013250e+05,1.000000e-09,-6.028579e+00,-1.581140e+00,2.5455370813914820e-04,6.2801460235570024e-04
80,4.7567076323774898e-06,4.8359758620494268e-06,9.3947651082794814e-10,1.017297e+03,1.0000000000000002e-06,2.144040e+07,2.133907e+07,1.151781e+02,1.013250e+05,1.000000e-09,-6.052349e+00,-1.639136e+00,2.5447464930277119e-04,6.2786429996800281e-04
81,4.7539959201125835e-06,4.8359758620494268e-06,9.3924422560197972e-10,1.017349e+03,1.0000000000000002e-06,2.145784e+07,2.135652e+07,1.152161e+02,1.013250e+05,1.000000e-09,-6.075577e+00,-1.695210e+00,2.5439795101968505e-04,6.2771700495457372e-04
82,4.7513739239093097e-06,4.8359758620494268e-06,9.3901722200677569e-10,1.017400e+03,1.0000000000000002e-06,2.147541e+07,2.137409e+07,1.152527e+02,1.013250e+05,1.000000e-09,-6.098278e+00,-1.749428e+00,2.5432353661581438e-04,6.2757265714768649e-04
83,4.7488384964857091e-06,4.8359758620494268e-06,9.3879536909849737e-10,1.017451e+03,1.0000000000000002e-06,2.149309e+07,2.139176e+07,1.152879e+02,1.013250e+05,1.000000e-09,-6.120463e+00,-1.801857e+00,2.5425133202683847e-04,6.2743119758284550e-04
84,4.7463866035029290e-06,4.8359758620494268e-06,9.3857853955677449e-10,1.017500e+03,1.0000000000000002e-06,2.151085e+07,2.140953e+07,1.153216e+02,1.013250e+05,1.000000e-09,-6.142146e+00,-1.852558e+00,2.5418126570924998e-04,6.2729256847474904e-04
85,4.7440153195698643e-06,4.8359758620494268e-06,9.3836660957230289e-10,1.017548e+03,1.0000000000000002e-06,2.152869e+07,2.142737e+07,1.153540e+02,1.013250e+05,1.000000e-09,-6.163339e+00,-1.901592e+00,2.5411326855427445e-04,6.2715671319373402e-04
86,4.7417218243804976e-06,4.8359758620494268e-06,9.3815945873831947e-10,1.017595e+03,1.0000000000000002e-06,2.154659e+07,2.144526e+07,1.153852e+02,1.013250e+05,1.000000e-09,-6.184054e+00,-1.949018e+00,2.5404727380457393e-04,6.2702357624268670e-04
87,4.7395033989797037e-06,4.8359758620494268e-06,9.3795696994572463e-10,1.017641e+03,1.0000000000000002e-06,2.156453e+07,2.146321e+07,1.154151e+02,1.013250e+05,1.000000e-09,-6.204303e+00,-1.994891e+00,2.5398321697363708e-04,6.2689310323441668e-04
88,4.7373574221544587e-06,4.8359758620494268e-06,9.3775902928181666e-10,1.017687e+03,1.0000000000000002e-06,2.158250e+07,2.148117e+07,1.154438e+02,1.013250e+05,1.000000e-09,-6.224097e+00,-2.039267e+00,2.5392103576781465e-04,6.2676524086948109e-04
89,4.7352813669463371e-06,4.8359758620494268e-06,9.3756552593241279e-10,1.017731e+03,1.0000000000000002e-06,2.160049e+07,2.149916e+07,1.154713e+02,1.013250e+05,1.000000e-09,-6.243447e+00,-2.082196e+00,2.5386067001090083e-04,6.2663993691445066e-04
90,4.7332727972823520e-06,4.8359758620494268e-06,9.3737635208730962e-10,1.017775e+03,1.0000000000000002e-06,2.161847e+07,2.151715e+07,1.154978e+02,1.013250e+05,1.000000e-09,-6.262365e+00,-2.123730e+00,2.5380206157120567e-04,6.2651714018061033e-04
91,4.7313293647199273e-06,4.8359758620494268e-06,9.3719140284891237e-10,1.017817e+03,1.0000000000000002e-06,2.163645e+07,2.153513e+07,1.155233e+02,1.013250e+05,1.000000e-09,-6.280860e+00,-2.163917e+00,2.5374515429103599e-04,6.2639680050308286e-04
92,4.7294488053034689e-06,4.8359758620494268e-06,9.3701057614395256e-10,1.017859e+03,1.0000000000000002e-06,2.165441e+07,2.155309e+07,1.155477e+02,1.013250e+05,1.000000e-09,-6.298942e+00,-2.202804e+00,2.5368989391852587e-04,6.2627886872037143e-04
93,4.7276289365284243e-06,4.8359758620494268e-06,9.3683377263814740e-10,1.017901e+03,1.0000000000000002e-06,2.167234e+07,2.157102e+07,1.155711e+02,1.013250e+05,1.000000e-09,-6.316623e+00,-2.240436e+00,2.5363622804173551e-04,6.2616329665430713e-04
94,4.7258676544100356e-06,4.8359758620494268e-06,9.3666089565372632e-10,1.017941e+03,1.0000000000000002e-06,2.169023e+07,2.158890e+07,1.155936e+02,1.013250e+05,1.000000e-09,-6.333910e+00,-2.276856e+00,2.5358410602496518e-04,6.2605003709040015e-04
95,4.7241629306534381e-06,4.8359758620494268e-06,9.3649185108970386e-10,1.017980e+03,1.0000000000000002e-06,2.170806e+07,2.160674e+07,1.156153e+02,1.013250e+05,1.000000e-09,-6.350815e+00,-2.312107e+00,2.5353347894721128e-04,6.2593904375857830e-04
96,4.7225128099219804e-06,4.8359758620494268e-06,9.3632654734480953e-10,1.018019e+03,1.0000000000000002e-06,2.172584e+07,2.162451e+07,1.156360e+02,1.013250e+05,1.000000e-09,-6.367345e+00,-2.346229e+00,2.5348429954269425e-04,6.2583027131431473e-04
97,4.7209154072006287e-06,4.8359758620494268e-06,9.3616489524296175e-10,1.018057e+03,1.0000000000000002e-06,2.174354e+07,2.164221e+07,1.156560e+02,1.013250e+05,1.000000e-09,-6.383510e+00,-2.379260e+00,2.5343652214340870e-04,6.2572367532012774e-04
98,4.7193689052516402e-06,4.8359758620494268e-06,9.3600680796123203e-10,1.018094e+03,1.0000000000000002e-06,2.176116e+07,2.165984e+07,1.156751e+02,1.013250e+05,1.000000e-09,-6.399319e+00,-2.411239e+00,2.5339010262362361e-04,6.2561921222745328e-04
99,4.7178715521593713e-06,4.8359758620494268e-06,9.3585220096014691e-10,1.018131e+03,1.0000000000000002e-06,2.177870e+07,2.167738e+07,1.156935e+02,1.013250e+05,1.000000e-09,-6.414780e+00,-2.442202e+00,2.5334499834627373e-04,6.2551683935887679e-04
100,4.7164216589615483e-06,4.8359758620494268e-06,9.3570099191632359e-10,1.018167e+03,1.0000000000000002e-06,2.179615e+07,2.169482e+07,1.157112e+02,1.013250e+05,1.000000e-09,-6.429901e+00,-2.472184e+00,2.5330116811118507e-04,6.2541651489072029e-04
101,4.7150175973640886e-06,4.8359758620494268e-06,9.3555310065730035e-10,1.018202e+03,1.0000000000000002e-06,2.181349e+07,2.171217e+07,1.157281e+02,1.013250e+05,1.000000e-09,-6.444690e+00,-2.501217e+00,2.5325857210507937e-04,6.2531819783597723e-04
102,4.7136577975368118e-06,4.8359758620494268e-06,9.3540844909848098e-10,1.018236e+03,1.0000000000000002e-06,2.183073e+07,2.172940e+07,1.157444e+02,1.013250e+05,1.000000e-09,-6.459155e+00,-2.529336e+00,2.5321717185329459e-04,6.2522184802758676e-04
103,4.7123407459874673e-06,4.8359758620494268e-06,9.3526696118216881e-10,1.018270e+03,1.0000000000000002e-06,2.184785e+07,2.174653e+07,1.157600e+02,1.013250e+05,1.000000e-09,-6.473304e+00,-2.556570e+00,2.5317693017316828e-04,6.2512742610204423e-04
104,4.7110649835113295e-06,4.8359758620494268e-06,9.3512856281855513e-10,1.018303e+03,1.0000000000000002e-06,2.186486e+07,2.176353e+07,1.157750e+02,1.013250e+05,1.000000e-09,-6.487144e+00,-2.582951e+00,2.5313781112903965e-04,6.2503489348333550e-04
105,4.7098291032139745e-06,4.8359758620494268e-06,9.3499318182863990e-10,1.018335e+03,1.0000000000000002e-06,2.188174e+07,2.178041e+07,1.157895e+02,1.013250e+05,1.000000e-09,-6.500682e+00,-2.608507e+00,2.5309977998879990e-04,6.2494421236719436e-04
106,4.7086317486049040e-06,4.8359758620494268e-06,9.3486074788899356e-10,1.018367e+03,1.0000000000000002e-06,2.189849e+07,2.179716e+07,1.158033e+02,1.013250e+05,1.000000e-09,-6.513925e+00,-2.633266e+00,2.5306280318196307e-04,6.2485534570567362e-04
107,4.7074716117593717e-06,4.8359758620494268e-06,9.3473119247828819e-10,1.018398e+03,1.0000000000000002e-06,2.191510e+07,2.181378e+07,1.158166e+02,1.013250e+05,1.000000e-09,-6.526881e+00,-2.657256e+00,2.5302684825918501e-04,6.2476825719202283e-04
108,4.7063474315463836e-06,4.8359758620494268e-06,9.3460444882557127e-10,1.018429e+03,1.0000000000000002e-06,2.193158e+07,2.183025e+07,1.158293e+02,1.013250e+05,1.000000e-09,-6.539555e+00,-2.680502e+00,2.5299188385319657e-04,6.2468291124587053e-04
109,4.7052579919203871e-06,4.8359758620494268e-06,9.3448045186017700e-10,1.018459e+03,1.0000000000000002e-06,2.194791e+07,2.184659e+07,1.158416e+02,1.013250e+05,1.000000e-09,-6.551955e+00,-2.703030e+00,2.5295787964110697e-04,6.2459927299869894e-04
110,4.7042021202748392e-06,4.8359758620494268e-06,9.3435913816323838e-10,1.018488e+03,1.0000000000000002e-06,2.196410e+07,2.186278e+07,1.158534e+02,1.013250e+05,1.000000e-09,-6.564086e+00,-2.724864e+00,2.5292480630801712e-04,6.2451730827961180e-04
111,4.7031786858550355e-06,4.8359758620494268e-06,9.3424044592076751e-10,1.018517e+03,1.0000000000000002e-06,2.198014e+07,2.187881e+07,1.158647e+02,1.013250e+05,1.000000e-09,-6.575955e+00,-2.746026e+00,2.5289263551191247e-04,6.2443698360138450e-04
112,4.7021865982285934e-06,4.8359758620494268e-06,9.3412431487819307e-10,1.018545e+03,1.0000000000000002e-06,2.199602e+07,2.189470e+07,1.158755e+02,1.013250e+05,1.000000e-09,-6.587569e+00,-2.766541e+00,2.5286133984978639e-04,6.2435826614679296e-04
113,4.7012248058114924e-06,4.8359758620494268e-06,9.3401068629636533e-10,1.018573e+03,1.0000000000000002e-06,2.201175e+07,2.191043e+07,1.158859e+02,1.013250e+05,1.000000e-09,-6.598931e+00,-2.786429e+00,2.5283089282495790e-04,6.2428112375521600e-04
114,4.7002922944475044e-06,4.8359758620494268e-06,9.3389950290892631e-10,1.018600e+03,1.0000000000000002e-06,2.202732e+07,2.192600e+07,1.158959e+02,1.013250e+05,1.000000e-09,-6.610050e+00,-2.805712e+00,2.5280126881552971e-04,6.2420552490950482e-04
115,4.6993880860395323e-06,4.8359758620494268e-06,9.3379070888104921e-10,1.018626e+03,1.0000000000000002e-06,2.204273e+07,2.194141e+07,1.159055e+02,1.013250e+05,1.000000e-09,-6.620929e+00,-2.824410e+00,2.5277244304397115e-04,6.2413143872311534e-04
116,4.6985112372307665e-06,4.8359758620494268e-06,9.3368424976943885e-10,1.018652e+03,1.0000000000000002e-06,2.205798e+07,2.195665e+07,1.159148e+02,1.013250e+05,1.000000e-09,-6.631575e+00,-2.842542e+00,2.5274439154776156e-04,6.2405883492749588e-04
117,4.6976608381340332e-06,4.8359758620494268e-06,9.3358007248361072e-10,1.018678e+03,1.0000000000000002e-06,2.207306e+07,2.197174e+07,1.159236e+02,1.013250e+05,1.000000e-09,-6.641993e+00,-2.860126e+00,2.5271709115107601e-04,6.2398768385972926e-04
118,4.6968360111075596e-06,4.8359758620494268e-06,9.3347812524837089e-10,1.018703e+03,1.0000000000000002e-06,2.208798e+07,2.198665e+07,1.159321e+02,1.013250e+05,1.000000e-09,-6.652187e+00,-2.877182e+00,2.5269051943747315e-04,6.2391795645041917e-04
119,4.6960359095756768e-06,4.8359758620494268e-06,9.3337835756744325e-10,1.018727e+03,1.0000000000000002e-06,2.210273e+07,2.200140e+07,1.159403e+02,1.013250e+05,1.000000e-09,-6.662164e+00,-2.893727e+00,2.5266465472354534e-04,6.2384962421182090e-04
120,4.6952597168925556e-06,4.8359758620494268e-06,9.3328072018824998e-10,1.018751e+03,1.0000000000000002e-06,2.211730e+07,2.201598e+07,1.159482e+02,1.013250e+05,1.000000e-09,-6.671928e+00,-2.909778e+00,2.5263947603350377e-04,6.2378265922620598e-04
121,4.6945066452478698e-06,4.8359758620494268e-06,9.3318516506776722e-10,1.018775e+03,1.0000000000000002e-06,2.213171e+07,2.203039e+07,1.159557e+02,1.013250e+05,1.000000e-09,-6.681483e+00,-2.925350e+00,2.5261496307466165e-04,6.2371703413446357e-04
122,4.6937759346125048e-06,4.8359758620494268e-06,9.3309164533941632e-10,1.018798e+03,1.0000000000000002e-06,2.214595e+07,2.204462e+07,1.159629e+02,1.013250e+05,1.000000e-09,-6.690835e+00,-2.940460e+00,2.5259109621379332e-04,6.2365272212492543e-04
123,4.6930668517231130e-06,4.8359758620494268e-06,9.3300011528100812e-10,1.018821e+03,1.0000000000000002e-06,2.216001e+07,2.205869e+07,1.159699e+02,1.013250e+05,1.000000e-09,-6.699988e+00,-2.955122e+00,2.5256785645432297e-04,6.2358969692241628e-04
124,4.6923786891040388e-06,4.8359758620494268e-06,9.3291053028363146e-10,1.018843e+03,1.0000000000000002e-06,2.217391e+07,2.207258e+07,1.159765e+02,1.013250e+05,1.000000e-09,-6.708947e+00,-2.969353e+00,2.5254522541432714e-04,6.2352793277752332e-04
125,4.6917107641252296e-06,4.8359758620494268e-06,9.3282284682150532e-10,1.018865e+03,1.0000000000000002e-06,2.218763e+07,2.208630e+07,1.159830e+02,1.013250e+05,1.000000e-09,-6.717715e+00,-2.983164e+00,2.5252318530532333e-04,6.2346740445607827e-04
126,4.6910624180949682e-06,4.8359758620494268e-06,9.3273702242274955e-10,1.018886e+03,1.0000000000000002e-06,2.220117e+07,2.209985e+07,1.159891e+02,1.013250e+05,1.000000e-09,-6.726298e+00,-2.996571e+00,2.5250171891180116e-04,6.2340808722885120e-04
127,4.6904330153860302e-06,4.8359758620494268e-06,9.3265301564102110e-10,1.018907e+03,1.0000000000000002e-06,2.221455e+07,2.211322e+07,1.159950e+02,1.013250e+05,1.000000e-09,-6.734698e+00,-3.009586e+00,2.5248080957148816e-04,6.2334995686145046e-04
128,4.6898219425941163e-06,4.8359758620494268e-06,9.3257078602805325e-10,1.018928e+03,1.0000000000000002e-06,2.222775e+07,2.212642e+07,1.160007e+02,1.013250e+05,1.000000e-09,-6.742921e+00,-3.022222e+00,2.5246044115632038e-04,6.2329298960442218e-04
129,4.6892286077273735e-06,4.8359758620494268e-06,9.3249029410694657e-10,1.018948e+03,1.0000000000000002e-06,2.224077e+07,2.213945e+07,1.160062e+02,1.013250e+05,1.000000e-09,-6.750971e+00,-3.034491e+00,2.5244059805407858e-04,6.2323716218355078e-04
130,4.6886524394259386e-06,4.8359758620494268e-06,9.3241150134633214e-10,1.018968e+03,1.0000000000000002e-06,2.225363e+07,2.215230e+07,1.160114e+02,1.013250e+05,1.000000e-09,-6.758850e+00,-3.046405e+00,2.5242126515068723e-04,6.2318245179035069e-04
131,4.6880928862102733e-06,4.8359758620494268e-06,9.3233437013527593e-10,1.018987e+03,1.0000000000000002e-06,2.226631e+07,2.216498e+07,1.160164e+02,1.013250e+05,1.000000e-09,-6.766563e+00,-3.057976e+00,2.5240242781313777e-04,6.2312883607274969e-04
132,4.6875494157573303e-06,4.8359758620494268e-06,9.3225886375891212e-10,1.019006e+03,1.0000000000000002e-06,2.227882e+07,2.217749e+07,1.160212e+02,1.013250e+05,1.000000e-09,-6.774114e+00,-3.069214e+00,2.5238407187302015e-04,6.2307629312595783e-04
133,4.6870215142036429e-06,4.8359758620494268e-06,9.3218494637483372e-10,1.019024e+03,1.0000000000000002e-06,2.229116e+07,2.218983e+07,1.160259e+02,1.013250e+05,1.000000e-09,-6.781505e+00,-3.080130e+00,2.5236618361064217e-04,6.2302480148351922e-04
134,4.6865086854740106e-06,4.8359758620494268e-06,9.3211258299016808e-10,1.019043e+03,1.0000000000000002e-06,2.230332e+07,2.220200e+07,1.160303e+02,1.013250e+05,1.000000e-09,-6.788742e+00,-3.090735e+00,2.5234874973970809e-04,6.2297434010854147e-04
135,4.6860104506352638e-06,4.8359758620494268e-06,9.3204173943931621e-10,1.019061e+03,1.0000000000000002e-06,2.231532e+07,2.221399e+07,1.160346e+02,1.013250e+05,1.000000e-09,-6.795826e+00,-3.101037e+00,2.5233175739254880e-04,6.2292488838510329e-04
136,4.6855263472738485e-06,4.8359758620494268e-06,9.3197238236236403e-10,1.019078e+03,1.0000000000000002e-06,2.232715e+07,2.222582e+07,1.160387e+02,1.013250e+05,1.000000e-09,-6.802762e+00,-3.111048e+00,2.5231519410586823e-04,6.2287642610982989e-04
137,4.6850559288965145e-06,4.8359758620494268e-06,9.3190447918411677e-10,1.019095e+03,1.0000000000000002e-06,2.233881e+07,2.223748e+07,1.160427e+02,1.013250e+05,1.000000e-09,-6.809552e+00,-3.120775e+00,2.5229904780700867e-04,6.2282893348363975e-04
138,4.6845987643533417e-06,4.8359758620494268e-06,9.3183799809374030e-10,1.019112e+03,1.0000000000000002e-06,2.235030e+07,2.224897e+07,1.160465e+02,1.013250e+05,1.000000e-09,-6.816200e+00,-3.130229e+00,2.5228330680068768e-04,6.2278239110365673e-04
139,4.6841544372819237e-06,4.8359758620494268e-06,9.3177290802501149e-10,1.019129e+03,1.0000000000000002e-06,2.236162e+07,2.226030e+07,1.160501e+02,1.013250e+05,1.000000e-09,-6.822709e+00,-3.139417e+00,2.5226795975622125e-04,6.2273677995528074e-04
140,4.6837225455723779e-06,4.8359758620494268e-06,9.3170917863711732e-10,1.019145e+03,1.0000000000000002e-06,2.237278e+07,2.227146e+07,1.160536e+02,1.013250e+05,1.000000e-09,-6.829082e+00,-3.148347e+00,2.5225299569519010e-04,6.2269208140442020e-04
141,4.6833027008521420e-06,4.8359758620494268e-06,9.3164678029603068e-10,1.019161e+03,1.0000000000000002e-06,2.238378e+07,2.228246e+07,1.160570e+02,1.013250e+05,1.000000e-09,-6.835322e+00,-3.157029e+00,2.5223840397954828e-04,6.2264827718987777e-04
142,4.6828945279898027e-06,4.8359758620494268e-06,9.3158568405640571e-10,1.019176e+03,1.0000000000000002e-06,2.239461e+07,2.229329e+07,1.160602e+02,1.013250e+05,1.000000e-09,-6.841432e+00,-3.165469e+00,2.5222417430015287e-04,6.2260534941588981e-04
143,4.6824976646174291e-06,4.8359758620494268e-06,9.3152586164400177e-10,1.019191e+03,1.0000000000000002e-06,2.240529e+07,2.230396e+07,1.160633e+02,1.013250e+05,1.000000e-09,-6.847414e+00,-3.173676e+00,2.5221029666569711e-04,6.2256328054481353e-04
144,4.6821117606705603e-06,4.8359758620494268e-06,9.3146728543860600e-10,1.019206e+03,1.0000000000000002e-06,2.241580e+07,2.231447e+07,1.160663e+02,1.013250e+05,1.000000e-09,-6.853271e+00,-3.181656e+00,2.5219676139203823e-04,6.2252205338996218e-04
145,4.6817364779452579e-06,4.8359758620494268e-06,9.3140992845744453e-10,1.019221e+03,1.0000000000000002e-06,2.242615e+07,2.232483e+07,1.160692e+02,1.013250e+05,1.000000e-09,-6.859007e+00,-3.189416e+00,2.5218355909190613e-04,6.2248165110858125e-04
146,4.6813714896716285e-06,4.8359758620494268e-06,9.3135376433906430e-10,1.019235e+03,1.0000000000000002e-06,2.243635e+07,2.233502e+07,1.160719e+02,1.013250e+05,1.000000e-09,-6.864624e+00,-3.196963e+00,2.5217068066496549e-04,6.2244205719496704e-04
147,4.6810164801030663e-06,4.8359758620494268e-06,9.3129876732766604e-10,1.019249e+03,1.0000000000000002e-06,2.244639e+07,2.234506e+07,1.160746e+02,1.013250e+05,1.000000e-09,-6.870123e+00,-3.204304e+00,2.5215811728824194e-04,6.2240325547372204e-04
148,4.6806711441208439e-06,4.8359758620494268e-06,9.3124491225788340e-10,1.019263e+03,1.0000000000000002e-06,2.245627e+07,2.235495e+07,1.160771e+02,1.013250e+05,1.000000e-09,-6.875509e+00,-3.211445e+00,2.5214586040687536e-04,6.2236523009314597e-04
149,4.6803351868531827e-06,4.8359758620494268e-06,9.3119217453999032e-10,1.019277e+03,1.0000000000000002e-06,2.246600e+07,2.236468e+07,1.160796e+02,1.013250e+05,1.000000e-09,-6.880783e+00,-3.218392e+00,2.5213390172520837e-04,6.2232796551875706e-04
150,4.6800083233086655e-06,4.8359758620494268e-06,9.3114053014552902e-10,1.019290e+03,1.0000000000000002e-06,2.247559e+07,2.237426e+07,1.160819e+02,1.013250e+05,1.000000e-09,-6.885947e+00,-3.225151e+00,2.5212223319817992e-04,6.2229144652694494e-04
151,4.6796902780229698e-06,4.8359758620494268e-06,9.3108995559331250e-10,1.019303e+03,1.0000000000000002e-06,2.248502e+07,2.238369e+07,1.160841e+02,1.013250e+05,1.000000e-09,-6.891004e+00,-3.231728e+00,2.5211084702303043e-04,6.2225565819875076e-04
152,4.6793807847188542e-06,4.8359758620494268e-06,9.3104042793585554e-10,1.019316e+03,1.0000000000000002e-06,2.249430e+07,2.239297e+07,1.160863e+02,1.013250e+05,1.000000e-09,-6.895957e+00,-3.238128e+00,2.5209973563129138e-04,6.2222058591376872e-04
153,4.6790795859787014e-06,4.8359758620494268e-06,9.3099192474614499e-10,1.019328e+03,1.0000000000000002e-06,2.250344e+07,2.240211e+07,1.160884e+02,1.013250e+05,1.000000e-09,-6.900808e+00,-3.244356e+00,2.5208889168106506e-04,6.2218621534417299e-04
154,4.6787864329290866e-06,4.8359758620494268e-06,9.3094442410479883e-10,1.019340e+03,1.0000000000000002e-06,2.251243e+07,2.241110e+07,1.160904e+02,1.013250e+05,1.000000e-09,-6.905558e+00,-3.250418e+00,2.5207830804956446e-04,6.2215253244886251e-04
155,4.6785010849370847e-06,4.8359758620494268e-06,9.3089790458757988e-10,1.019352e+03,1.0000000000000002e-06,2.252128e+07,2.241995e+07,1.160923e+02,1.013250e+05,1.000000e-09,-6.910210e+00,-3.256319e+00,2.5206797782592496e-04,6.2211952346772259e-04
156,4.6782233093177925e-06,4.8359758620494268e-06,9.3085234525322433e-10,1.019364e+03,1.0000000000000002e-06,2.252998e+07,2.242866e+07,1.160942e+02,1.013250e+05,1.000000e-09,-6.914765e+00,-3.262062e+00,2.5205789430425828e-04,6.2208717491600281e-04
157,4.6779528810525995e-06,4.8359758620494268e-06,9.3080772563164020e-10,1.019376e+03,1.0000000000000002e-06,2.253855e+07,2.243722e+07,1.160959e+02,1.013250e+05,1.000000e-09,-6.919227e+00,-3.267654e+00,2.5204805097695941e-04,6.2205547357880523e-04
158,4.6776895825179376e-06,4.8359758620494268e-06,9.3076402571239321e-10,1.019387e+03,1.0000000000000002e-06,2.254698e+07,2.244565e+07,1.160976e+02,1.013250e+05,1.000000e-09,-6.923597e+00,-3.273099e+00,2.5203844152824089e-04,6.2202440650568533e-04
159,4.6774332032239595e-06,4.8359758620494268e-06,9.3072122593354626e-10,1.019388e+03,1.0000000000000002e-06,2.253434e+07,2.243301e+07,1.160993e+02,1.013250e+05,1.000000e-09,-6.927877e+00,-3.278401e+00,2.5202905982789288e-04,6.2199396100535845e-04
160,4.6771835395628767e-06,4.8359758620494268e-06,9.3067930717073714e-10,1.019388e+03,1.0000000000000002e-06,2.252054e+07,2.241922e+07,1.161008e+02,1.013250e+05,1.000000e-09,-6.932069e+00,-3.283563e+00,2.5201989992526238e-04,6.2196412464051408e-04
161,4.6769403945666107e-06,4.8359758620494268e-06,9.3063825072663336e-10,1.019388e+03,1.0000000000000002e-06,2.250704e+07,2.240572e+07,1.161024e+02,1.013250e+05,1.000000e-09,-6.936175e+00,-3.288591e+00,2.5201095604344297e-04,6.2193488522273332e-04
162,4.6767035776732872e-06,4.8359758620494268e-06,9.3059803832059395e-10,1.019388e+03,1.0000000000000002e-06,2.249383e+07,2.239250e+07,1.161038e+02,1.013250e+05,1.000000e-09,-6.940196e+00,-3.293488e+00,2.5200222257366569e-04,6.2190623080750763e-04
163,4.6764729045023829e-06,4.8359758620494268e-06,9.3055865207866065e-10,1.019388e+03,1.0000000000000002e-06,2.248089e+07,2.237957e+07,1.161052e+02,1.013250e+05,1.000000e-09,-6.944135e+00,-3.298258e+00,2.5199369406988116e-04,6.2187814968935734e-04
164,4.6762481966381014e-06,4.8359758620494268e-06,9.3052007452377675e-10,1.019388e+03,1.0000000000000002e-06,2.246823e+07,2.236690e+07,1.161066e+02,1.013250e+05,1.000000e-09,-6.947993e+00,-3.302905e+00,2.5198536524353331e-04,6.2185063039704854e-04
165,4.6760292814207285e-06,4.8359758620494268e-06,9.3048228856630993e-10,1.019388e+03,1.0000000000000002e-06,2.245583e+07,2.235450e+07,1.161078e+02,1.013250e+05,1.000000e-09,-6.951771e+00,-3.307431e+00,2.5197723095851600e-04,6.2182366168890470e-04
166,4.6758159917456239e-06,4.8359758620494268e-06,9.3044527749478042e-10,1.019388e+03,1.0000000000000002e-06,2.244369e+07,2.234237e+07,1.161091e+02,1.013250e+05,1.000000e-09,-6.955472e+00,-3.311842e+00,2.5196928622629852e-04,6.2179723254821235e-04
167,4.6756081658695984e-06,4.8359758620494268e-06,9.3040902496687441e-10,1.019388e+03,1.0000000000000002e-06,2.243181e+07,2.233048e+07,1.161103e+02,1.013250e+05,1.000000e-09,-6.959098e+00,-3.316139e+00,2.5196152620122060e-04,6.2177133217871977e-04
168,4.6754056472243816e-06,4.8359758620494268e-06,9.3037351500066775e-10,1.019388e+03,1.0000000000000002e-06,2.242017e+07,2.231885e+07,1.161114e+02,1.013250e+05,1.000000e-09,-6.962648e+00,-3.320327e+00,2.5195394617595266e-04,6.2174595000022393e-04
169,4.6752082842368877e-06,4.8359758620494268e-06,9.3033873196608366e-10,1.019388e+03,1.0000000000000002e-06,2.240878e+07,2.230746e+07,1.161125e+02,1.013250e+05,1.000000e-09,-6.966127e+00,-3.324408e+00,2.5194654157710956e-04,6.2172107564424759e-04
170,4.6750159301561447e-06,4.8359758620494268e-06,9.3030466057658093e-10,1.019388e+03,1.0000000000000002e-06,2.239763e+07,2.229630e+07,1.161136e+02,1.013250e+05,1.000000e-09,-6.969534e+00,-3.328386e+00,2.5193930796101548e-04,6.2169669894980074e-04
171,4.6748284428863676e-06,4.8359758620494268e-06,9.3027128588107471e-10,1.019388e+03,1.0000000000000002e-06,2.238671e+07,2.228538e+07,1.161146e+02,1.013250e+05,1.000000e-09,-6.972871e+00,-3.332263e+00,2.5193224100961088e-04,6.2167280995922955e-04
172,4.6746456848263571e-06,4.8359758620494268e-06,9.3023859325601306e-10,1.019388e+03,1.0000000000000002e-06,2.237602e+07,2.227469e+07,1.161156e+02,1.013250e+05,1.000000e-09,-6.976141e+00,-3.336042e+00,2.5192533652650660e-04,6.2164939891414537e-04
173,4.6744675227145015e-06,4.8359758620494268e-06,9.3020656839773477e-10,1.019388e+03,1.0000000000000002e-06,2.236555e+07,2.226422e+07,1.161165e+02,1.013250e+05,1.000000e-09,-6.979343e+00,-3.339726e+00,2.5191859043316759e-04,6.2162645625143845e-04
174,4.6742938274797044e-06,4.8359758620494268e-06,9.3017519731495757e-10,1.019388e+03,1.0000000000000002e-06,2.235530e+07,2.225397e+07,1.161174e+02,1.013250e+05,1.000000e-09,-6.982480e+00,-3.343318e+00,2.5191199876522553e-04,6.2160397259936853e-04
175,4.6741244740974345e-06,4.8359758620494268e-06,9.3014446632149836e-10,1.019388e+03,1.0000000000000002e-06,2.234526e+07,2.224394e+07,1.161183e+02,1.013250e+05,1.000000e-09,-6.985553e+00,-3.346820e+00,2.5190555766892040e-04,6.2158193877373525e-04
176,4.6739593414512444e-06,4.8359758620494268e-06,9.3011436202916285e-10,1.019388e+03,1.0000000000000002e-06,2.233543e+07,2.223411e+07,1.161191e+02,1.013250e+05,1.000000e-09,-6.988564e+00,-3.350234e+00,2.5189926339766060e-04,6.2156034577412478e-04
177,4.6737983121991771e-06,4.8359758620494268e-06,9.3008487134084079e-10,1.019388e+03,1.0000000000000002e-06,2.232581e+07,2.222448e+07,1.161199e+02,1.013250e+05,1.000000e-09,-6.991513e+00,-3.353564e+00,2.5189311230870183e-04,6.2153918478023186e-04
178,4.6736412726450743e-06,4.8359758620494268e-06,9.3005598144372865e-10,1.019388e+03,1.0000000000000002e-06,2.231638e+07,2.221506e+07,1.161207e+02,1.013250e+05,1.000000e-09,-6.994402e+00,-3.356811e+00,2.5188710085993689e-04,6.2151844714825510e-04
179,4.6734881126145744e-06,4.8359758620494268e-06,9.3002767980279357e-10,1.019388e+03,1.0000000000000002e-06,2.230716e+07,2.220583e+07,1.161214e+02,1.013250e+05,1.000000e-09,-6.997232e+00,-3.359979e+00,2.5188122560679277e-04,6.2149812440736414e-04
180,4.6733387253354500e-06,4.8359758620494268e-06,9.2999995415433118e-10,1.019388e+03,1.0000000000000002e-06,2.229812e+07,2.219679e+07,1.161222e+02,1.013250e+05,1.000000e-09,-7.000005e+00,-3.363068e+00,2.5187548319923256e-04,6.2147820825623860e-04
181,4.6731930073224774e-06,4.8359758620494268e-06,9.2997279249974619e-10,1.019388e+03,1.0000000000000002e-06,2.228927e+07,2.218794e+07,1.161228e+02,1.013250e+05,1.000000e-09,-7.002721e+00,-3.366081e+00,2.5186987037886105e-04,6.2145869055967452e-04
182,4.6730508582662670e-06,4.8359758620494268e-06,9.2994618309944226e-10,1.019388e+03,1.0000000000000002e-06,2.228060e+07,2.217927e+07,1.161235e+02,1.013250e+05,1.000000e-09,-7.005382e+00,-3.369020e+00,2.5186438397612544e-04,6.2143956334526160e-04
183,4.6729121809262181e-06,4.8359758620494268e-06,9.2992011446691035e-10,1.019388e+03,1.0000000000000002e-06,2.227211e+07,2.217078e+07,1.161241e+02,1.013250e+05,1.000000e-09,-7.007989e+00,-3.371888e+00,2.5185902090760849e-04,6.2142081880012278e-04
184,4.6727768810272904e-06,4.8359758620494268e-06,9.2989457536292342e-10,1.019388e+03,1.0000000000000002e-06,2.226380e+07,2.216247e+07,1.161248e+02,1.013250e+05,1.000000e-09,-7.010542e+00,-3.374686e+00,2.5185377817341282e-04,6.2140244926772324e-04
185,4.6726448671604231e-06,4.8359758620494268e-06,9.2986955478989964e-10,1.019388e+03,1.0000000000000002e-06,2.225565e+07,2.215433e+07,1.161253e+02,1.013250e+05,1.000000e-09,-7.013045e+00,-3.377415e+00,2.5184865285463260e-04,6.2138444724474113e-04
186,4.6725160506866635e-06,4.8359758620494268e-06,9.2984504198640929e-10,1.019388e+03,1.0000000000000002e-06,2.224768e+07,2.214635e+07,1.161259e+02,1.013250e+05,1.000000e-09,-7.015496e+00,-3.380079e+00,2.5184364211091465e-04,6.2136680537800044e-04
187,4.6723903456445772e-06,4.8359758620494268e-06,9.2982102642178638e-10,1.019388e+03,1.0000000000000002e-06,2.223987e+07,2.213854e+07,1.161265e+02,1.013250e+05,1.000000e-09,-7.017897e+00,-3.382679e+00,2.5183874317808499e-04,6.2134951646146701e-04
188,4.6722676686610459e-06,4.8359758620494268e-06,9.2979749779092656e-10,1.019388e+03,1.0000000000000002e-06,2.223222e+07,2.213090e+07,1.161270e+02,1.013250e+05,1.000000e-09,-7.020250e+00,-3.385215e+00,2.5183395336587477e-04,6.2133257343330306e-04
189,4.6721479388652956e-06,4.8359758620494268e-06,9.2977444600916638e-10,1.019388e+03,1.0000000000000002e-06,2.222473e+07,2.212340e+07,1.161275e+02,1.013250e+05,1.000000e-09,-7.022555e+00,-3.387691e+00,2.5182927005570563e-04,6.2131596937298151e-04
190,4.6720310778058802e-06,4.8359758620494268e-06,9.2975186120730198e-10,1.019388e+03,1.0000000000000002e-06,2.221739e+07,2.211606e+07,1.161280e+02,1.013250e+05,1.000000e-09,-7.024814e+00,-3.390108e+00,2.5182469069855395e-04,6.2129969749845858e-04
191,4.6719170093706856e-06,4.8359758620494268e-06,9.2972973372674240e-10,1.019388e+03,1.0000000000000002e-06,2.221020e+07,2.210888e+07,1.161284e+02,1.013250e+05,1.000000e-09,-7.027027e+00,-3.392466e+00,2.5182021281288422e-04,6.2128375116340094e-04
192,4.6718056597097765e-06,4.8359758620494268e-06,9.2970805411476941e-10,1.019388e+03,1.0000000000000002e-06,2.220316e+07,2.210184e+07,1.161289e+02,1.013250e+05,1.000000e-09,-7.029195e+00,-3.394769e+00,2.5181583398264977e-04,6.2126812385447053e-04
193,4.6716969571610070e-06,4.8359758620494268e-06,9.2968681311992000e-10,1.019388e+03,1.0000000000000002e-06,2.219627e+07,2.209494e+07,1.161293e+02,1.013250e+05,1.000000e-09,-7.031319e+00,-3.397017e+00,2.5181155185536485e-04,6.2125280918866289e-04
194,4.6715908321781633e-06,4.8359758620494268e-06,9.2966600168746419e-10,1.019388e+03,1.0000000000000002e-06,2.218951e+07,2.208819e+07,1.161297e+02,1.013250e+05,1.000000e-09,-7.033400e+00,-3.399211e+00,2.5180736414022616e-04,6.2123780091069927e-04
195,4.6714872172617482e-06,4.8359758620494268e-06,9.2964561095502414e-10,1.019388e+03,1.0000000000000002e-06,2.218289e+07,2.208157e+07,1.161301e+02,1.013250e+05,1.000000e-09,-7.035439e+00,-3.401354e+00,2.5180326860630993e-04,6.2122309289046850e-04
196,4.6713860468922148e-06,4.8359758620494268e-06,9.2962563224826946e-10,1.019388e+03,1.0000000000000002e-06,2.217641e+07,2.207509e+07,1.161305e+02,1.013250e+05,1.000000e-09,-7.037437e+00,-3.403446e+00,2.5179926308081910e-04,6.2120867912052473e-04
197,4.6712872574654246e-06,4.8359758620494268e-06,9.2960605707672416e-10,1.019388e+03,1.0000000000000002e-06,2.217006e+07,2.206874e+07,1.161309e+02,1.013250e+05,1.000000e-09,-7.039394e+00,-3.405489e+00,2.5179534544738963e-04,6.2119455371362989e-04
198,4.6711907872305657e-06,4.8359758620494268e-06,9.2958687712968901e-10,1.019388e+03,1.0000000000000002e-06,2.216384e+07,2.206252e+07,1.161312e+02,1.013250e+05,1.000000e-09,-7.041312e+00,-3.407483e+00,2.5179151364445104e-04,6.2118071090035002e-04
199,4.6710965762300841e-06,4.8359758620494268e-06,9.2956808427223892e-10,1.019388e+03,1.0000000000000002e-06,2.215775e+07,2.205643e+07,1.161316e+02,1.013250e+05,1.000000e-09,-7.043192e+00,-3.409432e+00,2.5178776566364225e-04,6.2116714502669643e-04
200,4.6710045662418208e-06,4.8359758620494268e-06,9.2954967054134271e-10,1.019388e+03,1.0000000000000002e-06,2.215178e+07,2.205046e+07,1.161319e+02,1.013250e+05,1.000000e-09,-7.045033e+00,-3.411334e+00,2.5178409954827122e-04,6.2115385055181566e-04
201,4.6709147007231290e-06,4.8359758620494268e-06,9.2953162814204111e-10,1.019388e+03,1.0000000000000002e-06,2.214594e+07,2.204461e+07,1.161322e+02,1.013250e+05,1.000000e-09,-7.046837e+00,-3.413192e+00,2.5178051339183551e-04,6.2114082204572560e-04
202,4.6708269247569392e-06,4.8359758620494268e-06,9.2951394944374900e-10,1.019388e+03,1.0000000000000002e-06,2.214021e+07,2.203888e+07,1.161325e+02,1.013250e+05,1.000000e-09,-7.048605e+00,-3.415007e+00,2.5177700533657841e-04,6.2112805418709598e-04
203,4.6707411849997465e-06,4.8359758620494268e-06,9.2949662697663338e-10,1.019388e+03,1.0000000000000002e-06,2.213460e+07,2.203327e+07,1.161328e+02,1.013250e+05,1.000000e-09,-7.050337e+00,-3.416780e+00,2.5177357357209656e-04,6.2111554176107490e-04
204,4.6706574296313780e-06,4.8359758620494268e-06,9.2947965342805842e-10,1.019388e+03,1.0000000000000002e-06,2.212910e+07,2.202777e+07,1.161331e+02,1.013250e+05,1.000000e-09,-7.052035e+00,-3.418512e+00,2.5177021633399619e-04,6.2110327965715694e-04
205,4.6705756083065000e-06,4.8359758620494268e-06,9.2946302163915002e-10,1.019388e+03,1.0000000000000002e-06,2.212371e+07,2.202239e+07,1.161334e+02,1.013250e+05,1.000000e-09,-7.053698e+00,-3.420204e+00,2.5176693190257881e-04,6.2109126286709533e-04
206,4.6704956721077942e-06,4.8359758620494268e-06,9.2944672460141818e-10,1.019388e+03,1.0000000000000002e-06,2.211844e+07,2.201711e+07,1.161336e+02,1.013250e+05,1.000000e-09,-7.055328e+00,-3.421857e+00,2.5176371860158471e-04,6.2107948648285581e-04
207,4.6704175735007738e-06,4.8359758620494268e-06,9.2943075545345154e-10,1.019388e+03,1.0000000000000002e-06,2.211327e+07,2.201194e+07,1.161339e+02,1.013250e+05,1.000000e-09,-7.056924e+00,-3.423472e+00,2.5176057479696227e-04,6.2106794569461040e-04
208,4.6703412662902117e-06,4.8359758620494268e-06,9.2941510747771240e-10,1.019388e+03,1.0000000000000002e-06,2.210820e+07,2.200688e+07,1.161341e+02,1.013250e+05,1.000000e-09,-7.058489e+00,-3.425050e+00,2.5175749889568753e-04,6.2105663578877290e-04
209,4.6702667055779228e-06,4.8359758620494268e-06,9.2939977409739793e-10,1.019388e+03,1.0000000000000002e-06,2.210324e+07,2.200192e+07,1.161343e+02,1.013250e+05,1.000000e-09,-7.060023e+00,-3.426592e+00,2.5175448934460995e-04,6.2104555214607211e-04
210,4.6701938477221464e-06,4.8359758620494268e-06,9.2938474887336327e-10,1.019388e+03,1.0000000000000002e-06,2.209838e+07,2.199705e+07,1.161346e+02,1.013250e+05,1.000000e-09,-7.061525e+00,-3.428098e+00,2.5175154462933868e-04,6.2103469023966460e-04
211,4.6701226502982337e-06,4.8359758620494268e-06,9.2937002550111964e-10,1.019388e+03,1.0000000000000002e-06,2.209362e+07,2.199229e+07,1.161348e+02,1.013250e+05,1.000000e-09,-7.062997e+00,-3.429571e+00,2.5174866327317124e-04,6.2102404563328510e-04
212,4.6700530720607479e-06,4.8359758620494268e-06,9.2935559780793294e-10,1.019388e+03,1.0000000000000002e-06,2.208895e+07,2.198762e+07,1.161350e+02,1.013250e+05,1.000000e-09,-7.064440e+00,-3.431009e+00,2.5174584383603918e-04,6.2101361397943447e-04
213,4.6699850729067710e-06,4.8359758620494268e-06,9.2934145974993442e-10,1.019388e+03,1.0000000000000002e-06,2.208437e+07,2.198305e+07,1.161352e+02,1.013250e+05,1.000000e-09,-7.065854e+00,-3.432416e+00,2.5174308491350138e-04,6.2100339101760162e-04
214,4.6699186138405248e-06,4.8359758620494268e-06,9.2932760540934441e-10,1.019388e+03,1.0000000000000002e-06,2.207989e+07,2.197857e+07,1.161354e+02,1.013250e+05,1.000000e-09,-7.067239e+00,-3.433790e+00,2.5174038513576109e-04,6.2099337257252450e-04
215,4.6698536569391821e-06,4.8359758620494268e-06,9.2931402899173728e-10,1.019388e+03,1.0000000000000002e-06,2.207550e+07,2.197418e+07,1.161356e+02,1.013250e+05,1.000000e-09,-7.068597e+00,-3.435133e+00,2.5173774316671483e-04,6.2098355455248323e-04
216,4.6697901653197985e-06,4.8359758620494268e-06,9.2930072482338475e-10,1.019388e+03,1.0000000000000002e-06,2.207120e+07,2.196988e+07,1.161357e+02,1.013250e+05,1.000000e-09,-7.069928e+00,-3.436446e+00,2.5173515770302783e-04,6.2097393294762793e-04
217,4.6697281031075066e-06,4.8359758620494268e-06,9.2928768734864052e-10,1.019388e+03,1.0000000000000002e-06,2.206699e+07,2.196566e+07,1.161359e+02,1.013250e+05,1.000000e-09,-7.071231e+00,-3.437729e+00,2.5173262747324508e-04,6.2096450382834124e-04
218,4.6696674354045024e-06,4.8359758620494268e-06,9.2927491112739640e-10,1.019388e+03,1.0000000000000002e-06,2.206285e+07,2.196153e+07,1.161361e+02,1.013250e+05,1.000000e-09,-7.072509e+00,-3.438984e+00,2.5173015123692118e-04,6.2095526334363235e-04
219,4.6696081282603720e-06,4.8359758620494268e-06,9.2926239083260159e-10,1.019388e+03,1.0000000000000002e-06,2.205881e+07,2.195748e+07,1.161362e+02,1.013250e+05,1.000000e-09,-7.073761e+00,-3.440210e+00,2.5172772778377827e-04,6.2094620771956284e-04
220,4.6695501486432700e-06,4.8359758620494268e-06,9.2925012124782945e-10,1.019388e+03,1.0000000000000002e-06,2.205484e+07,2.195352e+07,1.161364e+02,1.013250e+05,1.000000e-09,-7.074988e+00,-3.441409e+00,2.5172535593289888e-04,6.2093733325770605e-04
221,4.6694934644120417e-06,4.8359758620494268e-06,9.2923809726489608e-10,1.019388e+03,1.0000000000000002e-06,2.205095e+07,2.194963e+07,1.161365e+02,1.013250e+05,1.000000e-09,-7.076190e+00,-3.442581e+00,2.5172303453192639e-04,6.2092863633363506e-04
222,4.6694380442893364e-06,4.8359758620494268e-06,9.2922631388155392e-10,1.019388e+03,1.0000000000000002e-06,2.204714e+07,2.194582e+07,1.161367e+02,1.013250e+05,1.000000e-09,-7.077369e+00,-3.443727e+00,2.5172076245630462e-04,6.2092011339544187e-04
223,4.6693838578356242e-06,4.8359758620494268e-06,9.2921476619920630e-10,1.019388e+03,1.0000000000000002e-06,2.204341e+07,2.194209e+07,1.161368e+02,1.013250e+05,1.000000e-09,-7.078523e+00,-3.444848e+00,2.5171853860853272e-04,6.2091176096228703e-04
224,4.6693308754240423e-06,4.8359758620494268e-06,9.2920344942070569e-10,1.019388e+03,1.0000000000000002e-06,2.203975e+07,2.193843e+07,1.161369e+02,1.013250e+05,1.000000e-09,-7.079655e+00,-3.445943e+00,2.5171636191744352e-04,6.2090357562297573e-04
225,4.6692790682160461e-06,4.8359758620494268e-06,9.2919235884817389e-10,1.019388e+03,1.0000000000000002e-06,2.203617e+07,2.193484e+07,1.161371e+02,1.013250e+05,1.000000e-09,-7.080764e+00,-3.447015e+00,2.5171423133750590e-04,6.2089555403456638e-04
226,4.6692284081379544e-06,4.8359758620494268e-06,9.2918148988089469e-10,1.019388e+03,1.0000000000000002e-06,2.203266e+07,2.193133e+07,1.161372e+02,1.013250e+05,1.000000e-09,-7.081851e+00,-3.448062e+00,2.5171214584814315e-04,6.2088769292100311e-04
227,4.6691788678581814e-06,4.8359758620494268e-06,9.2917083801323979e-10,1.019388e+03,1.0000000000000002e-06,2.202921e+07,2.192789e+07,1.161373e+02,1.013250e+05,1.000000e-09,-7.082916e+00,-3.449087e+00,2.5171010445307665e-04,6.2087998907177800e-04
228,4.6691304207652982e-06,4.8359758620494268e-06,9.2916039883263903e-10,1.019388e+03,1.0000000000000002e-06,2.202584e+07,2.192452e+07,1.161374e+02,1.013250e+05,1.000000e-09,-7.083960e+00,-3.450088e+00,2.5170810617968441e-04,6.2087243934061908e-04
229,4.6690830409467035e-06,4.8359758620494268e-06,9.2915016801760446e-10,1.019388e+03,1.0000000000000002e-06,2.202253e+07,2.192121e+07,1.161375e+02,1.013250e+05,1.000000e-09,-7.084983e+00,-3.451068e+00,2.5170615007838411e-04,6.2086504064420508e-04
230,4.6690367031681593e-06,4.8359758620494268e-06,9.2914014133580390e-10,1.019388e+03,1.0000000000000002e-06,2.201929e+07,2.191797e+07,1.161376e+02,1.013250e+05,1.000000e-09,-7.085986e+00,-3.452026e+00,2.5170423522202594e-04,6.2085778996090577e-04
231,4.6689913828538202e-06,4.8359758620494268e-06,9.2913031464215694e-10,1.019388e+03,1.0000000000000002e-06,2.201612e+07,2.191479e+07,1.161377e+02,1.013250e+05,1.000000e-09,-7.086969e+00,-3.452963e+00,2.5170236070531254e-04,6.2085068432954783e-04
232,4.6689470560669604e-06,4.8359758620494268e-06,9.2912068387699628e-10,1.019388e+03,1.0000000000000002e-06,2.201300e+07,2.191168e+07,1.161378e+02,1.013250e+05,1.000000e-09,-7.087932e+00,-3.453880e+00,2.5170052564422985e-04,6.2084372084820420e-04
233,4.6689036994914852e-06,4.8359758620494268e-06,9.2911124506425578e-10,1.019388e+03,1.0000000000000002e-06,2.200995e+07,2.190863e+07,1.161379e+02,1.013250e+05,1.000000e-09,-7.088875e+00,-3.454777e+00,2.5169872917549420e-04,6.2083689667300889e-04
234,4.6688612904137928e-06,4.8359758620494268e-06,9.2910199430969423e-10,1.019388e+03,1.0000000000000002e-06,2.200696e+07,2.190564e+07,1.161380e+02,1.013250e+05,1.000000e-09,-7.089801e+00,-3.455654e+00,2.5169697045602141e-04,6.2083020901699572e-04
235,4.6688198067053795e-06,4.8359758620494268e-06,9.2909292779917955e-10,1.019388e+03,1.0000000000000002e-06,2.200403e+07,2.190271e+07,1.161381e+02,1.013250e+05,1.000000e-09,-7.090707e+00,-3.456511e+00,2.5169524866240265e-04,6.2082365514895912e-04
236,4.6687792268059611e-06,4.8359758620494268e-06,9.2908404179700104e-10,1.019388e+03,1.0000000000000002e-06,2.200116e+07,2.189984e+07,1.161382e+02,1.013250e+05,1.000000e-09,-7.091596e+00,-3.457350e+00,2.5169356299040109e-04,6.2081723239233808e-04
237,4.6687395297071603e-06,4.8359758620494268e-06,9.2907533264419237e-10,1.019388e+03,1.0000000000000002e-06,2.199834e+07,2.189702e+07,1.161383e+02,1.013250e+05,1.000000e-09,-7.092467e+00,-3.458171e+00,2.5169191265446531e-04,6.2081093812412370e-04
238,4.6687006949366770e-06,4.8359758620494268e-06,9.2906679675693997e-10,1.019388e+03,1.0000000000000002e-06,2.199559e+07,2.189426e+07,1.161383e+02,1.013250e+05,1.000000e-09,-7.093320e+00,-3.458974e+00,2.5169029688724693e-04,6.2080476977378679e-04
239,4.6686627025429849e-06,4.8359758620494268e-06,9.2905843062498865e-10,1.019388e+03,1.0000000000000002e-06,2.199288e+07,2.189156e+07,1.161384e+02,1.013250e+05,1.000000e-09,-7.094157e+00,-3.459760e+00,2.5168871493914453e-04,6.2079872482222772e-04
240,4.6686255330805400e-06,4.8359758620494268e-06,9.2905023081010533e-10,1.019388e+03,1.0000000000000002e-06,2.199023e+07,2.188890e+07,1.161385e+02,1.013250e+05,1.000000e-09,-7.094977e+00,-3.460529e+00,2.5168716607784690e-04,6.2079280080074766e-04
241,4.6685891675953844e-06,4.8359758620494268e-06,9.2904219394454906e-10,1.019388e+03,1.0000000000000002e-06,2.198763e+07,2.188630e+07,1.161386e+02,1.013250e+05,1.000000e-09,-7.095781e+00,-3.461281e+00,2.5168564958790389e-04,6.2078699529004018e-04
242,4.6685535876112960e-06,4.8359758620494268e-06,9.2903431672960575e-10,1.019388e+03,1.0000000000000002e-06,2.198508e+07,2.188376e+07,1.161386e+02,1.013250e+05,1.000000e-09,-7.096568e+00,-3.462016e+00,2.5168416477029470e-04,6.2078130591920256e-04
243,4.6685187751163411e-06,4.8359758620494268e-06,9.2902659593414745e-10,1.019388e+03,1.0000000000000002e-06,2.198259e+07,2.188126e+07,1.161387e+02,1.013250e+05,1.000000e-09,-7.097340e+00,-3.462736e+00,2.5168271094202252e-04,6.2077573036476710e-04
244,4.6684847125497615e-06,4.8359758620494268e-06,9.2901902839319410e-10,1.019388e+03,1.0000000000000002e-06,2.198014e+07,2.187881e+07,1.161388e+02,1.013250e+05,1.000000e-09,-7.098097e+00,-3.463441e+00,2.5168128743570687e-04,6.2077026634975235e-04
245,4.6684513827895138e-06,4.8359758620494268e-06,9.2901161100654658e-10,1.019388e+03,1.0000000000000002e-06,2.197774e+07,2.187641e+07,1.161388e+02,1.013250e+05,1.000000e-09,-7.098839e+00,-3.464130e+00,2.5167989359919777e-04,6.2076491164273319e-04
246,4.6684187691398408e-06,4.8359758620494268e-06,9.2900434073742975e-10,1.019388e+03,1.0000000000000002e-06,2.197539e+07,2.187406e+07,1.161389e+02,1.013250e+05,1.000000e-09,-7.099566e+00,-3.464804e+00,2.5167852879519895e-04,6.2075966405692839e-04
247,4.6683868553195952e-06,4.8359758620494268e-06,9.2899721461116007e-10,1.019388e+03,1.0000000000000002e-06,2.197308e+07,2.187175e+07,1.161389e+02,1.013250e+05,1.000000e-09,-7.100279e+00,-3.465464e+00,2.5167719240089086e-04,6.2075452144930794e-04
248,4.6683556254506278e-06,4.8359758620494268e-06,9.2899022971385745e-10,1.019388e+03,1.0000000000000002e-06,2.197082e+07,2.186949e+07,1.161390e+02,1.013250e+05,1.000000e-09,-7.100977e+00,-3.466110e+00,2.5167588380758260e-04,6.2074948171971769e-04
249,4.6683250640468131e-06,4.8359758620494268e-06,9.2898338319117491e-10,1.019388e+03,1.0000000000000002e-06,2.196860e+07,2.186728e+07,1.161390e+02,1.013250e+05,1.000000e-09,-7.101662e+00,-3.466742e+00,2.5167460242035732e-04,6.2074454281002089e-04
250,4.6682951560030676e-06,4.8359758620494268e-06,9.2897667224705111e-10,1.019388e+03,1.0000000000000002e-06,2.196643e+07,2.186511e+07,1.161391e+02,1.013250e+05,1.000000e-09,-7.102333e+00,-3.467360e+00,2.5167334765773458e-04,6.2073970270325770e-04
251,4.6682658865851337e-06,4.8359758620494268e-06,9.2897009414250679e-10,1.019388e+03,1.0000000000000002e-06,2.196430e+07,2.186298e+07,1.161391e+02,1.013250e+05,1.000000e-09,-7.102991e+00,-3.467966e+00,2.5167211895134225e-04,6.2073495942282153e-04
252,4.6682372414192656e-06,4.8359758620494268e-06,9.2896364619445032e-10,1.019388e+03,1.0000000000000002e-06,2.196221e+07,2.186089e+07,1.161392e+02,1.013250e+05,1.000000e-09,-7.103635e+00,-3.468558e+00,2.5167091574559465e-04,6.2073031103165182e-04
253,4.6682092064825108e-06,4.8359758620494268e-06,9.2895732577451675e-10,1.019388e+03,1.0000000000000002e-06,2.196016e+07,2.185884e+07,1.161392e+02,1.013250e+05,1.000000e-09,-7.104267e+00,-3.469138e+00,2.5166973749738271e-04,6.2072575563144178e-04
254,4.6681817680931605e-06,4.8359758620494268e-06,9.2895113030792641e-10,1.019388e+03,1.0000000000000002e-06,2.195816e+07,2.185683e+07,1.161393e+02,1.013250e+05,1.000000e-09,-7.104887e+00,-3.469705e+00,2.5166858367576644e-04,6.2072129136186342e-04
255,4.6681549129015145e-06,4.8359758620494268e-06,9.2894505727238754e-10,1.019388e+03,1.0000000000000002e-06,2.195619e+07,2.185486e+07,1.161393e+02,1.013250e+05,1.000000e-09,-7.105494e+00,-3.470260e+00,2.5166745376168438e-04,6.2071691639980836e-04
256,4.6681286278809668e-06,4.8359758620494268e-06,9.2893910419698882e-10,1.019388e+03,1.0000000000000002e-06,2.195426e+07,2.185294e+07,1.161393e+02,1.013250e+05,1.000000e-09,-7.106090e+00,-3.470804e+00,2.5166634724766178e-04,6.2071262895864194e-04
257,4.6681029003192808e-06,4.8359758620494268e-06,9.2893326866113901e-10,1.019388e+03,1.0000000000000002e-06,2.195237e+07,2.185104e+07,1.161394e+02,1.013250e+05,1.000000e-09,-7.106673e+00,-3.471336e+00,2.5166526363753881e-04,6.2070842728747459e-04
258,4.6680777178101766e-06,4.8359758620494268e-06,9.2892754829353411e-10,1.019388e+03,1.0000000000000002e-06,2.195051e+07,2.184919e+07,1.161394e+02,1.013250e+05,1.000000e-09,-7.107245e+00,-3.471857e+00,2.5166420244618804e-04,6.2070430967044513e-04
259,4.6680530682452506e-06,4.8359758620494268e-06,9.2892194077112878e-10,1.019388e+03,1.0000000000000002e-06,2.194870e+07,2.184737e+07,1.161395e+02,1.013250e+05,1.000000e-09,-7.107806e+00,-3.472366e+00,2.5166316319925782e-04,6.2070027442602180e-04
260,4.6680289398059206e-06,4.8359758620494268e-06,9.2891644381812849e-10,1.019388e+03,1.0000000000000002e-06,2.194691e+07,2.184559e+07,1.161395e+02,1.013250e+05,1.000000e-09,-7.108356e+00,-3.472865e+00,2.5166214543291131e-04,6.2069631990631369e-04
261,4.6680053209558410e-06,4.8359758620494268e-06,9.2891105520503512e-10,1.019388e+03,1.0000000000000002e-06,2.194516e+07,2.184384e+07,1.161395e+02,1.013250e+05,1.000000e-09,-7.108894e+00,-3.473354e+00,2.5166114869357658e-04,6.2069244449639840e-04
262,4.6679822004333893e-06,4.8359758620494268e-06,9.2890577274767244e-10,1.019388e+03,1.0000000000000002e-06,2.194345e+07,2.184212e+07,1.161396e+02,1.013250e+05,1.000000e-09,-7.109423e+00,-3.473832e+00,2.5166017253769969e-04,6.2068864661366245e-04
263,4.6679595672444914e-06,4.8359758620494268e-06,9.2890059430624872e-10,1.019388e+03,1.0000000000000002e-06,2.194177e+07,2.184044e+07,1.161396e+02,1.013250e+05,1.000000e-09,-7.109941e+00,-3.474300e+00,2.5165921653150925e-04,6.2068492470715463e-04
264,4.6679374106555143e-06,4.8359758620494268e-06,9.2889551778445656e-10,1.019388e+03,1.0000000000000002e-06,2.194012e+07,2.183880e+07,1.161396e+02,1.013250e+05,1.000000e-09,-7.110448e+00,-3.474758e+00,2.5165828025078621e-04,6.2068127725695241e-04
265,4.6679157201865481e-06,4.8359758620494268e-06,9.2889054112856564e-10,1.019388e+03,1.0000000000000002e-06,2.193850e+07,2.183718e+07,1.161397e+02,1.013250e+05,1.000000e-09,-7.110946e+00,-3.475206e+00,2.5165736328063644e-04,6.2067770277354144e-04
266,4.6678944856047053e-06,4.8359758620494268e-06,9.2888566232653686e-10,1.019388e+03,1.0000000000000002e-06,2.193692e+07,2.183559e+07,1.161397e+02,1.013250e+05,1.000000e-09,-7.111434e+00,-3.475645e+00,2.5165646521526741e-04,6.2067419979720676e-04
267,4.6678736969177493e-06,4.8359758620494268e-06,9.2888087940718322e-10,1.019388e+03,1.0000000000000002e-06,2.193536e+07,2.183404e+07,1.161397e+02,1.013250e+05,1.000000e-09,-7.111912e+00,-3.476075e+00,2.5165558565778105e-04,6.2067076689743686e-04
268,4.6678533443678376e-06,4.8359758620494268e-06,9.2887619043930589e-10,1.019388e+03,1.0000000000000002e-06,2.193384e+07,2.183251e+07,1.161397e+02,1.013250e+05,1.000000e-09,-7.112381e+00,-3.476496e+00,2.5165472421996023e-04,6.2066740267233936e-04
269,4.6678334184254650e-06,4.8359758620494268e-06,9.2887159353089372e-10,1.019388e+03,1.0000000000000002e-06,2.193234e+07,2.183102e+07,1.161398e+02,1.013250e+05,1.000000e-09,-7.112841e+00,-3.476908e+00,2.5165388052206998e-04,6.2066410574806801e-04
270,4.6678139097836444e-06,4.8359758620494268e-06,9.2886708682830258e-10,1.019388e+03,1.0000000000000002e-06,2.193088e+07,2.182955e+07,1.161398e+02,1.013250e+05,1.000000e-09,-7.113291e+00,-3.477312e+00,2.5165305419265352e-04,6.2066087477826207e-04
271,4.6677948093520613e-06,4.8359758620494268e-06,9.2886266851546747e-10,1.019388e+03,1.0000000000000002e-06,2.192944e+07,2.182812e+07,1.161398e+02,1.013250e+05,1.000000e-09,-7.113733e+00,-3.477707e+00,2.5165224486834516e-04,6.2065770844349597e-04
272,4.6677761082516744e-06,4.8359758620494268e-06,9.2885833681313747e-10,1.019388e+03,1.0000000000000002e-06,2.192803e+07,2.182671e+07,1.161398e+02,1.013250e+05,1.000000e-09,-7.114166e+00,-3.478093e+00,2.5165145219367967e-04,6.2065460545074097e-04
273,4.6677577978092541e-06,4.8359758620494268e-06,9.2885408997811050e-10,1.019388e+03,1.0000000000000002e-06,2.192665e+07,2.182532e+07,1.161399e+02,1.013250e+05,1.000000e-09,-7.114591e+00,-3.478472e+00,2.5165067582090962e-04,6.2065156453283579e-04
274,4.6677398695521315e-06,4.8359758620494268e-06,9.2884992630250437e-10,1.019388e+03,1.0000000000000002e-06,2.192529e+07,2.182397e+07,1.161399e+02,1.013250e+05,1.000000e-09,-7.115007e+00,-3.478843e+00,2.5164991540982845e-04,6.2064858444797083e-04
275,4.6677223152031913e-06,4.8359758620494268e-06,9.2884584411302318e-10,1.019388e+03,1.0000000000000002e-06,2.192396e+07,2.182264e+07,1.161399e+02,1.013250e+05,1.000000e-09,-7.115416e+00,-3.479206e+00,2.5164917062759365e-04,6.2064566397917976e-04
276,4.6677051266758446e-06,4.8359758620494268e-06,9.2884184177025253e-10,1.019388e+03,1.0000000000000002e-06,2.192266e+07,2.182133e+07,1.161399e+02,1.013250e+05,1.000000e-09,-7.115816e+00,-3.479561e+00,2.5164844114855956e-04,6.2064280193384227e-04
277,4.6676882960692942e-06,4.8359758620494268e-06,9.2883791766796486e-10,1.019388e+03,1.0000000000000002e-06,2.192138e+07,2.182005e+07,1.161399e+02,1.013250e+05,1.000000e-09,-7.116208e+00,-3.479909e+00,2.5164772665411088e-04,6.2063999714319774e-04
278,4.6676718156638131e-06,4.8359758620494268e-06,9.2883407023243385e-10,1.019388e+03,1.0000000000000002e-06,2.192012e+07,2.181880e+07,1.161399e+02,1.013250e+05,1.000000e-09,-7.116593e+00,-3.480250e+00,2.5164702683250353e-04,6.2063724846186756e-04
279,4.6676556779162849e-06,4.8359758620494268e-06,9.2883029792178055e-10,1.019388e+03,1.0000000000000002e-06,2.191889e+07,2.181757e+07,1.161400e+02,1.013250e+05,1.000000e-09,-7.116970e+00,-3.480584e+00,2.5164634137870401e-04,6.2063455476738753e-04
280,4.6676398754557096e-06,4.8359758620494268e-06,9.2882659922531345e-10,1.019388e+03,1.0000000000000002e-06,2.191768e+07,2.181636e+07,1.161400e+02,1.013250e+05,1.000000e-09,-7.117340e+00,-3.480910e+00,2.5164566999424080e-04,6.2063191495974833e-04
281,4.6676244010789739e-06,4.8359758620494268e-06,9.2882297266288702e-10,1.019388e+03,1.0000000000000002e-06,2.191650e+07,2.181517e+07,1.161400e+02,1.013250e+05,1.000000e-09,-7.117703e+00,-3.481230e+00,2.5164501238705210e-04,6.2062932796094815e-04
282,4.6676092477466436e-06,4.8359758620494268e-06,9.2881941678428750e-10,1.019388e+03,1.0000000000000002e-06,2.191534e+07,2.181401e+07,1.161400e+02,1.013250e+05,1.000000e-09,-7.118058e+00,-3.481544e+00,2.5164436827133842e-04,6.2062679271455068e-04
283,4.6675944085789928e-06,4.8359758620494268e-06,9.2881593016861226e-10,1.019388e+03,1.0000000000000002e-06,2.191420e+07,2.181287e+07,1.161400e+02,1.013250e+05,1.000000e-09,-7.118407e+00,-3.481851e+00,2.5164373736742479e-04,6.2062430818525451e-04
284,4.6675798768519706e-06,4.8359758620494268e-06,9.2881251142368034e-10,1.019388e+03,1.0000000000000002e-06,2.191308e+07,2.181175e+07,1.161400e+02,1.013250e+05,1.000000e-09,-7.118749e+00,-3.482151e+00,2.5164311940162109e-04,6.2062187335847020e-04
285,4.6675656459934280e-06,4.8359758620494268e-06,9.2880915918542996e-10,1.019388e+03,1.0000000000000002e-06,2.191198e+07,2.181065e+07,1.161401e+02,1.013250e+05,1.000000e-09,-7.119084e+00,-3.482445e+00,2.5164251410608453e-04,6.2061948723990531e-04
286,4.6675517095793613e-06,4.8359758620494268e-06,9.2880587211736361e-10,1.019388e+03,1.0000000000000002e-06,2.191090e+07,2.180958e+07,1.161401e+02,1.013250e+05,1.000000e-09,-7.119413e+00,-3.482734e+00,2.5164192121869072e-04,6.2061714885515928e-04
287,4.6675380613303264e-06,4.8359758620494268e-06,9.2880264890997309e-10,1.019388e+03,1.0000000000000002e-06,2.190985e+07,2.180852e+07,1.161401e+02,1.013250e+05,1.000000e-09,-7.119735e+00,-3.483016e+00,2.5164134048290255e-04,6.2061485724932450e-04
288,4.6675246951078520e-06,4.8359758620494268e-06,9.2879948828019332e-10,1.019388e+03,1.0000000000000002e-06,2.190881e+07,2.180749e+07,1.161401e+02,1.013250e+05,1.000000e-09,-7.120051e+00,-3.483292e+00,2.5164077164764609e-04,6.2061261148659724e-04
289,4.6675116049110737e-06,4.8359758620494268e-06,9.2879638897086147e-10,1.019388e+03,1.0000000000000002e-06,2.190779e+07,2.180647e+07,1.161401e+02,1.013250e+05,1.000000e-09,-7.120361e+00,-3.483563e+00,2.5164021446718974e-04,6.2061041064989436e-04
290,4.6674987848733668e-06,4.8359758620494268e-06,9.2879334975019124e-10,1.019388e+03,1.0000000000000002e-06,2.190680e+07,2.180547e+07,1.161401e+02,1.013250e+05,1.000000e-09,-7.120665e+00,-3.483828e+00,2.5163966870102040e-04,6.2060825384048024e-04
291,4.6674862292590901e-06,4.8359758620494268e-06,9.2879036941125073e-10,1.019388e+03,1.0000000000000002e-06,2.190582e+07,2.180449e+07,1.161401e+02,1.013250e+05,1.000000e-09,-7.120963e+00,-3.484088e+00,2.5163913411373396e-04,6.2060614017759783e-04
292,4.6674739324604578e-06,4.8359758620494268e-06,9.2878744677147144e-10,1.019388e+03,1.0000000000000002e-06,2.190486e+07,2.180353e+07,1.161401e+02,1.013250e+05,1.000000e-09,-7.121255e+00,-3.484342e+00,2.5163861047491150e-04,6.2060406879811073e-04
293,4.6674618889944290e-06,4.8359758620494268e-06,9.2878458067213088e-10,1.019388e+03,1.0000000000000002e-06,2.190392e+07,2.180259e+07,1.161402e+02,1.013250e+05,1.000000e-09,-7.121542e+00,-3.484591e+00,2.5163809755901869e-04,6.2060203885614957e-04
294,4.6674500934997239e-06,4.8359758620494268e-06,9.2878176997787426e-10,1.019388e+03,1.0000000000000002e-06,2.190299e+07,2.180167e+07,1.161402e+02,1.013250e+05,1.000000e-09,-7.121823e+00,-3.484835e+00,2.5163759514529121e-04,6.2060004952276709e-04
295,4.6674385407339304e-06,4.8359758620494268e-06,9.2877901357625510e-10,1.019388e+03,1.0000000000000002e-06,2.190208e+07,2.180076e+07,1.161402e+02,1.013250e+05,1.000000e-09,-7.122099e+00,-3.485074e+00,2.5163710301762961e-04,6.2059809998559888e-04
296,4.6674272255706490e-06,4.8359758620494268e-06,9.2877631037724107e-10,1.019388e+03,1.0000000000000002e-06,2.190119e+07,2.179987e+07,1.161402e+02,1.013250e+05,1.000000e-09,-7.122369e+00,-3.485308e+00,2.5163662096449859e-04,6.2059618944853298e-04
297,4.6674161429967188e-06,4.8359758620494268e-06,9.2877365931279547e-10,1.019388e+03,1.0000000000000002e-06,2.190032e+07,2.179900e+07,1.161402e+02,1.013250e+05,1.000000e-09,-7.122634e+00,-3.485537e+00,2.5163614877882369e-04,6.2059431713138281e-04
298,4.6674052881095460e-06,4.8359758620494268e-06,9.2877105933638531e-10,1.019388e+03,1.0000000000000002e-06,2.189946e+07,2.179814e+07,1.161402e+02,1.013250e+05,1.000000e-09,-7.122894e+00,-3.485761e+00,2.5163568625789583e-04,6.2059248226957052e-04
299,4.6673946561145312e-06,4.8359758620494268e-06,9.2876850942258179e-10,1.019388e+03,1.0000000000000002e-06,2.189862e+07,2.179730e+07,1.161402e+02,1.013250e+05,1.000000e-09,-7.123149e+00,-3.485981e+00,2.5163523320327028e-04,6.2059068411381363e-04
300,4.6673842423223881e-06,4.8359758620494268e-06,9.2876600856661036e-10,1.019388e+03,1.0000000000000002e-06,2.189780e+07,2.179647e+07,1.161402e+02,1.013250e+05,1.000000e-09,-7.123399e+00,-3.486196e+00,2.5163478942067849e-04,6.2058892192981823e-04
301,4.6673740421468222e-06,4.8359758620494268e-06,9.2876355578394473e-10,1.019388e+03,1.0000000000000002e-06,2.189699e+07,2.179566e+07,1.161402e+02,1.013250e+05,1.000000e-09,-7.123644e+00,-3.486407e+00,2.5163435471993190e-04,6.2058719499798166e-04
302,4.6673640511019765e-06,4.8359758620494268e-06,9.2876115010989039e-10,1.019388e+03,1.0000000000000002e-06,2.189619e+07,2.179487e+07,1.161402e+02,1.013250e+05,1.000000e-09,-7.123885e+00,-3.486614e+00,2.5163392891483635e-04,6.2058550261309599e-04
303,4.6673542648001536e-06,4.8359758620494268e-06,9.2875879059917406e-10,1.019388e+03,1.0000000000000002e-06,2.189541e+07,2.179408e+07,1.161402e+02,1.013250e+05,1.000000e-09,-7.124121e+00,-3.486816e+00,2.5163351182310296e-04,6.2058384408406129e-04
304,4.6673446789495094e-06,4.8359758620494268e-06,9.2875647632555592e-10,1.019388e+03,1.0000000000000002e-06,2.189464e+07,2.179332e+07,1.161403e+02,1.013250e+05,1.000000e-09,-7.124352e+00,-3.487015e+00,2.5163310326626145e-04,6.2058221873360301e-04
305,4.6673352893517954e-06,4.8359758620494268e-06,9.2875420638146115e-10,1.019388e+03,1.0000000000000002e-06,2.189389e+07,2.179257e+07,1.161403e+02,1.013250e+05,1.000000e-09,-7.124579e+00,-3.487209e+00,2.5163270306957939e-04,6.2058062589799600e-04
306,4.6673260919001716e-06,4.8359758620494268e-06,9.2875197987756461e-10,1.019388e+03,1.0000000000000002e-06,2.189315e+07,2.179183e+07,1.161403e+02,1.013250e+05,1.000000e-09,-7.124802e+00,-3.487399e+00,2.5163231106197875e-04,6.2057906492679236e-04
307,4.6673170825771167e-06,4.8359758620494268e-06,9.2874979594246151e-10,1.019388e+03,1.0000000000000002e-06,2.189243e+07,2.179110e+07,1.161403e+02,1.013250e+05,1.000000e-09,-7.125020e+00,-3.487585e+00,2.5163192707595912e-04,6.2057753518255689e-04
308,4.6673082574523528e-06,4.8359758620494268e-06,9.2874765372226447e-10,1.019388e+03,1.0000000000000002e-06,2.189172e+07,2.179039e+07,1.161403e+02,1.013250e+05,1.000000e-09,-7.125235e+00,-3.487768e+00,2.5163155094751785e-04,6.2057603604060633e-04
309,4.6672996126807943e-06,4.8359758620494268e-06,9.2874555238027813e-10,1.019388e+03,1.0000000000000002e-06,2.189102e+07,2.178969e+07,1.161403e+02,1.013250e+05,1.000000e-09,-7.125445e+00,-3.487946e+00,2.5163118251607277e-04,6.2057456688875408e-04
310,4.6672911445006323e-06,4.8359758620494268e-06,9.2874349109665060e-10,1.019388e+03,1.0000000000000002e-06,2.189033e+07,2.178901e+07,1.161403e+02,1.013250e+05,1.000000e-09,-7.125651e+00,-3.488122e+00,2.5163082162439144e-04,6.2057312712705988e-04
311,4.6672828492313917e-06,4.8359758620494268e-06,9.2874146906800431e-10,1.019388e+03,1.0000000000000002e-06,2.188966e+07,2.178833e+07,1.161403e+02,1.013250e+05,1.000000e-09,-7.125853e+00,-3.488293e+00,2.5163046811851962e-04,6.2057171616758606e-04
312,4.6672747232720239e-06,4.8359758620494268e-06,9.2873948550713639e-10,1.019388e+03,1.0000000000000002e-06,2.188900e+07,2.178767e+07,1.161403e+02,1.013250e+05,1.000000e-09,-7.126051e+00,-3.488461e+00,2.5163012184770405e-04,6.2057033343415602e-04
313,4.6672667630991943e-06,4.8359758620494268e-06,9.2873753964266908e-10,1.019388e+03,1.0000000000000002e-06,2.188835e+07,2.178702e+07,1.161403e+02,1.013250e+05,1.000000e-09,-7.126246e+00,-3.488626e+00,2.5162978266433082e-04,6.2056897836212010e-04
314,4.6672589652653681e-06,4.8359758620494268e-06,9.2873563071874076e-10,1.019388e+03,1.0000000000000002e-06,2.188771e+07,2.178639e+07,1.161403e+02,1.013250e+05,1.000000e-09,-7.126437e+00,-3.488787e+00,2.5162945042385312e-04,6.2056765039812331e-04
315,4.6672513263972102e-06,4.8359758620494268e-06,9.2873375799468130e-10,1.019388e+03,1.0000000000000002e-06,2.188709e+07,2.178576e+07,1.161403e+02,1.013250e+05,1.000000e-09,-7.126624e+00,-3.488945e+00,2.5162912498472912e-04,6.2056634899988197e-04
316,4.6672438431937993e-06,4.8359758620494268e-06,9.2873192074472097e-10,1.019388e+03,1.0000000000000002e-06,2.188647e+07,2.178515e+07,1.161403e+02,1.013250e+05,1.000000e-09,-7.126808e+00,-3.489100e+00,2.5162880620835154e-04,6.2056507363595986e-04
317,4.6672365124250600e-06,4.8359758620494268e-06,9.2873011825767336e-10,1.019388e+03,1.0000000000000002e-06,2.188587e+07,2.178454e+07,1.161403e+02,1.013250e+05,1.000000e-09,-7.126988e+00,-3.489251e+00,2.5162849395899030e-04,6.2056382378555168e-04
318,4.6672293309300568e-06,4.8359758620494268e-06,9.2872834983665359e-10,1.019388e+03,1.0000000000000002e-06,2.188528e+07,2.178395e+07,1.161403e+02,1.013250e+05,1.000000e-09,-7.127165e+00,-3.489400e+00,2.5162818810373078e-04,6.2056259893827177e-04
319,4.6672222956155719e-06,4.8359758620494268e-06,9.2872661479877392e-10,1.019388e+03,1.0000000000000002e-06,2.188469e+07,2.178337e+07,1.161403e+02,1.013250e+05,1.000000e-09,-7.127339e+00,-3.489545e+00,2.5162788851240724e-04,6.2056139859394403e-04
320,4.6672154034544146e-06,4.8359758620494268e-06,9.2872491247487355e-10,1.019388e+03,1.0000000000000002e-06,2.188412e+07,2.178280e+07,1.161403e+02,1.013250e+05,1.000000e-09,-7.127509e+00,-3.489688e+00,2.5162759505755351e-04,6.2056022226239808e-04
321,4.6672086514840676e-06,4.8359758620494268e-06,9.2872324220924363e-10,1.019388e+03,1.0000000000000002e-06,2.188356e+07,2.178224e+07,1.161403e+02,1.013250e+05,1.000000e-09,-7.127676e+00,-3.489827e+00,2.5162730761433638e-04,6.2055906946327033e-04
322,4.6672020368051575e-06,4.8359758620494268e-06,9.2872160335934329e-10,1.019388e+03,1.0000000000000002e-06,2.188301e+07,2.178168e+07,1.161403e+02,1.013250e+05,1.000000e-09,-7.127840e+00,-3.489964e+00,2.5162702606050676e-04,6.2055793972580530e-04
323,4.6671955565800519e-06,4.8359758620494268e-06,9.2871999529554062e-10,1.019388e+03,1.0000000000000002e-06,2.188247e+07,2.178114e+07,1.161403e+02,1.013250e+05,1.000000e-09,-7.128000e+00,-3.490098e+00,2.5162675027633847e-04,6.2055683258866628e-04
324,4.6671892080314984e-06,4.8359758620494268e-06,9.2871841740085383e-10,1.019388e+03,1.0000000000000002e-06,2.188194e+07,2.178061e+07,1.161404e+02,1.013250e+05,1.000000e-09,-7.128158e+00,-3.490229e+00,2.5162648014458026e-04,6.2055574759974455e-04
325,4.6671829884412581e-06,4.8359758620494268e-06,9.2871686907068780e-10,1.019388e+03,1.0000000000000002e-06,2.188141e+07,2.178009e+07,1.161404e+02,1.013250e+05,1.000000e-09,-7.128313e+00,-3.490358e+00,2.5162621555039797e-04,6.2055468431597579e-04
326,4.6671768951487861e-06,4.8359758620494268e-06,9.2871534971260027e-10,1.019388e+03,1.0000000000000002e-06,2.188090e+07,2.177957e+07,1.161404e+02,1.013250e+05,1.000000e-09,-7.128465e+00,-3.490484e+00,2.5162595638132722e-04,6.2055364230315969e-04
327,4.6671709255499288e-06,4.8359758620494268e-06,9.2871385874603609e-10,1.019388e+03,1.0000000000000002e-06,2.188040e+07,2.177907e+07,1.161404e+02,1.013250e+05,1.000000e-09,-7.128614e+00,-3.490608e+00,2.5162570252722314e-04,6.2055262113578150e-04
328,4.6671650770957065e-06,4.8359758620494268e-06,9.2871239560210509e-10,1.019388e+03,1.0000000000000002e-06,2.187990e+07,2.177857e+07,1.161404e+02,1.013250e+05,1.000000e-09,-7.128760e+00,-3.490728e+00,2.5162545388020767e-04,6.2055162039683861e-04
329,4.6671593472910905e-06,4.8359758620494268e-06,9.2871095972333262e-10,1.019388e+03,1.0000000000000002e-06,2.187941e+07,2.177809e+07,1.161404e+02,1.013250e+05,1.000000e-09,-7.128904e+00,-3.490847e+00,2.5162521033462391e-04,6.2055063967767095e-04
330,4.6671537336937460e-06,4.8359758620494268e-06,9.2870955056344219e-10,1.019388e+03,1.0000000000000002e-06,2.187893e+07,2.177761e+07,1.161404e+02,1.013250e+05,1.000000e-09,-7.129045e+00,-3.490963e+00,2.5162497178699098e-04,6.2054967857779310e-04
331,4.6671482339129513e-06,4.8359758620494268e-06,9.2870816758712161e-10,1.019388e+03,1.0000000000000002e-06,2.187846e+07,2.177714e+07,1.161404e+02,1.013250e+05,1.000000e-09,-7.129183e+00,-3.491077e+00,2.5162473813595220e-04,6.2054873670473157e-04
332,4.6671428456083798e-06,4.8359758620494268e-06,9.2870681026979990e-10,1.019388e+03,1.0000000000000002e-06,2.187800e+07,2.177668e+07,1.161404e+02,1.013250e+05,1.000000e-09,-7.129319e+00,-3.491188e+00,2.5162450928223947e-04,6.2054781367386401e-04
333,4.6671375664890496e-06,4.8359758620494268e-06,9.2870547809744056e-10,1.019388e+03,1.0000000000000002e-06,2.187755e+07,2.177622e+07,1.161404e+02,1.013250e+05,1.000000e-09,-7.129452e+00,-3.491297e+00,2.5162428512861970e-04,6.2054690910826233e-04
334,4.6671323943122021e-06,4.8359758620494268e-06,9.2870417056631967e-10,1.019388e+03,1.0000000000000002e-06,2.187710e+07,2.177578e+07,1.161404e+02,1.013250e+05,1.000000e-09,-7.129583e+00,-3.491404e+00,2.5162406557985946e-04,6.2054602263853864e-04
335,4.6671273268822610e-06,4.8359758620494268e-06,9.2870288718282349e-10,1.019388e+03,1.0000000000000002e-06,2.187666e+07,2.177534e+07,1.161404e+02,1.013250e+05,1.000000e-09,-7.129711e+00,-3.491509e+00,2.5162385054267722e-04,6.2054515390269442e-04
336,4.6671223620497829e-06,4.8359758620494268e-06,9.2870162746324192e-10,1.019388e+03,1.0000000000000002e-06,2.187623e+07,2.177491e+07,1.161404e+02,1.013250e+05,1.000000e-09,-7.129837e+00,-3.491612e+00,2.5162363992570756e-04,6.2054430254597352e-04
337,4.6671174977104260e-06,4.8359758620494268e-06,9.2870039093357454e-10,1.019388e+03,1.0000000000000002e-06,2.187581e+07,2.177448e+07,1.161404e+02,1.013250e+05,1.000000e-09,-7.129961e+00,-3.491712e+00,2.5162343363945602e-04,6.2054346822071533e-04
338,4.6671127318040328e-06,4.8359758620494268e-06,9.2869917712932456e-10,1.019388e+03,1.0000000000000002e-06,2.187539e+07,2.177407e+07,1.161404e+02,1.013250e+05,1.000000e-09,-7.130082e+00,-3.491811e+00,2.5162323159626265e-04,6.2054265058621529e-04
339,4.6671080623136152e-06,4.8359758620494268e-06,9.2869798559532212e-10,1.019388e+03,1.0000000000000002e-06,2.187498e+07,2.177366e+07,1.161404e+02,1.013250e+05,1.000000e-09,-7.130201e+00,-3.491907e+00,2.5162303371026432e-04,6.2054184930858370e-04
340,4.6671034872643965e-06,4.8359758620494268e-06,9.2869681588551503e-10,1.019388e+03,1.0000000000000002e-06,2.187458e+07,2.177326e+07,1.161404e+02,1.013250e+05,1.000000e-09,-7.130318e+00,-3.492002e+00,2.5162283989735469e-04,6.2054106406061028e-04
341,4.6670990047229239e-06,4.8359758620494268e-06,9.2869566756281154e-10,1.019388e+03,1.0000000000000002e-06,2.187419e+07,2.177286e+07,1.161404e+02,1.013250e+05,1.000000e-09,-7.130433e+00,-3.492095e+00,2.5162265007514840e-04,6.2054029452163109e-04
342,4.6670946127961865e-06,4.8359758620494268e-06,9.2869454019888047e-10,1.019388e+03,1.0000000000000002e-06,2.187380e+07,2.177247e+07,1.161404e+02,1.013250e+05,1.000000e-09,-7.130546e+00,-3.492186e+00,2.5162246416294708e-04,6.2053954037739585e-04
343,4.6670903096306881e-06,4.8359758620494268e-06,9.2869343337398173e-10,1.019388e+03,1.0000000000000002e-06,2.187342e+07,2.177209e+07,1.161404e+02,1.013250e+05,1.000000e-09,-7.130657e+00,-3.492275e+00,2.5162228208169991e-04,6.2053880131994151e-04
344,4.6670860934116216e-06,4.8359758620494268e-06,9.2869234667679677e-10,1.019388e+03,1.0000000000000002e-06,2.187304e+07,2.177171e+07,1.161404e+02,1.013250e+05,1.000000e-09,-7.130765e+00,-3.492362e+00,2.5162210375397352e-04,6.2053807704746586e-04
345,4.6670819623620331e-06,4.8359758620494268e-06,9.2869127970424637e-10,1.019388e+03,1.0000000000000002e-06,2.187267e+07,2.177134e+07,1.161404e+02,1.013250e+05,1.000000e-09,-7.130872e+00,-3.492447e+00,2.5162192910391571e-04,6.2053736726420310e-04
346,4.6670779147419991e-06,4.8359758620494268e-06,9.2869023206133979e-10,1.019388e+03,1.0000000000000002e-06,2.187231e+07,2.177098e+07,1.161404e+02,1.013250e+05,1.000000e-09,-7.130977e+00,-3.492531e+00,2.5162175805722392e-04,6.2053667168030478e-04
347,4.6670739488478094e-06,4.8359758620494268e-06,9.2868920336101131e-10,1.019388e+03,1.0000000000000002e-06,2.187195e+07,2.177062e+07,1.161404e+02,1.013250e+05,1.000000e-09,-7.131080e+00,-3.492613e+00,2.5162159054111183e-04,6.2053599001172101e-04
348,4.6670700630112131e-06,4.8359758620494268e-06,9.2868819322394774e-10,1.019388e+03,1.0000000000000002e-06,2.187160e+07,2.177027e+07,1.161404e+02,1.013250e+05,1.000000e-09,-7.131181e+00,-3.492693e+00,2.5162142648427741e-04,6.2053532198008373e-04
349,4.6670662555986446e-06,4.8359758620494268e-06,9.2868720127843686e-10,1.019388e+03,1.0000000000000002e-06,2.187125e+07,2.176993e+07,1.161404e+02,1.013250e+05,1.000000e-09,-7.131280e+00,-3.492772e+00,2.5162126581687475e-04,6.2053466731259337e-04
350,4.6670625250104753e-06,4.8359758620494268e-06,9.2868622716023052e-10,1.019388e+03,1.0000000000000002e-06,2.187091e+07,2.176959e+07,1.161404e+02,1.013250e+05,1.000000e-09,-7.131377e+00,-3.492849e+00,2.5162110847048086e-04,6.2053402574190791e-04
351,4.6670588696802813e-06,4.8359758620494268e-06,9.2868527051237743e-10,1.019388e+03,1.0000000000000002e-06,2.187058e+07,2.176925e+07,1.161404e+02,1.013250e+05,1.000000e-09,-7.131473e+00,-3.492925e+00,2.5162095437806679e-04,6.2053339700603324e-04
352,4.6670552880741401e-06,4.8359758620494268e-06,9.2868433098507171e-10,1.019388e+03,1.0000000000000002e-06,2.187025e+07,2.176892e+07,1.161404e+02,1.013250e+05,1.000000e-09,-7.131567e+00,-3.492999e+00,2.5162080347397180e-04,6.2053278084821630e-04
353,4.6670517786899481e-06,4.8359758620494268e-06,9.2868340823552670e-10,1.019388e+03,1.0000000000000002e-06,2.186992e+07,2.176860e+07,1.161404e+02,1.013250e+05,1.000000e-09,-7.131659e+00,-3.493071e+00,2.5162065569386865e-04,6.2053217701684023e-04
354,4.6670483400566834e-06,4.8359758620494268e-06,9.2868250192783263e-10,1.019388e+03,1.0000000000000002e-06,2.186960e+07,2.176828e+07,1.161404e+02,1.013250e+05,1.000000e-09,-7.131750e+00,-3.493142e+00,2.5162051097474237e-04,6.2053158526532157e-04
355,4.6670449707338319e-06,4.8359758620494268e-06,9.2868161173279902e-10,1.019388e+03,1.0000000000000002e-06,2.186929e+07,2.176797e+07,1.161404e+02,1.013250e+05,1.000000e-09,-7.131839e+00,-3.493212e+00,2.5162036925485996e-04,6.2053100535201008e-04
356,4.6670416693106491e-06,4.8359758620494268e-06,9.2868073732784094e-10,1.019388e+03,1.0000000000000002e-06,2.186898e+07,2.176766e+07,1.161404e+02,1.013250e+05,1.000000e-09,-7.131926e+00,-3.493280e+00,2.5162023047374451e-04,6.2053043704008923e-04
357,4.6670384344055694e-06,4.8359758620494268e-06,9.2867987839683291e-10,1.019388e+03,1.0000000000000002e-06,2.186868e+07,2.176735e+07,1.161404e+02,1.013250e+05,1.000000e-09,-7.132012e+00,-3.493347e+00,2.5162009457214821e-04,6.2052988009747925e-04
358,4.6670352646655794e-06,4.8359758620494268e-06,9.2867903462998876e-10,1.019388e+03,1.0000000000000002e-06,2.186838e+07,2.176705e+07,1.161404e+02,1.013250e+05,1.000000e-09,-7.132097e+00,-3.493413e+00,2.5161996149202751e-04,6.2052933429674435e-04
359,4.6670321587656055e-06,4.8359758620494268e-06,9.2867820572372556e-10,1.019388e+03,1.0000000000000002e-06,2.186809e+07,2.176676e+07,1.161404e+02,1.013250e+05,1.000000e-09,-7.132179e+00,-3.493477e+00,2.5161983117652281e-04,6.2052879941499738e-04
360,4.6670291154079406e-06,4.8359758620494268e-06,9.2867739138054231e-10,1.019388e+03,1.0000000000000002e-06,2.186780e+07,2.176647e+07,1.161404e+02,1.013250e+05,1.000000e-09,-7.132261e+00,-3.493540e+00,2.5161970356992293e-04,6.2052827523381053e-04
361,4.6670261333216347e-06,4.8359758620494268e-06,9.2867659130890377e-10,1.019388e+03,1.0000000000000002e-06,2.186751e+07,2.176619e+07,1.161404e+02,1.013250e+05,1.000000e-09,-7.132341e+00,-3.493602e+00,2.5161957861765316e-04,6.2052776153912511e-04
362,4.6670232112619212e-06,4.8359758620494268e-06,9.2867580522311002e-10,1.019388e+03,1.0000000000000002e-06,2.186723e+07,2.176591e+07,1.161404e+02,1.013250e+05,1.000000e-09,-7.132419e+00,-3.493662e+00,2.5161945626624659e-04,6.2052725812116480e-04
363,4.6670203480097223e-06,4.8359758620494268e-06,9.2867503284318596e-10,1.019388e+03,1.0000000000000002e-06,2.186695e+07,2.176563e+07,1.161404e+02,1.013250e+05,1.000000e-09,-7.132497e+00,-3.493721e+00,2.5161933646332049e-04,6.2052676477434947e-04
364,4.6670175423710054e-06,4.8359758620494268e-06,9.2867427389476208e-10,1.019388e+03,1.0000000000000002e-06,2.186668e+07,2.176536e+07,1.161404e+02,1.013250e+05,1.000000e-09,-7.132573e+00,-3.493779e+00,2.5161921915755459e-04,6.2052628129721213e-04
365,4.6670147931763693e-06,4.8359758620494268e-06,9.2867352810897710e-10,1.019388e+03,1.0000000000000002e-06,2.186641e+07,2.176509e+07,1.161404e+02,1.013250e+05,1.000000e-09,-7.132647e+00,-3.493836e+00,2.5161910429867204e-04,6.2052580749231512e-04
366,4.6670120992804385e-06,4.8359758620494268e-06,9.2867279522233922e-10,1.019388e+03,1.0000000000000002e-06,2.186615e+07,2.176483e+07,1.161404e+02,1.013250e+05,1.000000e-09,-7.132720e+00,-3.493892e+00,2.5161899183741380e-04,6.2052534316617129e-04
367,4.6670094595613881e-06,4.8359758620494268e-06,9.2867207497664745e-10,1.019388e+03,1.0000000000000002e-06,2.186589e+07,2.176457e+07,1.161404e+02,1.013250e+05,1.000000e-09,-7.132793e+00,-3.493946e+00,2.5161888172552007e-04,6.2052488812916321e-04
368,4.6670068729204537e-06,4.8359758620494268e-06,9.2867136711885927e-10,1.019388e+03,1.0000000000000002e-06,2.186564e+07,2.176431e+07,1.161404e+02,1.013250e+05,1.000000e-09,-7.132863e+00,-3.494000e+00,2.5161877391571130e-04,6.2052444219546732e-04
369,4.6670043382814130e-06,4.8359758620494268e-06,9.2867067140101084e-10,1.019388e+03,1.0000000000000002e-06,2.186538e+07,2.176406e+07,1.161404e+02,1.013250e+05,1.000000e-09,-7.132933e+00,-3.494052e+00,2.5161866836166230e-04,6.2052400518297710e-04
370,4.6670018545901665e-06,4.8359758620494268e-06,9.2866998758009895e-10,1.019388e+03,1.0000000000000002e-06,2.186514e+07,2.176381e+07,1.161404e+02,1.013250e+05,1.000000e-09,-7.133001e+00,-3.494104e+00,2.5161856501798932e-04,6.2052357691322910e-04
371,4.6669994208142193e-06,4.8359758620494268e-06,9.2866931541798936e-10,1.019388e+03,1.0000000000000002e-06,2.186489e+07,2.176357e+07,1.161404e+02,1.013250e+05,1.000000e-09,-7.133068e+00,-3.494154e+00,2.5161846384022816e-04,6.2052315721132945e-04
372,4.6669970359422648e-06,4.8359758620494268e-06,9.2866865468131416e-10,1.019388e+03,1.0000000000000002e-06,2.186465e+07,2.176333e+07,1.161404e+02,1.013250e+05,1.000000e-09,-7.133135e+00,-3.494203e+00,2.5161836478481282e-04,6.2052274590588370e-04
373,4.6669946989837284e-06,4.8359758620494268e-06,9.2866800514138271e-10,1.019388e+03,1.0000000000000002e-06,2.186441e+07,2.176309e+07,1.161404e+02,1.013250e+05,1.000000e-09,-7.133199e+00,-3.494252e+00,2.5161826780906085e-04,6.2052234282892527e-04
374,4.6669924089682874e-06,4.8359758620494268e-06,9.2866736657407880e-10,1.019388e+03,1.0000000000000002e-06,2.186418e+07,2.176285e+07,1.161404e+02,1.013250e+05,1.000000e-09,-7.133263e+00,-3.494299e+00,2.5161817287115430e-04,6.2052194781584823e-04
375,4.6669901649455563e-06,4.8359758620494268e-06,9.2866673875977607e-10,1.019388e+03,1.0000000000000002e-06,2.186395e+07,2.176262e+07,1.161404e+02,1.013250e+05,1.000000e-09,-7.133326e+00,-3.494345e+00,2.5161807993011879e-04,6.2052156070533922e-04
376,4.6669879659845613e-06,4.8359758620494268e-06,9.2866612148324717e-10,1.019388e+03,1.0000000000000002e-06,2.186372e+07,2.176240e+07,1.161404e+02,1.013250e+05,1.000000e-09,-7.133388e+00,-3.494391e+00,2.5161798894581281e-04,6.2052118133931159e-04
377,4.6669858111733722e-06,4.8359758620494268e-06,9.2866551453357016e-10,1.019388e+03,1.0000000000000002e-06,2.186350e+07,2.176217e+07,1.161404e+02,1.013250e+05,1.000000e-09,-7.133449e+00,-3.494435e+00,2.5161789987890310e-04,6.2052080956284173e-04
378,4.6669836996187472e-06,4.8359758620494268e-06,9.2866491770404593e-10,1.019388e+03,1.0000000000000002e-06,2.186328e+07,2.176195e+07,1.161404e+02,1.013250e+05,1.000000e-09,-7.133508e+00,-3.494479e+00,2.5161781269085443e-04,6.2052044522410482e-04
379,4.6669816304456410e-06,4.8359758620494268e-06,9.2866433079212008e-10,1.019388e+03,1.0000000000000002e-06,2.186306e+07,2.176174e+07,1.161404e+02,1.013250e+05,1.000000e-09,-7.133567e+00,-3.494522e+00,2.5161772734390807e-04,6.2052008817431339e-04
380,4.6669796027969808e-06,4.8359758620494268e-06,9.2866375359929015e-10,1.019388e+03,1.0000000000000002e-06,2.186285e+07,2.176152e+07,1.161404e+02,1.013250e+05,1.000000e-09,-7.133625e+00,-3.494564e+00,2.5161764380107158e-04,6.2051973826765592e-04
381,4.6669776158330952e-06,4.8359758620494268e-06,9.2866318593101814e-10,1.019388e+03,1.0000000000000002e-06,2.186263e+07,2.176131e+07,1.161404e+02,1.013250e+05,1.000000e-09,-7.133681e+00,-3.494605e+00,2.5161756202609687e-04,6.2051939536123825e-04
382,4.6669756687315389e-06,4.8359758620494268e-06,9.2866262759667771e-10,1.019388e+03,1.0000000000000002e-06,2.186243e+07,2.176110e+07,1.161404e+02,1.013250e+05,1.000000e-09,-7.133737e+00,-3.494645e+00,2.5161748198347243e-04,6.2051905931502429e-04
383,4.6669737606866211e-06,4.8359758620494268e-06,9.2866207840944287e-10,1.019388e+03,1.0000000000000002e-06,2.186222e+07,2.176090e+07,1.161404e+02,1.013250e+05,1.000000e-09,-7.133792e+00,-3.494685e+00,2.5161740363839819e-04,6.2051872999177983e-04
384,4.6669718909090847e-06,4.8359758620494268e-06,9.2866153818623436e-10,1.019388e+03,1.0000000000000002e-06,2.186202e+07,2.176069e+07,1.161404e+02,1.013250e+05,1.000000e-09,-7.133846e+00,-3.494723e+00,2.5161732695678379e-04,6.2051840725701546e-04
385,4.6669700586257574e-06,4.8359758620494268e-06,9.2866100674764260e-10,1.019388e+03,1.0000000000000002e-06,2.186182e+07,2.176049e+07,1.161404e+02,1.013250e+05,1.000000e-09,-7.133899e+00,-3.494761e+00,2.5161725190522122e-04,6.2051809097893253e-04
386,4.6669682630792858e-06,4.8359758620494268e-06,9.2866048391783803e-10,1.019388e+03,1.0000000000000002e-06,2.186162e+07,2.176030e+07,1.161404e+02,1.013250e+05,1.000000e-09,-7.133952e+00,-3.494798e+00,2.5161717845098119e-04,6.2051778102836840e-04
387,4.6669665035276749e-06,4.8359758620494268e-06,9.2865996952451492e-10,1.019388e+03,1.0000000000000002e-06,2.186143e+07,2.176010e+07,1.161404e+02,1.013250e+05,1.000000e-09,-7.134003e+00,-3.494835e+00,2.5161710656199126e-04,6.2051747727874518e-04
388,4.6669647792440986e-06,4.8359758620494268e-06,9.2865946339882119e-10,1.019388e+03,1.0000000000000002e-06,2.186124e+07,2.175991e+07,1.161404e+02,1.013250e+05,1.000000e-09,-7.134054e+00,-3.494870e+00,2.5161703620683076e-04,6.2051717960601572e-04
389,4.6669630895164985e-06,4.8359758620494268e-06,9.2865896537527666e-10,1.019388e+03,1.0000000000000002e-06,2.186105e+07,2.175972e+07,1.161404e+02,1.013250e+05,1.000000e-09,-7.134103e+00,-3.494905e+00,2.5161696735470933e-04,6.2051688788861560e-04
390,4.6669614336473463e-06,4.8359758620494268e-06,9.2865847529171879e-10,1.019388e+03,1.0000000000000002e-06,2.186086e+07,2.175953e+07,1.161404e+02,1.013250e+05,1.000000e-09,-7.134152e+00,-3.494939e+00,2.5161689997545893e-04,6.2051660200741169e-04
391,4.6669598109532738e-06,4.8359758620494268e-06,9.2865799298922478e-10,1.019388e+03,1.0000000000000002e-06,2.186067e+07,2.175935e+07,1.161404e+02,1.013250e+05,1.000000e-09,-7.134201e+00,-3.494973e+00,2.5161683403952090e-04,6.2051632184565407e-04
392,4.6669582207648555e-06,4.8359758620494268e-06,9.2865751831206082e-10,1.019388e+03,1.0000000000000002e-06,2.186049e+07,2.175917e+07,1.161404e+02,1.013250e+05,1.000000e-09,-7.134248e+00,-3.495006e+00,2.5161676951793204e-04,6.2051604728892852e-04
393,4.6669566624262338e-06,4.8359758620494268e-06,9.2865705110759780e-10,1.019388e+03,1.0000000000000002e-06,2.186031e+07,2.175899e+07,1.161404e+02,1.013250e+05,1.000000e-09,-7.134295e+00,-3.495038e+00,2.5161670638231177e-04,6.2051577822510901e-04
394,4.6669551352949123e-06,4.8359758620494268e-06,9.2865659122627663e-10,1.019388e+03,1.0000000000000002e-06,2.186014e+07,2.175881e+07,1.161404e+02,1.013250e+05,1.000000e-09,-7.134341e+00,-3.495070e+00,2.5161664460485406e-04,6.2051551454431338e-04
395,4.6669536387414419e-06,4.8359758620494268e-06,9.2865613852151035e-10,1.019388e+03,1.0000000000000002e-06,2.185996e+07,2.175864e+07,1.161404e+02,1.013250e+05,1.000000e-09,-7.134386e+00,-3.495101e+00,2.5161658415831137e-04,6.2051525613885706e-04
396,4.6669521721491931e-06,4.8359758620494268e-06,9.2865569284966172e-10,1.019388e+03,1.0000000000000002e-06,2.185979e+07,2.175846e+07,1.161404e+02,1.013250e+05,1.000000e-09,-7.134431e+00,-3.495131e+00,2.5161652501598807e-04,6.2051500290320955e-04
397,4.6669507349140068e-06,4.8359758620494268e-06,9.2865525406996923e-10,1.019388e+03,1.0000000000000002e-06,2.185962e+07,2.175829e+07,1.161404e+02,1.013250e+05,1.000000e-09,-7.134475e+00,-3.495161e+00,2.5161646715172331e-04,6.2051475473395184e-04
398,4.6669493264440449e-06,4.8359758620494268e-06,9.2865482204447352e-10,1.019388e+03,1.0000000000000002e-06,2.185945e+07,2.175813e+07,1.161404e+02,1.013250e+05,1.000000e-09,-7.134518e+00,-3.495190e+00,2.5161641053988391e-04,6.2051451152973325e-04
399,4.6669479461594643e-06,4.8359758620494268e-06,9.2865439663798711e-10,1.019388e+03,1.0000000000000002e-06,2.185928e+07,2.175796e+07,1.161404e+02,1.013250e+05,1.000000e-09,-7.134560e+00,-3.495218e+00,2.5161635515535670e-04,6.2051427319123110e-04
400,4.6669465934921559e-06,4.8359758620494268e-06,9.2865397771802245e-10,1.019388e+03,1.0000000000000002e-06,2.185912e+07,2.175779e+07,1.161404e+02,1.013250e+05,1.000000e-09,-7.134602e+00,-3.495246e+00,2.5161630097352808e-04,6.2051403962110920e-04
401,4.6669452678855985e-06,4.8359758620494268e-06,9.2865356515474880e-10,1.019388e+03,1.0000000000000002e-06,2.185896e+07,2.175763e+07,1.161404e+02,1.013250e+05,1.000000e-09,-7.134643e+00,-3.495274e+00,2.5161624797028506e-04,6.2051381072397878e-04
402,4.6669439687945097e-06,4.8359758620494268e-06,9.2865315882092249e-10,1.019388e+03,1.0000000000000002e-06,2.185880e+07,2.175747e+07,1.161404e+02,1.013250e+05,1.000000e-09,-7.134684e+00,-3.495301e+00,2.5161619612199904e-04,6.2051358640635886e-04
403,4.6669426956846861e-06,4.8359758620494268e-06,9.2865275859185475e-10,1.019388e+03,1.0000000000000002e-06,2.185864e+07,2.175731e+07,1.161404e+02,1.013250e+05,1.000000e-09,-7.134724e+00,-3.495327e+00,2.5161614540551567e-04,6.2051336657663889e-04
404,4.6669414480327630e-06,4.8359758620494268e-06,9.2865236434535012e-10,1.019388e+03,1.0000000000000002e-06,2.185848e+07,2.175716e+07,1.161404e+02,1.013250e+05,1.000000e-09,-7.134764e+00,-3.495353e+00,2.5161609579814982e-04,6.2051315114504076e-04
405,4.6669402253259610e-06,4.8359758620494268e-06,9.2865197596165495e-10,1.019388e+03,1.0000000000000002e-06,2.185833e+07,2.175700e+07,1.161404e+02,1.013250e+05,1.000000e-09,-7.134802e+00,-3.495378e+00,2.5161604727766830e-04,6.2051294002358212e-04
406,4.6669390270618939e-06,4.8359758620494268e-06,9.2865159332340888e-10,1.019388e+03,1.0000000000000002e-06,2.185818e+07,2.175685e+07,1.161404e+02,1.013250e+05,1.000000e-09,-7.134841e+00,-3.495403e+00,2.5161599982228959e-04,6.2051273312604158e-04
407,4.6669378527483424e-06,4.8359758620494268e-06,9.2865121631561559e-10,1.019388e+03,1.0000000000000002e-06,2.185802e+07,2.175670e+07,1.161404e+02,1.013250e+05,1.000000e-09,-7.134878e+00,-3.495427e+00,2.5161595341066905e-04,6.2051253036792095e-04
408,4.6669367019031220e-06,4.8359758620494268e-06,9.2865084482555405e-10,1.019388e+03,1.0000000000000002e-06,2.185788e+07,2.175655e+07,1.161404e+02,1.013250e+05,1.000000e-09,-7.134916e+00,-3.495451e+00,2.5161590802189114e-04,6.2051233166641377e-04
409,4.6669355740536932e-06,4.8359758620494268e-06,9.2865047874277321e-10,1.019388e+03,1.0000000000000002e-06,2.185773e+07,2.175640e+07,1.161404e+02,1.013250e+05,1.000000e-09,-7.134952e+00,-3.495474e+00,2.5161586363546084e-04,6.2051213694036913e-04
410,4.6669344687372061e-06,4.8359758620494268e-06,9.2865011795903638e-10,1.019388e+03,1.0000000000000002e-06,2.185758e+07,2.175626e+07,1.161404e+02,1.013250e+05,1.000000e-09,-7.134988e+00,-3.495497e+00,2.5161582023129701e-04,6.2051194611026058e-04
411,4.6669333855000896e-06,4.8359758620494268e-06,9.2864976236826096e-10,1.019388e+03,1.0000000000000002e-06,2.185744e+07,2.175611e+07,1.161404e+02,1.013250e+05,1.000000e-09,-7.135024e+00,-3.495519e+00,2.5161577778972093e-04,6.2051175909815155e-04
412,4.6669323238979801e-06,4.8359758620494268e-06,9.2864941186649009e-10,1.019388e+03,1.0000000000000002e-06,2.185730e+07,2.175597e+07,1.161404e+02,1.013250e+05,1.000000e-09,-7.135059e+00,-3.495541e+00,2.5161573629144969e-04,6.2051157582766465e-04
413,4.6669312834955137e-06,4.8359758620494268e-06,9.2864906635184842e-10,1.019388e+03,1.0000000000000002e-06,2.185715e+07,2.175583e+07,1.161404e+02,1.013250e+05,1.000000e-09,-7.135093e+00,-3.495563e+00,2.5161569571758788e-04,6.2051139622395092e-04
414,4.6669302638661220e-06,4.8359758620494268e-06,9.2864872572449627e-10,1.019388e+03,1.0000000000000002e-06,2.185701e+07,2.175569e+07,1.161404e+02,1.013250e+05,1.000000e-09,-7.135127e+00,-3.495584e+00,2.5161565604962181e-04,6.2051122021365831e-04
415,4.6669292645918478e-06,4.8359758620494268e-06,9.2864838988659298e-10,1.019388e+03,1.0000000000000002e-06,2.185688e+07,2.175555e+07,1.161404e+02,1.013250e+05,1.000000e-09,-7.135161e+00,-3.495605e+00,2.5161561726940829e-04,6.2051104772490218e-04
416,4.6669282852632097e-06,4.8359758620494268e-06,9.2864805874225124e-10,1.019388e+03,1.0000000000000002e-06,2.185674e+07,2.175542e+07,1.161404e+02,1.013250e+05,1.000000e-09,-7.135194e+00,-3.495625e+00,2.5161557935916888e-04,6.2051087868723561e-04
417,4.6669273254789921e-06,4.8359758620494268e-06,9.2864773219750788e-10,1.019388e+03,1.0000000000000002e-06,2.185661e+07,2.175528e+07,1.161404e+02,1.013250e+05,1.000000e-09,-7.135227e+00,-3.495645e+00,2.5161554230148406e-04,6.2051071303162193e-04
418,4.6669263848460683e-06,4.8359758620494268e-06,9.2864741016027331e-10,1.019388e+03,1.0000000000000002e-06,2.185647e+07,2.175515e+07,1.161404e+02,1.013250e+05,1.000000e-09,-7.135259e+00,-3.495664e+00,2.5161550607928304e-04,6.2051055069040442e-04
419,4.6669254629792874e-06,4.8359758620494268e-06,9.2864709254030160e-10,1.019388e+03,1.0000000000000002e-06,2.185634e+07,2.175502e+07,1.161404e+02,1.013250e+05,1.000000e-09,-7.135291e+00,-3.495683e+00,2.5161547067583772e-04,6.2051039159728043e-04
420,4.6669245595012326e-06,4.8359758620494268e-06,9.2864677924915381e-10,1.019388e+03,1.0000000000000002e-06,2.185621e+07,2.175488e+07,1.161404e+02,1.013250e+05,1.000000e-09,-7.135322e+00,-3.495702e+00,2.5161543607475580e-04,6.2051023568727287e-04
421,4.6669236740421800e-06,4.8359758620494268e-06,9.2864647020016032e-10,1.019388e+03,1.0000000000000002e-06,2.185608e+07,2.175475e+07,1.161404e+02,1.013250e+05,1.000000e-09,-7.135353e+00,-3.495720e+00,2.5161540225997870e-04,6.2051008289670546e-04
422,4.6669228062397866e-06,4.8359758620494268e-06,9.2864616530838004e-10,1.019388e+03,1.0000000000000002e-06,2.185595e+07,2.175463e+07,1.161404e+02,1.013250e+05,1.000000e-09,-7.135383e+00,-3.495738e+00,2.5161536921576349e-04,6.2050993316317509e-04
423,4.6669219557390958e-06,4.8359758620494268e-06,9.2864586449057046e-10,1.019388e+03,1.0000000000000002e-06,2.185582e+07,2.175450e+07,1.161404e+02,1.013250e+05,1.000000e-09,-7.135414e+00,-3.495756e+00,2.5161533692668887e-04,6.2050978642552755e-04
424,4.6669211221922777e-06,4.8359758620494268e-06,9.2864556766516403e-10,1.019388e+03,1.0000000000000002e-06,2.185570e+07,2.175437e+07,1.161404e+02,1.013250e+05,1.000000e-09,-7.135443e+00,-3.495773e+00,2.5161530537764050e-04,6.2050964262383109e-04
425,4.6669203052585369e-06,4.8359758620494268e-06,9.2864527475221447e-10,1.019388e+03,1.0000000000000002e-06,2.185558e+07,2.175425e+07,1.161404e+02,1.013250e+05,1.000000e-09,-7.135473e+00,-3.495790e+00,2.5161527455381063e-04,6.2050950169935349e-04
426,4.6669195046039453e-06,4.8359758620494268e-06,9.2864498567337712e-10,1.019388e+03,1.0000000000000002e-06,2.185545e+07,2.175413e+07,1.161404e+02,1.013250e+05,1.000000e-09,-7.135501e+00,-3.495806e+00,2.5161524444068499e-04,6.2050936359453782e-04
427,4.6669187199013125e-06,4.8359758620494268e-06,9.2864470035187659e-10,1.019388e+03,1.0000000000000002e-06,2.185533e+07,2.175401e+07,1.161404e+02,1.013250e+05,1.000000e-09,-7.135530e+00,-3.495823e+00,2.5161521502404198e-04,6.2050922825297738e-04
428,4.6669179508300468e-06,4.8359758620494268e-06,9.2864441871247337e-10,1.019388e+03,1.0000000000000002e-06,2.185521e+07,2.175388e+07,1.161404e+02,1.013250e+05,1.000000e-09,-7.135558e+00,-3.495839e+00,2.5161518628994783e-04,6.2050909561939510e-04
429,4.6669171970760430e-06,4.8359758620494268e-06,9.2864414068142430e-10,1.019388e+03,1.0000000000000002e-06,2.185509e+07,2.175376e+07,1.161404e+02,1.013250e+05,1.000000e-09,-7.135586e+00,-3.495854e+00,2.5161515822474657e-04,6.2050896563961870e-04
430,4.6669164583315036e-06,4.8359758620494268e-06,9.2864386618646730e-10,1.019388e+03,1.0000000000000002e-06,2.185497e+07,2.175365e+07,1.161404e+02,1.013250e+05,1.000000e-09,-7.135613e+00,-3.495869e+00,2.5161513081505617e-04,6.2050883826056022e-04
431,4.6669157342948444e-06,4.8359758620494268e-06,9.2864359515679033e-10,1.019388e+03,1.0000000000000002e-06,2.185485e+07,2.175353e+07,1.161404e+02,1.013250e+05,1.000000e-09,-7.135640e+00,-3.495884e+00,2.5161510404776520e-04,6.2050871343019326e-04
432,4.6669150246705685e-06,4.8359758620494268e-06,9.2864332752298848e-10,1.019388e+03,1.0000000000000002e-06,2.185474e+07,2.175341e+07,1.161404e+02,1.013250e+05,1.000000e-09,-7.135667e+00,-3.495899e+00,2.5161507791002279e-04,6.2050859109753255e-04
433,4.6669143291691151e-06,4.8359758620494268e-06,9.2864306321705015e-10,1.019388e+03,1.0000000000000002e-06,2.185462e+07,2.175330e+07,1.161404e+02,1.013250e+05,1.000000e-09,-7.135694e+00,-3.495913e+00,2.5161505238923646e-04,6.2050847121261252e-04
434,4.6669136475067927e-06,4.8359758620494268e-06,9.2864280217232040e-10,1.019388e+03,1.0000000000000002e-06,2.185451e+07,2.175318e+07,1.161404e+02,1.013250e+05,1.000000e-09,-7.135720e+00,-3.495928e+00,2.5161502747306940e-04,6.2050835372646725e-04
435,4.6669129794055940e-06,4.8359758620494268e-06,9.2864254432348049e-10,1.019388e+03,1.0000000000000002e-06,2.185439e+07,2.175307e+07,1.161404e+02,1.013250e+05,1.000000e-09,-7.135746e+00,-3.495941e+00,2.5161500314942859e-04,6.2050823859111017e-04
436,4.6669123245931284e-06,4.8359758620494268e-06,9.2864228960651274e-10,1.019388e+03,1.0000000000000002e-06,2.185428e+07,2.175296e+07,1.161404e+02,1.013250e+05,1.000000e-09,-7.135771e+00,-3.495955e+00,2.5161497940646689e-04,6.2050812575951497e-04
437,4.6669116828024900e-06,4.8359758620494268e-06,9.2864203795868989e-10,1.019388e+03,1.0000000000000002e-06,2.185417e+07,2.175285e+07,1.161404e+02,1.013250e+05,1.000000e-09,-7.135796e+00,-3.495968e+00,2.5161495623257223e-04,6.2050801518559570e-04
438,4.6669110537721463e-06,4.8359758620494268e-06,9.2864178931852469e-10,1.019388e+03,1.0000000000000002e-06,2.185406e+07,2.175274e+07,1.161404e+02,1.013250e+05,1.000000e-09,-7.135821e+00,-3.495981e+00,2.5161493361636612e-04,6.2050790682418872e-04
439,4.6669104372458316e-06,4.8359758620494268e-06,9.2864154362577628e-10,1.019388e+03,1.0000000000000002e-06,2.185395e+07,2.175263e+07,1.161404e+02,1.013250e+05,1.000000e-09,-7.135846e+00,-3.495994e+00,2.5161491154669917e-04,6.2050780063103365e-04
440,4.6669098329724559e-06,4.8359758620494268e-06,9.2864130082138633e-10,1.019388e+03,1.0000000000000002e-06,2.185384e+07,2.175252e+07,1.161404e+02,1.013250e+05,1.000000e-09,-7.135870e+00,-3.496006e+00,2.5161489001264675e-04,6.2050769656275524e-04
441,4.6669092407059543e-06,4.8359758620494268e-06,9.2864106084750359e-10,1.019388e+03,1.0000000000000002e-06,2.185374e+07,2.175241e+07,1.161404e+02,1.013250e+05,1.000000e-09,-7.135894e+00,-3.496019e+00,2.5161486900350039e-04,6.2050759457684627e-04
442,4.6669086602052410e-06,4.8359758620494268e-06,9.2864082364741304e-10,1.019388e+03,1.0000000000000002e-06,2.185363e+07,2.175230e+07,1.161404e+02,1.013250e+05,1.000000e-09,-7.135918e+00,-3.496031e+00,2.5161484850876834e-04,6.2050749463165038e-04
443,4.6669080912340724e-06,4.8359758620494268e-06,9.2864058916553798e-10,1.019388e+03,1.0000000000000002e-06,2.185352e+07,2.175220e+07,1.161404e+02,1.013250e+05,1.000000e-09,-7.135941e+00,-3.496042e+00,2.5161482851816997e-04,6.2050739668634324e-04
444,4.6669075335609622e-06,4.8359758620494268e-06,9.2864035734742643e-10,1.019388e+03,1.0000000000000002e-06,2.185342e+07,2.175209e+07,1.161403e+02,1.013250e+05,1.000000e-09,-7.135964e+00,-3.496054e+00,2.5161480902162827e-04,6.2050730070091812e-04
445,4.6669069869590639e-06,4.8359758620494268e-06,9.2864012813969507e-10,1.019388e+03,1.0000000000000002e-06,2.185331e+07,2.175199e+07,1.161403e+02,1.013250e+05,1.000000e-09,-7.135987e+00,-3.496065e+00,2.5161479000927170e-04,6.2050720663616864e-04
446,4.6669064512061381e-06,4.8359758620494268e-06,9.2863990149004178e-10,1.019388e+03,1.0000000000000002e-06,2.185321e+07,2.175189e+07,1.161403e+02,1.013250e+05,1.000000e-09,-7.136010e+00,-3.496076e+00,2.5161477147142314e-04,6.2050711445367219e-04
447,4.6669059260843923e-06,4.8359758620494268e-06,9.2863967734720337e-10,1.019388e+03,1.0000000000000002e-06,2.185311e+07,2.175178e+07,1.161403e+02,1.013250e+05,1.000000e-09,-7.136032e+00,-3.496087e+00,2.5161475339860229e-04,6.2050702411577498e-04
448,4.6669054113803783e-06,4.8359758620494268e-06,9.2863945566094922e-10,1.019388e+03,1.0000000000000002e-06,2.185301e+07,2.175168e+07,1.161403e+02,1.013250e+05,1.000000e-09,-7.136054e+00,-3.496098e+00,2.5161473578151687e-04,6.2050693558557673e-04
449,4.6669049068850291e-06,4.8359758620494268e-06,9.2863923638204480e-10,1.019388e+03,1.0000000000000002e-06,2.185290e+07,2.175158e+07,1.161403e+02,1.013250e+05,1.000000e-09,-7.136076e+00,-3.496108e+00,2.5161471861106388e-04,6.2050684882691495e-04
450,4.6669044123933956e-06,4.8359758620494268e-06,9.2863901946223964e-10,1.019388e+03,1.0000000000000002e-06,2.185280e+07,2.175148e+07,1.161403e+02,1.013250e+05,1.000000e-09,-7.136098e+00,-3.496119e+00,2.5161470187831951e-04,6.2050676380435098e-04
451,4.6669039277046989e-06,4.8359758620494268e-06,9.2863880485425529e-10,1.019388e+03,1.0000000000000002e-06,2.185270e+07,2.175138e+07,1.161403e+02,1.013250e+05,1.000000e-09,-7.136120e+00,-3.496129e+00,2.5161468557454120e-04,6.2050668048315490e-04
452,4.6669034526221791e-06,4.8359758620494268e-06,9.2863859251176199e-10,1.019388e+03,1.0000000000000002e-06,2.185261e+07,2.175128e+07,1.161403e+02,1.013250e+05,1.000000e-09,-7.136141e+00,-3.496138e+00,2.5161466969115891e-04,6.2050659882929111e-04
453,4.6669029869530406e-06,4.8359758620494268e-06,9.2863838238933563e-10,1.019388e+03,1.0000000000000002e-06,2.185251e+07,2.175118e+07,1.161403e+02,1.013250e+05,1.000000e-09,-7.136162e+00,-3.496148e+00,2.5161465421977877e-04,6.2050651880940564e-04
454,4.6669025305083712e-06,4.8359758620494268e-06,9.2863817444248528e-10,1.019388e+03,1.0000000000000002e-06,2.185241e+07,2.175109e+07,1.161403e+02,1.013250e+05,1.000000e-09,-7.136183e+00,-3.496157e+00,2.5161463915217015e-04,6.2050644039081111e-04
455,4.6669020831030274e-06,4.8359758620494268e-06,9.2863796862758935e-10,1.019388e+03,1.0000000000000002e-06,2.185231e+07,2.175099e+07,1.161403e+02,1.013250e+05,1.000000e-09,-7.136203e+00,-3.496167e+00,2.5161462448027217e-04,6.2050636354147443e-04
456,4.6669016445556263e-06,4.8359758620494268e-06,9.2863776490191373e-10,1.019388e+03,1.0000000000000002e-06,2.185222e+07,2.175089e+07,1.161403e+02,1.013250e+05,1.000000e-09,-7.136224e+00,-3.496176e+00,2.5161461019618182e-04,6.2050628823000329e-04
457,4.6669012146883800e-06,4.8359758620494268e-06,9.2863756322357020e-10,1.019388e+03,1.0000000000000002e-06,2.185212e+07,2.175080e+07,1.161403e+02,1.013250e+05,1.000000e-09,-7.136244e+00,-3.496185e+00,2.5161459629215692e-04,6.2050621442563312e-04
458,4.6669007933271487e-06,4.8359758620494268e-06,9.2863736355150930e-10,1.019388e+03,1.0000000000000002e-06,2.185203e+07,2.175070e+07,1.161403e+02,1.013250e+05,1.000000e-09,-7.136264e+00,-3.496193e+00,2.5161458276060702e-04,6.2050614209821487e-04
459,4.6669003803012204e-06,4.8359758620494268e-06,9.2863716584550204e-10,1.019388e+03,1.0000000000000002e-06,2.185193e+07,2.175061e+07,1.161403e+02,1.013250e+05,1.000000e-09,-7.136283e+00,-3.496202e+00,2.5161456959409996e-04,6.2050607121820261e-04
460,4.6668999754433359e-06,4.8359758620494268e-06,9.2863697006612829e-10,1.019388e+03,1.0000000000000002e-06,2.185184e+07,2.175051e+07,1.161403e+02,1.013250e+05,1.000000e-09,-7.136303e+00,-3.496210e+00,2.5161455678534650e-04,6.2050600175664154e-04
461,4.6668995785896147e-06,4.8359758620494268e-06,9.2863677617474910e-10,1.019388e+03,1.0000000000000002e-06,2.185175e+07,2.175042e+07,1.161403e+02,1.013250e+05,1.000000e-09,-7.136322e+00,-3.496219e+00,2.5161454432720516e-04,6.2050593368515625e-04
462,4.6668991895794473e-06,4.8359758620494268e-06,9.2863658413350163e-10,1.019388e+03,1.0000000000000002e-06,2.185165e+07,2.175033e+07,1.161403e+02,1.013250e+05,1.000000e-09,-7.136342e+00,-3.496227e+00,2.5161453221267892e-04,6.2050586697593867e-04
463,4.6668988082554517e-06,4.8359758620494268e-06,9.2863639390527989e-10,1.019388e+03,1.0000000000000002e-06,2.185156e+07,2.175024e+07,1.161403e+02,1.013250e+05,1.000000e-09,-7.136361e+00,-3.496234e+00,2.5161452043491071e-04,6.2050580160173717e-04
464,4.6668984344634356e-06,4.8359758620494268e-06,9.2863620545371845e-10,1.019388e+03,1.0000000000000002e-06,2.185147e+07,2.175015e+07,1.161403e+02,1.013250e+05,1.000000e-09,-7.136379e+00,-3.496242e+00,2.5161450898718041e-04,6.2050573753584493e-04
465,4.6668980680522750e-06,4.8359758620494268e-06,9.2863601874318463e-10,1.019388e+03,1.0000000000000002e-06,2.185138e+07,2.175005e+07,1.161403e+02,1.013250e+05,1.000000e-09,-7.136398e+00,-3.496250e+00,2.5161449786290058e-04,6.2050567475208985e-04
466,4.6668977088738635e-06,4.8359758620494268e-06,9.2863583373874867e-10,1.019388e+03,1.0000000000000002e-06,2.185129e+07,2.174996e+07,1.161403e+02,1.013250e+05,1.000000e-09,-7.136417e+00,-3.496257e+00,2.5161448705562028e-04,6.2050561322482328e-04
467,4.6668973567831145e-06,4.8359758620494268e-06,9.2863565040618308e-10,1.019388e+03,1.0000000000000002e-06,2.185120e+07,2.174987e+07,1.161403e+02,1.013250e+05,1.000000e-09,-7.136435e+00,-3.496264e+00,2.5161447655901262e-04,6.2050555292890918e-04
468,4.6668970116378425e-06,4.8359758620494268e-06,9.2863546871195022e-10,1.019388e+03,1.0000000000000002e-06,2.185111e+07,2.174979e+07,1.161403e+02,1.013250e+05,1.000000e-09,-7.136453e+00,-3.496272e+00,2.5161446636688206e-04,6.2050549383971558e-04
469,4.6668966732986895e-06,4.8359758620494268e-06,9.2863528862316988e-10,1.019388e+03,1.0000000000000002e-06,2.185102e+07,2.174970e+07,1.161403e+02,1.013250e+05,1.000000e-09,-7.136471e+00,-3.496279e+00,2.5161445647315441e-04,6.2050543593310183e-04
470,4.6668963416291256e-06,4.8359758620494268e-06,9.2863511010763847e-10,1.019388e+03,1.0000000000000002e-06,2.185093e+07,2.174961e+07,1.161403e+02,1.013250e+05,1.000000e-09,-7.136489e+00,-3.496285e+00,2.5161444687187722e-04,6.2050537918541086e-04
471,4.6668960164953475e-06,4.8359758620494268e-06,9.2863493313377889e-10,1.019388e+03,1.0000000000000002e-06,2.185085e+07,2.174952e+07,1.161403e+02,1.013250e+05,1.000000e-09,-7.136507e+00,-3.496292e+00,2.5161443755721875e-04,6.2050532357345897e-04
472,4.6668956977662464e-06,4.8359758620494268e-06,9.2863475767065116e-10,1.019388e+03,1.0000000000000002e-06,2.185076e+07,2.174943e+07,1.161403e+02,1.013250e+05,1.000000e-09,-7.136524e+00,-3.496299e+00,2.5161442852346286e-04,6.2050526907452593e-04
473,4.6668953853133241e-06,4.8359758620494268e-06,9.2863458368793478e-10,1.019388e+03,1.0000000000000002e-06,2.185067e+07,2.174935e+07,1.161403e+02,1.013250e+05,1.000000e-09,-7.136542e+00,-3.496305e+00,2.5161441976500796e-04,6.2050521566634615e-04
474,4.6668950790106919e-06,4.8359758620494268e-06,9.2863441115591493e-10,1.019388e+03,1.0000000000000002e-06,2.185059e+07,2.174926e+07,1.161403e+02,1.013250e+05,1.000000e-09,-7.136559e+00,-3.496312e+00,2.5161441127636631e-04,6.2050516332709939e-04
475,4.6668947787349718e-06,4.8359758620494268e-06,9.2863424004547228e-10,1.019388e+03,1.0000000000000002e-06,2.185050e+07,2.174917e+07,1.161403e+02,1.013250e+05,1.000000e-09,-7.136576e+00,-3.496318e+00,2.5161440305215637e-04,6.2050511203540215e-04
476,4.6668944843652678e-06,4.8359758620494268e-06,9.2863407032806693e-10,1.019388e+03,1.0000000000000002e-06,2.185041e+07,2.174909e+07,1.161403e+02,1.013250e+05,1.000000e-09,-7.136593e+00,-3.496324e+00,2.5161439508710929e-04,6.2050506177029833e-04
477,4.6668941957830900e-06,4.8359758620494268e-06,9.2863390197572723e-10,1.019388e+03,1.0000000000000002e-06,2.185033e+07,2.174900e+07,1.161403e+02,1.013250e+05,1.000000e-09,-7.136610e+00,-3.496330e+00,2.5161438737605739e-04,6.2050501251125162e-04
478,4.6668939128723542e-06,4.8359758620494268e-06,9.2863373496104902e-10,1.019388e+03,1.0000000000000002e-06,2.185024e+07,2.174892e+07,1.161403e+02,1.013250e+05,1.000000e-09,-7.136627e+00,-3.496336e+00,2.5161437991393977e-04,6.2050496423813565e-04
479,4.6668936355192999e-06,4.8359758620494268e-06,9.2863356925716835e-10,1.019388e+03,1.0000000000000002e-06,2.185016e+07,2.174884e+07,1.161403e+02,1.013250e+05,1.000000e-09,-7.136643e+00,-3.496341e+00,2.5161437269579441e-04,6.2050491693122758e-04
480,4.6668933636124352e-06,4.8359758620494268e-06,9.2863340483776165e-10,1.019388e+03,1.0000000000000002e-06,2.185008e+07,2.174875e+07,1.161403e+02,1.013250e+05,1.000000e-09,-7.136660e+00,-3.496347e+00,2.5161436571675906e-04,6.2050487057119838e-04
481,4.6668930970424948e-06,4.8359758620494268e-06,9.2863324167703123e-10,1.019388e+03,1.0000000000000002e-06,2.184999e+07,2.174867e+07,1.161403e+02,1.013250e+05,1.000000e-09,-7.136676e+00,-3.496353e+00,2.5161435897207125e-04,6.2050482513910637e-04
482,4.6668928357024687e-06,4.8359758620494268e-06,9.2863307974969421e-10,1.019388e+03,1.0000000000000002e-06,2.184991e+07,2.174859e+07,1.161403e+02,1.013250e+05,1.000000e-09,-7.136692e+00,-3.496358e+00,2.5161435245705973e-04,6.2050478061638796e-04
483,4.6668925794874112e-06,4.8359758620494268e-06,9.2863291903097126e-10,1.019388e+03,1.0000000000000002e-06,2.184983e+07,2.174850e+07,1.161403e+02,1.013250e+05,1.000000e-09,-7.136708e+00,-3.496363e+00,2.5161434616715163e-04,6.2050473698485186e-04
484,4.6668923282945255e-06,4.8359758620494268e-06,9.2863275949658503e-10,1.019388e+03,1.0000000000000002e-06,2.184975e+07,2.174842e+07,1.161403e+02,1.013250e+05,1.000000e-09,-7.136724e+00,-3.496368e+00,2.5161434009786138e-04,6.2050469422667009e-04
485,4.6668920820230791e-06,4.8359758620494268e-06,9.2863260112273827e-10,1.019388e+03,1.0000000000000002e-06,2.184966e+07,2.174834e+07,1.161403e+02,1.013250e+05,1.000000e-09,-7.136740e+00,-3.496374e+00,2.5161433424479573e-04,6.2050465232437141e-04
486,4.6668918405743529e-06,4.8359758620494268e-06,9.2863244388610686e-10,1.019388e+03,1.0000000000000002e-06,2.184958e+07,2.174826e+07,1.161403e+02,1.013250e+05,1.000000e-09,-7.136756e+00,-3.496379e+00,2.5161432860364803e-04,6.2050461126083396e-04
487,4.6668916038515937e-06,4.8359758620494268e-06,9.2863228776384108e-10,1.019388e+03,1.0000000000000002e-06,2.184950e+07,2.174818e+07,1.161403e+02,1.013250e+05,1.000000e-09,-7.136771e+00,-3.496383e+00,2.5161432317019882e-04,6.2050457101927865e-04
488,4.6668913717600150e-06,4.8359758620494268e-06,9.2863213273354107e-10,1.019388e+03,1.0000000000000002e-06,2.184942e+07,2.174810e+07,1.161403e+02,1.013250e+05,1.000000e-09,-7.136787e+00,-3.496388e+00,2.5161431794031220e-04,6.2050453158326202e-04
489,4.6668911442067110e-06,4.8359758620494268e-06,9.2863197877325368e-10,1.019388e+03,1.0000000000000002e-06,2.184934e+07,2.174801e+07,1.161403e+02,1.013250e+05,1.000000e-09,-7.136802e+00,-3.496393e+00,2.5161431290993672e-04,6.2050449293666959e-04
490,4.6668909211006586e-06,4.8359758620494268e-06,9.2863182586147386e-10,1.019388e+03,1.0000000000000002e-06,2.184926e+07,2.174793e+07,1.161403e+02,1.013250e+05,1.000000e-09,-7.136817e+00,-3.496398e+00,2.5161430807510004e-04,6.2050445506370874e-04
491,4.6668907023526305e-06,4.8359758620494268e-06,9.2863167397711677e-10,1.019388e+03,1.0000000000000002e-06,2.184918e+07,2.174785e+07,1.161403e+02,1.013250e+05,1.000000e-09,-7.136833e+00,-3.496402e+00,2.5161430343190975e-04,6.2050441794890359e-04
492,4.6668904878752265e-06,4.8359758620494268e-06,9.2863152309952628e-10,1.019388e+03,1.0000000000000002e-06,2.184910e+07,2.174778e+07,1.161403e+02,1.013250e+05,1.000000e-09,-7.136848e+00,-3.496406e+00,2.5161429897655320e-04,6.2050438157708711e-04
493,4.6668902775827446e-06,4.8359758620494268e-06,9.2863137320844834e-10,1.019388e+03,1.0000000000000002e-06,2.184902e+07,2.174770e+07,1.161403e+02,1.013250e+05,1.000000e-09,-7.136863e+00,-3.496411e+00,2.5161429470529266e-04,6.2050434593339632e-04
494,4.6668900713912634e-06,4.8359758620494268e-06,9.2863122428404778e-10,1.019388e+03,1.0000000000000002e-06,2.184894e+07,2.174762e+07,1.161403e+02,1.013250e+05,1.000000e-09,-7.136878e+00,-3.496415e+00,2.5161429061446407e-04,6.2050431100326505e-04
495,4.6668898692185080e-06,4.8359758620494268e-06,9.2863107630687564e-10,1.019388e+03,1.0000000000000002e-06,2.184886e+07,2.174754e+07,1.161403e+02,1.013250e+05,1.000000e-09,-7.136892e+00,-3.496419e+00,2.5161428670047900e-04,6.2050427677241870e-04
496,4.6668896709838620e-06,4.8359758620494268e-06,9.2863092925787799e-10,1.019388e+03,1.0000000000000002e-06,2.184879e+07,2.174746e+07,1.161403e+02,1.013250e+05,1.000000e-09,-7.136907e+00,-3.496423e+00,2.5161428295981925e-04,6.2050424322686835e-04
497,4.6668894766083082e-06,4.8359758620494268e-06,9.2863078311837422e-10,1.019388e+03,1.0000000000000002e-06,2.184871e+07,2.174738e+07,1.161403e+02,1.013250e+05,1.000000e-09,-7.136922e+00,-3.496427e+00,2.5161427938903610e-04,6.2050421035290471e-04
498,4.6668892860144542e-06,4.8359758620494268e-06,9.2863063787006698e-10,1.019388e+03,1.0000000000000002e-06,2.184863e+07,2.174730e+07,1.161403e+02,1.013250e+05,1.000000e-09,-7.136936e+00,-3.496431e+00,2.5161427598475506e-04,6.2050417813709299e-04
499,4.6668890991264177e-06,4.8359758620494268e-06,9.2863049349501597e-10,1.019388e+03,1.0000000000000002e-06,2.184855e+07,2.174723e+07,1.161403e+02,1.013250e+05,1.000000e-09,-7.136951e+00,-3.496435e+00,2.5161427274366136e-04,6.2050414656626696e-04
500,4.6668889158698553e-06,4.8359758620494268e-06,9.2863034997564753e-10,1.019388e+03,1.0000000000000002e-06,2.184847e+07,2.174715e+07,1.161403e+02,1.013250e+05,1.000000e-09,-7.136965e+00,-3.496439e+00,2.5161426966251318e-04,6.2050411562752374e-04
501,4.6668887361719188e-06,4.8359758620494268e-06,9.2863020729472848e-10,1.019388e+03,1.0000000000000002e-06,2.184840e+07,2.174707e+07,1.161403e+02,1.013250e+05,1.000000e-09,-7.136979e+00,-3.496443e+00,2.5161426673813017e-04,6.2050408530821884e-04
502,4.6668885599612094e-06,4.8359758620494268e-06,9.2863006543538218e-10,1.019388e+03,1.0000000000000002e-06,2.184832e+07,2.174700e+07,1.161403e+02,1.013250e+05,1.000000e-09,-7.136993e+00,-3.496446e+00,2.5161426396739693e-04,6.2050405559596036e-04
503,4.6668883871677664e-06,4.8359758620494268e-06,9.2862992438105953e-10,1.019388e+03,1.0000000000000002e-06,2.184824e+07,2.174692e+07,1.161403e+02,1.013250e+05,1.000000e-09,-7.137008e+00,-3.496450e+00,2.5161426134725920e-04,6.2050402647860449e-04
504,4.6668882177230189e-06,4.8359758620494268e-06,9.2862978411554757e-10,1.019388e+03,1.0000000000000002e-06,2.184817e+07,2.174684e+07,1.161403e+02,1.013250e+05,1.000000e-09,-7.137022e+00,-3.496453e+00,2.5161425887472596e-04,6.2050399794425035e-04
505,4.6668880515597974e-06,4.8359758620494268e-06,9.2862964462295867e-10,1.019388e+03,1.0000000000000002e-06,2.184809e+07,2.174677e+07,1.161403e+02,1.013250e+05,1.000000e-09,-7.137036e+00,-3.496457e+00,2.5161425654686377e-04,6.2050396998123520e-04
506,4.6668878886122475e-06,4.8359758620494268e-06,9.2862950588771648e-10,1.019388e+03,1.0000000000000002e-06,2.184802e+07,2.174669e+07,1.161403e+02,1.013250e+05,1.000000e-09,-7.137049e+00,-3.496460e+00,2.5161425436079896e-04,6.2050394257812959e-04
507,4.6668877288158449e-06,4.8359758620494268e-06,9.2862936789455880e-10,1.019388e+03,1.0000000000000002e-06,2.184794e+07,2.174662e+07,1.161403e+02,1.013250e+05,1.000000e-09,-7.137063e+00,-3.496464e+00,2.5161425231371565e-04,6.2050391572373242e-04
508,4.6668875721073677e-06,4.8359758620494268e-06,9.2862923062853372e-10,1.019388e+03,1.0000000000000002e-06,2.184787e+07,2.174654e+07,1.161403e+02,1.013250e+05,1.000000e-09,-7.137077e+00,-3.496467e+00,2.5161425040285421e-04,6.2050388940706699e-04
509,4.6668874184248692e-06,4.8359758620494268e-06,9.2862909407498494e-10,1.019388e+03,1.0000000000000002e-06,2.184779e+07,2.174647e+07,1.161403e+02,1.013250e+05,1.000000e-09,-7.137091e+00,-3.496470e+00,2.5161424862550895e-04,6.2050386361737619e-04
510,4.6668872677076094e-06,4.8359758620494268e-06,9.2862895821954238e-10,1.019388e+03,1.0000000000000002e-06,2.184772e+07,2.174639e+07,1.161403e+02,1.013250e+05,1.000000e-09,-7.137104e+00,-3.496473e+00,2.5161424697902967e-04,6.2050383834411820e-04
511,4.6668871198960792e-06,4.8359758620494268e-06,9.2862882304812989e-10,1.019388e+03,1.0000000000000002e-06,2.184764e+07,2.174632e+07,1.161403e+02,1.013250e+05,1.000000e-09,-7.137118e+00,-3.496476e+00,2.5161424546081909e-04,6.2050381357696101e-04
512,4.6668869749320104e-06,4.8359758620494268e-06,9.2862868854695498e-10,1.019388e+03,1.0000000000000002e-06,2.184757e+07,2.174624e+07,1.161403e+02,1.013250e+05,1.000000e-09,-7.137131e+00,-3.496479e+00,2.5161424406833260e-04,6.2050378930578133e-04
513,4.6668868327582078e-06,4.8359758620494268e-06,9.2862855470249736e-10,1.019388e+03,1.0000000000000002e-06,2.184749e+07,2.174617e+07,1.161403e+02,1.013250e+05,1.000000e-09,-7.137145e+00,-3.496482e+00,2.5161424279907386e-04,6.2050376552065642e-04
514,4.6668866933187199e-06,4.8359758620494268e-06,9.2862842150150065e-10,1.019388e+03,1.0000000000000002e-06,2.184742e+07,2.174609e+07,1.161403e+02,1.013250e+05,1.000000e-09,-7.137158e+00,-3.496485e+00,2.5161424165059867e-04,6.2050374221186326e-04
515,4.6668865565586412e-06,4.8359758620494268e-06,9.2862828893098937e-10,1.019388e+03,1.0000000000000002e-06,2.184735e+07,2.174602e+07,1.161403e+02,1.013250e+05,1.000000e-09,-7.137171e+00,-3.496488e+00,2.5161424062051228e-04,6.2050371936987249e-04
516,4.6668864224242020e-06,4.8359758620494268e-06,9.2862815697823002e-10,1.019388e+03,1.0000000000000002e-06,2.184727e+07,2.174595e+07,1.161403e+02,1.013250e+05,1.000000e-09,-7.137184e+00,-3.496491e+00,2.5161423970646550e-04,6.2050369698534640e-04
517,4.6668862908627092e-06,4.8359758620494268e-06,9.2862802563075357e-10,1.019388e+03,1.0000000000000002e-06,2.184720e+07,2.174587e+07,1.161403e+02,1.013250e+05,1.000000e-09,-7.137197e+00,-3.496493e+00,2.5161423890615917e-04,6.2050367504913292e-04
518,4.6668861618225192e-06,4.8359758620494268e-06,9.2862789487634473e-10,1.019388e+03,1.0000000000000002e-06,2.184713e+07,2.174580e+07,1.161403e+02,1.013250e+05,1.000000e-09,-7.137211e+00,-3.496496e+00,2.5161423821733685e-04,6.2050365355226407e-04
519,4.6668860352530312e-06,4.8359758620494268e-06,9.2862776470301631e-10,1.019388e+03,1.0000000000000002e-06,2.184705e+07,2.174573e+07,1.161402e+02,1.013250e+05,1.000000e-09,-7.137224e+00,-3.496499e+00,2.5161423763779079e-04,6.2050363248595055e-04
520,4.6668859111046251e-06,4.8359758620494268e-06,9.2862763509903383e-10,1.019388e+03,1.0000000000000002e-06,2.184698e+07,2.174565e+07,1.161402e+02,1.013250e+05,1.000000e-09,-7.137236e+00,-3.496501e+00,2.5161423716535262e-04,6.2050361184157936e-04
521,4.6668857893287430e-06,4.8359758620494268e-06,9.2862750605289285e-10,1.019388e+03,1.0000000000000002e-06,2.184691e+07,2.174558e+07,1.161402e+02,1.013250e+05,1.000000e-09,-7.137249e+00,-3.496504e+00,2.5161423679790382e-04,6.2050359161070986e-04
522,4.6668856698777241e-06,4.8359758620494268e-06,9.2862737755332242e-10,1.019388e+03,1.0000000000000002e-06,2.184683e+07,2.174551e+07,1.161402e+02,1.013250e+05,1.000000e-09,-7.137262e+00,-3.496506e+00,2.5161423653336125e-04,6.2050357178506917e-04
523,4.6668855527049002e-06,4.8359758620494268e-06,9.2862724958927441e-10,1.019388e+03,1.0000000000000002e-06,2.184676e+07,2.174544e+07,1.161402e+02,1.013250e+05,1.000000e-09,-7.137275e+00,-3.496509e+00,2.5161423636968939e-04,6.2050355235655156e-04
524,4.6668854377645461e-06,4.8359758620494268e-06,9.2862712214991553e-10,1.019388e+03,1.0000000000000002e-06,2.184669e+07,2.174537e+07,1.161402e+02,1.013250e+05,1.000000e-09,-7.137288e+00,-3.496511e+00,2.5161423630488922e-04,6.2050353331721255e-04
525,4.6668853250118307e-06,4.8359758620494268e-06,9.2862699522464197e-10,1.019388e+03,1.0000000000000002e-06,2.184662e+07,2.174529e+07,1.161402e+02,1.013250e+05,1.000000e-09,-7.137300e+00,-3.496513e+00,2.5161423633700432e-04,6.2050351465926638e-04
526,4.6668852144028261e-06,4.8359758620494268e-06,9.2862686880304819e-10,1.019388e+03,1.0000000000000002e-06,2.184655e+07,2.174522e+07,1.161402e+02,1.013250e+05,1.000000e-09,-7.137313e+00,-3.496516e+00,2.5161423646411705e-04,6.2050349637508340e-04
527,4.6668851058944979e-06,4.8359758620494268e-06,9.2862674287494592e-10,1.019388e+03,1.0000000000000002e-06,2.184647e+07,2.174515e+07,1.161402e+02,1.013250e+05,1.000000e-09,-7.137326e+00,-3.496518e+00,2.5161423668434546e-04,6.2050347845718674e-04
528,4.6668849994446606e-06,4.8359758620494268e-06,9.2862661743035129e-10,1.019388e+03,1.0000000000000002e-06,2.184640e+07,2.174508e+07,1.161402e+02,1.013250e+05,1.000000e-09,-7.137338e+00,-3.496520e+00,2.5161423699585035e-04,6.2050346089824882e-04
529,4.6668848950119721e-06,4.8359758620494268e-06,9.2862649245946967e-10,1.019388e+03,1.0000000000000002e-06,2.184633e+07,2.174501e+07,1.161402e+02,1.013250e+05,1.000000e-09,-7.137351e+00,-3.496522e+00,2.5161423739682436e-04,6.2050344369108854e-04
530,4.6668847925559391e-06,4.8359758620494268e-06,9.2862636795271236e-10,1.019388e+03,1.0000000000000002e-06,2.184626e+07,2.174494e+07,1.161402e+02,1.013250e+05,1.000000e-09,-7.137363e+00,-3.496524e+00,2.5161423788549786e-04,6.2050342682866909e-04
531,4.6668846920368325e-06,4.8359758620494268e-06,9.2862624390068074e-10,1.019388e+03,1.0000000000000002e-06,2.184619e+07,2.174486e+07,1.161402e+02,1.013250e+05,1.000000e-09,-7.137376e+00,-3.496526e+00,2.5161423846013949e-04,6.2050341030409344e-04
532,4.6668845934157759e-06,4.8359758620494268e-06,9.2862612029415971e-10,1.019388e+03,1.0000000000000002e-06,2.184612e+07,2.174479e+07,1.161402e+02,1.013250e+05,1.000000e-09,-7.137388e+00,-3.496528e+00,2.5161423911904796e-04,6.2050339411060342e-04
533,4.6668844966546360e-06,4.8359758620494268e-06,9.2862599712411872e-10,1.019388e+03,1.0000000000000002e-06,2.184605e+07,2.174472e+07,1.161402e+02,1.013250e+05,1.000000e-09,-7.137400e+00,-3.496530e+00,2.5161423986055811e-04,6.2050337824157565e-04
534,4.6668844017160628e-06,4.8359758620494268e-06,9.2862587438171243e-10,1.019388e+03,1.0000000000000002e-06,2.184598e+07,2.174465e+07,1.161402e+02,1.013250e+05,1.000000e-09,-7.137413e+00,-3.496532e+00,2.5161424068303990e-04,6.2050336269051922e-04
535,4.6668843085634366e-06,4.8359758620494268e-06,9.2862575205826909e-10,1.019388e+03,1.0000000000000002e-06,2.184591e+07,2.174458e+07,1.161402e+02,1.013250e+05,1.000000e-09,-7.137425e+00,-3.496534e+00,2.5161424158489211e-04,6.2050334745107323e-04
536,4.6668842171608752e-06,4.8359758620494268e-06,9.2862563014529024e-10,1.019388e+03,1.0000000000000002e-06,2.184584e+07,2.174451e+07,1.161402e+02,1.013250e+05,1.000000e-09,-7.137437e+00,-3.496536e+00,2.5161424256454944e-04,6.2050333251700395e-04
537,4.6668841274732151e-06,4.8359758620494268e-06,9.2862550863444887e-10,1.019388e+03,1.0000000000000002e-06,2.184577e+07,2.174444e+07,1.161402e+02,1.013250e+05,1.000000e-09,-7.137449e+00,-3.496538e+00,2.5161424362047361e-04,6.2050331788220223e-04
538,4.6668840394660049e-06,4.8359758620494268e-06,9.2862538751758525e-10,1.019388e+03,1.0000000000000002e-06,2.184570e+07,2.174437e+07,1.161402e+02,1.013250e+05,1.000000e-09,-7.137461e+00,-3.496540e+00,2.5161424475116220e-04,6.2050330354068164e-04
539,4.6668839531054851e-06,4.8359758620494268e-06,9.2862526678669464e-10,1.019388e+03,1.0000000000000002e-06,2.184563e+07,2.174430e+07,1.161402e+02,1.013250e+05,1.000000e-09,-7.137473e+00,-3.496542e+00,2.5161424595513825e-04,6.2050328948657447e-04
540,4.6668838683585479e-06,4.8359758620494268e-06,9.2862514643394252e-10,1.019388e+03,1.0000000000000002e-06,2.184556e+07,2.174423e+07,1.161402e+02,1.013250e+05,1.000000e-09,-7.137485e+00,-3.496543e+00,2.5161424723095711e-04,6.2050327571413165e-04
541,4.6668837851927950e-06,4.8359758620494268e-06,9.2862502645164758e-10,1.019388e+03,1.0000000000000002e-06,2.184549e+07,2.174416e+07,1.161402e+02,1.013250e+05,1.000000e-09,-7.137497e+00,-3.496545e+00,2.5161424857720249e-04,6.2050326221771846e-04
542,4.6668837035764153e-06,4.8359758620494268e-06,9.2862490683228062e-10,1.019388e+03,1.0000000000000002e-06,2.184542e+07,2.174409e+07,1.161402e+02,1.013250e+05,1.000000e-09,-7.137509e+00,-3.496547e+00,2.5161424999248547e-04,6.2050324899181252e-04
543,4.6668836234782947e-06,4.8359758620494268e-06,9.2862478756846452e-10,1.019388e+03,1.0000000000000002e-06,2.184535e+07,2.174402e+07,1.161402e+02,1.013250e+05,1.000000e-09,-7.137521e+00,-3.496548e+00,2.5161425147544598e-04,6.2050323603100280e-04
544,4.6668835448678875e-06,4.8359758620494268e-06,9.2862466865296529e-10,1.019388e+03,1.0000000000000002e-06,2.184528e+07,2.174395e+07,1.161402e+02,1.013250e+05,1.000000e-09,-7.137533e+00,-3.496550e+00,2.5161425302475040e-04,6.2050322332998591e-04
545,4.6668834677153130e-06,4.8359758620494268e-06,9.2862455007869894e-10,1.019388e+03,1.0000000000000002e-06,2.184521e+07,2.174388e+07,1.161402e+02,1.013250e+05,1.000000e-09,-7.137545e+00,-3.496552e+00,2.5161425463909274e-04,6.2050321088356485e-04
546,4.6668833919912527e-06,4.8359758620494268e-06,9.2862443183872513e-10,1.019388e+03,1.0000000000000002e-06,2.184514e+07,2.174381e+07,1.161402e+02,1.013250e+05,1.000000e-09,-7.137557e+00,-3.496553e+00,2.5161425631719169e-04,6.2050319868664635e-04
547,4.6668833176669678e-06,4.8359758620494268e-06,9.2862431392623120e-10,1.019388e+03,1.0000000000000002e-06,2.184507e+07,2.174374e+07,1.161402e+02,1.013250e+05,1.000000e-09,-7.137569e+00,-3.496555e+00,2.5161425805779296e-04,6.2050318673423919e-04
548,4.6668832447143460e-06,4.8359758620494268e-06,9.2862419633454995e-10,1.019388e+03,1.0000000000000002e-06,2.184500e+07,2.174367e+07,1.161402e+02,1.013250e+05,1.000000e-09,-7.137580e+00,-3.496556e+00,2.5161425985966633e-04,6.2050317502145187e-04
549,4.6668831731057732e-06,4.8359758620494268e-06,9.2862407905714906e-10,1.019388e+03,1.0000000000000002e-06,2.184493e+07,2.174361e+07,1.161402e+02,1.013250e+05,1.000000e-09,-7.137592e+00,-3.496558e+00,2.5161426172160705e-04,6.2050316354349071e-04
550,4.6668831028142308e-06,4.8359758620494268e-06,9.2862396208761662e-10,1.019388e+03,1.0000000000000002e-06,2.184486e+07,2.174354e+07,1.161402e+02,1.013250e+05,1.000000e-09,-7.137604e+00,-3.496559e+00,2.5161426364243519e-04,6.2050315229565840e-04
551,4.6668830338132286e-06,4.8359758620494268e-06,9.2862384541968002e-10,1.019388e+03,1.0000000000000002e-06,2.184479e+07,2.174347e+07,1.161402e+02,1.013250e+05,1.000000e-09,-7.137615e+00,-3.496561e+00,2.5161426562099107e-04,6.2050314127335077e-04
552,4.6668829660768136e-06,4.8359758620494268e-06,9.2862372904718566e-10,1.019388e+03,1.0000000000000002e-06,2.184472e+07,2.174340e+07,1.161402e+02,1.013250e+05,1.000000e-09,-7.137627e+00,-3.496562e+00,2.5161426765614155e-04,6.2050313047205667e-04
553,4.6668828995795459e-06,4.8359758620494268e-06,9.2862361296410205e-10,1.019388e+03,1.0000000000000002e-06,2.184466e+07,2.174333e+07,1.161402e+02,1.013250e+05,1.000000e-09,-7.137639e+00,-3.496563e+00,2.5161426974677515e-04,6.2050311988735439e-04
554,4.6668828342964788e-06,4.8359758620494268e-06,9.2862349716452322e-10,1.019388e+03,1.0000000000000002e-06,2.184459e+07,2.174326e+07,1.161402e+02,1.013250e+05,1.000000e-09,-7.137650e+00,-3.496565e+00,2.5161427189180301e-04,6.2050310951491147e-04
555,4.6668827702032008e-06,4.8359758620494268e-06,9.2862338164265838e-10,1.019388e+03,1.0000000000000002e-06,2.184452e+07,2.174319e+07,1.161402e+02,1.013250e+05,1.000000e-09,-7.137662e+00,-3.496566e+00,2.5161427409015671e-04,6.2050309935048119e-04
556,4.6668827072757569e-06,4.8359758620494268e-06,9.2862326639283227e-10,1.019388e+03,1.0000000000000002e-06,2.184445e+07,2.174313e+07,1.161402e+02,1.013250e+05,1.000000e-09,-7.137673e+00,-3.496567e+00,2.5161427634078938e-04,6.2050308938990228e-04
557,4.6668826454906851e-06,4.8359758620494268e-06,9.2862315140948135e-10,1.019388e+03,1.0000000000000002e-06,2.184438e+07,2.174306e+07,1.161402e+02,1.013250e+05,1.000000e-09,-7.137685e+00,-3.496569e+00,2.5161427864267848e-04,6.2050307962909727e-04
558,4.6668825848250081e-06,4.8359758620494268e-06,9.2862303668715906e-10,1.019388e+03,1.0000000000000002e-06,2.184431e+07,2.174299e+07,1.161402e+02,1.013250e+05,1.000000e-09,-7.137696e+00,-3.496570e+00,2.5161428099481600e-04,6.2050307006406935e-04
559,4.6668825252561836e-06,4.8359758620494268e-06,9.2862292222052202e-10,1.019388e+03,1.0000000000000002e-06,2.184425e+07,2.174292e+07,1.161402e+02,1.013250e+05,1.000000e-09,-7.137708e+00,-3.496571e+00,2.5161428339621908e-04,6.2050306069090175e-04
560,4.6668824667621212e-06,4.8359758620494268e-06,9.2862280800433397e-10,1.019388e+03,1.0000000000000002e-06,2.184418e+07,2.174285e+07,1.161402e+02,1.013250e+05,1.000000e-09,-7.137719e+00,-3.496572e+00,2.5161428584592337e-04,6.2050305150575659e-04
561,4.6668824093211900e-06,4.8359758620494268e-06,9.2862269403346381e-10,1.019388e+03,1.0000000000000002e-06,2.184411e+07,2.174278e+07,1.161402e+02,1.013250e+05,1.000000e-09,-7.137731e+00,-3.496574e+00,2.5161428834298062e-04,6.2050304250487267e-04
562,4.6668823529121872e-06,4.8359758620494268e-06,9.2862258030289148e-10,1.019388e+03,1.0000000000000002e-06,2.184404e+07,2.174272e+07,1.161402e+02,1.013250e+05,1.000000e-09,-7.137742e+00,-3.496575e+00,2.5161429088646714e-04,6.2050303368456350e-04
563,4.6668822975143165e-06,4.8359758620494268e-06,9.2862246680768253e-10,1.019388e+03,1.0000000000000002e-06,2.184397e+07,2.174265e+07,1.161402e+02,1.013250e+05,1.000000e-09,-7.137753e+00,-3.496576e+00,2.5161429347547232e-04,6.2050302504121693e-04
564,4.6668822431072253e-06,4.8359758620494268e-06,9.2862235354301047e-10,1.019388e+03,1.0000000000000002e-06,2.184391e+07,2.174258e+07,1.161402e+02,1.013250e+05,1.000000e-09,-7.137765e+00,-3.496577e+00,2.5161429610910663e-04,6.2050301657129285e-04
565,4.6668821896709465e-06,4.8359758620494268e-06,9.2862224050414673e-10,1.019388e+03,1.0000000000000002e-06,2.184384e+07,2.174251e+07,1.161402e+02,1.013250e+05,1.000000e-09,-7.137776e+00,-3.496578e+00,2.5161429878649863e-04,6.2050300827132178e-04
566,4.6668821371859424e-06,4.8359758620494268e-06,9.2862212768644792e-10,1.019388e+03,1.0000000000000002e-06,2.184377e+07,2.174245e+07,1.161402e+02,1.013250e+05,1.000000e-09,-7.137787e+00,-3.496579e+00,2.5161430150679338e-04,6.2050300013790412e-04
567,4.6668820856330312e-06,4.8359758620494268e-06,9.2862201508537572e-10,1.019388e+03,1.0000000000000002e-06,2.184370e+07,2.174238e+07,1.161402e+02,1.013250e+05,1.000000e-09,-7.137798e+00,-3.496580e+00,2.5161430426915267e-04,6.2050299216770746e-04
568,4.6668820349934172e-06,4.8359758620494268e-06,9.2862190269646872e-10,1.019388e+03,1.0000000000000002e-06,2.184364e+07,2.174231e+07,1.161402e+02,1.013250e+05,1.000000e-09,-7.137810e+00,-3.496581e+00,2.5161430707275567e-04,6.2050298435746705e-04
569,4.6668819852487062e-06,4.8359758620494268e-06,9.2862179051536853e-10,1.019388e+03,1.0000000000000002e-06,2.184357e+07,2.174224e+07,1.161402e+02,1.013250e+05,1.000000e-09,-7.137821e+00,-3.496582e+00,2.5161430991679800e-04,6.2050297670398309e-04
570,4.6668819363808682e-06,4.8359758620494268e-06,9.2862167853779116e-10,1.019388e+03,1.0000000000000002e-06,2.184350e+07,2.174218e+07,1.161402e+02,1.013250e+05,1.000000e-09,-7.137832e+00,-3.496583e+00,2.5161431280048977e-04,6.2050296920411908e-04
571,4.6668818883722122e-06,4.8359758620494268e-06,9.2862156675955046e-10,1.019388e+03,1.0000000000000002e-06,2.184343e+07,2.174211e+07,1.161402e+02,1.013250e+05,1.000000e-09,-7.137843e+00,-3.496584e+00,2.5161431572306189e-04,6.2050296185480207e-04
572,4.6668818412054045e-06,4.8359758620494268e-06,9.2862145517653535e-10,1.019388e+03,1.0000000000000002e-06,2.184337e+07,2.174204e+07,1.161402e+02,1.013250e+05,1.000000e-09,-7.137854e+00,-3.496585e+00,2.5161431868375294e-04,6.2050295465302069e-04
573,4.6668817948634916e-06,4.8359758620494268e-06,9.2862134378471787e-10,1.019388e+03,1.0000000000000002e-06,2.184330e+07,2.174197e+07,1.161402e+02,1.013250e+05,1.000000e-09,-7.137866e+00,-3.496586e+00,2.5161432168182277e-04,6.2050294759582352e-04
574,4.6668817493298210e-06,4.8359758620494268e-06,9.2862123258015598e-10,1.019388e+03,1.0000000000000002e-06,2.184323e+07,2.174191e+07,1.161402e+02,1.013250e+05,1.000000e-09,-7.137877e+00,-3.496587e+00,2.5161432471654537e-04,6.2050294068031759e-04
575,4.6668817045881008e-06,4.8359758620494268e-06,9.2862112155898179e-10,1.019388e+03,1.0000000000000002e-06,2.184317e+07,2.174184e+07,1.161402e+02,1.013250e+05,1.000000e-09,-7.137888e+00,-3.496588e+00,2.5161432778720628e-04,6.2050293390366891e-04
576,4.6668816606223389e-06,4.8359758620494268e-06,9.2862101071740082e-10,1.019388e+03,1.0000000000000002e-06,2.184310e+07,2.174177e+07,1.161402e+02,1.013250e+05,1.000000e-09,-7.137899e+00,-3.496589e+00,2.5161433089310712e-04,6.2050292726309963e-04
577,4.6668816174168764e-06,4.8359758620494268e-06,9.2862090005170346e-10,1.019388e+03,1.0000000000000002e-06,2.184303e+07,2.174171e+07,1.161402e+02,1.013250e+05,1.000000e-09,-7.137910e+00,-3.496590e+00,2.5161433403356485e-04,6.2050292075588689e-04
578,4.6668815749563887e-06,4.8359758620494268e-06,9.2862078955825262e-10,1.019388e+03,1.0000000000000002e-06,2.184296e+07,2.174164e+07,1.161402e+02,1.013250e+05,1.000000e-09,-7.137921e+00,-3.496591e+00,2.5161433720790580e-04,6.2050291437936366e-04
579,4.6668815332258156e-06,4.8359758620494268e-06,9.2862067923347445e-10,1.019388e+03,1.0000000000000002e-06,2.184290e+07,2.174157e+07,1.161402e+02,1.013250e+05,1.000000e-09,-7.137932e+00,-3.496592e+00,2.5161434041547564e-04,6.2050290813091507e-04
580,4.6668814922104288e-06,4.8359758620494268e-06,9.2862056907387639e-10,1.019388e+03,1.0000000000000002e-06,2.184283e+07,2.174151e+07,1.161402e+02,1.013250e+05,1.000000e-09,-7.137943e+00,-3.496593e+00,2.5161434365562955e-04,6.2050290200797904e-04
581,4.6668814518957914e-06,4.8359758620494268e-06,9.2862045907603225e-10,1.019388e+03,1.0000000000000002e-06,2.184276e+07,2.174144e+07,1.161402e+02,1.013250e+05,1.000000e-09,-7.137954e+00,-3.496593e+00,2.5161434692773458e-04,6.2050289600804477e-04
582,4.6668814122677430e-06,4.8359758620494268e-06,9.2862034923658545e-10,1.019388e+03,1.0000000000000002e-06,2.184270e+07,2.174137e+07,1.161402e+02,1.013250e+05,1.000000e-09,-7.137965e+00,-3.496594e+00,2.5161435023117354e-04,6.2050289012865177e-04
583,4.6668813733124165e-06,4.8359758620494268e-06,9.2862023955224236e-10,1.019388e+03,1.0000000000000002e-06,2.184263e+07,2.174131e+07,1.161402e+02,1.013250e+05,1.000000e-09,-7.137976e+00,-3.496595e+00,2.5161435356533981e-04,6.2050288436738812e-04
584,4.6668813350162240e-06,4.8359758620494268e-06,9.2862013001978699e-10,1.019388e+03,1.0000000000000002e-06,2.184256e+07,2.174124e+07,1.161402e+02,1.013250e+05,1.000000e-09,-7.137987e+00,-3.496596e+00,2.5161435692963786e-04,6.2050287872189114e-04
585,4.6668812973658390e-06,4.8359758620494268e-06,9.2862002063604940e-10,1.019388e+03,1.0000000000000002e-06,2.184250e+07,2.174117e+07,1.161402e+02,1.013250e+05,1.000000e-09,-7.137998e+00,-3.496597e+00,2.5161436032348762e-04,6.2050287318984475e-04
586,4.6668812603482148e-06,4.8359758620494268e-06,9.2861991139793571e-10,1.019388e+03,1.0000000000000002e-06,2.184243e+07,2.174111e+07,1.161402e+02,1.013250e+05,1.000000e-09,-7.138009e+00,-3.496597e+00,2.5161436374631675e-04,6.2050286776897938e-04
587,4.6668812239505687e-06,4.8359758620494268e-06,9.2861980230241617e-10,1.019388e+03,1.0000000000000002e-06,2.184236e+07,2.174104e+07,1.161402e+02,1.013250e+05,1.000000e-09,-7.138020e+00,-3.496598e+00,2.5161436719756645e-04,6.2050286245707092e-04
588,4.6668811881603341e-06,4.8359758620494268e-06,9.2861969334650983e-10,1.019388e+03,1.0000000000000002e-06,2.184230e+07,2.174097e+07,1.161402e+02,1.013250e+05,1.000000e-09,-7.138031e+00,-3.496599e+00,2.5161437067668904e-04,6.2050285725193978e-04
589,4.6668811529652461e-06,4.8359758620494268e-06,9.2861958452730253e-10,1.019388e+03,1.0000000000000002e-06,2.184223e+07,2.174091e+07,1.161401e+02,1.013250e+05,1.000000e-09,-7.138042e+00,-3.496600e+00,2.5161437418314594e-04,6.2050285215144944e-04
590,4.6668811183532742e-06,4.8359758620494268e-06,9.2861947584193967e-10,1.019388e+03,1.0000000000000002e-06,2.184217e+07,2.174084e+07,1.161401e+02,1.013250e+05,1.000000e-09,-7.138052e+00,-3.496600e+00,2.5161437771641310e-04,6.2050284715350706e-04
591,4.6668810843126125e-06,4.8359758620494268e-06,9.2861936728762042e-10,1.019388e+03,1.0000000000000002e-06,2.184210e+07,2.174077e+07,1.161401e+02,1.013250e+05,1.000000e-09,-7.138063e+00,-3.496601e+00,2.5161438127597216e-04,6.2050284225606078e-04
592,4.6668810508316972e-06,4.8359758620494268e-06,9.2861925886160329e-10,1.019388e+03,1.0000000000000002e-06,2.184203e+07,2.174071e+07,1.161401e+02,1.013250e+05,1.000000e-09,-7.138074e+00,-3.496602e+00,2.5161438486131935e-04,6.2050283745710051e-04
593,4.6668810178991909e-06,4.8359758620494268e-06,9.2861915056119477e-10,1.019388e+03,1.0000000000000002e-06,2.184197e+07,2.174064e+07,1.161401e+02,1.013250e+05,1.000000e-09,-7.138085e+00,-3.496602e+00,2.5161438847195924e-04,6.2050283275465570e-04
594,4.6668809855040059e-06,4.8359758620494268e-06,9.2861904238376331e-10,1.019388e+03,1.0000000000000002e-06,2.184190e+07,2.174058e+07,1.161401e+02,1.013250e+05,1.000000e-09,-7.138096e+00,-3.496603e+00,2.5161439210740567e-04,6.2050282814679581e-04
595,4.6668809536352230e-06,4.8359758620494268e-06,9.2861893432672839e-10,1.019388e+03,1.0000000000000002e-06,2.184183e+07,2.174051e+07,1.161401e+02,1.013250e+05,1.000000e-09,-7.138107e+00,-3.496604e+00,2.5161439576718296e-04,6.2050282363162882e-04
596,4.6668809222822350e-06,4.8359758620494268e-06,9.2861882638755100e-10,1.019388e+03,1.0000000000000002e-06,2.184177e+07,2.174044e+07,1.161401e+02,1.013250e+05,1.000000e-09,-7.138117e+00,-3.496604e+00,2.5161439945082419e-04,6.2050281920730008e-04
597,4.6668808914345436e-06,4.8359758620494268e-06,9.2861871856376240e-10,1.019388e+03,1.0000000000000002e-06,2.184170e+07,2.174038e+07,1.161401e+02,1.013250e+05,1.000000e-09,-7.138128e+00,-3.496605e+00,2.5161440315787275e-04,6.2050281487199235e-04
598,4.6668808610819336e-06,4.8359758620494268e-06,9.2861861085292357e-10,1.019388e+03,1.0000000000000002e-06,2.184164e+07,2.174031e+07,1.161401e+02,1.013250e+05,1.000000e-09,-7.138139e+00,-3.496606e+00,2.5161440688788194e-04,6.2050281062392507e-04
599,4.6668808312143660e-06,4.8359758620494268e-06,9.2861850325265220e-10,1.019388e+03,1.0000000000000002e-06,2.184157e+07,2.174024e+07,1.161401e+02,1.013250e+05,1.000000e-09,-7.138150e+00,-3.496606e+00,2.5161441064041110e-04,6.2050280646135277e-04
600,4.6668808018219941e-06,4.8359758620494268e-06,9.2861839576061918e-10,1.019388e+03,1.0000000000000002e-06,2.184150e+07,2.174018e+07,1.161401e+02,1.013250e+05,1.000000e-09,-7.138160e+00,-3.496607e+00,2.5161441441503142e-04,6.2050280238256533e-04
601,4.6668807728951896e-06,4.8359758620494268e-06,9.2861828837452917e-10,1.019388e+03,1.0000000000000002e-06,2.184144e+07,2.174011e+07,1.161401e+02,1.013250e+05,1.000000e-09,-7.138171e+00,-3.496607e+00,2.5161441821132109e-04,6.2050279838588636e-04
602,4.6668807444245056e-06,4.8359758620494268e-06,9.2861818109215055e-10,1.019388e+03,1.0000000000000002e-06,2.184137e+07,2.174005e+07,1.161401e+02,1.013250e+05,1.000000e-09,-7.138182e+00,-3.496608e+00,2.5161442202886665e-04,6.2050279446967341e-04
603,4.6668807164006789e-06,4.8359758620494268e-06,9.2861807391127630e-10,1.019388e+03,1.0000000000000002e-06,2.184131e+07,2.173998e+07,1.161401e+02,1.013250e+05,1.000000e-09,-7.138193e+00,-3.496609e+00,2.5161442586726343e-04,6.2050279063231677e-04
604,4.6668806888146411e-06,4.8359758620494268e-06,9.2861796682975989e-10,1.019388e+03,1.0000000000000002e-06,2.184124e+07,2.173992e+07,1.161401e+02,1.013250e+05,1.000000e-09,-7.138203e+00,-3.496609e+00,2.5161442972611515e-04,6.2050278687223912e-04
605,4.6668806616575095e-06,4.8359758620494268e-06,9.2861785984548062e-10,1.019388e+03,1.0000000000000002e-06,2.184117e+07,2.173985e+07,1.161401e+02,1.013250e+05,1.000000e-09,-7.138214e+00,-3.496610e+00,2.5161443360503241e-04,6.2050278318789419e-04
606,4.6668806349205656e-06,4.8359758620494268e-06,9.2861775295638306e-10,1.019388e+03,1.0000000000000002e-06,2.184111e+07,2.173978e+07,1.161401e+02,1.013250e+05,1.000000e-09,-7.138225e+00,-3.496610e+00,2.5161443750363498e-04,6.2050277957776680e-04
607,4.6668806085952635e-06,4.8359758620494268e-06,9.2861764616043565e-10,1.019388e+03,1.0000000000000002e-06,2.184104e+07,2.173972e+07,1.161401e+02,1.013250e+05,1.000000e-09,-7.138235e+00,-3.496611e+00,2.5161444142154845e-04,6.2050277604037279e-04
608,4.6668805826732466e-06,4.8359758620494268e-06,9.2861753945564738e-10,1.019388e+03,1.0000000000000002e-06,2.184098e+07,2.173965e+07,1.161401e+02,1.013250e+05,1.000000e-09,-7.138246e+00,-3.496611e+00,2.5161444535840797e-04,6.2050277257425684e-04
609,4.6668805571463129e-06,4.8359758620494268e-06,9.2861743284007570e-10,1.019388e+03,1.0000000000000002e-06,2.184091e+07,2.173959e+07,1.161401e+02,1.013250e+05,1.000000e-09,-7.138257e+00,-3.496612e+00,2.5161444931385418e-04,6.2050276917799299e-04
610,4.6668805320064309e-06,4.8359758620494268e-06,9.2861732631181407e-10,1.019388e+03,1.0000000000000002e-06,2.184085e+07,2.173952e+07,1.161401e+02,1.013250e+05,1.000000e-09,-7.138267e+00,-3.496612e+00,2.5161445328753624e-04,6.2050276585018382e-04
611,4.6668805072457241e-06,4.8359758620494268e-06,9.2861721986898821e-10,1.019388e+03,1.0000000000000002e-06,2.184078e+07,2.173945e+07,1.161401e+02,1.013250e+05,1.000000e-09,-7.138278e+00,-3.496613e+00,2.5161445727910867e-04,6.2050276258945967e-04
612,4.6668804828564768e-06,4.8359758620494268e-06,9.2861711350976911e-10,1.019388e+03,1.0000000000000002e-06,2.184071e+07,2.173939e+07,1.161401e+02,1.013250e+05,1.000000e-09,-7.138289e+00,-3.496613e+00,2.5161446128823585e-04,6.2050275939447893e-04
613,4.6668804588311123e-06,4.8359758620494268e-06,9.2861700723236086e-10,1.019388e+03,1.0000000000000002e-06,2.184065e+07,2.173932e+07,1.161401e+02,1.013250e+05,1.000000e-09,-7.138299e+00,-3.496614e+00,2.5161446531458487e-04,6.2050275626392636e-04
614,4.6668804351622386e-06,4.8359758620494268e-06,9.2861690103500115e-10,1.019388e+03,1.0000000000000002e-06,2.184058e+07,2.173926e+07,1.161401e+02,1.013250e+05,1.000000e-09,-7.138310e+00,-3.496614e+00,2.5161446935783216e-04,6.2050275319651318e-04
615,4.6668804118425923e-06,4.8359758620494268e-06,9.2861679491597027e-10,1.019388e+03,1.0000000000000002e-06,2.184052e+07,2.173919e+07,1.161401e+02,1.013250e+05,1.000000e-09,-7.138321e+00,-3.496615e+00,2.5161447341766173e-04,6.2050275019097574e-04
616,4.6668803888650398e-06,4.8359758620494268e-06,9.2861668887357469e-10,1.019388e+03,1.0000000000000002e-06,2.184045e+07,2.173913e+07,1.161401e+02,1.013250e+05,1.000000e-09,-7.138331e+00,-3.496615e+00,2.5161447749376018e-04,6.2050274724607675e-04
617,4.6668803662226183e-06,4.8359758620494268e-06,9.2861658290615744e-10,1.019388e+03,1.0000000000000002e-06,2.184039e+07,2.173906e+07,1.161401e+02,1.013250e+05,1.000000e-09,-7.138342e+00,-3.496616e+00,2.5161448158582313e-04,6.2050274436060288e-04
618,4.6668803439085018e-06,4.8359758620494268e-06,9.2861647701209612e-10,1.019388e+03,1.0000000000000002e-06,2.184032e+07,2.173900e+07,1.161401e+02,1.013250e+05,1.000000e-09,-7.138352e+00,-3.496616e+00,2.5161448569355216e-04,6.2050274153336530e-04
619,4.6668803219159622e-06,4.8359758620494268e-06,9.2861637118980347e-10,1.019388e+03,1.0000000000000002e-06,2.184026e+07,2.173893e+07,1.161401e+02,1.013250e+05,1.000000e-09,-7.138363e+00,-3.496617e+00,2.5161448981665359e-04,6.2050273876319915e-04
620,4.6668803002384621e-06,4.8359758620494268e-06,9.2861626543771281e-10,1.019388e+03,1.0000000000000002e-06,2.184019e+07,2.173886e+07,1.161401e+02,1.013250e+05,1.000000e-09,-7.138373e+00,-3.496617e+00,2.5161449395484035e-04,6.2050273604896276e-04
621,4.6668802788695547e-06,4.8359758620494268e-06,9.2861615975430409e-10,1.019388e+03,1.0000000000000002e-06,2.184012e+07,2.173880e+07,1.161401e+02,1.013250e+05,1.000000e-09,-7.138384e+00,-3.496618e+00,2.5161449810783161e-04,6.2050273338953702e-04
622,4.6668802578029305e-06,4.8359758620494268e-06,9.2861605413807568e-10,1.019388e+03,1.0000000000000002e-06,2.184006e+07,2.173873e+07,1.161401e+02,1.013250e+05,1.000000e-09,-7.138395e+00,-3.496618e+00,2.5161450227535027e-04,6.2050273078382559e-04
623,4.6668802370324400e-06,4.8359758620494268e-06,9.2861594858755746e-10,1.019388e+03,1.0000000000000002e-06,2.183999e+07,2.173867e+07,1.161401e+02,1.013250e+05,1.000000e-09,-7.138405e+00,-3.496618e+00,2.5161450645712786e-04,6.2050272823075368e-04
624,4.6668802165519880e-06,4.8359758620494268e-06,9.2861584310131903e-10,1.019388e+03,1.0000000000000002e-06,2.183993e+07,2.173860e+07,1.161401e+02,1.013250e+05,1.000000e-09,-7.138416e+00,-3.496619e+00,2.5161451065289800e-04,6.2050272572926888e-04
625,4.6668801963556614e-06,4.8359758620494268e-06,9.2861573767794302e-10,1.019388e+03,1.0000000000000002e-06,2.183986e+07,2.173854e+07,1.161401e+02,1.013250e+05,1.000000e-09,-7.138426e+00,-3.496619e+00,2.5161451486240189e-04,6.2050272327833847e-04
626,4.6668801764376689e-06,4.8359758620494268e-06,9.2861563231605403e-10,1.019388e+03,1.0000000000000002e-06,2.183980e+07,2.173847e+07,1.161401e+02,1.013250e+05,1.000000e-09,-7.138437e+00,-3.496620e+00,2.5161451908538437e-04,6.2050272087695144e-04
627,4.6668801567922737e-06,4.8359758620494268e-06,9.2861552701429270e-10,1.019388e+03,1.0000000000000002e-06,2.183973e+07,2.173841e+07,1.161401e+02,1.013250e+05,1.000000e-09,-7.138447e+00,-3.496620e+00,2.5161452332159742e-04,6.2050271852411682e-04
628,4.6668801374138904e-06,4.8359758620494268e-06,9.2861542177133885e-10,1.019388e+03,1.0000000000000002e-06,2.183967e+07,2.173834e+07,1.161401e+02,1.013250e+05,1.000000e-09,-7.138458e+00,-3.496621e+00,2.5161452757079591e-04,6.2050271621886296e-04
629,4.6668801182970750e-06,4.8359758620494268e-06,9.2861531658589193e-10,1.019388e+03,1.0000000000000002e-06,2.183960e+07,2.173828e+07,1.161401e+02,1.013250e+05,1.000000e-09,-7.138468e+00,-3.496621e+00,2.5161453183274065e-04,6.2050271396023825e-04
630,4.6668800994364609e-06,4.8359758620494268e-06,9.2861521145667013e-10,1.019388e+03,1.0000000000000002e-06,2.183954e+07,2.173821e+07,1.161401e+02,1.013250e+05,1.000000e-09,-7.138479e+00,-3.496621e+00,2.5161453610719666e-04,6.2050271174730973e-04
631,4.6668800808267701e-06,4.8359758620494268e-06,9.2861510638243165e-10,1.019388e+03,1.0000000000000002e-06,2.183947e+07,2.173815e+07,1.161401e+02,1.013250e+05,1.000000e-09,-7.138489e+00,-3.496622e+00,2.5161454039393435e-04,6.2050270957916365e-04
632,4.6668800624628781e-06,4.8359758620494268e-06,9.2861500136194947e-10,1.019388e+03,1.0000000000000002e-06,2.183941e+07,2.173808e+07,1.161401e+02,1.013250e+05,1.000000e-09,-7.138500e+00,-3.496622e+00,2.5161454469272874e-04,6.2050270745490346e-04
633,4.6668800443397146e-06,4.8359758620494268e-06,9.2861489639402975e-10,1.019388e+03,1.0000000000000002e-06,2.183934e+07,2.173801e+07,1.161401e+02,1.013250e+05,1.000000e-09,-7.138510e+00,-3.496622e+00,2.5161454900335790e-04,6.2050270537365162e-04
634,4.6668800264523303e-06,4.8359758620494268e-06,9.2861479147749233e-10,1.019388e+03,1.0000000000000002e-06,2.183927e+07,2.173795e+07,1.161401e+02,1.013250e+05,1.000000e-09,-7.138521e+00,-3.496623e+00,2.5161455332560630e-04,6.2050270333454793e-04
635,4.6668800087959167e-06,4.8359758620494268e-06,9.2861468661118813e-10,1.019388e+03,1.0000000000000002e-06,2.183921e+07,2.173788e+07,1.161401e+02,1.013250e+05,1.000000e-09,-7.138531e+00,-3.496623e+00,2.5161455765926219e-04,6.2050270133674865e-04
636,4.6668799913656727e-06,4.8359758620494268e-06,9.2861458179398310e-10,1.019388e+03,1.0000000000000002e-06,2.183914e+07,2.173782e+07,1.161401e+02,1.013250e+05,1.000000e-09,-7.138542e+00,-3.496624e+00,2.5161456200411674e-04,6.2050269937942806e-04
637,4.6668799741569761e-06,4.8359758620494268e-06,9.2861447702477854e-10,1.019388e+03,1.0000000000000002e-06,2.183908e+07,2.173775e+07,1.161401e+02,1.013250e+05,1.000000e-09,-7.138552e+00,-3.496624e+00,2.5161456635996684e-04,6.2050269746177604e-04
638,4.6668799571652504e-06,4.8359758620494268e-06,9.2861437230248297e-10,1.019388e+03,1.0000000000000002e-06,2.183901e+07,2.173769e+07,1.161401e+02,1.013250e+05,1.000000e-09,-7.138563e+00,-3.496624e+00,2.5161457072661277e-04,6.2050269558299917e-04
639,4.6668799403860325e-06,4.8359758620494268e-06,9.2861426762604071e-10,1.019388e+03,1.0000000000000002e-06,2.183895e+07,2.173762e+07,1.161401e+02,1.013250e+05,1.000000e-09,-7.138573e+00,-3.496625e+00,2.5161457510385857e-04,6.2050269374231976e-04
640,4.6668799238149307e-06,4.8359758620494268e-06,9.2861416299440817e-10,1.019388e+03,1.0000000000000002e-06,2.183888e+07,2.173756e+07,1.161401e+02,1.013250e+05,1.000000e-09,-7.138584e+00,-3.496625e+00,2.5161457949151304e-04,6.2050269193897572e-04
641,4.6668799074476529e-06,4.8359758620494268e-06,9.2861405840656048e-10,1.019388e+03,1.0000000000000002e-06,2.183882e+07,2.173749e+07,1.161401e+02,1.013250e+05,1.000000e-09,-7.138594e+00,-3.496625e+00,2.5161458388938828e-04,6.2050269017221982e-04
642,4.6668798912800089e-06,4.8359758620494268e-06,9.2861395386150593e-10,1.019388e+03,1.0000000000000002e-06,2.183875e+07,2.173743e+07,1.161401e+02,1.013250e+05,1.000000e-09,-7.138605e+00,-3.496626e+00,2.5161458829729932e-04,6.2050268844132065e-04
643,4.6668798753078619e-06,4.8359758620494268e-06,9.2861384935825896e-10,1.019388e+03,1.0000000000000002e-06,2.183869e+07,2.173736e+07,1.161401e+02,1.013250e+05,1.000000e-09,-7.138615e+00,-3.496626e+00,2.5161459271506718e-04,6.2050268674556036e-04
644,4.6668798595271696e-06,4.8359758620494268e-06,9.2861374489585641e-10,1.019388e+03,1.0000000000000002e-06,2.183862e+07,2.173730e+07,1.161401e+02,1.013250e+05,1.000000e-09,-7.138626e+00,-3.496626e+00,2.5161459714251387e-04,6.2050268508423629e-04
645,4.6668798439339572e-06,4.8359758620494268e-06,9.2861364047336397e-10,1.019388e+03,1.0000000000000002e-06,2.183856e+07,2.173723e+07,1.161401e+02,1.013250e+05,1.000000e-09,-7.138636e+00,-3.496627e+00,2.5161460157946663e-04,6.2050268345665953e-04
646,4.6668798285243755e-06,4.8359758620494268e-06,9.2861353608985501e-10,1.019388e+03,1.0000000000000002e-06,2.183849e+07,2.173717e+07,1.161401e+02,1.013250e+05,1.000000e-09,-7.138646e+00,-3.496627e+00,2.5161460602575464e-04,6.2050268186215494e-04
647,4.6668798132945867e-06,4.8359758620494268e-06,9.2861343174442934e-10,1.019388e+03,1.0000000000000002e-06,2.183843e+07,2.173710e+07,1.161401e+02,1.013250e+05,1.000000e-09,-7.138657e+00,-3.496627e+00,2.5161461048121299e-04,6.2050268030006096e-04
648,4.6668797982408961e-06,4.8359758620494268e-06,9.2861332743619185e-10,1.019388e+03,1.0000000000000002e-06,2.183836e+07,2.173704e+07,1.161401e+02,1.013250e+05,1.000000e-09,-7.138667e+00,-3.496628e+00,2.5161461494567792e-04,6.2050267876972900e-04
649,4.6668797833596292e-06,4.8359758620494268e-06,9.2861322316428662e-10,1.019388e+03,1.0000000000000002e-06,2.183830e+07,2.173697e+07,1.161401e+02,1.013250e+05,1.000000e-09,-7.138678e+00,-3.496628e+00,2.5161461941898940e-04,6.2050267727052394e-04
650,4.6668797686472149e-06,4.8359758620494268e-06,9.2861311892785223e-10,1.019388e+03,1.0000000000000002e-06,2.183823e+07,2.173691e+07,1.161401e+02,1.013250e+05,1.000000e-09,-7.138688e+00,-3.496628e+00,2.5161462390099119e-04,6.2050267580182291e-04
651,4.6668797541001415e-06,4.8359758620494268e-06,9.2861301472606172e-10,1.019388e+03,1.0000000000000002e-06,2.183817e+07,2.173684e+07,1.161401e+02,1.013250e+05,1.000000e-09,-7.138699e+00,-3.496628e+00,2.5161462839152880e-04,6.2050267436301594e-04
652,4.6668797397149666e-06,4.8359758620494268e-06,9.2861291055809421e-10,1.019388e+03,1.0000000000000002e-06,2.183810e+07,2.173678e+07,1.161401e+02,1.013250e+05,1.000000e-09,-7.138709e+00,-3.496629e+00,2.5161463289045374e-04,6.2050267295350465e-04
653,4.6668797254883308e-06,4.8359758620494268e-06,9.2861280642315261e-10,1.019388e+03,1.0000000000000002e-06,2.183804e+07,2.173671e+07,1.161401e+02,1.013250e+05,1.000000e-09,-7.138719e+00,-3.496629e+00,2.5161463739761694e-04,6.2050267157270293e-04
654,4.6668797114169375e-06,4.8359758620494268e-06,9.2861270232044758e-10,1.019388e+03,1.0000000000000002e-06,2.183797e+07,2.173665e+07,1.161401e+02,1.013250e+05,1.000000e-09,-7.138730e+00,-3.496629e+00,2.5161464191287403e-04,6.2050267022003679e-04
655,4.6668796974975273e-06,4.8359758620494268e-06,9.2861259824920974e-10,1.019388e+03,1.0000000000000002e-06,2.183791e+07,2.173658e+07,1.161401e+02,1.013250e+05,1.000000e-09,-7.138740e+00,-3.496630e+00,2.5161464643608331e-04,6.2050266889494333e-04
656,4.6668796837269510e-06,4.8359758620494268e-06,9.2861249420868998e-10,1.019388e+03,1.0000000000000002e-06,2.183784e+07,2.173652e+07,1.161401e+02,1.013250e+05,1.000000e-09,-7.138751e+00,-3.496630e+00,2.5161465096710709e-04,6.2050266759687057e-04
657,4.6668796701021000e-06,4.8359758620494268e-06,9.2861239019814621e-10,1.019388e+03,1.0000000000000002e-06,2.183778e+07,2.173645e+07,1.161400e+02,1.013250e+05,1.000000e-09,-7.138761e+00,-3.496630e+00,2.5161465550580772e-04,6.2050266632527869e-04
658,4.6668796566199198e-06,4.8359758620494268e-06,9.2861228621685507e-10,1.019388e+03,1.0000000000000002e-06,2.183771e+07,2.173639e+07,1.161400e+02,1.013250e+05,1.000000e-09,-7.138771e+00,-3.496630e+00,2.5161466005205343e-04,6.2050266507963729e-04
659,4.6668796432774186e-06,4.8359758620494268e-06,9.2861218226410775e-10,1.019388e+03,1.0000000000000002e-06,2.183765e+07,2.173632e+07,1.161400e+02,1.013250e+05,1.000000e-09,-7.138782e+00,-3.496631e+00,2.5161466460571356e-04,6.2050266385942738e-04
660,4.6668796300716973e-06,4.8359758620494268e-06,9.2861207833920726e-10,1.019388e+03,1.0000000000000002e-06,2.183758e+07,2.173626e+07,1.161400e+02,1.013250e+05,1.000000e-09,-7.138792e+00,-3.496631e+00,2.5161466916665909e-04,6.2050266266414046e-04
661,4.6668796169998723e-06,4.8359758620494268e-06,9.2861197444147325e-10,1.019388e+03,1.0000000000000002e-06,2.183752e+07,2.173619e+07,1.161400e+02,1.013250e+05,1.000000e-09,-7.138803e+00,-3.496631e+00,2.5161467373476551e-04,6.2050266149327757e-04
662,4.6668796040591325e-06,4.8359758620494268e-06,9.2861187057023424e-10,1.019388e+03,1.0000000000000002e-06,2.183745e+07,2.173613e+07,1.161400e+02,1.013250e+05,1.000000e-09,-7.138813e+00,-3.496632e+00,2.5161467830990970e-04,6.2050266034635029e-04
663,4.6668795912467427e-06,4.8359758620494268e-06,9.2861176672484142e-10,1.019388e+03,1.0000000000000002e-06,2.183739e+07,2.173606e+07,1.161400e+02,1.013250e+05,1.000000e-09,-7.138823e+00,-3.496632e+00,2.5161468289197007e-04,6.2050265922287972e-04
664,4.6668795785599900e-06,4.8359758620494268e-06,9.2861166290464990e-10,1.019388e+03,1.0000000000000002e-06,2.183732e+07,2.173600e+07,1.161400e+02,1.013250e+05,1.000000e-09,-7.138834e+00,-3.496632e+00,2.5161468748083056e-04,6.2050265812239695e-04
665,4.6668795659962315e-06,4.8359758620494268e-06,9.2861155910903537e-10,1.019388e+03,1.0000000000000002e-06,2.183726e+07,2.173593e+07,1.161400e+02,1.013250e+05,1.000000e-09,-7.138844e+00,-3.496632e+00,2.5161469207637358e-04,6.2050265704444174e-04
666,4.6668795535528838e-06,4.8359758620494268e-06,9.2861145533737350e-10,1.019388e+03,1.0000000000000002e-06,2.183719e+07,2.173587e+07,1.161400e+02,1.013250e+05,1.000000e-09,-7.138854e+00,-3.496633e+00,2.5161469667848800e-04,6.2050265598856348e-04
667,4.6668795412274008e-06,4.8359758620494268e-06,9.2861135158906884e-10,1.019388e+03,1.0000000000000002e-06,2.183713e+07,2.173580e+07,1.161400e+02,1.013250e+05,1.000000e-09,-7.138865e+00,-3.496633e+00,2.5161470128706021e-04,6.2050265495432059e-04
668,4.6668795290172921e-06,4.8359758620494268e-06,9.2861124786352436e-10,1.019388e+03,1.0000000000000002e-06,2.183706e+07,2.173574e+07,1.161400e+02,1.013250e+05,1.000000e-09,-7.138875e+00,-3.496633e+00,2.5161470590198226e-04,6.2050265394128013e-04
669,4.6668795169201327e-06,4.8359758620494268e-06,9.2861114416016176e-10,1.019388e+03,1.0000000000000002e-06,2.183700e+07,2.173567e+07,1.161400e+02,1.013250e+05,1.000000e-09,-7.138886e+00,-3.496633e+00,2.5161471052314802e-04,6.2050265294901819e-04
670,4.6668795049335238e-06,4.8359758620494268e-06,9.2861104047841515e-10,1.019388e+03,1.0000000000000002e-06,2.183693e+07,2.173561e+07,1.161400e+02,1.013250e+05,1.000000e-09,-7.138896e+00,-3.496634e+00,2.5161471515045317e-04,6.2050265197711898e-04
671,4.6668794930551268e-06,4.8359758620494268e-06,9.2861093681772153e-10,1.019388e+03,1.0000000000000002e-06,2.183687e+07,2.173554e+07,1.161400e+02,1.013250e+05,1.000000e-09,-7.138906e+00,-3.496634e+00,2.5161471978379338e-04,6.2050265102517516e-04
672,4.6668794812826529e-06,4.8359758620494268e-06,9.2861083317754415e-10,1.019388e+03,1.0000000000000002e-06,2.183680e+07,2.173548e+07,1.161400e+02,1.013250e+05,1.000000e-09,-7.138917e+00,-3.496634e+00,2.5161472442306911e-04,6.2050265009278721e-04
673,4.6668794696138305e-06,4.8359758620494268e-06,9.2861072955734144e-10,1.019388e+03,1.0000000000000002e-06,2.183674e+07,2.173541e+07,1.161400e+02,1.013250e+05,1.000000e-09,-7.138927e+00,-3.496634e+00,2.5161472906818391e-04,6.2050264917956448e-04
674,4.6668794580464902e-06,4.8359758620494268e-06,9.2861062595659039e-10,1.019388e+03,1.0000000000000002e-06,2.183667e+07,2.173535e+07,1.161400e+02,1.013250e+05,1.000000e-09,-7.138937e+00,-3.496635e+00,2.5161473371903837e-04,6.2050264828512327e-04
675,4.6668794465784493e-06,4.8359758620494268e-06,9.2861052237477485e-10,1.019388e+03,1.0000000000000002e-06,2.183661e+07,2.173528e+07,1.161400e+02,1.013250e+05,1.000000e-09,-7.138948e+00,-3.496635e+00,2.5161473837553914e-04,6.2050264740908781e-04
676,4.6668794352076029e-06,4.8359758620494268e-06,9.2861041881139602e-10,1.019388e+03,1.0000000000000002e-06,2.183654e+07,2.173522e+07,1.161400e+02,1.013250e+05,1.000000e-09,-7.138958e+00,-3.496635e+00,2.5161474303759477e-04,6.2050264655109000e-04
677,4.6668794239318673e-06,4.8359758620494268e-06,9.2861031526596123e-10,1.019388e+03,1.0000000000000002e-06,2.183648e+07,2.173515e+07,1.161400e+02,1.013250e+05,1.000000e-09,-7.138968e+00,-3.496635e+00,2.5161474770511228e-04,6.2050264571076881e-04
678,4.6668794127492028e-06,4.8359758620494268e-06,9.2861021173798408e-10,1.019388e+03,1.0000000000000002e-06,2.183641e+07,2.173509e+07,1.161400e+02,1.013250e+05,1.000000e-09,-7.138979e+00,-3.496636e+00,2.5161475237800440e-04,6.2050264488777067e-04
679,4.6668794016576367e-06,4.8359758620494268e-06,9.2861010822698720e-10,1.019388e+03,1.0000000000000002e-06,2.183635e+07,2.173502e+07,1.161400e+02,1.013250e+05,1.000000e-09,-7.138989e+00,-3.496636e+00,2.5161475705618298e-04,6.2050264408174962e-04
680,4.6668793906552047e-06,4.8359758620494268e-06,9.2861000473251262e-10,1.019388e+03,1.0000000000000002e-06,2.183628e+07,2.173496e+07,1.161400e+02,1.013250e+05,1.000000e-09,-7.139000e+00,-3.496636e+00,2.5161476173956253e-04,6.2050264329236522e-04
681,4.6668793797400019e-06,4.8359758620494268e-06,9.2860990125409983e-10,1.019388e+03,1.0000000000000002e-06,2.183622e+07,2.173489e+07,1.161400e+02,1.013250e+05,1.000000e-09,-7.139010e+00,-3.496636e+00,2.5161476642805995e-04,6.2050264251928505e-04
682,4.6668793689101368e-06,4.8359758620494268e-06,9.2860979779130762e-10,1.019388e+03,1.0000000000000002e-06,2.183615e+07,2.173483e+07,1.161400e+02,1.013250e+05,1.000000e-09,-7.139020e+00,-3.496636e+00,2.5161477112159387e-04,6.2050264176218277e-04
683,4.6668793581637984e-06,4.8359758620494268e-06,9.2860969434369665e-10,1.019388e+03,1.0000000000000002e-06,2.183609e+07,2.173476e+07,1.161400e+02,1.013250e+05,1.000000e-09,-7.139031e+00,-3.496637e+00,2.5161477582008200e-04,6.2050264102073908e-04
684,4.6668793474991640e-06,4.8359758620494268e-06,9.2860959091083866e-10,1.019388e+03,1.0000000000000002e-06,2.183602e+07,2.173470e+07,1.161400e+02,1.013250e+05,1.000000e-09,-7.139041e+00,-3.496637e+00,2.5161478052344600e-04,6.2050264029464021e-04
685,4.6668793369144751e-06,4.8359758620494268e-06,9.2860948749231064e-10,1.019388e+03,1.0000000000000002e-06,2.183596e+07,2.173463e+07,1.161400e+02,1.013250e+05,1.000000e-09,-7.139051e+00,-3.496637e+00,2.5161478523160965e-04,6.2050263958357988e-04
686,4.6668793264080199e-06,4.8359758620494268e-06,9.2860938408770758e-10,1.019388e+03,1.0000000000000002e-06,2.183589e+07,2.173457e+07,1.161400e+02,1.013250e+05,1.000000e-09,-7.139062e+00,-3.496637e+00,2.5161478994449691e-04,6.2050263888725656e-04
687,4.6668793159780763e-06,4.8359758620494268e-06,9.2860928069662159e-10,1.019388e+03,1.0000000000000002e-06,2.183583e+07,2.173450e+07,1.161400e+02,1.013250e+05,1.000000e-09,-7.139072e+00,-3.496638e+00,2.5161479466203333e-04,6.2050263820537569e-04
688,4.6668793056229995e-06,4.8359758620494268e-06,9.2860917731865820e-10,1.019388e+03,1.0000000000000002e-06,2.183576e+07,2.173444e+07,1.161400e+02,1.013250e+05,1.000000e-09,-7.139082e+00,-3.496638e+00,2.5161479938414568e-04,6.2050263753764875e-04
689,4.6668792953411570e-06,4.8359758620494268e-06,9.2860907395343059e-10,1.019388e+03,1.0000000000000002e-06,2.183570e+07,2.173437e+07,1.161400e+02,1.013250e+05,1.000000e-09,-7.139093e+00,-3.496638e+00,2.5161480411076343e-04,6.2050263688379179e-04
690,4.6668792851309575e-06,4.8359758620494268e-06,9.2860897060055807e-10,1.019388e+03,1.0000000000000002e-06,2.183563e+07,2.173431e+07,1.161400e+02,1.013250e+05,1.000000e-09,-7.139103e+00,-3.496638e+00,2.5161480884181746e-04,6.2050263624352812e-04
691,4.6668792749908322e-06,4.8359758620494268e-06,9.2860886725967294e-10,1.019388e+03,1.0000000000000002e-06,2.183557e+07,2.173424e+07,1.161400e+02,1.013250e+05,1.000000e-09,-7.139113e+00,-3.496638e+00,2.5161481357723742e-04,6.2050263561658529e-04
692,4.6668792649192682e-06,4.8359758620494268e-06,9.2860876393040154e-10,1.019388e+03,1.0000000000000002e-06,2.183551e+07,2.173418e+07,1.161400e+02,1.013250e+05,1.000000e-09,-7.139124e+00,-3.496639e+00,2.5161481831695770e-04,6.2050263500269712e-04
693,4.6668792549147334e-06,4.8359758620494268e-06,9.2860866061239757e-10,1.019388e+03,1.0000000000000002e-06,2.183544e+07,2.173412e+07,1.161400e+02,1.013250e+05,1.000000e-09,-7.139134e+00,-3.496639e+00,2.5161482306091288e-04,6.2050263440160220e-04
694,4.6668792449757801e-06,4.8359758620494268e-06,9.2860855730530598e-10,1.019388e+03,1.0000000000000002e-06,2.183538e+07,2.173405e+07,1.161400e+02,1.013250e+05,1.000000e-09,-7.139144e+00,-3.496639e+00,2.5161482780903643e-04,6.2050263381304490e-04
695,4.6668792351009539e-06,4.8359758620494268e-06,9.2860845400878389e-10,1.019388e+03,1.0000000000000002e-06,2.183531e+07,2.173399e+07,1.161400e+02,1.013250e+05,1.000000e-09,-7.139155e+00,-3.496639e+00,2.5161483256126862e-04,6.2050263323677410e-04
696,4.6668792252888650e-06,4.8359758620494268e-06,9.2860835072249021e-10,1.019388e+03,1.0000000000000002e-06,2.183525e+07,2.173392e+07,1.161400e+02,1.013250e+05,1.000000e-09,-7.139165e+00,-3.496639e+00,2.5161483731754450e-04,6.2050263267254412e-04
697,4.6668792155380970e-06,4.8359758620494268e-06,9.2860824744610459e-10,1.019388e+03,1.0000000000000002e-06,2.183518e+07,2.173386e+07,1.161400e+02,1.013250e+05,1.000000e-09,-7.139175e+00,-3.496640e+00,2.5161484207780505e-04,6.2050263212011427e-04
698,4.6668792058473252e-06,4.8359758620494268e-06,9.2860814417929556e-10,1.019388e+03,1.0000000000000002e-06,2.183512e+07,2.173379e+07,1.161400e+02,1.013250e+05,1.000000e-09,-7.139186e+00,-3.496640e+00,2.5161484684199068e-04,6.2050263157924831e-04
699,4.6668791962151833e-06,4.8359758620494268e-06,9.2860804092175312e-10,1.019388e+03,1.0000000000000002e-06,2.183505e+07,2.173373e+07,1.161400e+02,1.013250e+05,1.000000e-09,-7.139196e+00,-3.496640e+00,2.5161485161004246e-04,6.2050263104971497e-04
700,4.6668791866404008e-06,4.8359758620494268e-06,9.2860793767316284e-10,1.019388e+03,1.0000000000000002e-06,2.183499e+07,2.173366e+07,1.161400e+02,1.013250e+05,1.000000e-09,-7.139206e+00,-3.496640e+00,2.5161485638190527e-04,6.2050263053128744e-04
701,4.6668791771216851e-06,4.8359758620494268e-06,9.2860783443322012e-10,1.019388e+03,1.0000000000000002e-06,2.183492e+07,2.173360e+07,1.161400e+02,1.013250e+05,1.000000e-09,-7.139217e+00,-3.496640e+00,2.5161486115752034e-04,6.2050263002374378e-04
702,4.6668791676577987e-06,4.8359758620494268e-06,9.2860773120163368e-10,1.019388e+03,1.0000000000000002e-06,2.183486e+07,2.173353e+07,1.161400e+02,1.013250e+05,1.000000e-09,-7.139227e+00,-3.496641e+00,2.5161486593683547e-04,6.2050262952686574e-04
703,4.6668791582474922e-06,4.8359758620494268e-06,9.2860762797810284e-10,1.019388e+03,1.0000000000000002e-06,2.183479e+07,2.173347e+07,1.161400e+02,1.013250e+05,1.000000e-09,-7.139237e+00,-3.496641e+00,2.5161487071979563e-04,6.2050262904044071e-04
704,4.6668791488895908e-06,4.8359758620494268e-06,9.2860752476234956e-10,1.019388e+03,1.0000000000000002e-06,2.183473e+07,2.173340e+07,1.161400e+02,1.013250e+05,1.000000e-09,-7.139248e+00,-3.496641e+00,2.5161487550634781e-04,6.2050262856425901e-04
705,4.6668791395828840e-06,4.8359758620494268e-06,9.2860742155408548e-10,1.019388e+03,1.0000000000000002e-06,2.183466e+07,2.173334e+07,1.161400e+02,1.013250e+05,1.000000e-09,-7.139258e+00,-3.496641e+00,2.5161488029644131e-04,6.2050262809811615e-04
706,4.6668791303262564e-06,4.8359758620494268e-06,9.2860731835304319e-10,1.019388e+03,1.0000000000000002e-06,2.183460e+07,2.173327e+07,1.161400e+02,1.013250e+05,1.000000e-09,-7.139268e+00,-3.496641e+00,2.5161488509002671e-04,6.2050262764181091e-04
707,4.6668791211185441e-06,4.8359758620494268e-06,9.2860721515894727e-10,1.019388e+03,1.0000000000000002e-06,2.183453e+07,2.173321e+07,1.161400e+02,1.013250e+05,1.000000e-09,-7.139278e+00,-3.496642e+00,2.5161488988705201e-04,6.2050262719514650e-04
708,4.6668791119586586e-06,4.8359758620494268e-06,9.2860711197153796e-10,1.019388e+03,1.0000000000000002e-06,2.183447e+07,2.173314e+07,1.161400e+02,1.013250e+05,1.000000e-09,-7.139289e+00,-3.496642e+00,2.5161489468746999e-04,6.2050262675793038e-04
709,4.6668791028455006e-06,4.8359758620494268e-06,9.2860700879055398e-10,1.019388e+03,1.0000000000000002e-06,2.183440e+07,2.173308e+07,1.161400e+02,1.013250e+05,1.000000e-09,-7.139299e+00,-3.496642e+00,2.5161489949123279e-04,6.2050262632997333e-04
710,4.6668790937780087e-06,4.8359758620494268e-06,9.2860690561574118e-10,1.019388e+03,1.0000000000000002e-06,2.183434e+07,2.173301e+07,1.161400e+02,1.013250e+05,1.000000e-09,-7.139309e+00,-3.496642e+00,2.5161490429829433e-04,6.2050262591109020e-04
711,4.6668790847551579e-06,4.8359758620494268e-06,9.2860680244685492e-10,1.019388e+03,1.0000000000000002e-06,2.183427e+07,2.173295e+07,1.161400e+02,1.013250e+05,1.000000e-09,-7.139320e+00,-3.496642e+00,2.5161490910860935e-04,6.2050262550109958e-04
712,4.6668790757759039e-06,4.8359758620494268e-06,9.2860669928364861e-10,1.019388e+03,1.0000000000000002e-06,2.183421e+07,2.173288e+07,1.161400e+02,1.013250e+05,1.000000e-09,-7.139330e+00,-3.496642e+00,2.5161491392213149e-04,6.2050262509982324e-04
713,4.6668790668392507e-06,4.8359758620494268e-06,9.2860659612588555e-10,1.019388e+03,1.0000000000000002e-06,2.183414e+07,2.173282e+07,1.161400e+02,1.013250e+05,1.000000e-09,-7.139340e+00,-3.496643e+00,2.5161491873881755e-04,6.2050262470708694e-04
714,4.6668790579442214e-06,4.8359758620494268e-06,9.2860649297332970e-10,1.019388e+03,1.0000000000000002e-06,2.183408e+07,2.173275e+07,1.161400e+02,1.013250e+05,1.000000e-09,-7.139351e+00,-3.496643e+00,2.5161492355862535e-04,6.2050262432271992e-04
715,4.6668790490898438e-06,4.8359758620494268e-06,9.2860638982575255e-10,1.019388e+03,1.0000000000000002e-06,2.183401e+07,2.173269e+07,1.161400e+02,1.013250e+05,1.000000e-09,-7.139361e+00,-3.496643e+00,2.5161492838151163e-04,6.2050262394655500e-04
716,4.6668790402751870e-06,4.8359758620494268e-06,9.2860628668293345e-10,1.019388e+03,1.0000000000000002e-06,2.183395e+07,2.173262e+07,1.161400e+02,1.013250e+05,1.000000e-09,-7.139371e+00,-3.496643e+00,2.5161493320743580e-04,6.2050262357842771e-04
717,4.6668790314993183e-06,4.8359758620494268e-06,9.2860618354464564e-10,1.019388e+03,1.0000000000000002e-06,2.183388e+07,2.173256e+07,1.161400e+02,1.013250e+05,1.000000e-09,-7.139382e+00,-3.496643e+00,2.5161493803635719e-04,6.2050262321817736e-04
718,4.6668790227613408e-06,4.8359758620494268e-06,9.2860608041067705e-10,1.019388e+03,1.0000000000000002e-06,2.183382e+07,2.173249e+07,1.161400e+02,1.013250e+05,1.000000e-09,-7.139392e+00,-3.496644e+00,2.5161494286823682e-04,6.2050262286564653e-04
719,4.6668790140603575e-06,4.8359758620494268e-06,9.2860597728081532e-10,1.019388e+03,1.0000000000000002e-06,2.183375e+07,2.173243e+07,1.161400e+02,1.013250e+05,1.000000e-09,-7.139402e+00,-3.496644e+00,2.5161494770303524e-04,6.2050262252068094e-04
720,4.6668790053955052e-06,4.8359758620494268e-06,9.2860587415485250e-10,1.019388e+03,1.0000000000000002e-06,2.183369e+07,2.173236e+07,1.161400e+02,1.013250e+05,1.000000e-09,-7.139413e+00,-3.496644e+00,2.5161495254071362e-04,6.2050262218312879e-04
721,4.6668789967659386e-06,4.8359758620494268e-06,9.2860577103259141e-10,1.019388e+03,1.0000000000000002e-06,2.183362e+07,2.173230e+07,1.161400e+02,1.013250e+05,1.000000e-09,-7.139423e+00,-3.496644e+00,2.5161495738123570e-04,6.2050262185284200e-04
722,4.6668789881708039e-06,4.8359758620494268e-06,9.2860566791382269e-10,1.019388e+03,1.0000000000000002e-06,2.183356e+07,2.173223e+07,1.161400e+02,1.013250e+05,1.000000e-09,-7.139433e+00,-3.496644e+00,2.5161496222456478e-04,6.2050262152967537e-04
723,4.6668789796092871e-06,4.8359758620494268e-06,9.2860556479836237e-10,1.019388e+03,1.0000000000000002e-06,2.183349e+07,2.173217e+07,1.161400e+02,1.013250e+05,1.000000e-09,-7.139444e+00,-3.496644e+00,2.5161496707066372e-04,6.2050262121348613e-04
724,4.6668789710805886e-06,4.8359758620494268e-06,9.2860546168601092e-10,1.019388e+03,1.0000000000000002e-06,2.183343e+07,2.173210e+07,1.161400e+02,1.013250e+05,1.000000e-09,-7.139454e+00,-3.496645e+00,2.5161497191950044e-04,6.2050262090413506e-04
725,4.6668789625839334e-06,4.8359758620494268e-06,9.2860535857658137e-10,1.019388e+03,1.0000000000000002e-06,2.183337e+07,2.173204e+07,1.161399e+02,1.013250e+05,1.000000e-09,-7.139464e+00,-3.496645e+00,2.5161497677103726e-04,6.2050262060148512e-04
726,4.6668789541185540e-06,4.8359758620494268e-06,9.2860525546989682e-10,1.019388e+03,1.0000000000000002e-06,2.183330e+07,2.173198e+07,1.161399e+02,1.013250e+05,1.000000e-09,-7.139474e+00,-3.496645e+00,2.5161498162524218e-04,6.2050262030540241e-04
727,4.6668789456836610e-06,4.8359758620494268e-06,9.2860515236577322e-10,1.019388e+03,1.0000000000000002e-06,2.183324e+07,2.173191e+07,1.161399e+02,1.013250e+05,1.000000e-09,-7.139485e+00,-3.496645e+00,2.5161498648208189e-04,6.2050262001575541e-04
728,4.6668789372785581e-06,4.8359758620494268e-06,9.2860504926403232e-10,1.019388e+03,1.0000000000000002e-06,2.183317e+07,2.173185e+07,1.161399e+02,1.013250e+05,1.000000e-09,-7.139495e+00,-3.496645e+00,2.5161499134152368e-04,6.2050261973241544e-04
729,4.6668789289024941e-06,4.8359758620494268e-06,9.2860494616450361e-10,1.019388e+03,1.0000000000000002e-06,2.183311e+07,2.173178e+07,1.161399e+02,1.013250e+05,1.000000e-09,-7.139505e+00,-3.496646e+00,2.5161499620353643e-04,6.2050261945525661e-04
730,4.6668789205547523e-06,4.8359758620494268e-06,9.2860484306702051e-10,1.019388e+03,1.0000000000000002e-06,2.183304e+07,2.173172e+07,1.161399e+02,1.013250e+05,1.000000e-09,-7.139516e+00,-3.496646e+00,2.5161500106808806e-04,6.2050261918415457e-04
731,4.6668789122346602e-06,4.8359758620494268e-06,9.2860473997140778e-10,1.019388e+03,1.0000000000000002e-06,2.183298e+07,2.173165e+07,1.161399e+02,1.013250e+05,1.000000e-09,-7.139526e+00,-3.496646e+00,2.5161500593514914e-04,6.2050261891898907e-04
732,4.6668789039415241e-06,4.8359758620494268e-06,9.2860463687751341e-10,1.019388e+03,1.0000000000000002e-06,2.183291e+07,2.173159e+07,1.161399e+02,1.013250e+05,1.000000e-09,-7.139536e+00,-3.496646e+00,2.5161501080468897e-04,6.2050261865964054e-04
733,4.6668788956746714e-06,4.8359758620494268e-06,9.2860453378517186e-10,1.019388e+03,1.0000000000000002e-06,2.183285e+07,2.173152e+07,1.161399e+02,1.013250e+05,1.000000e-09,-7.139547e+00,-3.496646e+00,2.5161501567667850e-04,6.2050261840599307e-04
734,4.6668788874334576e-06,4.8359758620494268e-06,9.2860443069423166e-10,1.019388e+03,1.0000000000000002e-06,2.183278e+07,2.173146e+07,1.161399e+02,1.013250e+05,1.000000e-09,-7.139557e+00,-3.496646e+00,2.5161502055108889e-04,6.2050261815793249e-04
735,4.6668788792172253e-06,4.8359758620494268e-06,9.2860432760453296e-10,1.019388e+03,1.0000000000000002e-06,2.183272e+07,2.173139e+07,1.161399e+02,1.013250e+05,1.000000e-09,-7.139567e+00,-3.496647e+00,2.5161502542789331e-04,6.2050261791534692e-04
736,4.6668788710253621e-06,4.8359758620494268e-06,9.2860422451593192e-10,1.019388e+03,1.0000000000000002e-06,2.183265e+07,2.173133e+07,1.161399e+02,1.013250e+05,1.000000e-09,-7.139578e+00,-3.496647e+00,2.5161503030706232e-04,6.2050261767812717e-04
737,4.6668788628572320e-06,4.8359758620494268e-06,9.2860412142827666e-10,1.019388e+03,1.0000000000000002e-06,2.183259e+07,2.173126e+07,1.161399e+02,1.013250e+05,1.000000e-09,-7.139588e+00,-3.496647e+00,2.5161503518856989e-04,6.2050261744616558e-04
738,4.6668788547122386e-06,4.8359758620494268e-06,9.2860401834142739e-10,1.019388e+03,1.0000000000000002e-06,2.183252e+07,2.173120e+07,1.161399e+02,1.013250e+05,1.000000e-09,-7.139598e+00,-3.496647e+00,2.5161504007238997e-04,6.2050261721935710e-04
739,4.6668788465898160e-06,4.8359758620494268e-06,9.2860391525524069e-10,1.019388e+03,1.0000000000000002e-06,2.183246e+07,2.173113e+07,1.161399e+02,1.013250e+05,1.000000e-09,-7.139608e+00,-3.496647e+00,2.5161504495849614e-04,6.2050261699759862e-04
740,4.6668788384893409e-06,4.8359758620494268e-06,9.2860381216957935e-10,1.019388e+03,1.0000000000000002e-06,2.183239e+07,2.173107e+07,1.161399e+02,1.013250e+05,1.000000e-09,-7.139619e+00,-3.496647e+00,2.5161504984686270e-04,6.2050261678078908e-04
741,4.6668788304102551e-06,4.8359758620494268e-06,9.2860370908430554e-10,1.019388e+03,1.0000000000000002e-06,2.183233e+07,2.173100e+07,1.161399e+02,1.013250e+05,1.000000e-09,-7.139629e+00,-3.496648e+00,2.5161505473746441e-04,6.2050261656882951e-04
742,4.6668788223520292e-06,4.8359758620494268e-06,9.2860360599928796e-10,1.019388e+03,1.0000000000000002e-06,2.183226e+07,2.173094e+07,1.161399e+02,1.013250e+05,1.000000e-09,-7.139639e+00,-3.496648e+00,2.5161505963027853e-04,6.2050261636162297e-04
743,4.6668788143140957e-06,4.8359758620494268e-06,9.2860350291439434e-10,1.019388e+03,1.0000000000000002e-06,2.183220e+07,2.173087e+07,1.161399e+02,1.013250e+05,1.000000e-09,-7.139650e+00,-3.496648e+00,2.5161506452527933e-04,6.2050261615907427e-04
744,4.6668788062959175e-06,4.8359758620494268e-06,9.2860339982949980e-10,1.019388e+03,1.0000000000000002e-06,2.183213e+07,2.173081e+07,1.161399e+02,1.013250e+05,1.000000e-09,-7.139660e+00,-3.496648e+00,2.5161506942244404e-04,6.2050261596109039e-04
745,4.6668787982969694e-06,4.8359758620494268e-06,9.2860329674447829e-10,1.019388e+03,1.0000000000000002e-06,2.183207e+07,2.173074e+07,1.161399e+02,1.013250e+05,1.000000e-09,-7.139670e+00,-3.496648e+00,2.5161507432175021e-04,6.2050261576757949e-04
746,4.6668787903167434e-06,4.8359758620494268e-06,9.2860319365920448e-10,1.019388e+03,1.0000000000000002e-06,2.183200e+07,2.173068e+07,1.161399e+02,1.013250e+05,1.000000e-09,-7.139681e+00,-3.496648e+00,2.5161507922317474e-04,6.2050261557845278e-04
747,4.6668787823547286e-06,4.8359758620494268e-06,9.2860309057356144e-10,1.019388e+03,1.0000000000000002e-06,2.183194e+07,2.173061e+07,1.161399e+02,1.013250e+05,1.000000e-09,-7.139691e+00,-3.496649e+00,2.5161508412669629e-04,6.2050261539362255e-04
748,4.6668787744104362e-06,4.8359758620494268e-06,9.2860298748743151e-10,1.019388e+03,1.0000000000000002e-06,2.183187e+07,2.173055e+07,1.161399e+02,1.013250e+05,1.000000e-09,-7.139701e+00,-3.496649e+00,2.5161508903229148e-04,6.2050261521300217e-04
749,4.6668787664834004e-06,4.8359758620494268e-06,9.2860288440069721e-10,1.019388e+03,1.0000000000000002e-06,2.183181e+07,2.173048e+07,1.161399e+02,1.013250e+05,1.000000e-09,-7.139712e+00,-3.496649e+00,2.5161509393994112e-04,6.2050261503650782e-04
750,4.6668787585731147e-06,4.8359758620494268e-06,9.2860278131324896e-10,1.019388e+03,1.0000000000000002e-06,2.183174e+07,2.173042e+07,1.161399e+02,1.013250e+05,1.000000e-09,-7.139722e+00,-3.496649e+00,2.5161509884962337e-04,6.2050261486405712e-04
751,4.6668787506791251e-06,4.8359758620494268e-06,9.2860267822496804e-10,1.019388e+03,1.0000000000000002e-06,2.183168e+07,2.173035e+07,1.161399e+02,1.013250e+05,1.000000e-09,-7.139732e+00,-3.496649e+00,2.5161510376131839e-04,6.2050261469556907e-04
752,4.6668787428009886e-06,4.8359758620494268e-06,9.2860257513575737e-10,1.019388e+03,1.0000000000000002e-06,2.183161e+07,2.173029e+07,1.161399e+02,1.013250e+05,1.000000e-09,-7.139742e+00,-3.496649e+00,2.5161510867500564e-04,6.2050261453096441e-04
753,4.6668787349382502e-06,4.8359758620494268e-06,9.2860247204549970e-10,1.019388e+03,1.0000000000000002e-06,2.183155e+07,2.173022e+07,1.161399e+02,1.013250e+05,1.000000e-09,-7.139753e+00,-3.496650e+00,2.5161511359066650e-04,6.2050261437016519e-04
754,4.6668787270904688e-06,4.8359758620494268e-06,9.2860236895409731e-10,1.019388e+03,1.0000000000000002e-06,2.183148e+07,2.173016e+07,1.161399e+02,1.013250e+05,1.000000e-09,-7.139763e+00,-3.496650e+00,2.5161511850828127e-04,6.2050261421309563e-04
755,4.6668787192572258e-06,4.8359758620494268e-06,9.2860226586144361e-10,1.019388e+03,1.0000000000000002e-06,2.183142e+07,2.173009e+07,1.161399e+02,1.013250e+05,1.000000e-09,-7.139773e+00,-3.496650e+00,2.5161512342783117e-04,6.2050261405968124e-04
756,4.6668787114380885e-06,4.8359758620494268e-06,9.2860216276744264e-10,1.019388e+03,1.0000000000000002e-06,2.183135e+07,2.173003e+07,1.161399e+02,1.013250e+05,1.000000e-09,-7.139784e+00,-3.496650e+00,2.5161512834929772e-04,6.2050261390984840e-04
757,4.6668787036326613e-06,4.8359758620494268e-06,9.2860205967199337e-10,1.019388e+03,1.0000000000000002e-06,2.183129e+07,2.172996e+07,1.161399e+02,1.013250e+05,1.000000e-09,-7.139794e+00,-3.496650e+00,2.5161513327266283e-04,6.2050261376352589e-04
758,4.6668786958405070e-06,4.8359758620494268e-06,9.2860195657499821e-10,1.019388e+03,1.0000000000000002e-06,2.183122e+07,2.172990e+07,1.161399e+02,1.013250e+05,1.000000e-09,-7.139804e+00,-3.496650e+00,2.5161513819790940e-04,6.2050261362064311e-04
759,4.6668786880612811e-06,4.8359758620494268e-06,9.2860185347636627e-10,1.019388e+03,1.0000000000000002e-06,2.183116e+07,2.172983e+07,1.161399e+02,1.013250e+05,1.000000e-09,-7.139815e+00,-3.496650e+00,2.5161514312502063e-04,6.2050261348113155e-04
760,4.6668786802945548e-06,4.8359758620494268e-06,9.2860175037600448e-10,1.019388e+03,1.0000000000000002e-06,2.183109e+07,2.172977e+07,1.161399e+02,1.013250e+05,1.000000e-09,-7.139825e+00,-3.496651e+00,2.5161514805397729e-04,6.2050261334492388e-04
761,4.6668786725399690e-06,4.8359758620494268e-06,9.2860164727382093e-10,1.019388e+03,1.0000000000000002e-06,2.183103e+07,2.172970e+07,1.161399e+02,1.013250e+05,1.000000e-09,-7.139835e+00,-3.496651e+00,2.5161515298476446e-04,6.2050261321195386e-04
762,4.6668786647971409e-06,4.8359758620494268e-06,9.2860154416972422e-10,1.019388e+03,1.0000000000000002e-06,2.183096e+07,2.172964e+07,1.161399e+02,1.013250e+05,1.000000e-09,-7.139846e+00,-3.496651e+00,2.5161515791736588e-04,6.2050261308215632e-04
763,4.6668786570657240e-06,4.8359758620494268e-06,9.2860144106363183e-10,1.019388e+03,1.0000000000000002e-06,2.183090e+07,2.172957e+07,1.161399e+02,1.013250e+05,1.000000e-09,-7.139856e+00,-3.496651e+00,2.5161516285176577e-04,6.2050261295546816e-04
764,4.6668786493453371e-06,4.8359758620494268e-06,9.2860133795545546e-10,1.019388e+03,1.0000000000000002e-06,2.183083e+07,2.172951e+07,1.161399e+02,1.013250e+05,1.000000e-09,-7.139866e+00,-3.496651e+00,2.5161516778794723e-04,6.2050261283182759e-04
765,4.6668786416356399e-06,4.8359758620494268e-06,9.2860123484511653e-10,1.019388e+03,1.0000000000000002e-06,2.183077e+07,2.172944e+07,1.161399e+02,1.013250e+05,1.000000e-09,-7.139877e+00,-3.496651e+00,2.5161517272589572e-04,6.2050261271117291e-04
766,4.6668786339363026e-06,4.8359758620494268e-06,9.2860113173252705e-10,1.019388e+03,1.0000000000000002e-06,2.183070e+07,2.172938e+07,1.161399e+02,1.013250e+05,1.000000e-09,-7.139887e+00,-3.496652e+00,2.5161517766559692e-04,6.2050261259344493e-04
767,4.6668786262469731e-06,4.8359758620494268e-06,9.2860102861760709e-10,1.019388e+03,1.0000000000000002e-06,2.183064e+07,2.172931e+07,1.161399e+02,1.013250e+05,1.000000e-09,-7.139897e+00,-3.496652e+00,2.5161518260703557e-04,6.2050261247858466e-04
768,4.6668786185673099e-06,4.8359758620494268e-06,9.2860092550028386e-10,1.019388e+03,1.0000000000000002e-06,2.183057e+07,2.172925e+07,1.161399e+02,1.013250e+05,1.000000e-09,-7.139907e+00,-3.496652e+00,2.5161518755019668e-04,6.2050261236653529e-04
769,4.6668786108970209e-06,4.8359758620494268e-06,9.2860082238047237e-10,1.019388e+03,1.0000000000000002e-06,2.183051e+07,2.172918e+07,1.161399e+02,1.013250e+05,1.000000e-09,-7.139918e+00,-3.496652e+00,2.5161519249506569e-04,6.2050261225724001e-04
770,4.6668786032357773e-06,4.8359758620494268e-06,9.2860071925810283e-10,1.019388e+03,1.0000000000000002e-06,2.183044e+07,2.172912e+07,1.161399e+02,1.013250e+05,1.000000e-09,-7.139928e+00,-3.496652e+00,2.5161519744163109e-04,6.2050261215064418e-04
771,4.6668785955832463e-06,4.8359758620494268e-06,9.2860061613310160e-10,1.019388e+03,1.0000000000000002e-06,2.183038e+07,2.172905e+07,1.161399e+02,1.013250e+05,1.000000e-09,-7.139938e+00,-3.496652e+00,2.5161520238987738e-04,6.2050261204669348e-04
772,4.6668785879391644e-06,4.8359758620494268e-06,9.2860051300539188e-10,1.019388e+03,1.0000000000000002e-06,2.183031e+07,2.172899e+07,1.161399e+02,1.013250e+05,1.000000e-09,-7.139949e+00,-3.496653e+00,2.5161520733979118e-04,6.2050261194533532e-04
773,4.6668785803032064e-06,4.8359758620494268e-06,9.2860040987490108e-10,1.019388e+03,1.0000000000000002e-06,2.183025e+07,2.172892e+07,1.161399e+02,1.013250e+05,1.000000e-09,-7.139959e+00,-3.496653e+00,2.5161521229136126e-04,6.2050261184651767e-04
774,4.6668785726750962e-06,4.8359758620494268e-06,9.2860030674156467e-10,1.019388e+03,1.0000000000000002e-06,2.183018e+07,2.172886e+07,1.161399e+02,1.013250e+05,1.000000e-09,-7.139969e+00,-3.496653e+00,2.5161521724457233e-04,6.2050261175018977e-04
775,4.6668785650545263e-06,4.8359758620494268e-06,9.2860020360531410e-10,1.019388e+03,1.0000000000000002e-06,2.183012e+07,2.172880e+07,1.161399e+02,1.013250e+05,1.000000e-09,-7.139980e+00,-3.496653e+00,2.5161522219941328e-04,6.2050261165630134e-04
776,4.6668785574412230e-06,4.8359758620494268e-06,9.2860010046607989e-10,1.019388e+03,1.0000000000000002e-06,2.183006e+07,2.172873e+07,1.161399e+02,1.013250e+05,1.000000e-09,-7.139990e+00,-3.496653e+00,2.5161522715587198e-04,6.2050261156480432e-04
777,4.6668785498349332e-06,4.8359758620494268e-06,9.2859999732379762e-10,1.019388e+03,1.0000000000000002e-06,2.182999e+07,2.172867e+07,1.161399e+02,1.013250e+05,1.000000e-09,-7.140000e+00,-3.496653e+00,2.5161523211393610e-04,6.2050261147565038e-04
778,4.6668785422353757e-06,4.8359758620494268e-06,9.2859989417840195e-10,1.019388e+03,1.0000000000000002e-06,2.182993e+07,2.172860e+07,1.161399e+02,1.013250e+05,1.000000e-09,-7.140011e+00,-3.496654e+00,2.5161523707359335e-04,6.2050261138879310e-04
779,4.6668785346422674e-06,4.8359758620494268e-06,9.2859979102982815e-10,1.019388e+03,1.0000000000000002e-06,2.182986e+07,2.172854e+07,1.161399e+02,1.013250e+05,1.000000e-09,-7.140021e+00,-3.496654e+00,2.5161524203483381e-04,6.2050261130418619e-04
780,4.6668785270553721e-06,4.8359758620494268e-06,9.2859968787802069e-10,1.019388e+03,1.0000000000000002e-06,2.182980e+07,2.172847e+07,1.161399e+02,1.013250e+05,1.000000e-09,-7.140031e+00,-3.496654e+00,2.5161524699764424e-04,6.2050261122178433e-04
781,4.6668785194744298e-06,4.8359758620494268e-06,9.2859958472291041e-10,1.019388e+03,1.0000000000000002e-06,2.182973e+07,2.172841e+07,1.161399e+02,1.013250e+05,1.000000e-09,-7.140042e+00,-3.496654e+00,2.5161525196201512e-04,6.2050261114154404e-04
782,4.6668785118991939e-06,4.8359758620494268e-06,9.2859948156444549e-10,1.019388e+03,1.0000000000000002e-06,2.182967e+07,2.172834e+07,1.161399e+02,1.013250e+05,1.000000e-09,-7.140052e+00,-3.496654e+00,2.5161525692793396e-04,6.2050261106342186e-04
783,4.6668785043294273e-06,4.8359758620494268e-06,9.2859937840256525e-10,1.019388e+03,1.0000000000000002e-06,2.182960e+07,2.172828e+07,1.161399e+02,1.013250e+05,1.000000e-09,-7.140062e+00,-3.496654e+00,2.5161526189539140e-04,6.2050261098737548e-04
784,4.6668784967648683e-06,4.8359758620494268e-06,9.2859927523720961e-10,1.019388e+03,1.0000000000000002e-06,2.182954e+07,2.172821e+07,1.161399e+02,1.013250e+05,1.000000e-09,-7.140072e+00,-3.496654e+00,2.5161526686437669e-04,6.2050261091336296e-04
785,4.6668784892052991e-06,4.8359758620494268e-06,9.2859917206832532e-10,1.019388e+03,1.0000000000000002e-06,2.182947e+07,2.172815e+07,1.161399e+02,1.013250e+05,1.000000e-09,-7.140083e+00,-3.496655e+00,2.5161527183488003e-04,6.2050261084134408e-04
786,4.6668784816505064e-06,4.8359758620494268e-06,9.2859906889585964e-10,1.019388e+03,1.0000000000000002e-06,2.182941e+07,2.172808e+07,1.161399e+02,1.013250e+05,1.000000e-09,-7.140093e+00,-3.496655e+00,2.5161527680689014e-04,6.2050261077127903e-04
787,4.6668784741002377e-06,4.8359758620494268e-06,9.2859896571975541e-10,1.019388e+03,1.0000000000000002e-06,2.182934e+07,2.172802e+07,1.161399e+02,1.013250e+05,1.000000e-09,-7.140103e+00,-3.496655e+00,2.5161528178039856e-04,6.2050261070312836e-04
788,4.6668784665542863e-06,4.8359758620494268e-06,9.2859886253996205e-10,1.019388e+03,1.0000000000000002e-06,2.182928e+07,2.172795e+07,1.161399e+02,1.013250e+05,1.000000e-09,-7.140114e+00,-3.496655e+00,2.5161528675539461e-04,6.2050261063685379e-04
789,4.6668784590124379e-06,4.8359758620494268e-06,9.2859875935642591e-10,1.019388e+03,1.0000000000000002e-06,2.182921e+07,2.172789e+07,1.161399e+02,1.013250e+05,1.000000e-09,-7.140124e+00,-3.496655e+00,2.5161529173186952e-04,6.2050261057241803e-04
790,4.6668784514744740e-06,4.8359758620494268e-06,9.2859865616909684e-10,1.019388e+03,1.0000000000000002e-06,2.182915e+07,2.172782e+07,1.161399e+02,1.013250e+05,1.000000e-09,-7.140134e+00,-3.496655e+00,2.5161529670981450e-04,6.2050261050978432e-04
791,4.6668784439401964e-06,4.8359758620494268e-06,9.2859855297793078e-10,1.019388e+03,1.0000000000000002e-06,2.182908e+07,2.172776e+07,1.161399e+02,1.013250e+05,1.000000e-09,-7.140145e+00,-3.496656e+00,2.5161530168921870e-04,6.2050261044891645e-04
792,4.6668784364093976e-06,4.8359758620494268e-06,9.2859844978286995e-10,1.019388e+03,1.0000000000000002e-06,2.182902e+07,2.172769e+07,1.161399e+02,1.013250e+05,1.000000e-09,-7.140155e+00,-3.496656e+00,2.5161530667007552e-04,6.2050261038977918e-04
793,4.6668784288818962e-06,4.8359758620494268e-06,9.2859834658387515e-10,1.019388e+03,1.0000000000000002e-06,2.182895e+07,2.172763e+07,1.161398e+02,1.013250e+05,1.000000e-09,-7.140165e+00,-3.496656e+00,2.5161531165237487e-04,6.2050261033233794e-04
794,4.6668784213574561e-06,4.8359758620494268e-06,9.2859824338089158e-10,1.019388e+03,1.0000000000000002e-06,2.182889e+07,2.172756e+07,1.161398e+02,1.013250e+05,1.000000e-09,-7.140176e+00,-3.496656e+00,2.5161531663610835e-04,6.2050261027655855e-04
795,4.6668784138359162e-06,4.8359758620494268e-06,9.2859814017388491e-10,1.019388e+03,1.0000000000000002e-06,2.182882e+07,2.172750e+07,1.161398e+02,1.013250e+05,1.000000e-09,-7.140186e+00,-3.496656e+00,2.5161532162126733e-04,6.2050261022240797e-04
796,4.6668784063170935e-06,4.8359758620494268e-06,9.2859803696279786e-10,1.019388e+03,1.0000000000000002e-06,2.182876e+07,2.172743e+07,1.161398e+02,1.013250e+05,1.000000e-09,-7.140196e+00,-3.496656e+00,2.5161532660784495e-04,6.2050261016985376e-04
797,4.6668783988007993e-06,4.8359758620494268e-06,9.2859793374759673e-10,1.019388e+03,1.0000000000000002e-06,2.182869e+07,2.172737e+07,1.161398e+02,1.013250e+05,1.000000e-09,-7.140207e+00,-3.496656e+00,2.5161533159583294e-04,6.2050261011886384e-04
798,4.6668783912868403e-06,4.8359758620494268e-06,9.2859783052823085e-10,1.019388e+03,1.0000000000000002e-06,2.182863e+07,2.172730e+07,1.161398e+02,1.013250e+05,1.000000e-09,-7.140217e+00,-3.496657e+00,2.5161533658522221e-04,6.2050261006940677e-04
799,4.6668783837750531e-06,4.8359758620494268e-06,9.2859772730466320e-10,1.019388e+03,1.0000000000000002e-06,2.182856e+07,2.172724e+07,1.161398e+02,1.013250e+05,1.000000e-09,-7.140227e+00,-3.496657e+00,2.5161534157600485e-04,6.2050261002145207e-04
800,4.6668783762652666e-06,4.8359758620494268e-06,9.2859762407685015e-10,1.019388e+03,1.0000000000000002e-06,2.182850e+07,2.172717e+07,1.161398e+02,1.013250e+05,1.000000e-09,-7.140238e+00,-3.496657e+00,2.5161534656817537e-04,6.2050260997496972e-04
801,4.6668783687572962e-06,4.8359758620494268e-06,9.2859752084474951e-10,1.019388e+03,1.0000000000000002e-06,2.182843e+07,2.172711e+07,1.161398e+02,1.013250e+05,1.000000e-09,-7.140248e+00,-3.496657e+00,2.5161535156172505e-04,6.2050260992993012e-04
802,4.6668783612509936e-06,4.8359758620494268e-06,9.2859741760832830e-10,1.019388e+03,1.0000000000000002e-06,2.182837e+07,2.172704e+07,1.161398e+02,1.013250e+05,1.000000e-09,-7.140258e+00,-3.496657e+00,2.5161535655664647e-04,6.2050260988630464e-04
803,4.6668783537462029e-06,4.8359758620494268e-06,9.2859731436753937e-10,1.019388e+03,1.0000000000000002e-06,2.182830e+07,2.172697e+07,1.161398e+02,1.013250e+05,1.000000e-09,-7.140269e+00,-3.496657e+00,2.5161536155293333e-04,6.2050260984406467e-04
804,4.6668783462427369e-06,4.8359758620494268e-06,9.2859721112234901e-10,1.019388e+03,1.0000000000000002e-06,2.182823e+07,2.172691e+07,1.161398e+02,1.013250e+05,1.000000e-09,-7.140279e+00,-3.496658e+00,2.5161536655057820e-04,6.2050260980318266e-04
805,4.6668783387404662e-06,4.8359758620494268e-06,9.2859710787271866e-10,1.019388e+03,1.0000000000000002e-06,2.182817e+07,2.172684e+07,1.161398e+02,1.013250e+05,1.000000e-09,-7.140289e+00,-3.496658e+00,2.5161537154957416e-04,6.2050260976363150e-04
806,4.6668783312392152e-06,4.8359758620494268e-06,9.2859700461861233e-10,1.019388e+03,1.0000000000000002e-06,2.182810e+07,2.172678e+07,1.161398e+02,1.013250e+05,1.000000e-09,-7.140300e+00,-3.496658e+00,2.5161537654991468e-04,6.2050260972538465e-04
807,4.6668783237388613e-06,4.8359758620494268e-06,9.2859690135999404e-10,1.019388e+03,1.0000000000000002e-06,2.182804e+07,2.172671e+07,1.161398e+02,1.013250e+05,1.000000e-09,-7.140310e+00,-3.496658e+00,2.5161538155159366e-04,6.2050260968841595e-04
808,4.6668783162392308e-06,4.8359758620494268e-06,9.2859679809682925e-10,1.019388e+03,1.0000000000000002e-06,2.182797e+07,2.172665e+07,1.161398e+02,1.013250e+05,1.000000e-09,-7.140320e+00,-3.496658e+00,2.5161538655460333e-04,6.2050260965269962e-04
809,4.6668783087401957e-06,4.8359758620494268e-06,9.2859669482908209e-10,1.019388e+03,1.0000000000000002e-06,2.182791e+07,2.172658e+07,1.161398e+02,1.013250e+05,1.000000e-09,-7.140331e+00,-3.496658e+00,2.5161539155893839e-04,6.2050260961821094e-04
810,4.6668783012416222e-06,4.8359758620494268e-06,9.2859659155672381e-10,1.019388e+03,1.0000000000000002e-06,2.182784e+07,2.172652e+07,1.161398e+02,1.013250e+05,1.000000e-09,-7.140341e+00,-3.496658e+00,2.5161539656459308e-04,6.2050260958492484e-04
811,4.6668782937433460e-06,4.8359758620494268e-06,9.2859648827971037e-10,1.019388e+03,1.0000000000000002e-06,2.182778e+07,2.172645e+07,1.161398e+02,1.013250e+05,1.000000e-09,-7.140351e+00,-3.496659e+00,2.5161540157156052e-04,6.2050260955281815e-04
812,4.6668782862452571e-06,4.8359758620494268e-06,9.2859638499801694e-10,1.019388e+03,1.0000000000000002e-06,2.182771e+07,2.172639e+07,1.161398e+02,1.013250e+05,1.000000e-09,-7.140362e+00,-3.496659e+00,2.5161540657983605e-04,6.2050260952186656e-04
813,4.6668782787472071e-06,4.8359758620494268e-06,9.2859628171161334e-10,1.019388e+03,1.0000000000000002e-06,2.182765e+07,2.172632e+07,1.161398e+02,1.013250e+05,1.000000e-09,-7.140372e+00,-3.496659e+00,2.5161541158941214e-04,6.2050260949204688e-04
814,4.6668782712490690e-06,4.8359758620494268e-06,9.2859617842046659e-10,1.019388e+03,1.0000000000000002e-06,2.182758e+07,2.172626e+07,1.161398e+02,1.013250e+05,1.000000e-09,-7.140382e+00,-3.496659e+00,2.5161541660028455e-04,6.2050260946333699e-04
815,4.6668782637507268e-06,4.8359758620494268e-06,9.2859607512454038e-10,1.019388e+03,1.0000000000000002e-06,2.182752e+07,2.172619e+07,1.161398e+02,1.013250e+05,1.000000e-09,-7.140392e+00,-3.496659e+00,2.5161542161244619e-04,6.2050260943571456e-04
816,4.6668782562520364e-06,4.8359758620494268e-06,9.2859597182381374e-10,1.019388e+03,1.0000000000000002e-06,2.182745e+07,2.172613e+07,1.161398e+02,1.013250e+05,1.000000e-09,-7.140403e+00,-3.496659e+00,2.5161542662589310e-04,6.2050260940915757e-04
817,4.6668782487528988e-06,4.8359758620494268e-06,9.2859586851825047e-10,1.019388e+03,1.0000000000000002e-06,2.182739e+07,2.172606e+07,1.161398e+02,1.013250e+05,1.000000e-09,-7.140413e+00,-3.496660e+00,2.5161543164062034e-04,6.2050260938364488e-04
818,4.6668782412531844e-06,4.8359758620494268e-06,9.2859576520782989e-10,1.019388e+03,1.0000000000000002e-06,2.182732e+07,2.172600e+07,1.161398e+02,1.013250e+05,1.000000e-09,-7.140423e+00,-3.496660e+00,2.5161543665662065e-04,6.2050260935915579e-04
819,4.6668782337527636e-06,4.8359758620494268e-06,9.2859566189251250e-10,1.019388e+03,1.0000000000000002e-06,2.182726e+07,2.172593e+07,1.161398e+02,1.013250e+05,1.000000e-09,-7.140434e+00,-3.496660e+00,2.5161544167389002e-04,6.2050260933566948e-04
820,4.6668782262515296e-06,4.8359758620494268e-06,9.2859555857228187e-10,1.019388e+03,1.0000000000000002e-06,2.182719e+07,2.172587e+07,1.161398e+02,1.013250e+05,1.000000e-09,-7.140444e+00,-3.496660e+00,2.5161544669242394e-04,6.2050260931316610e-04
821,4.6668782187493799e-06,4.8359758620494268e-06,9.2859545524710087e-10,1.019388e+03,1.0000000000000002e-06,2.182713e+07,2.172580e+07,1.161398e+02,1.013250e+05,1.000000e-09,-7.140454e+00,-3.496660e+00,2.5161545171221707e-04,6.2050260929162571e-04
822,4.6668782112461918e-06,4.8359758620494268e-06,9.2859535191695089e-10,1.019388e+03,1.0000000000000002e-06,2.182706e+07,2.172574e+07,1.161398e+02,1.013250e+05,1.000000e-09,-7.140465e+00,-3.496660e+00,2.5161545673326417e-04,6.2050260927102967e-04
823,4.6668782037418534e-06,4.8359758620494268e-06,9.2859524858180082e-10,1.019388e+03,1.0000000000000002e-06,2.182700e+07,2.172567e+07,1.161398e+02,1.013250e+05,1.000000e-09,-7.140475e+00,-3.496661e+00,2.5161546175556083e-04,6.2050260925135855e-04
824,4.6668781962362776e-06,4.8359758620494268e-06,9.2859514524163069e-10,1.019388e+03,1.0000000000000002e-06,2.182693e+07,2.172561e+07,1.161398e+02,1.013250e+05,1.000000e-09,-7.140485e+00,-3.496661e+00,2.5161546677910285e-04,6.2050260923259394e-04
825,4.6668781887293329e-06,4.8359758620494268e-06,9.2859504189640793e-10,1.019388e+03,1.0000000000000002e-06,2.182687e+07,2.172554e+07,1.161398e+02,1.013250e+05,1.000000e-09,-7.140496e+00,-3.496661e+00,2.5161547180388498e-04,6.2050260921471783e-04
826,4.6668781812209431e-06,4.8359758620494268e-06,9.2859493854611176e-10,1.019388e+03,1.0000000000000002e-06,2.182680e+07,2.172548e+07,1.161398e+02,1.013250e+05,1.000000e-09,-7.140506e+00,-3.496661e+00,2.5161547682990245e-04,6.2050260919771245e-04
827,4.6668781737109932e-06,4.8359758620494268e-06,9.2859483519072089e-10,1.019388e+03,1.0000000000000002e-06,2.182674e+07,2.172541e+07,1.161398e+02,1.013250e+05,1.000000e-09,-7.140516e+00,-3.496661e+00,2.5161548185715195e-04,6.2050260918156044e-04
828,4.6668781661993983e-06,4.8359758620494268e-06,9.2859473183020708e-10,1.019388e+03,1.0000000000000002e-06,2.182667e+07,2.172535e+07,1.161398e+02,1.013250e+05,1.000000e-09,-7.140527e+00,-3.496661e+00,2.5161548688562905e-04,6.2050260916624435e-04
829,4.6668781586860483e-06,4.8359758620494268e-06,9.2859462846455399e-10,1.019388e+03,1.0000000000000002e-06,2.182661e+07,2.172528e+07,1.161398e+02,1.013250e+05,1.000000e-09,-7.140537e+00,-3.496661e+00,2.5161549191532896e-04,6.2050260915174802e-04
830,4.6668781511708493e-06,4.8359758620494268e-06,9.2859452509373103e-10,1.019388e+03,1.0000000000000002e-06,2.182654e+07,2.172522e+07,1.161398e+02,1.013250e+05,1.000000e-09,-7.140547e+00,-3.496662e+00,2.5161549694624821e-04,6.2050260913805455e-04
831,4.6668781436537139e-06,4.8359758620494268e-06,9.2859442171772165e-10,1.019388e+03,1.0000000000000002e-06,2.182648e+07,2.172515e+07,1.161398e+02,1.013250e+05,1.000000e-09,-7.140558e+00,-3.496662e+00,2.5161550197838232e-04,6.2050260912514821e-04
832,4.6668781361345610e-06,4.8359758620494268e-06,9.2859431833650195e-10,1.019388e+03,1.0000000000000002e-06,2.182641e+07,2.172509e+07,1.161398e+02,1.013250e+05,1.000000e-09,-7.140568e+00,-3.496662e+00,2.5161550701172742e-04,6.2050260911301327e-04
833,4.6668781286132921e-06,4.8359758620494268e-06,9.2859421495004931e-10,1.019388e+03,1.0000000000000002e-06,2.182635e+07,2.172502e+07,1.161398e+02,1.013250e+05,1.000000e-09,-7.140579e+00,-3.496662e+00,2.5161551204627952e-04,6.2050260910163403e-04
834,4.6668781210898286e-06,4.8359758620494268e-06,9.2859411155834345e-10,1.019388e+03,1.0000000000000002e-06,2.182628e+07,2.172496e+07,1.161398e+02,1.013250e+05,1.000000e-09,-7.140589e+00,-3.496662e+00,2.5161551708203524e-04,6.2050260909099562e-04
835,4.6668781135640637e-06,4.8359758620494268e-06,9.2859400816136772e-10,1.019388e+03,1.0000000000000002e-06,2.182622e+07,2.172489e+07,1.161398e+02,1.013250e+05,1.000000e-09,-7.140599e+00,-3.496662e+00,2.5161552211899155e-04,6.2050260908108330e-04
836,4.6668781060359347e-06,4.8359758620494268e-06,9.2859390475909804e-10,1.019388e+03,1.0000000000000002e-06,2.182615e+07,2.172483e+07,1.161398e+02,1.013250e+05,1.000000e-09,-7.140610e+00,-3.496663e+00,2.5161552715714320e-04,6.2050260907188189e-04
837,4.6668780985053561e-06,4.8359758620494268e-06,9.2859380135151496e-10,1.019388e+03,1.0000000000000002e-06,2.182609e+07,2.172476e+07,1.161398e+02,1.013250e+05,1.000000e-09,-7.140620e+00,-3.496663e+00,2.5161553219648736e-04,6.2050260906337806e-04
838,4.6668780909722533e-06,4.8359758620494268e-06,9.2859369793860309e-10,1.019388e+03,1.0000000000000002e-06,2.182602e+07,2.172470e+07,1.161398e+02,1.013250e+05,1.000000e-09,-7.140630e+00,-3.496663e+00,2.5161553723702088e-04,6.2050260905555739e-04
839,4.6668780834365434e-06,4.8359758620494268e-06,9.2859359452033873e-10,1.019388e+03,1.0000000000000002e-06,2.182596e+07,2.172463e+07,1.161398e+02,1.013250e+05,1.000000e-09,-7.140641e+00,-3.496663e+00,2.5161554227873988e-04,6.2050260904840610e-04
840,4.6668780758981390e-06,4.8359758620494268e-06,9.2859349109670380e-10,1.019388e+03,1.0000000000000002e-06,2.182589e+07,2.172457e+07,1.161398e+02,1.013250e+05,1.000000e-09,-7.140651e+00,-3.496663e+00,2.5161554732164120e-04,6.2050260904191129e-04
841,4.6668780683569717e-06,4.8359758620494268e-06,9.2859338766768361e-10,1.019388e+03,1.0000000000000002e-06,2.182583e+07,2.172450e+07,1.161398e+02,1.013250e+05,1.000000e-09,-7.140661e+00,-3.496663e+00,2.5161555236572191e-04,6.2050260903605964e-04
842,4.6668780608129786e-06,4.8359758620494268e-06,9.2859328423325698e-10,1.019388e+03,1.0000000000000002e-06,2.182576e+07,2.172444e+07,1.161398e+02,1.013250e+05,1.000000e-09,-7.140672e+00,-3.496663e+00,2.5161555741097752e-04,6.2050260903083801e-04
843,4.6668780532660751e-06,4.8359758620494268e-06,9.2859318079340993e-10,1.019388e+03,1.0000000000000002e-06,2.182570e+07,2.172437e+07,1.161398e+02,1.013250e+05,1.000000e-09,-7.140682e+00,-3.496664e+00,2.5161556245740737e-04,6.2050260902623384e-04
844,4.6668780457161926e-06,4.8359758620494268e-06,9.2859307734812065e-10,1.019388e+03,1.0000000000000002e-06,2.182563e+07,2.172431e+07,1.161398e+02,1.013250e+05,1.000000e-09,-7.140692e+00,-3.496664e+00,2.5161556750500567e-04,6.2050260902223530e-04
845,4.6668780381632608e-06,4.8359758620494268e-06,9.2859297389738046e-10,1.019388e+03,1.0000000000000002e-06,2.182557e+07,2.172424e+07,1.161398e+02,1.013250e+05,1.000000e-09,-7.140703e+00,-3.496664e+00,2.5161557255377122e-04,6.2050260901882961e-04
846,4.6668780306072145e-06,4.8359758620494268e-06,9.2859287044116268e-10,1.019388e+03,1.0000000000000002e-06,2.182550e+07,2.172417e+07,1.161398e+02,1.013250e+05,1.000000e-09,-7.140713e+00,-3.496664e+00,2.5161557760370045e-04,6.2050260901600526e-04
847,4.6668780230479884e-06,4.8359758620494268e-06,9.2859276697945562e-10,1.019388e+03,1.0000000000000002e-06,2.182543e+07,2.172411e+07,1.161398e+02,1.013250e+05,1.000000e-09,-7.140723e+00,-3.496664e+00,2.5161558265479031e-04,6.2050260901375055e-04
848,4.6668780154855232e-06,4.8359758620494268e-06,9.2859266351224947e-10,1.019388e+03,1.0000000000000002e-06,2.182537e+07,2.172404e+07,1.161398e+02,1.013250e+05,1.000000e-09,-7.140734e+00,-3.496664e+00,2.5161558770703767e-04,6.2050260901205421e-04
849,4.6668780079197419e-06,4.8359758620494268e-06,9.2859256003951848e-10,1.019388e+03,1.0000000000000002e-06,2.182530e+07,2.172398e+07,1.161398e+02,1.013250e+05,1.000000e-09,-7.140744e+00,-3.496665e+00,2.5161559276044046e-04,6.2050260901090485e-04
850,4.6668780003505818e-06,4.8359758620494268e-06,9.2859245656125654e-10,1.019388e+03,1.0000000000000002e-06,2.182524e+07,2.172391e+07,1.161398e+02,1.013250e+05,1.000000e-09,-7.140754e+00,-3.496665e+00,2.5161559781499570e-04,6.2050260901029184e-04
851,4.6668779927779929e-06,4.8359758620494268e-06,9.2859235307744236e-10,1.019388e+03,1.0000000000000002e-06,2.182517e+07,2.172385e+07,1.161398e+02,1.013250e+05,1.000000e-09,-7.140765e+00,-3.496665e+00,2.5161560287070053e-04,6.2050260901020424e-04
852,4.6668779852019041e-06,4.8359758620494268e-06,9.2859224958806549e-10,1.019388e+03,1.0000000000000002e-06,2.182511e+07,2.172378e+07,1.161398e+02,1.013250e+05,1.000000e-09,-7.140775e+00,-3.496665e+00,2.5161560792755330e-04,6.2050260901063141e-04
853,4.6668779776222552e-06,4.8359758620494268e-06,9.2859214609310929e-10,1.019388e+03,1.0000000000000002e-06,2.182504e+07,2.172372e+07,1.161398e+02,1.013250e+05,1.000000e-09,-7.140785e+00,-3.496665e+00,2.5161561298554921e-04,6.2050260901156339e-04
854,4.6668779700390055e-06,4.8359758620494268e-06,9.2859204259255649e-10,1.019388e+03,1.0000000000000002e-06,2.182498e+07,2.172365e+07,1.161398e+02,1.013250e+05,1.000000e-09,-7.140796e+00,-3.496665e+00,2.5161561804468797e-04,6.2050260901299009e-04
855,4.6668779624520789e-06,4.8359758620494268e-06,9.2859193908640182e-10,1.019388e+03,1.0000000000000002e-06,2.182491e+07,2.172359e+07,1.161398e+02,1.013250e+05,1.000000e-09,-7.140806e+00,-3.496666e+00,2.5161562310496629e-04,6.2050260901490122e-04
856,4.6668779548614338e-06,4.8359758620494268e-06,9.2859183557462903e-10,1.019388e+03,1.0000000000000002e-06,2.182485e+07,2.172352e+07,1.161398e+02,1.013250e+05,1.000000e-09,-7.140816e+00,-3.496666e+00,2.5161562816638188e-04,6.2050260901728754e-04
857,4.6668779472670084e-06,4.8359758620494268e-06,9.2859173205722160e-10,1.019388e+03,1.0000000000000002e-06,2.182478e+07,2.172346e+07,1.161398e+02,1.013250e+05,1.000000e-09,-7.140827e+00,-3.496666e+00,2.5161563322893192e-04,6.2050260902013921e-04
858,4.6668779396687552e-06,4.8359758620494268e-06,9.2859162853416391e-10,1.019388e+03,1.0000000000000002e-06,2.182472e+07,2.172339e+07,1.161398e+02,1.013250e+05,1.000000e-09,-7.140837e+00,-3.496666e+00,2.5161563829261484e-04,6.2050260902344690e-04
859,4.6668779320666142e-06,4.8359758620494268e-06,9.2859152500545398e-10,1.019388e+03,1.0000000000000002e-06,2.182465e+07,2.172333e+07,1.161398e+02,1.013250e+05,1.000000e-09,-7.140847e+00,-3.496666e+00,2.5161564335742821e-04,6.2050260902720192e-04
860,4.6668779244605370e-06,4.8359758620494268e-06,9.2859142147107022e-10,1.019388e+03,1.0000000000000002e-06,2.182459e+07,2.172326e+07,1.161397e+02,1.013250e+05,1.000000e-09,-7.140858e+00,-3.496666e+00,2.5161564842336904e-04,6.2050260903139475e-04
861,4.6668779168504711e-06,4.8359758620494268e-06,9.2859131793100434e-10,1.019388e+03,1.0000000000000002e-06,2.182452e+07,2.172320e+07,1.161397e+02,1.013250e+05,1.000000e-09,-7.140868e+00,-3.496666e+00,2.5161565349043598e-04,6.2050260903601714e-04
862,4.6668779092363836e-06,4.8359758620494268e-06,9.2859121438524426e-10,1.019388e+03,1.0000000000000002e-06,2.182446e+07,2.172313e+07,1.161397e+02,1.013250e+05,1.000000e-09,-7.140879e+00,-3.496667e+00,2.5161565855862713e-04,6.2050260904106020e-04
863,4.6668779016181946e-06,4.8359758620494268e-06,9.2859111083377549e-10,1.019388e+03,1.0000000000000002e-06,2.182439e+07,2.172307e+07,1.161397e+02,1.013250e+05,1.000000e-09,-7.140889e+00,-3.496667e+00,2.5161566362793864e-04,6.2050260904651568e-04
864,4.6668778939958858e-06,4.8359758620494268e-06,9.2859100727659101e-10,1.019388e+03,1.0000000000000002e-06,2.182433e+07,2.172300e+07,1.161397e+02,1.013250e+05,1.000000e-09,-7.140899e+00,-3.496667e+00,2.5161566869837007e-04,6.2050260905237536e-04
865,4.6668778863694002e-06,4.8359758620494268e-06,9.2859090371367882e-10,1.019388e+03,1.0000000000000002e-06,2.182426e+07,2.172294e+07,1.161397e+02,1.013250e+05,1.000000e-09,-7.140910e+00,-3.496667e+00,2.5161567376991980e-04,6.2050260905863088e-04
866,4.6668778787386912e-06,4.8359758620494268e-06,9.2859080014502311e-10,1.019388e+03,1.0000000000000002e-06,2.182420e+07,2.172287e+07,1.161397e+02,1.013250e+05,1.000000e-09,-7.140920e+00,-3.496667e+00,2.5161567884258599e-04,6.2050260906527477e-04
867,4.6668778711037167e-06,4.8359758620494268e-06,9.2859069657061517e-10,1.019388e+03,1.0000000000000002e-06,2.182413e+07,2.172280e+07,1.161397e+02,1.013250e+05,1.000000e-09,-7.140930e+00,-3.496667e+00,2.5161568391636403e-04,6.2050260907229877e-04
868,4.6668778634644299e-06,4.8359758620494268e-06,9.2859059299045027e-10,1.019388e+03,1.0000000000000002e-06,2.182406e+07,2.172274e+07,1.161397e+02,1.013250e+05,1.000000e-09,-7.140941e+00,-3.496668e+00,2.5161568899125463e-04,6.2050260907969574e-04
869,4.6668778558208029e-06,4.8359758620494268e-06,9.2859048940450948e-10,1.019388e+03,1.0000000000000002e-06,2.182400e+07,2.172267e+07,1.161397e+02,1.013250e+05,1.000000e-09,-7.140951e+00,-3.496668e+00,2.5161569406725545e-04,6.2050260908745787e-04
870,4.6668778481727653e-06,4.8359758620494268e-06,9.2859038581279010e-10,1.019388e+03,1.0000000000000002e-06,2.182393e+07,2.172261e+07,1.161397e+02,1.013250e+05,1.000000e-09,-7.140961e+00,-3.496668e+00,2.5161569914436432e-04,6.2050260909557789e-04
871,4.6668778405203114e-06,4.8359758620494268e-06,9.2859028221527364e-10,1.019388e+03,1.0000000000000002e-06,2.182387e+07,2.172254e+07,1.161397e+02,1.013250e+05,1.000000e-09,-7.140972e+00,-3.496668e+00,2.5161570422257951e-04,6.2050260910404887e-04
872,4.6668778328633716e-06,4.8359758620494268e-06,9.2859017861195916e-10,1.019388e+03,1.0000000000000002e-06,2.182380e+07,2.172248e+07,1.161397e+02,1.013250e+05,1.000000e-09,-7.140982e+00,-3.496668e+00,2.5161570930189875e-04,6.2050260911286365e-04
873,4.6668778252019205e-06,4.8359758620494268e-06,9.2859007500283497e-10,1.019388e+03,1.0000000000000002e-06,2.182374e+07,2.172241e+07,1.161397e+02,1.013250e+05,1.000000e-09,-7.140992e+00,-3.496668e+00,2.5161571438232165e-04,6.2050260912201551e-04
874,4.6668778175359114e-06,4.8359758620494268e-06,9.2858997138788909e-10,1.019388e+03,1.0000000000000002e-06,2.182367e+07,2.172235e+07,1.161397e+02,1.013250e+05,1.000000e-09,-7.141003e+00,-3.496668e+00,2.5161571946384598e-04,6.2050260913149751e-04
875,4.6668778098653132e-06,4.8359758620494268e-06,9.2858986776711035e-10,1.019388e+03,1.0000000000000002e-06,2.182361e+07,2.172228e+07,1.161397e+02,1.013250e+05,1.000000e-09,-7.141013e+00,-3.496669e+00,2.5161572454646992e-04,6.2050260914130314e-04
876,4.6668778021900766e-06,4.8359758620494268e-06,9.2858976414049687e-10,1.019388e+03,1.0000000000000002e-06,2.182354e+07,2.172222e+07,1.161397e+02,1.013250e+05,1.000000e-09,-7.141024e+00,-3.496669e+00,2.5161572963019172e-04,6.2050260915142580e-04
877,4.6668777945102008e-06,4.8359758620494268e-06,9.2858966050802965e-10,1.019388e+03,1.0000000000000002e-06,2.182348e+07,2.172215e+07,1.161397e+02,1.013250e+05,1.000000e-09,-7.141034e+00,-3.496669e+00,2.5161573471500992e-04,6.2050260916185940e-04
878,4.6668777868256147e-06,4.8359758620494268e-06,9.2858955686971251e-10,1.019388e+03,1.0000000000000002e-06,2.182341e+07,2.172209e+07,1.161397e+02,1.013250e+05,1.000000e-09,-7.141044e+00,-3.496669e+00,2.5161573980092279e-04,6.2050260917259766e-04
879,4.6668777791362979e-06,4.8359758620494268e-06,9.2858945322553096e-10,1.019388e+03,1.0000000000000002e-06,2.182335e+07,2.172202e+07,1.161397e+02,1.013250e+05,1.000000e-09,-7.141055e+00,-3.496669e+00,2.5161574488793032e-04,6.2050260918363430e-04
880,4.6668777714421970e-06,4.8359758620494268e-06,9.2858934957547405e-10,1.019388e+03,1.0000000000000002e-06,2.182328e+07,2.172196e+07,1.161397e+02,1.013250e+05,1.000000e-09,-7.141065e+00,-3.496669e+00,2.5161574997602839e-04,6.2050260919496334e-04
881,4.6668777637432986e-06,4.8359758620494268e-06,9.2858924591953268e-10,1.019388e+03,1.0000000000000002e-06,2.182322e+07,2.172189e+07,1.161397e+02,1.013250e+05,1.000000e-09,-7.141075e+00,-3.496670e+00,2.5161575506521788e-04,6.2050260920657938e-04
882,4.6668777560395788e-06,4.8359758620494268e-06,9.2858914225770396e-10,1.019388e+03,1.0000000000000002e-06,2.182315e+07,2.172183e+07,1.161397e+02,1.013250e+05,1.000000e-09,-7.141086e+00,-3.496670e+00,2.5161576015549569e-04,6.2050260921847611e-04
883,4.6668777483309802e-06,4.8359758620494268e-06,9.2858903858997724e-10,1.019388e+03,1.0000000000000002e-06,2.182309e+07,2.172176e+07,1.161397e+02,1.013250e+05,1.000000e-09,-7.141096e+00,-3.496670e+00,2.5161576524686209e-04,6.2050260923064823e-04
884,4.6668777406174873e-06,4.8359758620494268e-06,9.2858893491634940e-10,1.019388e+03,1.0000000000000002e-06,2.182302e+07,2.172169e+07,1.161397e+02,1.013250e+05,1.000000e-09,-7.141107e+00,-3.496670e+00,2.5161577033931497e-04,6.2050260924309064e-04
885,4.6668777328990715e-06,4.8359758620494268e-06,9.2858883123680806e-10,1.019388e+03,1.0000000000000002e-06,2.182295e+07,2.172163e+07,1.161397e+02,1.013250e+05,1.000000e-09,-7.141117e+00,-3.496670e+00,2.5161577543285157e-04,6.2050260925579695e-04
886,4.6668777251756896e-06,4.8359758620494268e-06,9.2858872755134492e-10,1.019388e+03,1.0000000000000002e-06,2.182289e+07,2.172156e+07,1.161397e+02,1.013250e+05,1.000000e-09,-7.141127e+00,-3.496670e+00,2.5161578052747377e-04,6.2050260926876249e-04
887,4.6668777174473229e-06,4.8359758620494268e-06,9.2858862385995515e-10,1.019388e+03,1.0000000000000002e-06,2.182282e+07,2.172150e+07,1.161397e+02,1.013250e+05,1.000000e-09,-7.141138e+00,-3.496671e+00,2.5161578562317796e-04,6.2050260928198228e-04
888,4.6668777097139400e-06,4.8359758620494268e-06,9.2858852016263262e-10,1.019388e+03,1.0000000000000002e-06,2.182276e+07,2.172143e+07,1.161397e+02,1.013250e+05,1.000000e-09,-7.141148e+00,-3.496671e+00,2.5161579071996288e-04,6.2050260929545078e-04
889,4.6668777019755038e-06,4.8359758620494268e-06,9.2858841645936970e-10,1.019388e+03,1.0000000000000002e-06,2.182269e+07,2.172137e+07,1.161397e+02,1.013250e+05,1.000000e-09,-7.141158e+00,-3.496671e+00,2.5161579581782788e-04,6.2050260930916312e-04
890,4.6668776942319972e-06,4.8359758620494268e-06,9.2858831275015656e-10,1.019388e+03,1.0000000000000002e-06,2.182263e+07,2.172130e+07,1.161397e+02,1.013250e+05,1.000000e-09,-7.141169e+00,-3.496671e+00,2.5161580091677177e-04,6.2050260932311463e-04
891,4.6668776864834016e-06,4.8359758620494268e-06,9.2858820903498854e-10,1.019388e+03,1.0000000000000002e-06,2.182256e+07,2.172124e+07,1.161397e+02,1.013250e+05,1.000000e-09,-7.141179e+00,-3.496671e+00,2.5161580601679406e-04,6.2050260933730066e-04
892,4.6668776787296637e-06,4.8359758620494268e-06,9.2858810531386038e-10,1.019388e+03,1.0000000000000002e-06,2.182250e+07,2.172117e+07,1.161397e+02,1.013250e+05,1.000000e-09,-7.141189e+00,-3.496671e+00,2.5161581111789242e-04,6.2050260935171588e-04
893,4.6668776709707767e-06,4.8359758620494268e-06,9.2858800158676431e-10,1.019388e+03,1.0000000000000002e-06,2.182243e+07,2.172111e+07,1.161397e+02,1.013250e+05,1.000000e-09,-7.141200e+00,-3.496672e+00,2.5161581622006588e-04,6.2050260936635641e-04
894,4.6668776632066982e-06,4.8359758620494268e-06,9.2858789785369590e-10,1.019388e+03,1.0000000000000002e-06,2.182237e+07,2.172104e+07,1.161397e+02,1.013250e+05,1.000000e-09,-7.141210e+00,-3.496672e+00,2.5161582132331335e-04,6.2050260938121735e-04
895,4.6668776554374181e-06,4.8359758620494268e-06,9.2858779411464667e-10,1.019388e+03,1.0000000000000002e-06,2.182230e+07,2.172098e+07,1.161397e+02,1.013250e+05,1.000000e-09,-7.141221e+00,-3.496672e+00,2.5161582642763516e-04,6.2050260939629448e-04
896,4.6668776476629160e-06,4.8359758620494268e-06,9.2858769036961381e-10,1.019388e+03,1.0000000000000002e-06,2.182224e+07,2.172091e+07,1.161397e+02,1.013250e+05,1.000000e-09,-7.141231e+00,-3.496672e+00,2.5161583153302815e-04,6.2050260941158336e-04
897,4.6668776398831606e-06,4.8359758620494268e-06,9.2858758661858338e-10,1.019388e+03,1.0000000000000002e-06,2.182217e+07,2.172085e+07,1.161397e+02,1.013250e+05,1.000000e-09,-7.141241e+00,-3.496672e+00,2.5161583663949245e-04,6.2050260942707975e-04
898,4.6668776320981299e-06,4.8359758620494268e-06,9.2858748286156147e-10,1.019388e+03,1.0000000000000002e-06,2.182210e+07,2.172078e+07,1.161397e+02,1.013250e+05,1.000000e-09,-7.141252e+00,-3.496672e+00,2.5161584174702761e-04,6.2050260944277943e-04
899,4.6668776243077943e-06,4.8359758620494268e-06,9.2858737909853330e-10,1.019388e+03,1.0000000000000002e-06,2.182204e+07,2.172071e+07,1.161397e+02,1.013250e+05,1.000000e-09,-7.141262e+00,-3.496672e+00,2.5161584685563147e-04,6.2050260945867872e-04
900,4.6668776165121223e-06,4.8359758620494268e-06,9.2858727532949505e-10,1.019388e+03,1.0000000000000002e-06,2.182197e+07,2.172065e+07,1.161397e+02,1.013250e+05,1.000000e-09,-7.141272e+00,-3.496673e+00,2.5161585196530382e-04,6.2050260947477337e-04
901,4.6668776087111344e-06,4.8359758620494268e-06,9.2858717155444350e-10,1.019388e+03,1.0000000000000002e-06,2.182191e+07,2.172058e+07,1.161397e+02,1.013250e+05,1.000000e-09,-7.141283e+00,-3.496673e+00,2.5161585707604285e-04,6.2050260949105939e-04
902,4.6668776009047576e-06,4.8359758620494268e-06,9.2858706777336987e-10,1.019388e+03,1.0000000000000002e-06,2.182184e+07,2.172052e+07,1.161397e+02,1.013250e+05,1.000000e-09,-7.141293e+00,-3.496673e+00,2.5161586218784804e-04,6.2050260950753298e-04
903,4.6668775930929971e-06,4.8359758620494268e-06,9.2858696398627043e-10,1.019388e+03,1.0000000000000002e-06,2.182178e+07,2.172045e+07,1.161397e+02,1.013250e+05,1.000000e-09,-7.141304e+00,-3.496673e+00,2.5161586730071823e-04,6.2050260952419044e-04
904,4.6668775852758257e-06,4.8359758620494268e-06,9.2858686019314623e-10,1.019388e+03,1.0000000000000002e-06,2.182171e+07,2.172039e+07,1.161397e+02,1.013250e+05,1.000000e-09,-7.141314e+00,-3.496673e+00,2.5161587241465398e-04,6.2050260954102810e-04
905,4.6668775774532266e-06,4.8359758620494268e-06,9.2858675639398143e-10,1.019388e+03,1.0000000000000002e-06,2.182165e+07,2.172032e+07,1.161397e+02,1.013250e+05,1.000000e-09,-7.141324e+00,-3.496673e+00,2.5161587752965306e-04,6.2050260955804259e-04
906,4.6668775696251810e-06,4.8359758620494268e-06,9.2858665258877791e-10,1.019388e+03,1.0000000000000002e-06,2.182158e+07,2.172026e+07,1.161397e+02,1.013250e+05,1.000000e-09,-7.141335e+00,-3.496674e+00,2.5161588264571445e-04,6.2050260957522991e-04
907,4.6668775617916501e-06,4.8359758620494268e-06,9.2858654877752821e-10,1.019388e+03,1.0000000000000002e-06,2.182152e+07,2.172019e+07,1.161397e+02,1.013250e+05,1.000000e-09,-7.141345e+00,-3.496674e+00,2.5161588776283775e-04,6.2050260959258701e-04
908,4.6668775539526465e-06,4.8359758620494268e-06,9.2858644496022810e-10,1.019388e+03,1.0000000000000002e-06,2.182145e+07,2.172013e+07,1.161397e+02,1.013250e+05,1.000000e-09,-7.141356e+00,-3.496674e+00,2.5161589288102255e-04,6.2050260961011032e-04
909,4.6668775461081185e-06,4.8359758620494268e-06,9.2858634113687355e-10,1.019388e+03,1.0000000000000002e-06,2.182139e+07,2.172006e+07,1.161397e+02,1.013250e+05,1.000000e-09,-7.141366e+00,-3.496674e+00,2.5161589800026769e-04,6.2050260962779658e-04
910,4.6668775382580856e-06,4.8359758620494268e-06,9.2858623730745876e-10,1.019388e+03,1.0000000000000002e-06,2.182132e+07,2.171999e+07,1.161397e+02,1.013250e+05,1.000000e-09,-7.141376e+00,-3.496674e+00,2.5161590312057221e-04,6.2050260964564233e-04
911,4.6668775304024903e-06,4.8359758620494268e-06,9.2858613347198373e-10,1.019388e+03,1.0000000000000002e-06,2.182125e+07,2.171993e+07,1.161397e+02,1.013250e+05,1.000000e-09,-7.141387e+00,-3.496674e+00,2.5161590824193534e-04,6.2050260966364464e-04
912,4.6668775225413436e-06,4.8359758620494268e-06,9.2858602963043606e-10,1.019388e+03,1.0000000000000002e-06,2.182119e+07,2.171986e+07,1.161397e+02,1.013250e+05,1.000000e-09,-7.141397e+00,-3.496675e+00,2.5161591336435605e-04,6.2050260968180037e-04
913,4.6668775146745979e-06,4.8359758620494268e-06,9.2858592578281906e-10,1.019388e+03,1.0000000000000002e-06,2.182112e+07,2.171980e+07,1.161397e+02,1.013250e+05,1.000000e-09,-7.141407e+00,-3.496675e+00,2.5161591848783479e-04,6.2050260970010636e-04
914,4.6668775068022881e-06,4.8359758620494268e-06,9.2858582192911949e-10,1.019388e+03,1.0000000000000002e-06,2.182106e+07,2.171973e+07,1.161397e+02,1.013250e+05,1.000000e-09,-7.141418e+00,-3.496675e+00,2.5161592361236981e-04,6.2050260971855938e-04
915,4.6668774989243413e-06,4.8359758620494268e-06,9.2858571806934324e-10,1.019388e+03,1.0000000000000002e-06,2.182099e+07,2.171967e+07,1.161397e+02,1.013250e+05,1.000000e-09,-7.141428e+00,-3.496675e+00,2.5161592873796084e-04,6.2050260973715724e-04
916,4.6668774910407608e-06,4.8359758620494268e-06,9.2858561420348205e-10,1.019388e+03,1.0000000000000002e-06,2.182093e+07,2.171960e+07,1.161397e+02,1.013250e+05,1.000000e-09,-7.141439e+00,-3.496675e+00,2.5161593386460680e-04,6.2050260975589626e-04
917,4.6668774831515443e-06,4.8359758620494268e-06,9.2858551033153115e-10,1.019388e+03,1.0000000000000002e-06,2.182086e+07,2.171954e+07,1.161397e+02,1.013250e+05,1.000000e-09,-7.141449e+00,-3.496675e+00,2.5161593899230607e-04,6.2050260977477385e-04
918,4.6668774752566542e-06,4.8359758620494268e-06,9.2858540645348672e-10,1.019388e+03,1.0000000000000002e-06,2.182080e+07,2.171947e+07,1.161397e+02,1.013250e+05,1.000000e-09,-7.141459e+00,-3.496676e+00,2.5161594412106069e-04,6.2050260979378750e-04
919,4.6668774673560976e-06,4.8359758620494268e-06,9.2858530256934659e-10,1.019388e+03,1.0000000000000002e-06,2.182073e+07,2.171941e+07,1.161397e+02,1.013250e+05,1.000000e-09,-7.141470e+00,-3.496676e+00,2.5161594925086797e-04,6.2050260981293419e-04
920,4.6668774594498370e-06,4.8359758620494268e-06,9.2858519867910311e-10,1.019388e+03,1.0000000000000002e-06,2.182067e+07,2.171934e+07,1.161397e+02,1.013250e+05,1.000000e-09,-7.141480e+00,-3.496676e+00,2.5161595438172784e-04,6.2050260983221152e-04
921,4.6668774515378894e-06,4.8359758620494268e-06,9.2858509478275597e-10,1.019388e+03,1.0000000000000002e-06,2.182060e+07,2.171927e+07,1.161397e+02,1.013250e+05,1.000000e-09,-7.141491e+00,-3.496676e+00,2.5161595951363858e-04,6.2050260985161657e-04
922,4.6668774436202066e-06,4.8359758620494268e-06,9.2858499088030247e-10,1.019388e+03,1.0000000000000002e-06,2.182053e+07,2.171921e+07,1.161397e+02,1.013250e+05,1.000000e-09,-7.141501e+00,-3.496676e+00,2.5161596464660149e-04,6.2050260987114706e-04
923,4.6668774356967843e-06,4.8359758620494268e-06,9.2858488697173384e-10,1.019388e+03,1.0000000000000002e-06,2.182047e+07,2.171914e+07,1.161397e+02,1.013250e+05,1.000000e-09,-7.141511e+00,-3.496676e+00,2.5161596978061509e-04,6.2050260989080029e-04
924,4.6668774277676225e-06,4.8359758620494268e-06,9.2858478305705327e-10,1.019388e+03,1.0000000000000002e-06,2.182040e+07,2.171908e+07,1.161397e+02,1.013250e+05,1.000000e-09,-7.141522e+00,-3.496677e+00,2.5161597491567869e-04,6.2050260991057407e-04
925,4.6668774198326932e-06,4.8359758620494268e-06,9.2858467913625322e-10,1.019388e+03,1.0000000000000002e-06,2.182034e+07,2.171901e+07,1.161397e+02,1.013250e+05,1.000000e-09,-7.141532e+00,-3.496677e+00,2.5161598005179179e-04,6.2050260993046561e-04
926,4.6668774118919770e-06,4.8359758620494268e-06,9.2858457520932935e-10,1.019388e+03,1.0000000000000002e-06,2.182027e+07,2.171895e+07,1.161397e+02,1.013250e+05,1.000000e-09,-7.141542e+00,-3.496677e+00,2.5161598518895348e-04,6.2050260995047293e-04
927,4.6668774039454747e-06,4.8359758620494268e-06,9.2858447127628341e-10,1.019388e+03,1.0000000000000002e-06,2.182021e+07,2.171888e+07,1.161396e+02,1.013250e+05,1.000000e-09,-7.141553e+00,-3.496677e+00,2.5161599032716425e-04,6.2050260997059334e-04
928,4.6668773959931771e-06,4.8359758620494268e-06,9.2858436733710537e-10,1.019388e+03,1.0000000000000002e-06,2.182014e+07,2.171882e+07,1.161396e+02,1.013250e+05,1.000000e-09,-7.141563e+00,-3.496677e+00,2.5161599546642230e-04,6.2050260999082509e-04
929,4.6668773880350586e-06,4.8359758620494268e-06,9.2858426339179916e-10,1.019388e+03,1.0000000000000002e-06,2.182008e+07,2.171875e+07,1.161396e+02,1.013250e+05,1.000000e-09,-7.141574e+00,-3.496677e+00,2.5161600060672861e-04,6.2050261001116548e-04
930,4.6668773800711116e-06,4.8359758620494268e-06,9.2858415944035559e-10,1.019388e+03,1.0000000000000002e-06,2.182001e+07,2.171869e+07,1.161396e+02,1.013250e+05,1.000000e-09,-7.141584e+00,-3.496678e+00,2.5161600574807961e-04,6.2050261003161267e-04
931,4.6668773721013363e-06,4.8359758620494268e-06,9.2858405548277485e-10,1.019388e+03,1.0000000000000002e-06,2.181994e+07,2.171862e+07,1.161396e+02,1.013250e+05,1.000000e-09,-7.141594e+00,-3.496678e+00,2.5161601089047935e-04,6.2050261005216448e-04
932,4.6668773641256944e-06,4.8359758620494268e-06,9.2858395151905405e-10,1.019388e+03,1.0000000000000002e-06,2.181988e+07,2.171855e+07,1.161396e+02,1.013250e+05,1.000000e-09,-7.141605e+00,-3.496678e+00,2.5161601603392362e-04,6.2050261007281832e-04
933,4.6668773561441995e-06,4.8359758620494268e-06,9.2858384754919030e-10,1.019388e+03,1.0000000000000002e-06,2.181981e+07,2.171849e+07,1.161396e+02,1.013250e+05,1.000000e-09,-7.141615e+00,-3.496678e+00,2.5161602117841365e-04,6.2050261009357298e-04
934,4.6668773481568228e-06,4.8359758620494268e-06,9.2858374357318091e-10,1.019388e+03,1.0000000000000002e-06,2.181975e+07,2.171842e+07,1.161396e+02,1.013250e+05,1.000000e-09,-7.141626e+00,-3.496678e+00,2.5161602632394831e-04,6.2050261011442588e-04
935,4.6668773401635677e-06,4.8359758620494268e-06,9.2858363959101977e-10,1.019388e+03,1.0000000000000002e-06,2.181968e+07,2.171836e+07,1.161396e+02,1.013250e+05,1.000000e-09,-7.141636e+00,-3.496678e+00,2.5161603147052673e-04,6.2050261013537526e-04
936,4.6668773321644020e-06,4.8359758620494268e-06,9.2858353560270493e-10,1.019388e+03,1.0000000000000002e-06,2.181962e+07,2.171829e+07,1.161396e+02,1.013250e+05,1.000000e-09,-7.141646e+00,-3.496679e+00,2.5161603661815000e-04,6.2050261015641909e-04
937,4.6668773241593384e-06,4.8359758620494268e-06,9.2858343160823824e-10,1.019388e+03,1.0000000000000002e-06,2.181955e+07,2.171823e+07,1.161396e+02,1.013250e+05,1.000000e-09,-7.141657e+00,-3.496679e+00,2.5161604176681724e-04,6.2050261017755550e-04
938,4.6668773161483507e-06,4.8359758620494268e-06,9.2858332760761196e-10,1.019388e+03,1.0000000000000002e-06,2.181949e+07,2.171816e+07,1.161396e+02,1.013250e+05,1.000000e-09,-7.141667e+00,-3.496679e+00,2.5161604691652641e-04,6.2050261019878288e-04
939,4.6668773081314371e-06,4.8359758620494268e-06,9.2858322360082400e-10,1.019388e+03,1.0000000000000002e-06,2.181942e+07,2.171810e+07,1.161396e+02,1.013250e+05,1.000000e-09,-7.141678e+00,-3.496679e+00,2.5161605206727884e-04,6.2050261022009905e-04
940,4.6668773001085968e-06,4.8359758620494268e-06,9.2858311958787489e-10,1.019388e+03,1.0000000000000002e-06,2.181935e+07,2.171803e+07,1.161396e+02,1.013250e+05,1.000000e-09,-7.141688e+00,-3.496679e+00,2.5161605721907353e-04,6.2050261024150261e-04
941,4.6668772920798002e-06,4.8359758620494268e-06,9.2858301556875916e-10,1.019388e+03,1.0000000000000002e-06,2.181929e+07,2.171796e+07,1.161396e+02,1.013250e+05,1.000000e-09,-7.141698e+00,-3.496679e+00,2.5161606237191034e-04,6.2050261026299150e-04
942,4.6668772840450515e-06,4.8359758620494268e-06,9.2858291154347679e-10,1.019388e+03,1.0000000000000002e-06,2.181922e+07,2.171790e+07,1.161396e+02,1.013250e+05,1.000000e-09,-7.141709e+00,-3.496680e+00,2.5161606752578908e-04,6.2050261028456419e-04
943,4.6668772760043278e-06,4.8359758620494268e-06,9.2858280751202809e-10,1.019388e+03,1.0000000000000002e-06,2.181916e+07,2.171783e+07,1.161396e+02,1.013250e+05,1.000000e-09,-7.141719e+00,-3.496680e+00,2.5161607268070707e-04,6.2050261030621896e-04
944,4.6668772679576275e-06,4.8359758620494268e-06,9.2858270347440109e-10,1.019388e+03,1.0000000000000002e-06,2.181909e+07,2.171777e+07,1.161396e+02,1.013250e+05,1.000000e-09,-7.141730e+00,-3.496680e+00,2.5161607783666758e-04,6.2050261032795386e-04
945,4.6668772599049420e-06,4.8359758620494268e-06,9.2858259943060290e-10,1.019388e+03,1.0000000000000002e-06,2.181903e+07,2.171770e+07,1.161396e+02,1.013250e+05,1.000000e-09,-7.141740e+00,-3.496680e+00,2.5161608299366692e-04,6.2050261034976811e-04
946,4.6668772518462756e-06,4.8359758620494268e-06,9.2858249538062340e-10,1.019388e+03,1.0000000000000002e-06,2.181896e+07,2.171764e+07,1.161396e+02,1.013250e+05,1.000000e-09,-7.141750e+00,-3.496680e+00,2.5161608815170677e-04,6.2050261037165924e-04
947,4.6668772437815885e-06,4.8359758620494268e-06,9.2858239132446899e-10,1.019388e+03,1.0000000000000002e-06,2.181890e+07,2.171757e+07,1.161396e+02,1.013250e+05,1.000000e-09,-7.141761e+00,-3.496680e+00,2.5161609331078642e-04,6.2050261039362637e-04
948,4.6668772357109036e-06,4.8359758620494268e-06,9.2858228726213152e-10,1.019388e+03,1.0000000000000002e-06,2.181883e+07,2.171751e+07,1.161396e+02,1.013250e+05,1.000000e-09,-7.141771e+00,-3.496681e+00,2.5161609847090490e-04,6.2050261041566755e-04
949,4.6668772276341929e-06,4.8359758620494268e-06,9.2858218319360631e-10,1.019388e+03,1.0000000000000002e-06,2.181876e+07,2.171744e+07,1.161396e+02,1.013250e+05,1.000000e-09,-7.141782e+00,-3.496681e+00,2.5161610363206335e-04,6.2050261043778148e-04
950,4.6668772195514470e-06,4.8359758620494268e-06,9.2858207911889908e-10,1.019388e+03,1.0000000000000002e-06,2.181870e+07,2.171737e+07,1.161396e+02,1.013250e+05,1.000000e-09,-7.141792e+00,-3.496681e+00,2.5161610879425900e-04,6.2050261045996696e-04
951,4.6668772114626915e-06,4.8359758620494268e-06,9.2858197503800504e-10,1.019388e+03,1.0000000000000002e-06,2.181863e+07,2.171731e+07,1.161396e+02,1.013250e+05,1.000000e-09,-7.141802e+00,-3.496681e+00,2.5161611395749429e-04,6.2050261048222195e-04
952,4.6668772033678636e-06,4.8359758620494268e-06,9.2858187095091739e-10,1.019388e+03,1.0000000000000002e-06,2.181857e+07,2.171724e+07,1.161396e+02,1.013250e+05,1.000000e-09,-7.141813e+00,-3.496681e+00,2.5161611912176678e-04,6.2050261050454545e-04
953,4.6668771952669989e-06,4.8359758620494268e-06,9.2858176685763953e-10,1.019388e+03,1.0000000000000002e-06,2.181850e+07,2.171718e+07,1.161396e+02,1.013250e+05,1.000000e-09,-7.141823e+00,-3.496681e+00,2.5161612428707691e-04,6.2050261052693607e-04
954,4.6668771871600711e-06,4.8359758620494268e-06,9.2858166275816609e-10,1.019388e+03,1.0000000000000002e-06,2.181844e+07,2.171711e+07,1.161396e+02,1.013250e+05,1.000000e-09,-7.141834e+00,-3.496682e+00,2.5161612945342484e-04,6.2050261054939250e-04
955,4.6668771790470828e-06,4.8359758620494268e-06,9.2858155865249904e-10,1.019388e+03,1.0000000000000002e-06,2.181837e+07,2.171705e+07,1.161396e+02,1.013250e+05,1.000000e-09,-7.141844e+00,-3.496682e+00,2.5161613462080872e-04,6.2050261057191355e-04
956,4.6668771709280171e-06,4.8359758620494268e-06,9.2858145454063091e-10,1.019388e+03,1.0000000000000002e-06,2.181831e+07,2.171698e+07,1.161396e+02,1.013250e+05,1.000000e-09,-7.141855e+00,-3.496682e+00,2.5161613978922980e-04,6.2050261059449759e-04
957,4.6668771628028688e-06,4.8359758620494268e-06,9.2858135042256866e-10,1.019388e+03,1.0000000000000002e-06,2.181824e+07,2.171691e+07,1.161396e+02,1.013250e+05,1.000000e-09,-7.141865e+00,-3.496682e+00,2.5161614495868766e-04,6.2050261061714364e-04
958,4.6668771546716388e-06,4.8359758620494268e-06,9.2858124629830017e-10,1.019388e+03,1.0000000000000002e-06,2.181817e+07,2.171685e+07,1.161396e+02,1.013250e+05,1.000000e-09,-7.141875e+00,-3.496682e+00,2.5161615012918217e-04,6.2050261063985031e-04
959,4.6668771465343067e-06,4.8359758620494268e-06,9.2858114216782845e-10,1.019388e+03,1.0000000000000002e-06,2.181811e+07,2.171678e+07,1.161396e+02,1.013250e+05,1.000000e-09,-7.141886e+00,-3.496682e+00,2.5161615530071171e-04,6.2050261066261638e-04
960,4.6668771383908837e-06,4.8359758620494268e-06,9.2858103803115380e-10,1.019388e+03,1.0000000000000002e-06,2.181804e+07,2.171672e+07,1.161396e+02,1.013250e+05,1.000000e-09,-7.141896e+00,-3.496683e+00,2.5161616047327716e-04,6.2050261068544079e-04
961,4.6668771302413510e-06,4.8359758620494268e-06,9.2858093388827199e-10,1.019388e+03,1.0000000000000002e-06,2.181798e+07,2.171665e+07,1.161396e+02,1.013250e+05,1.000000e-09,-7.141907e+00,-3.496683e+00,2.5161616564687808e-04,6.2050261070832244e-04
962,4.6668771220856917e-06,4.8359758620494268e-06,9.2858082973918033e-10,1.019388e+03,1.0000000000000002e-06,2.181791e+07,2.171659e+07,1.161396e+02,1.013250e+05,1.000000e-09,-7.141917e+00,-3.496683e+00,2.5161617082151467e-04,6.2050261073125993e-04
963,4.6668771139239228e-06,4.8359758620494268e-06,9.2858072558388129e-10,1.019388e+03,1.0000000000000002e-06,2.181785e+07,2.171652e+07,1.161396e+02,1.013250e+05,1.000000e-09,-7.141927e+00,-3.496683e+00,2.5161617599718495e-04,6.2050261075425250e-04
964,4.6668771057560349e-06,4.8359758620494268e-06,9.2858062142236527e-10,1.019388e+03,1.0000000000000002e-06,2.181778e+07,2.171646e+07,1.161396e+02,1.013250e+05,1.000000e-09,-7.141938e+00,-3.496683e+00,2.5161618117389118e-04,6.2050261077729863e-04
965,4.6668770975820078e-06,4.8359758620494268e-06,9.2858051725464147e-10,1.019388e+03,1.0000000000000002e-06,2.181771e+07,2.171639e+07,1.161396e+02,1.013250e+05,1.000000e-09,-7.141948e+00,-3.496683e+00,2.5161618635163104e-04,6.2050261080039755e-04
966,4.6668770894018430e-06,4.8359758620494268e-06,9.2858041308069789e-10,1.019388e+03,1.0000000000000002e-06,2.181765e+07,2.171632e+07,1.161396e+02,1.013250e+05,1.000000e-09,-7.141959e+00,-3.496684e+00,2.5161619153040414e-04,6.2050261082354820e-04
967,4.6668770812155313e-06,4.8359758620494268e-06,9.2858030890054125e-10,1.019388e+03,1.0000000000000002e-06,2.181758e+07,2.171626e+07,1.161396e+02,1.013250e+05,1.000000e-09,-7.141969e+00,-3.496684e+00,2.5161619671021298e-04,6.2050261084674937e-04
968,4.6668770730230794e-06,4.8359758620494268e-06,9.2858020471416608e-10,1.019388e+03,1.0000000000000002e-06,2.181752e+07,2.171619e+07,1.161396e+02,1.013250e+05,1.000000e-09,-7.141980e+00,-3.496684e+00,2.5161620189105528e-04,6.2050261087000030e-04
969,4.6668770648244595e-06,4.8359758620494268e-06,9.2858010052156927e-10,1.019388e+03,1.0000000000000002e-06,2.181745e+07,2.171613e+07,1.161396e+02,1.013250e+05,1.000000e-09,-7.141990e+00,-3.496684e+00,2.5161620707293012e-04,6.2050261089329980e-04
970,4.6668770566196960e-06,4.8359758620494268e-06,9.2857999632275071e-10,1.019388e+03,1.0000000000000002e-06,2.181739e+07,2.171606e+07,1.161396e+02,1.013250e+05,1.000000e-09,-7.142000e+00,-3.496684e+00,2.5161621225583885e-04,6.2050261091664690e-04
971,4.6668770484087611e-06,4.8359758620494268e-06,9.2857989211771403e-10,1.019388e+03,1.0000000000000002e-06,2.181732e+07,2.171600e+07,1.161396e+02,1.013250e+05,1.000000e-09,-7.142011e+00,-3.496684e+00,2.5161621743978089e-04,6.2050261094004073e-04
972,4.6668770401916521e-06,4.8359758620494268e-06,9.2857978790645272e-10,1.019388e+03,1.0000000000000002e-06,2.181726e+07,2.171593e+07,1.161396e+02,1.013250e+05,1.000000e-09,-7.142021e+00,-3.496685e+00,2.5161622262475633e-04,6.2050261096348043e-04
973,4.6668770319683674e-06,4.8359758620494268e-06,9.2857968368896532e-10,1.019388e+03,1.0000000000000002e-06,2.181719e+07,2.171586e+07,1.161396e+02,1.013250e+05,1.000000e-09,-7.142032e+00,-3.496685e+00,2.5161622781076339e-04,6.2050261098696490e-04
974,4.6668770237389087e-06,4.8359758620494268e-06,9.2857957946524935e-10,1.019388e+03,1.0000000000000002e-06,2.181712e+07,2.171580e+07,1.161396e+02,1.013250e+05,1.000000e-09,-7.142042e+00,-3.496685e+00,2.5161623299780396e-04,6.2050261101049349e-04
975,4.6668770155032497e-06,4.8359758620494268e-06,9.2857947523530647e-10,1.019388e+03,1.0000000000000002e-06,2.181706e+07,2.171573e+07,1.161396e+02,1.013250e+05,1.000000e-09,-7.142052e+00,-3.496685e+00,2.5161623818587600e-04,6.2050261103406513e-04
976,4.6668770072614184e-06,4.8359758620494268e-06,9.2857937099913574e-10,1.019388e+03,1.0000000000000002e-06,2.181699e+07,2.171567e+07,1.161396e+02,1.013250e+05,1.000000e-09,-7.142063e+00,-3.496685e+00,2.5161624337498019e-04,6.2050261105767906e-04
977,4.6668769990133800e-06,4.8359758620494268e-06,9.2857926675673521e-10,1.019388e+03,1.0000000000000002e-06,2.181693e+07,2.171560e+07,1.161396e+02,1.013250e+05,1.000000e-09,-7.142073e+00,-3.496685e+00,2.5161624856511703e-04,6.2050261108133439e-04
978,4.6668769907591481e-06,4.8359758620494268e-06,9.2857916250810457e-10,1.019388e+03,1.0000000000000002e-06,2.181686e+07,2.171554e+07,1.161396e+02,1.013250e+05,1.000000e-09,-7.142084e+00,-3.496686e+00,2.5161625375628581e-04,6.2050261110503039e-04
979,4.6668769824987058e-06,4.8359758620494268e-06,9.2857905825323470e-10,1.019388e+03,1.0000000000000002e-06,2.181680e+07,2.171547e+07,1.161396e+02,1.013250e+05,1.000000e-09,-7.142094e+00,-3.496686e+00,2.5161625894848589e-04,6.2050261112876607e-04
980,4.6668769742320598e-06,4.8359758620494268e-06,9.2857895399213658e-10,1.019388e+03,1.0000000000000002e-06,2.181673e+07,2.171540e+07,1.161396e+02,1.013250e+05,1.000000e-09,-7.142105e+00,-3.496686e+00,2.5161626414171726e-04,6.2050261115254067e-04
981,4.6668769659592042e-06,4.8359758620494268e-06,9.2857884972479800e-10,1.019388e+03,1.0000000000000002e-06,2.181666e+07,2.171534e+07,1.161396e+02,1.013250e+05,1.000000e-09,-7.142115e+00,-3.496686e+00,2.5161626933597981e-04,6.2050261117635355e-04
982,4.6668769576801254e-06,4.8359758620494268e-06,9.2857874545122775e-10,1.019388e+03,1.0000000000000002e-06,2.181660e+07,2.171527e+07,1.161396e+02,1.013250e+05,1.000000e-09,-7.142125e+00,-3.496686e+00,2.5161627453127399e-04,6.2050261120020404e-04
983,4.6668769493948261e-06,4.8359758620494268e-06,9.2857864117141560e-10,1.019388e+03,1.0000000000000002e-06,2.181653e+07,2.171521e+07,1.161396e+02,1.013250e+05,1.000000e-09,-7.142136e+00,-3.496686e+00,2.5161627972759859e-04,6.2050261122409097e-04
984,4.6668769411033180e-06,4.8359758620494268e-06,9.2857853688536816e-10,1.019388e+03,1.0000000000000002e-06,2.181647e+07,2.171514e+07,1.161396e+02,1.013250e+05,1.000000e-09,-7.142146e+00,-3.496687e+00,2.5161628492495426e-04,6.2050261124801422e-04
985,4.6668769328055706e-06,4.8359758620494268e-06,9.2857843259307923e-10,1.019388e+03,1.0000000000000002e-06,2.181640e+07,2.171508e+07,1.161396e+02,1.013250e+05,1.000000e-09,-7.142157e+00,-3.496687e+00,2.5161629012334123e-04,6.2050261127197259e-04
986,4.6668769245015772e-06,4.8359758620494268e-06,9.2857832829455129e-10,1.019388e+03,1.0000000000000002e-06,2.181634e+07,2.171501e+07,1.161396e+02,1.013250e+05,1.000000e-09,-7.142167e+00,-3.496687e+00,2.5161629532275835e-04,6.2050261129596544e-04
987,4.6668769161913675e-06,4.8359758620494268e-06,9.2857822398977545e-10,1.019388e+03,1.0000000000000002e-06,2.181627e+07,2.171494e+07,1.161396e+02,1.013250e+05,1.000000e-09,-7.142178e+00,-3.496687e+00,2.5161630052320541e-04,6.2050261131999223e-04
988,4.6668769078749032e-06,4.8359758620494268e-06,9.2857811967876391e-10,1.019388e+03,1.0000000000000002e-06,2.181620e+07,2.171488e+07,1.161396e+02,1.013250e+05,1.000000e-09,-7.142188e+00,-3.496687e+00,2.5161630572468398e-04,6.2050261134405219e-04
989,4.6668768995522023e-06,4.8359758620494268e-06,9.2857801536150405e-10,1.019388e+03,1.0000000000000002e-06,2.181614e+07,2.171481e+07,1.161396e+02,1.013250e+05,1.000000e-09,-7.142198e+00,-3.496687e+00,2.5161631092719119e-04,6.2050261136814479e-04
990,4.6668768912232578e-06,4.8359758620494268e-06,9.2857791103799856e-10,1.019388e+03,1.0000000000000002e-06,2.181607e+07,2.171475e+07,1.161396e+02,1.013250e+05,1.000000e-09,-7.142209e+00,-3.496688e+00,2.5161631613072953e-04,6.2050261139226916e-04
991,4.6668768828880649e-06,4.8359758620494268e-06,9.2857780670824838e-10,1.019388e+03,1.0000000000000002e-06,2.181601e+07,2.171468e+07,1.161396e+02,1.013250e+05,1.000000e-09,-7.142219e+00,-3.496688e+00,2.5161632133529797e-04,6.2050261141642497e-04
992,4.6668768745466055e-06,4.8359758620494268e-06,9.2857770237225102e-10,1.019388e+03,1.0000000000000002e-06,2.181594e+07,2.171462e+07,1.161396e+02,1.013250e+05,1.000000e-09,-7.142230e+00,-3.496688e+00,2.5161632654089531e-04,6.2050261144061124e-04
993,4.6668768661988900e-06,4.8359758620494268e-06,9.2857759803000544e-10,1.019388e+03,1.0000000000000002e-06,2.181588e+07,2.171455e+07,1.161396e+02,1.013250e+05,1.000000e-09,-7.142240e+00,-3.496688e+00,2.5161633174752254e-04,6.2050261146482776e-04
994,4.6668768578449191e-06,4.8359758620494268e-06,9.2857749368151197e-10,1.019388e+03,1.0000000000000002e-06,2.181581e+07,2.171448e+07,1.161395e+02,1.013250e+05,1.000000e-09,-7.142251e+00,-3.496688e+00,2.5161633695517977e-04,6.2050261148907367e-04
995,4.6668768494846921e-06,4.8359758620494268e-06,9.2857738932676583e-10,1.019388e+03,1.0000000000000002e-06,2.181574e+07,2.171442e+07,1.161395e+02,1.013250e+05,1.000000e-09,-7.142261e+00,-3.496689e+00,2.5161634216386682e-04,6.2050261151334841e-04
996,4.6668768411181877e-06,4.8359758620494268e-06,9.2857728496576973e-10,1.019388e+03,1.0000000000000002e-06,2.181568e+07,2.171435e+07,1.161395e+02,1.013250e+05,1.000000e-09,-7.142272e+00,-3.496689e+00,2.5161634737358202e-04,6.2050261153765145e-04
997,4.6668768327454118e-06,4.8359758620494268e-06,9.2857718059852387e-10,1.019388e+03,1.0000000000000002e-06,2.181561e+07,2.171429e+07,1.161395e+02,1.013250e+05,1.000000e-09,-7.142282e+00,-3.496689e+00,2.5161635258432661e-04,6.2050261156198225e-04
998,4.6668768243663637e-06,4.8359758620494268e-06,9.2857707622502431e-10,1.019388e+03,1.0000000000000002e-06,2.181555e+07,2.171422e+07,1.161395e+02,1.013250e+05,1.000000e-09,-7.142292e+00,-3.496689e+00,2.5161635779610126e-04,6.2050261158634015e-04
999,4.6668768159810450e-06,4.8359758620494268e-06,9.2857697184527064e-10,1.019388e+03,1.0000000000000002e-06,2.181548e+07,2.171416e+07,1.161395e+02,1.013250e+05,1.000000e-09,-7.142303e+00,-3.496689e+00,2.5161636300890378e-04,6.2050261161072462e-04
