iter,A_PL_total,Astar_safe_total,A_target,V_total,Vi_true_base_total,Vi_true_plus_total,rho_mean,mass_total,P_inside_mean,dP_mean,surface_tension_mean,P_outside_mean,dt,rel.error.V%,rel.error.A%,ave_dist_nnpt,ave_dist_O
0,5.9551677775396486e-06,5.9999999999999985e-06,4.8359758620494268e-06,1.0000000000000044e-09,1.0000000000000003e-09,1.0000000000000003e-09,1.000000e+03,1.0000000000000002e-06,1.014222e+05,9.715214e+01,9.715214e+01,1.013250e+05,1.000000e-09,0.000000e+00,2.407010e+01,2.8348925287530191e-04,6.5767531907929633e-04
1,5.9118097047572978e-06,5.9551677775396570e-06,4.8359758620494268e-06,9.9815493811827350e-10,9.9815493811827391e-10,9.9815493811827391e-10,1.002093e+03,1.0000000000000002e-06,4.243602e+06,4.142277e+06,9.771001e+01,1.013250e+05,1.000000e-09,-1.845062e-01,2.314304e+01,2.8249243632844822e-04,6.5692886190267888e-04
2,5.8698811054052162e-06,5.9118097047572902e-06,4.8359758620494268e-06,9.9636348199574927e-10,9.9636348199574782e-10,9.9636348199574782e-10,1.004186e+03,1.0000000000000002e-06,8.615326e+06,8.514001e+06,9.825720e+01,1.013250e+05,1.000000e-09,-3.636518e-01,2.224647e+01,2.8152647799875949e-04,6.5619738634713546e-04
3,5.8293381759207133e-06,5.8698811054052314e-06,4.8359758620494268e-06,9.8876727012965924e-10,9.9462395446493736e-10,9.9462395446493736e-10,1.006275e+03,1.0000000000000002e-06,1.321143e+07,1.311011e+07,9.879363e+01,1.013250e+05,1.000000e-09,-1.123273e+00,2.137945e+01,2.8059051424429000e-04,6.5548060253416032e-04
4,5.7901379916615320e-06,5.8293381759207167e-06,4.8359758620494268e-06,9.8787537006501594e-10,9.9293469852620657e-10,9.9293469852620657e-10,1.008318e+03,1.0000000000000002e-06,1.796671e+07,1.786539e+07,9.931919e+01,1.013250e+05,1.000000e-09,-1.212463e+00,2.054109e+01,2.7968368811936051e-04,6.5477821421205669e-04
5,5.7522387772321702e-06,5.7901379916615405e-06,4.8359758620494268e-06,9.8581543150471177e-10,9.9129404317339550e-10,9.9129404317339550e-10,1.009378e+03,1.0000000000000002e-06,2.148947e+07,2.138815e+07,9.983382e+01,1.013250e+05,1.000000e-09,-1.418457e+00,1.973050e+01,2.7880516482584196e-04,6.5408992940586060e-04
6,5.7155999458378173e-06,5.7522387772321642e-06,4.8359758620494268e-06,9.8638713353650129e-10,9.8970038772388380e-10,9.8970038772388380e-10,1.010477e+03,1.0000000000000002e-06,2.519100e+07,2.508967e+07,1.003375e+02,1.013250e+05,1.000000e-09,-1.361287e+00,1.894680e+01,2.7795412888988365e-04,6.5341546268393117e-04
7,5.6801820672603268e-06,5.7155999458378198e-06,4.8359758620494268e-06,9.8983313391846351e-10,9.8815219038578358e-10,9.8815219038578358e-10,1.011996e+03,1.0000000000000002e-06,2.949052e+07,2.938920e+07,1.008301e+02,1.013250e+05,1.000000e-09,-1.016687e+00,1.818917e+01,2.7712978391971119e-04,6.5275453501635649e-04
8,5.6459468228280004e-06,5.6801820672603310e-06,4.8359758620494268e-06,9.8999902070631057e-10,9.8664796601021173e-10,9.8664796601021173e-10,1.013497e+03,1.0000000000000002e-06,3.388107e+07,3.377974e+07,1.013118e+02,1.013250e+05,1.000000e-09,-1.000098e+00,1.745679e+01,2.7633135222246516e-04,6.5210687434161154e-04
9,5.6128569912021855e-06,5.6459468228279987e-06,4.8359758620494268e-06,9.9091668023621799e-10,9.8518629338580948e-10,9.8518629338580948e-10,1.014624e+03,1.0000000000000002e-06,3.699473e+07,3.689340e+07,1.017824e+02,1.013250e+05,1.000000e-09,-9.083320e-01,1.674886e+01,2.7555807504850188e-04,6.5147221952700698e-04
10,5.5808764030343661e-06,5.6128569912021898e-06,4.8359758620494268e-06,9.8749143289642630e-10,9.8376584850404027e-10,9.8376584850404027e-10,1.014782e+03,1.0000000000000002e-06,3.648036e+07,3.637903e+07,1.022420e+02,1.013250e+05,1.000000e-09,-1.250857e+00,1.606462e+01,2.7480921176770558e-04,6.5085031262100094e-04
11,5.5499699182792369e-06,5.5808764030343644e-06,4.8359758620494268e-06,9.7926192876061823e-10,9.8238533586865127e-10,9.8238533586865127e-10,1.014940e+03,1.0000000000000002e-06,3.599955e+07,3.589822e+07,1.026907e+02,1.013250e+05,1.000000e-09,-2.073807e+00,1.540331e+01,2.7408403976712889e-04,6.5024090079779091e-04
12,5.5201033999158426e-06,5.5499699182792436e-06,4.8359758620494268e-06,9.8130288143235435e-10,9.8104350474938367e-10,9.8104350474938367e-10,1.015099e+03,1.0000000000000002e-06,3.555123e+07,3.544990e+07,1.031283e+02,1.013250e+05,1.000000e-09,-1.869712e+00,1.476422e+01,2.7338185419920578e-04,6.4964373625516804e-04
13,5.4912436884674412e-06,5.5201033999158383e-06,4.8359758620494268e-06,9.8073174002496005e-10,9.7973914753452150e-10,9.7973914753452150e-10,1.015258e+03,1.0000000000000002e-06,3.513436e+07,3.503304e+07,1.035552e+02,1.013250e+05,1.000000e-09,-1.926826e+00,1.414663e+01,2.7270196772774275e-04,6.4905857611441691e-04
14,5.4633585772762302e-06,5.4912436884674412e-06,4.8359758620494268e-06,9.8039024197982557e-10,9.7847109814641871e-10,9.7847109814641871e-10,1.015418e+03,1.0000000000000002e-06,3.474794e+07,3.464661e+07,1.039711e+02,1.013250e+05,1.000000e-09,-1.960976e+00,1.354986e+01,2.7204371027151746e-04,6.4848518232221480e-04
15,5.4364167884904681e-06,5.4633585772762344e-06,4.8359758620494268e-06,9.7945507906103859e-10,9.7723823051754024e-10,9.7723823051754024e-10,1.015346e+03,1.0000000000000002e-06,3.394829e+07,3.384697e+07,1.043764e+02,1.013250e+05,1.000000e-09,-2.054492e+00,1.297324e+01,2.7140642874538096e-04,6.4792332155449582e-04
16,5.4103879497246233e-06,5.4364167884904698e-06,4.8359758620494268e-06,9.7891452790680188e-10,9.7603945712464569e-10,9.7603945712464569e-10,1.015121e+03,1.0000000000000002e-06,3.287792e+07,3.277660e+07,1.047710e+02,1.013250e+05,1.000000e-09,-2.108547e+00,1.241613e+01,2.7078948679884886e-04,6.4737276512223619e-04
17,5.3852425713551898e-06,5.4103879497246292e-06,4.8359758620494268e-06,9.7843226105483544e-10,9.7487372757884300e-10,9.7487372757884300e-10,1.014901e+03,1.0000000000000002e-06,3.183442e+07,3.173309e+07,1.051550e+02,1.013250e+05,1.000000e-09,-2.156774e+00,1.187789e+01,2.7019226455214597e-04,6.4683328887912513e-04
18,5.3609520244170990e-06,5.3852425713551872e-06,4.8359758620494268e-06,9.7811486457842792e-10,9.7374002726933485e-10,9.7374002726933485e-10,1.014686e+03,1.0000000000000002e-06,3.081710e+07,3.071577e+07,1.055286e+02,1.013250e+05,1.000000e-09,-2.188514e+00,1.135793e+01,2.6961415832977870e-04,6.4630467313107941e-04
19,5.3374885190683383e-06,5.3609520244171024e-06,4.8359758620494268e-06,9.7787542587646396e-10,9.7263737605875733e-10,9.7263737605875733e-10,1.014476e+03,1.0000000000000002e-06,2.982529e+07,2.972396e+07,1.058919e+02,1.013250e+05,1.000000e-09,-2.212457e+00,1.085564e+01,2.6905458039171355e-04,6.4578670254756795e-04
20,5.3148250750777779e-06,5.3374885190683341e-06,4.8359758620494268e-06,9.7763937815082665e-10,9.7156482702809734e-10,9.7156482702809734e-10,1.014270e+03,1.0000000000000002e-06,2.885833e+07,2.875701e+07,1.062450e+02,1.013250e+05,1.000000e-09,-2.236062e+00,1.037045e+01,2.6851295853835952e-04,6.4527916411726829e-04
21,5.2929355085704608e-06,5.3148250750777703e-06,4.8359758620494268e-06,9.7735562997551442e-10,9.7052145724393260e-10,9.7052145724393260e-10,1.014069e+03,1.0000000000000002e-06,2.791561e+07,2.781429e+07,1.065881e+02,1.013250e+05,1.000000e-09,-2.264437e+00,9.901811e+00,2.6798873594245968e-04,6.4478184908396251e-04
22,5.2717944131639856e-06,5.2929355085704574e-06,4.8359758620494268e-06,9.7721010260693602e-10,9.6950637504203233e-10,9.6950637504203233e-10,1.013872e+03,1.0000000000000002e-06,2.699652e+07,2.689520e+07,1.069212e+02,1.013250e+05,1.000000e-09,-2.278990e+00,9.449171e+00,2.6748137089067101e-04,6.4429455308617669e-04
23,5.2513771396092365e-06,5.2717944131639932e-06,4.8359758620494268e-06,9.7711801154501835e-10,9.6851871978916652e-10,9.6851871978916652e-10,1.013679e+03,1.0000000000000002e-06,2.610048e+07,2.599916e+07,1.072446e+02,1.013250e+05,1.000000e-09,-2.288199e+00,9.012008e+00,2.6699033649487059e-04,6.4381707584668612e-04
24,5.2316597767624262e-06,5.2513771396092297e-06,4.8359758620494268e-06,9.7708080833784548e-10,9.6755765985035293e-10,9.6755765985035293e-10,1.013491e+03,1.0000000000000002e-06,2.522691e+07,2.512558e+07,1.075584e+02,1.013250e+05,1.000000e-09,-2.291919e+00,8.589813e+00,2.6651512041501400e-04,6.4334922109088733e-04
25,5.2126191329748225e-06,5.2316597767624322e-06,4.8359758620494268e-06,9.7461405395496625e-10,9.6662239153647043e-10,9.6662239153647043e-10,1.013306e+03,1.0000000000000002e-06,2.437525e+07,2.427393e+07,1.078627e+02,1.013250e+05,1.000000e-09,-2.538595e+00,8.182090e+00,2.6605522458076594e-04,6.4289079646680778e-04
26,5.1942327178809746e-06,5.2126191329748157e-06,4.8359758620494268e-06,9.7465526467261590e-10,9.6571213809195157e-10,9.6571213809195157e-10,1.013126e+03,1.0000000000000002e-06,2.354498e+07,2.344365e+07,1.081578e+02,1.013250e+05,1.000000e-09,-2.534474e+00,7.788361e+00,2.6561016491217105e-04,6.4244161346671145e-04
27,5.1764787245695431e-06,5.1942327178809763e-06,4.8359758620494268e-06,9.7477531592680990e-10,9.6482614872097992e-10,9.6482614872097992e-10,1.012949e+03,1.0000000000000002e-06,2.273555e+07,2.263422e+07,1.084438e+02,1.013250e+05,1.000000e-09,-2.522468e+00,7.408161e+00,2.6517947103963697e-04,6.4200148735027614e-04
28,5.1593360121209407e-06,5.1764787245695337e-06,4.8359758620494268e-06,9.7495781598972512e-10,9.6396369765068421e-10,9.6396369765068421e-10,1.012776e+03,1.0000000000000002e-06,2.194646e+07,2.184514e+07,1.087208e+02,1.013250e+05,1.000000e-09,-2.504218e+00,7.041037e+00,2.6476268602351456e-04,6.4157023706930402e-04
29,5.1427840884988914e-06,5.1593360121209263e-06,4.8359758620494268e-06,9.7521163667420294e-10,9.6312408322986966e-10,9.6312408322986966e-10,1.012688e+03,1.0000000000000002e-06,2.136604e+07,2.126472e+07,1.089892e+02,1.013250e+05,1.000000e-09,-2.478836e+00,6.686554e+00,2.6435936607355085e-04,6.4114768519393990e-04
30,5.1268030937835977e-06,5.1427840884988999e-06,4.8359758620494268e-06,9.7553839478583023e-10,9.6230662706191055e-10,9.6230662706191055e-10,1.012829e+03,1.0000000000000002e-06,2.133737e+07,2.123604e+07,1.092490e+02,1.013250e+05,1.000000e-09,-2.446161e+00,6.344288e+00,2.6396908026852595e-04,6.4073365784036431e-04
31,5.1113737837355898e-06,5.1268030937836011e-06,4.8359758620494268e-06,9.7692338583051710e-10,9.6151067317044909e-10,9.6151067317044909e-10,1.012968e+03,1.0000000000000002e-06,2.131051e+07,2.120918e+07,1.095004e+02,1.013250e+05,1.000000e-09,-2.307661e+00,6.013827e+00,2.6359141027634158e-04,6.4032798459993251e-04
32,5.0964775136812850e-06,5.1113737837355941e-06,4.8359758620494268e-06,9.7278972029387546e-10,9.6073558719663066e-10,9.6073558719663066e-10,1.013104e+03,1.0000000000000002e-06,2.128542e+07,2.118410e+07,1.097436e+02,1.013250e+05,1.000000e-09,-2.721028e+00,5.694775e+00,2.6322595007486846e-04,6.3993049846973135e-04
33,5.0820962227114696e-06,5.0964775136812935e-06,4.8359758620494268e-06,9.6945397976676665e-10,9.5998075562663748e-10,9.5998075562663748e-10,1.013238e+03,1.0000000000000002e-06,2.126208e+07,2.116076e+07,1.099789e+02,1.013250e+05,1.000000e-09,-3.054602e+00,5.386744e+00,2.6287230567383475e-04,6.3954103578452116e-04
34,5.0682124181854519e-06,5.0820962227114713e-06,4.8359758620494268e-06,9.6972976678213375e-10,9.5924558504834069e-10,9.5924558504834069e-10,1.013369e+03,1.0000000000000002e-06,2.124046e+07,2.113914e+07,1.102064e+02,1.013250e+05,1.000000e-09,-3.027023e+00,5.089363e+00,2.6253009483801691e-04,6.3915943615004418e-04
35,5.0548091605346468e-06,5.0682124181854595e-06,4.8359758620494268e-06,9.7007396738699026e-10,9.5852950143593658e-10,9.5852950143593658e-10,1.013497e+03,1.0000000000000002e-06,2.122052e+07,2.111919e+07,1.104263e+02,1.013250e+05,1.000000e-09,-2.992603e+00,4.802269e+00,2.6219894681203562e-04,6.3878554237766080e-04
36,5.0418700483596084e-06,5.0548091605346485e-06,4.8359758620494268e-06,9.7048873081977399e-10,9.5783194946147026e-10,9.5783194946147026e-10,1.013623e+03,1.0000000000000002e-06,2.120222e+07,2.110089e+07,1.106388e+02,1.013250e+05,1.000000e-09,-2.951127e+00,4.525111e+00,2.6187850204699274e-04,6.3841920042029461e-04
37,5.0293792038160304e-06,5.0418700483596126e-06,4.8359758620494268e-06,9.7097645536971098e-10,9.5715239183221234e-10,9.5715239183221234e-10,1.013747e+03,1.0000000000000002e-06,2.118552e+07,2.108419e+07,1.108441e+02,1.013250e+05,1.000000e-09,-2.902354e+00,4.257552e+00,2.6156841192922174e-04,6.3806025930966020e-04
38,5.0173212582850520e-06,5.0293792038160304e-06,4.8359758620494268e-06,9.7153980722297427e-10,9.5649030865286876e-10,9.5649030865286876e-10,1.013868e+03,1.0000000000000002e-06,2.117038e+07,2.106906e+07,1.110423e+02,1.013250e+05,1.000000e-09,-2.846019e+00,3.999262e+00,2.6126833851138195e-04,6.3770857109474025e-04
39,5.0056813383245001e-06,5.0173212582850563e-06,4.8359758620494268e-06,9.7218174236509812e-10,9.5584519681167501e-10,9.5584519681167501e-10,1.013986e+03,1.0000000000000002e-06,2.115678e+07,2.105545e+07,1.112337e+02,1.013250e+05,1.000000e-09,-2.781826e+00,3.749924e+00,2.6097795424614252e-04,6.3736399078149846e-04
40,4.9944450518975068e-06,5.0497604049460438e-06,4.8359758620494268e-06,9.5948366825876815e-10,9.5521656938943230e-10,9.5521656938943230e-10,1.014103e+03,1.0000000000000002e-06,2.205665e+07,2.195532e+07,1.119153e+02,1.013250e+05,1.000000e-09,-4.051633e+00,4.420712e+00,2.6069694172265075e-04,6.3702637627379279e-04
41,4.9835978444519609e-06,5.0388170080638229e-06,4.8359758620494268e-06,9.5909097742483607e-10,9.5460395509061095e-10,9.5460395509061095e-10,1.014217e+03,1.0000000000000002e-06,2.205411e+07,2.195279e+07,1.120806e+02,1.013250e+05,1.000000e-09,-4.090902e+00,4.194420e+00,2.6042498002629865e-04,6.3669557019225740e-04
42,4.9731248430432193e-06,5.0281720256279513e-06,4.8359758620494268e-06,9.5870606794400532e-10,9.5400687259360787e-10,9.5400687259360787e-10,1.014329e+03,1.0000000000000002e-06,2.205107e+07,2.194975e+07,1.122389e+02,1.013250e+05,1.000000e-09,-4.129393e+00,3.974299e+00,2.6016171591839474e-04,6.3637137059063180e-04
43,4.9630131904586425e-06,5.0178166493090613e-06,4.8359758620494268e-06,9.5832739773832601e-10,9.5342455789477390e-10,9.5342455789477390e-10,1.014439e+03,1.0000000000000002e-06,2.204773e+07,2.194641e+07,1.123904e+02,1.013250e+05,1.000000e-09,-4.167260e+00,3.760167e+00,2.5990687571828751e-04,6.3605364743842484e-04
44,4.9532510742825666e-06,5.0077484941444160e-06,4.8359758620494268e-06,9.5795086917051314e-10,9.5285664248784959e-10,9.5285664248784959e-10,1.014546e+03,1.0000000000000002e-06,2.204422e+07,2.194289e+07,1.125355e+02,1.013250e+05,1.000000e-09,-4.204913e+00,3.551975e+00,2.5966020254767676e-04,6.3574232728070450e-04
45,4.9438264460624090e-06,4.9979635867699530e-06,4.8359758620494268e-06,9.5759268804230543e-10,9.5230313170057828e-10,9.5230313170057828e-10,1.014652e+03,1.0000000000000002e-06,2.204044e+07,2.193911e+07,1.126746e+02,1.013250e+05,1.000000e-09,-4.240731e+00,3.349639e+00,2.5942142932917662e-04,6.3543728485541875e-04
46,4.9347275574877024e-06,4.9884574331227357e-06,4.8359758620494268e-06,9.5723469378997512e-10,9.5176364497126626e-10,9.5176364497126626e-10,1.014755e+03,1.0000000000000002e-06,2.203650e+07,2.193518e+07,1.128079e+02,1.013250e+05,1.000000e-09,-4.276531e+00,3.153067e+00,2.5919029413391234e-04,6.3513838834595201e-04
47,4.9259431157042295e-06,4.9792252908212236e-06,4.8359758620494268e-06,9.5688220203336958e-10,9.5123774126963185e-10,9.5123774126963185e-10,1.014857e+03,1.0000000000000002e-06,2.203252e+07,2.193120e+07,1.129357e+02,1.013250e+05,1.000000e-09,-4.311780e+00,2.962162e+00,2.5896654561450048e-04,6.3484551489350141e-04
48,4.9174622038063577e-06,4.9702623239687519e-06,4.8359758620494268e-06,9.5653470053022407e-10,9.5072504355011062e-10,9.5072504355011062e-10,1.014956e+03,1.0000000000000002e-06,2.202860e+07,2.192727e+07,1.130584e+02,1.013250e+05,1.000000e-09,-4.346530e+00,2.776822e+00,2.5874994046425548e-04,6.3455854409504128e-04
49,4.9092739630099453e-06,4.9615635656354805e-06,4.8359758620494268e-06,9.5619170733082625e-10,9.5022518650759446e-10,9.5022518650759446e-10,1.015053e+03,1.0000000000000002e-06,2.202481e+07,2.192348e+07,1.131760e+02,1.013250e+05,1.000000e-09,-4.380829e+00,2.596946e+00,2.5854023866247279e-04,6.3427732507110527e-04
50,4.9013679828174447e-06,4.9531241452439759e-06,4.8359758620494268e-06,9.5585152061396231e-10,9.4973769559305525e-10,9.4973769559305525e-10,1.015149e+03,1.0000000000000002e-06,2.202134e+07,2.192001e+07,1.132889e+02,1.013250e+05,1.000000e-09,-4.414848e+00,2.422433e+00,2.5833720917131918e-04,6.3400172126159898e-04
51,4.8937344989256281e-06,4.9449389709056192e-06,4.8359758620494268e-06,9.5551303946526748e-10,9.4926215197976555e-10,9.4926215197976555e-10,1.015243e+03,1.0000000000000002e-06,2.201833e+07,2.191701e+07,1.133973e+02,1.013250e+05,1.000000e-09,-4.448696e+00,2.253177e+00,2.5814063280472845e-04,6.3373163119376003e-04
52,4.8863639795245296e-06,4.9370026563933873e-06,4.8359758620494268e-06,9.5517644637822930e-10,9.4879826746278438e-10,9.4879826746278438e-10,1.015334e+03,1.0000000000000002e-06,2.201581e+07,2.191448e+07,1.135015e+02,1.013250e+05,1.000000e-09,-4.482355e+00,2.089067e+00,2.5795029605310570e-04,6.3346694459815920e-04
53,4.8792472162425419e-06,4.9293098295704923e-06,4.8359758620494268e-06,9.5484151168916639e-10,9.4834572345728667e-10,9.4834572345728667e-10,1.015425e+03,1.0000000000000002e-06,2.201380e+07,2.191247e+07,1.136015e+02,1.013250e+05,1.000000e-09,-4.515849e+00,1.929992e+00,2.5776599236869478e-04,6.3320755340892806e-04
54,4.8723753141758417e-06,4.9218550721708253e-06,4.8359758620494268e-06,9.5450802204565045e-10,9.4790421114673676e-10,9.4790421114673676e-10,1.015513e+03,1.0000000000000002e-06,2.201235e+07,2.191102e+07,1.136975e+02,1.013250e+05,1.000000e-09,-4.549198e+00,1.775840e+00,2.5758752195988930e-04,6.3295335171977560e-04
55,4.8657396821594146e-06,4.9146329339455542e-06,4.8359758620494268e-06,9.5417577912153928e-10,9.4747343115213171e-10,9.4747343115213171e-10,1.015600e+03,1.0000000000000002e-06,2.201149e+07,2.191017e+07,1.137899e+02,1.013250e+05,1.000000e-09,-4.582422e+00,1.626498e+00,2.5741469158996794e-04,6.3270423574087961e-04
56,4.8593320232772271e-06,4.9076379459071114e-06,4.8359758620494268e-06,9.5292344124977506e-10,9.4705309321327270e-10,9.4705309321327270e-10,1.015685e+03,1.0000000000000002e-06,2.201126e+07,2.190993e+07,1.138786e+02,1.013250e+05,1.000000e-09,-4.707656e+00,1.481854e+00,2.5724731438026591e-04,6.3246010375663951e-04
57,4.8531443256094893e-06,4.9008646327939667e-06,4.8359758620494268e-06,9.5253588429358287e-10,9.4664291588160973e-10,9.4664291588160973e-10,1.015768e+03,1.0000000000000002e-06,2.201166e+07,2.191033e+07,1.139639e+02,1.013250e+05,1.000000e-09,-4.746412e+00,1.341793e+00,2.5708520961779014e-04,6.3222085608427288e-04
58,4.8471688532139990e-06,4.8943075245521025e-06,4.8359758620494268e-06,9.5215177140470663e-10,9.4624262622421970e-10,9.4624262622421970e-10,1.015850e+03,1.0000000000000002e-06,2.201272e+07,2.191140e+07,1.140459e+02,1.013250e+05,1.000000e-09,-4.784823e+00,1.206203e+00,2.5692820256729743e-04,6.3198639503323720e-04
59,4.8413981373394818e-06,4.8879611670287118e-06,4.8359758620494268e-06,9.5177081981903444e-10,9.4585195953849137e-10,9.4585195953849137e-10,1.015930e+03,1.0000000000000002e-06,2.201445e+07,2.191313e+07,1.141248e+02,1.013250e+05,1.000000e-09,-4.822918e+00,1.074970e+00,2.5677612428779317e-04,6.3175662486546029e-04
60,4.8358249678676345e-06,4.8818201317488752e-06,4.8359758620494268e-06,9.5139276281172716e-10,9.4547065907711116e-10,9.4547065907711116e-10,1.016009e+03,1.0000000000000002e-06,2.201686e+07,2.191554e+07,1.142006e+02,1.013250e+05,1.000000e-09,-4.860724e+00,9.479838e-01,2.5662881145348216e-04,6.3153145175636556e-04
61,4.8304423849811699e-06,4.8758790249181146e-06,4.8359758620494268e-06,9.5101734836690049e-10,9.4509847578296502e-10,9.4509847578296502e-10,1.016086e+03,1.0000000000000002e-06,2.201995e+07,2.191863e+07,1.142736e+02,1.013250e+05,1.000000e-09,-4.898265e+00,8.251316e-01,2.5648610617909936e-04,6.3131078375667376e-04
62,4.8252436710548298e-06,4.8701324956292438e-06,4.8359758620494268e-06,9.5064433792933515e-10,9.4473516803357204e-10,9.4473516803357204e-10,1.016161e+03,1.0000000000000002e-06,2.202373e+07,2.192240e+07,1.143437e+02,1.013250e+05,1.000000e-09,-4.935566e+00,7.063028e-01,2.5634785584963788e-04,6.3109453075496777e-04
63,4.8202223427661675e-06,4.8645752433801315e-06,4.8359758620494268e-06,9.5027350524035932e-10,9.4438050139469616e-10,9.4438050139469616e-10,1.016235e+03,1.0000000000000002e-06,2.202818e+07,2.192686e+07,1.144112e+02,1.013250e+05,1.000000e-09,-4.972649e+00,5.913880e-01,2.5621391295441257e-04,6.3088260444100141e-04
64,4.8153721434227329e-06,4.8592020249295371e-06,4.8359758620494268e-06,9.4990463527124376e-10,9.4403424838278788e-10,9.4403424838278788e-10,1.016308e+03,1.0000000000000002e-06,2.203331e+07,2.193199e+07,1.144760e+02,1.013250e+05,1.000000e-09,-5.009536e+00,4.802787e-01,2.5608413492542566e-04,6.3067491826974194e-04
65,4.8106870355024303e-06,4.8540076605341431e-06,4.8359758620494268e-06,9.4953752318728730e-10,9.4369618823591859e-10,9.4369618823591859e-10,1.016380e+03,1.0000000000000002e-06,2.203911e+07,2.193779e+07,1.145384e+02,1.013250e+05,1.000000e-09,-5.046248e+00,3.728678e-01,2.5595838397999486e-04,6.3047138742613074e-04
66,4.8061611934034663e-06,4.8489870396217363e-06,4.8359758620494268e-06,9.4917197343084970e-10,9.4336610669289496e-10,9.4336610669289496e-10,1.016449e+03,1.0000000000000002e-06,2.204557e+07,2.194424e+07,1.145984e+02,1.013250e+05,1.000000e-09,-5.082803e+00,2.690497e-01,2.5583652696758991e-04,6.3027192879054237e-04
67,4.8017889964003423e-06,4.8125667872499994e-06,4.8359758620494268e-06,9.4809542624015948e-10,9.4304379578024052e-10,9.4304379578024052e-10,1.016518e+03,1.0000000000000002e-06,2.137329e+07,2.127196e+07,1.146715e+02,1.013250e+05,1.000000e-09,-5.190457e+00,-4.840610e-01,2.5571843522082167e-04,6.3007646090493697e-04
68,4.7975650218022703e-06,4.8199257480355110e-06,4.8359758620494268e-06,9.4805783195062277e-10,9.4272905360674572e-10,9.4272905360674572e-10,1.016585e+03,1.0000000000000002e-06,2.164097e+07,2.153964e+07,1.147240e+02,1.013250e+05,1.000000e-09,-5.194217e+00,-3.318899e-01,2.5560398441053348e-04,6.2988490393968562e-04
69,4.7934840383102993e-06,4.8725042151000965e-06,4.8359758620494268e-06,9.4625313143882195e-10,9.4242168416531448e-10,9.4242168416531448e-10,1.016651e+03,1.0000000000000002e-06,2.286759e+07,2.276626e+07,1.147365e+02,1.013250e+05,1.000000e-09,-5.374687e+00,7.553461e-01,2.5549305440492607e-04,6.2969717966105591e-04
70,4.7895409995692314e-06,4.8477621885781509e-06,4.8359758620494268e-06,9.4806531790613709e-10,9.4212149714182061e-10,9.4212149714182061e-10,1.016716e+03,1.0000000000000002e-06,2.244552e+07,2.234420e+07,1.148009e+02,1.013250e+05,1.000000e-09,-5.193468e+00,2.437218e-01,2.5538552913266255e-04,6.2951321139934817e-04
71,4.7857310379107675e-06,4.8425243221086241e-06,4.8359758620494268e-06,9.4771052599997884e-10,9.4182830773071763e-10,9.4182830773071763e-10,1.016779e+03,1.0000000000000002e-06,2.243378e+07,2.233246e+07,1.148490e+02,1.013250e+05,1.000000e-09,-5.228947e+00,1.354113e-01,2.5528129644987035e-04,6.2933292401766503e-04
72,4.7820494582837270e-06,4.8222356369832022e-06,4.8359758620494268e-06,9.4700148978313098e-10,9.4154193645715110e-10,9.4154193645715110e-10,1.016842e+03,1.0000000000000002e-06,2.209735e+07,2.199603e+07,1.149133e+02,1.013250e+05,1.000000e-09,-5.299851e+00,-2.841252e-01,2.5518024801098597e-04,6.2915624388130433e-04
73,4.7784917323675667e-06,4.8618451736546701e-06,4.8359758620494268e-06,9.4770416303925003e-10,9.4126220900532859e-10,9.4126220900532859e-10,1.016902e+03,1.0000000000000002e-06,2.303525e+07,2.293392e+07,1.149026e+02,1.013250e+05,1.000000e-09,-5.229584e+00,5.349347e-01,2.5508227914337135e-04,6.2898309882776352e-04
74,4.7750534928652311e-06,4.8525619488682346e-06,4.8359758620494268e-06,9.4720870029700486e-10,9.4098895605291331e-10,9.4098895605291331e-10,1.016962e+03,1.0000000000000002e-06,2.293123e+07,2.282991e+07,1.149486e+02,1.013250e+05,1.000000e-09,-5.279130e+00,3.429729e-01,2.5498728872561550e-04,6.2881341813733832e-04
75,4.7717305279714569e-06,4.8436041726250679e-06,4.8359758620494268e-06,9.4671864694746924e-10,9.4072201311121787e-10,9.4072201311121787e-10,1.017021e+03,1.0000000000000002e-06,2.283140e+07,2.273007e+07,1.149941e+02,1.013250e+05,1.000000e-09,-5.328135e+00,1.577409e-01,2.5489517906946384e-04,6.2864713250431283e-04
76,4.7685187760122545e-06,4.8349632985946128e-06,4.8359758620494268e-06,9.4623378780773033e-10,9.4046122037098651e-10,9.4046122037098651e-10,1.017078e+03,1.0000000000000002e-06,2.273567e+07,2.263434e+07,1.150391e+02,1.013250e+05,1.000000e-09,-5.376621e+00,-2.093814e-02,2.5480585580528849e-04,6.2848417400871912e-04
77,4.7654143202520656e-06,4.8440614739408311e-06,4.8359758620494268e-06,9.4616242922118406e-10,9.4020642255354996e-10,9.4020642255354996e-10,1.017135e+03,1.0000000000000002e-06,2.301453e+07,2.291321e+07,1.150523e+02,1.013250e+05,1.000000e-09,-5.383757e+00,1.671971e-01,2.5471922777102842e-04,6.2832447608866262e-04
78,4.7624133838641670e-06,4.8335570930561946e-06,4.8359758620494268e-06,9.4562901200165167e-10,9.3995746876716467e-10,9.3995746876716467e-10,1.017190e+03,1.0000000000000002e-06,2.287521e+07,2.277388e+07,1.150986e+02,1.013250e+05,1.000000e-09,-5.437099e+00,-5.001615e-02,2.5463520690452619e-04,6.2816797351319899e-04
79,4.7595123250605820e-06,4.8234367526611047e-06,4.8359758620494268e-06,9.4510229536289133e-10,9.3971421236833306e-10,9.3971421236833306e-10,1.017244e+03,1.0000000000000002e-06,2.274139e+07,2.264006e+07,1.151448e+02,1.013250e+05,1.000000e-09,-5.489770e+00,-2.592881e-01,2.5455370813917282e-04,6.2801460235575033e-04
80,4.7567076323775830e-06,4.8136891582213424e-06,4.8359758620494268e-06,9.4458199326046291e-10,9.3947651082793181e-10,9.3947651082793181e-10,1.017297e+03,1.0000000000000002e-06,2.261296e+07,2.251163e+07,1.151907e+02,1.013250e+05,1.000000e-09,-5.541801e+00,-4.608523e-01,2.5447464930279711e-04,6.2786429996805322e-04
81,4.7539959201126708e-06,4.8691400179400976e-06,4.8359758620494268e-06,9.4868731599557090e-10,9.3924422560196235e-10,9.3924422560196235e-10,1.017349e+03,1.0000000000000002e-06,2.354918e+07,2.344786e+07,1.154237e+02,1.013250e+05,1.000000e-09,-5.131268e+00,6.857800e-01,2.5439795101971178e-04,6.2771700495462370e-04
82,4.7513739239093927e-06,4.9089401332246343e-06,4.8359758620494268e-06,9.9723680007991327e-10,9.3901722200675625e-10,9.3901722200675625e-10,1.017400e+03,1.0000000000000002e-06,2.230136e+07,2.220003e+07,1.149980e+02,1.013250e+05,1.000000e-09,-2.763200e-01,1.508781e+00,2.5432353661584322e-04,6.2757265714773625e-04
83,4.7488384964858031e-06,4.8960087747525507e-06,4.8359758620494268e-06,9.9714536991641016e-10,9.3879536909847793e-10,9.3879536909847793e-10,1.017451e+03,1.0000000000000002e-06,2.209220e+07,2.199087e+07,1.150430e+02,1.013250e+05,1.000000e-09,-2.854630e-01,1.241382e+00,2.5425133202686839e-04,6.2743119758289472e-04
84,4.7463866035030137e-06,4.8859908071008932e-06,4.8359758620494268e-06,9.9709758620549755e-10,9.3857853955675257e-10,9.3857853955675257e-10,1.017500e+03,1.0000000000000002e-06,2.193785e+07,2.183653e+07,1.150858e+02,1.013250e+05,1.000000e-09,-2.902414e-01,1.034227e+00,2.5418126570927991e-04,6.2729256847479816e-04
85,4.7440153195699558e-06,4.8765615515195997e-06,4.8359758620494268e-06,9.9705843573672182e-10,9.3836660957228221e-10,9.3836660957228221e-10,1.017548e+03,1.0000000000000002e-06,2.179352e+07,2.169220e+07,1.151270e+02,1.013250e+05,1.000000e-09,-2.941564e-01,8.392451e-01,2.5411326855430676e-04,6.2715671319378303e-04
86,4.7417218243805908e-06,4.8670539920920483e-06,4.8359758620494268e-06,9.9701261128187197e-10,9.3815945873829693e-10,9.3815945873829693e-10,1.017595e+03,1.0000000000000002e-06,2.164514e+07,2.154381e+07,1.151684e+02,1.013250e+05,1.000000e-09,-2.987389e-01,6.426444e-01,2.5404727380460743e-04,6.2702357624273548e-04
87,4.7395033989798138e-06,4.8597181540821163e-06,4.8359758620494268e-06,9.9697507900728112e-10,9.3795696994570374e-10,9.3795696994570374e-10,1.017641e+03,1.0000000000000002e-06,2.154094e+07,2.143961e+07,1.152035e+02,1.013250e+05,1.000000e-09,-3.024921e-01,4.909514e-01,2.5398321697367150e-04,6.2689310323446547e-04
88,4.7373574221545578e-06,4.8560309892924180e-06,4.8359758620494268e-06,9.9694062173550717e-10,9.3775902928179474e-10,9.3775902928179474e-10,1.017687e+03,1.0000000000000002e-06,2.151301e+07,2.141169e+07,1.152275e+02,1.013250e+05,1.000000e-09,-3.059378e-01,4.147069e-01,2.5392103576785032e-04,6.2676524086952977e-04
89,4.7352813669464515e-06,4.8526832554749721e-06,4.8359758620494268e-06,9.9690906937605603e-10,9.3756552593239005e-10,9.3756552593239005e-10,1.017731e+03,1.0000000000000002e-06,2.148115e+07,2.137983e+07,1.152515e+02,1.013250e+05,1.000000e-09,-3.090931e-01,3.454813e-01,2.5386067001093764e-04,6.2663993691449956e-04
90,4.7332727972824562e-06,4.8734247585491196e-06,4.8359758620494268e-06,9.9748429161443987e-10,9.3737635208728460e-10,9.3737635208728460e-10,1.017775e+03,1.0000000000000002e-06,2.190467e+07,2.180335e+07,1.153010e+02,1.013250e+05,1.000000e-09,-2.515708e-01,7.743814e-01,2.5380206157124313e-04,6.2651714018065912e-04
91,4.7313293647200459e-06,4.8703468341212376e-06,4.8359758620494268e-06,9.9751983229808884e-10,9.3719140284888694e-10,9.3719140284888694e-10,1.017817e+03,1.0000000000000002e-06,2.186511e+07,2.176378e+07,1.153361e+02,1.013250e+05,1.000000e-09,-2.480168e-01,7.107350e-01,2.5374515429107535e-04,6.2639680050313165e-04
92,4.7294488053035943e-06,4.8785779556440533e-06,4.8359758620494268e-06,9.9780908345307739e-10,9.3701057614392630e-10,9.3701057614392630e-10,1.017859e+03,1.0000000000000002e-06,2.206546e+07,2.196413e+07,1.153330e+02,1.013250e+05,1.000000e-09,-2.190917e-01,8.809410e-01,2.5368989391856561e-04,6.2627886872042022e-04
93,4.7276289365285454e-06,4.8770994428643105e-06,4.8359758620494268e-06,9.9787383872051179e-10,9.3683377263812010e-10,9.3683377263812010e-10,1.017901e+03,1.0000000000000002e-06,2.205873e+07,2.195741e+07,1.153603e+02,1.013250e+05,1.000000e-09,-2.126161e-01,8.503678e-01,2.5363622804177671e-04,6.2616329665435635e-04
94,4.7258676544101551e-06,4.8756715449937931e-06,4.8359758620494268e-06,9.9793653660943947e-10,9.3666089565369841e-10,9.3666089565369841e-10,1.017941e+03,1.0000000000000002e-06,2.205246e+07,2.195113e+07,1.153867e+02,1.013250e+05,1.000000e-09,-2.063463e-01,8.208412e-01,2.5358410602500719e-04,6.2605003709044938e-04
95,4.7241629306535770e-06,4.8742926314836847e-06,4.8359758620494268e-06,9.9799722589818664e-10,9.3649185108967636e-10,9.3649185108967636e-10,1.017980e+03,1.0000000000000002e-06,2.204662e+07,2.194529e+07,1.154121e+02,1.013250e+05,1.000000e-09,-2.002774e-01,7.923276e-01,2.5353347894725427e-04,6.2593904375862774e-04
96,4.7225128099221185e-06,4.8729611125974531e-06,4.8359758620494268e-06,9.9805595525800057e-10,9.3632654734478223e-10,9.3632654734478223e-10,1.018019e+03,1.0000000000000002e-06,2.204119e+07,2.193986e+07,1.154366e+02,1.013250e+05,1.000000e-09,-1.944045e-01,7.647939e-01,2.5348429954273832e-04,6.2583027131436417e-04
97,4.7209154072007617e-06,4.8716754393478000e-06,4.8359758620494268e-06,9.9811277316435246e-10,9.3616489524293653e-10,9.3616489524293653e-10,1.018057e+03,1.0000000000000002e-06,2.203615e+07,2.193483e+07,1.154602e+02,1.013250e+05,1.000000e-09,-1.887227e-01,7.382083e-01,2.5343652214345407e-04,6.2572367532017740e-04
98,4.7193689052517783e-06,4.8704341033087331e-06,4.8359758620494268e-06,9.9816772781451096e-10,9.3600680796120370e-10,9.3600680796120370e-10,1.018094e+03,1.0000000000000002e-06,2.203149e+07,2.193017e+07,1.154829e+02,1.013250e+05,1.000000e-09,-1.832272e-01,7.125396e-01,2.5339010262366991e-04,6.2561921222750304e-04
99,4.7178715521595212e-06,4.8693642409353770e-06,4.8359758620494268e-06,9.9824723866533876e-10,9.3585220096011713e-10,9.3585220096011713e-10,1.018131e+03,1.0000000000000002e-06,2.202418e+07,2.192285e+07,1.155044e+02,1.013250e+05,1.000000e-09,-1.752761e-01,6.904166e-01,2.5334499834632067e-04,6.2551683935892699e-04
100,4.7164216589616948e-06,4.8682242775065275e-06,4.8359758620494268e-06,9.9829683009368162e-10,9.3570099191629526e-10,9.3570099191629526e-10,1.018167e+03,1.0000000000000002e-06,2.201982e+07,2.191849e+07,1.155254e+02,1.013250e+05,1.000000e-09,-1.703170e-01,6.668440e-01,2.5330116811123375e-04,6.2541651489077081e-04
101,4.7150175973642343e-06,5.0381893853054310e-06,4.8359758620494268e-06,1.0011647529681546e-09,9.3555310065727078e-10,9.3555310065727078e-10,1.018202e+03,1.0000000000000002e-06,2.291150e+07,2.281017e+07,1.151775e+02,1.013250e+05,1.000000e-09,1.164753e-01,4.181442e+00,2.5325857210512935e-04,6.2531819783602743e-04
102,4.7136577975369676e-06,5.0180223553009677e-06,4.8359758620494268e-06,1.0008837757542110e-09,9.3540844909845161e-10,9.3540844909845161e-10,1.018236e+03,1.0000000000000002e-06,2.281547e+07,2.271414e+07,1.152415e+02,1.013250e+05,1.000000e-09,8.837758e-02,3.764421e+00,2.5321717185334544e-04,6.2522184802763707e-04
103,4.7123407459876282e-06,4.9985245960925235e-06,4.8359758620494268e-06,1.0006145187072997e-09,9.3526696118213841e-10,9.3526696118213841e-10,1.018270e+03,1.0000000000000002e-06,2.272133e+07,2.262000e+07,1.153025e+02,1.013250e+05,1.000000e-09,6.145187e-02,3.361240e+00,2.5317693017322060e-04,6.2512742610209421e-04
104,4.7110649835114785e-06,4.9796731148647034e-06,4.8359758620494268e-06,1.0003565149469952e-09,9.3512856281852369e-10,9.3512856281852369e-10,1.018303e+03,1.0000000000000002e-06,2.262908e+07,2.252775e+07,1.153608e+02,1.013250e+05,1.000000e-09,3.565149e-02,2.971422e+00,2.5313781112909213e-04,6.2503489348338505e-04
105,4.7098291032141244e-06,4.9614458155007256e-06,4.8359758620494268e-06,1.0001093150256562e-09,9.3499318182860826e-10,9.3499318182860826e-10,1.018335e+03,1.0000000000000002e-06,2.253871e+07,2.243738e+07,1.154164e+02,1.013250e+05,1.000000e-09,1.093150e-02,2.594512e+00,2.5309977998885422e-04,6.2494421236724369e-04
106,4.7086317486050556e-06,5.0743179993796931e-06,4.8359758620494268e-06,1.0020135645354537e-09,9.3486074788895944e-10,9.3486074788895944e-10,1.018367e+03,1.0000000000000002e-06,2.323612e+07,2.313480e+07,1.156637e+02,1.013250e+05,1.000000e-09,2.013565e-01,4.928522e+00,2.5306280318201859e-04,6.2485534570572263e-04
107,4.7074716117595250e-06,5.0413881948642056e-06,4.8359758620494268e-06,1.0015130765523334e-09,9.3473119247825303e-10,9.3473119247825303e-10,1.018398e+03,1.0000000000000002e-06,2.306029e+07,2.295896e+07,1.156856e+02,1.013250e+05,1.000000e-09,1.513077e-01,4.247588e+00,2.5302684825924149e-04,6.2476825719207151e-04
108,4.7063474315465234e-06,5.0095627878368203e-06,4.8359758620494268e-06,1.0010346171015320e-09,9.3460444882553488e-10,9.3460444882553488e-10,1.018429e+03,1.0000000000000002e-06,2.288774e+07,2.278642e+07,1.157073e+02,1.013250e+05,1.000000e-09,1.034617e-01,3.589491e+00,2.5299188385325419e-04,6.2468291124591878e-04
109,4.7052579919205472e-06,4.9788038595632788e-06,4.8359758620494268e-06,1.0005772593771302e-09,9.3448045186013709e-10,9.3448045186013709e-10,1.018459e+03,1.0000000000000002e-06,2.271849e+07,2.261716e+07,1.157287e+02,1.013250e+05,1.000000e-09,5.772594e-02,2.953447e+00,2.5295787964116617e-04,6.2459927299874697e-04
110,4.7042021202749925e-06,4.9900115287988969e-06,4.8359758620494268e-06,1.0007863264984340e-09,9.3435913816319847e-10,9.3435913816319847e-10,1.018488e+03,1.0000000000000002e-06,2.277354e+07,2.267222e+07,1.156712e+02,1.013250e+05,1.000000e-09,7.863265e-02,3.185203e+00,2.5292480630807773e-04,6.2451730827965950e-04
111,4.7031786858551947e-06,4.9331241100855070e-06,4.8359758620494268e-06,9.9992315566225309e-10,9.3424044592072615e-10,9.3424044592072615e-10,1.018517e+03,1.0000000000000002e-06,2.246038e+07,2.235905e+07,1.157465e+02,1.013250e+05,1.000000e-09,-7.684434e-03,2.008865e+00,2.5289263551197421e-04,6.2443698360143210e-04
112,4.7021865982287619e-06,4.8781319815951023e-06,4.8359758620494268e-06,9.9909733122986650e-10,9.3412431487815109e-10,9.3412431487815109e-10,1.018545e+03,1.0000000000000002e-06,2.214914e+07,2.204782e+07,1.158195e+02,1.013250e+05,1.000000e-09,-9.026688e-02,8.717190e-01,2.5286133984984993e-04,6.2435826614684034e-04
113,4.7012248058116601e-06,4.8249713819130649e-06,4.8359758620494268e-06,9.9830731013057320e-10,9.3401068629632149e-10,9.3401068629632149e-10,1.018573e+03,1.0000000000000002e-06,2.184002e+07,2.173869e+07,1.158904e+02,1.013250e+05,1.000000e-09,-1.692690e-01,-2.275545e-01,2.5283089282502182e-04,6.2428112375526338e-04
114,4.7002922944476628e-06,4.8748931586802535e-06,4.8359758620494268e-06,9.9912227135627153e-10,9.3389950290888329e-10,9.3389950290888329e-10,1.018600e+03,1.0000000000000002e-06,2.214546e+07,2.204413e+07,1.158725e+02,1.013250e+05,1.000000e-09,-8.777286e-02,8.047455e-01,2.5280126881559563e-04,6.2420552490955253e-04
115,4.6993880860397001e-06,4.8257148202851200e-06,4.8359758620494268e-06,9.9839837537934139e-10,9.3379070888100392e-10,9.3379070888100392e-10,1.018626e+03,1.0000000000000002e-06,2.184324e+07,2.174192e+07,1.158647e+02,1.013250e+05,1.000000e-09,-1.601625e-01,-2.121814e-01,2.5277244304403837e-04,6.2413143872316315e-04
116,4.6985112372309401e-06,4.7862584970742347e-06,4.8359758620494268e-06,9.9770745352204538e-10,9.3368424976939232e-10,9.3368424976939232e-10,1.018652e+03,1.0000000000000002e-06,2.170972e+07,2.160839e+07,1.158621e+02,1.013250e+05,1.000000e-09,-2.292546e-01,-1.028073e+00,2.5274439154783035e-04,6.2405883492754413e-04
117,4.6976608381342085e-06,4.7737149459444570e-06,4.8359758620494268e-06,9.9704805714894379e-10,9.3358007248356543e-10,9.3358007248356543e-10,1.018678e+03,1.0000000000000002e-06,2.182411e+07,2.172278e+07,1.159589e+02,1.013250e+05,1.000000e-09,-2.951943e-01,-1.287453e+00,2.5271709115114627e-04,6.2398768385977794e-04
118,4.6968360111077535e-06,4.7923030135833377e-06,4.8359758620494268e-06,9.9727456365598327e-10,9.3347812524832395e-10,9.3347812524832395e-10,1.018703e+03,1.0000000000000002e-06,2.172156e+07,2.162023e+07,1.158789e+02,1.013250e+05,1.000000e-09,-2.725436e-01,-9.030824e-01,2.5269051943754541e-04,6.2391795645046872e-04
119,4.6960359095758682e-06,4.7916329649000019e-06,4.8359758620494268e-06,9.9698458050659119e-10,9.3337835756739569e-10,9.3337835756739569e-10,1.018727e+03,1.0000000000000002e-06,2.172539e+07,2.162407e+07,1.158895e+02,1.013250e+05,1.000000e-09,-3.015419e-01,-9.169379e-01,2.5266465472361857e-04,6.2384962421187088e-04
120,4.6952597168927496e-06,4.7909817389634661e-06,4.8359758620494268e-06,9.9670762324716792e-10,9.3328072018820242e-10,9.3328072018820242e-10,1.018751e+03,1.0000000000000002e-06,2.172930e+07,2.162797e+07,1.158998e+02,1.013250e+05,1.000000e-09,-3.292377e-01,-9.304042e-01,2.5263947603357804e-04,6.2378265922625683e-04
121,4.6945066452480739e-06,4.8083047098329631e-06,4.8359758620494268e-06,9.9810997988994413e-10,9.3318516506771634e-10,9.3318516506771634e-10,1.018775e+03,1.0000000000000002e-06,2.198177e+07,2.188044e+07,1.160150e+02,1.013250e+05,1.000000e-09,-1.890020e-01,-5.721938e-01,2.5261496307473711e-04,6.2371703413451518e-04
122,4.6937759346127131e-06,4.8050137172958062e-06,4.8359758620494268e-06,9.9799517303407931e-10,9.3309164533936586e-10,9.3309164533936586e-10,1.018798e+03,1.0000000000000002e-06,2.204559e+07,2.194427e+07,1.160454e+02,1.013250e+05,1.000000e-09,-2.004827e-01,-6.402461e-01,2.5259109621387024e-04,6.2365272212497780e-04
123,4.6930668517233324e-06,4.8043106396413937e-06,4.8359758620494268e-06,9.9788579793892281e-10,9.3300011528095870e-10,9.3300011528095870e-10,1.018821e+03,1.0000000000000002e-06,2.204842e+07,2.194709e+07,1.160550e+02,1.013250e+05,1.000000e-09,-2.114202e-01,-6.547845e-01,2.5256785645440082e-04,6.2358969692246952e-04
124,4.6923786891042615e-06,4.8036257469931462e-06,4.8359758620494268e-06,9.9778159986605396e-10,9.3291053028358204e-10,9.3291053028358204e-10,1.018843e+03,1.0000000000000002e-06,2.205128e+07,2.194996e+07,1.160642e+02,1.013250e+05,1.000000e-09,-2.218400e-01,-6.689470e-01,2.5254522541440650e-04,6.2352793277757742e-04
125,4.6917107641254600e-06,4.8483571352382755e-06,4.8359758620494268e-06,9.9905560541068776e-10,9.3282284682145569e-10,9.3282284682145569e-10,1.018865e+03,1.0000000000000002e-06,2.201691e+07,2.191559e+07,1.158582e+02,1.013250e+05,1.000000e-09,-9.443946e-02,2.560243e-01,2.5252318530540377e-04,6.2346740445613335e-04
126,4.6910624180952045e-06,4.8478282366904995e-06,4.8359758620494268e-06,9.9907193554433156e-10,9.3273702242269702e-10,9.3273702242269702e-10,1.018886e+03,1.0000000000000002e-06,2.201918e+07,2.191785e+07,1.158659e+02,1.013250e+05,1.000000e-09,-9.280645e-02,2.450875e-01,2.5250171891188166e-04,6.2340808722890736e-04
127,4.6904330153862716e-06,4.8473145908786907e-06,4.8359758620494268e-06,9.9908751295676453e-10,9.3265301564097127e-10,9.3265301564097127e-10,1.018907e+03,1.0000000000000002e-06,2.202152e+07,2.192020e+07,1.158732e+02,1.013250e+05,1.000000e-09,-9.124870e-02,2.344662e-01,2.5248080957157121e-04,6.2334995686150738e-04
128,4.6898219425943594e-06,4.8478483975162239e-06,4.8359758620494268e-06,9.9916432254494120e-10,9.3257078602799949e-10,9.3257078602799949e-10,1.018928e+03,1.0000000000000002e-06,2.199961e+07,2.189828e+07,1.158779e+02,1.013250e+05,1.000000e-09,-8.356775e-02,2.455044e-01,2.5246044115640343e-04,6.2329298960448029e-04
129,4.6892286077276293e-06,4.8474298736626642e-06,4.8359758620494268e-06,9.9918191382019127e-10,9.3249029410689157e-10,9.3249029410689157e-10,1.018948e+03,1.0000000000000002e-06,2.200054e+07,2.189922e+07,1.158845e+02,1.013250e+05,1.000000e-09,-8.180862e-02,2.368501e-01,2.5244059805416304e-04,6.2323716218360976e-04
130,4.6886524394261978e-06,4.8470254273991621e-06,4.8359758620494268e-06,9.9919881967752378e-10,9.3241150134627858e-10,9.3241150134627858e-10,1.018968e+03,1.0000000000000002e-06,2.200153e+07,2.190021e+07,1.158909e+02,1.013250e+05,1.000000e-09,-8.011803e-02,2.284868e-01,2.5242126515077234e-04,6.2318245179041065e-04
131,4.6880928862105282e-06,4.8466345466398987e-06,4.8359758620494268e-06,9.9921506395286816e-10,9.3233437013521989e-10,9.3233437013521989e-10,1.018987e+03,1.0000000000000002e-06,2.200258e+07,2.190125e+07,1.158969e+02,1.013250e+05,1.000000e-09,-7.849360e-02,2.204040e-01,2.5240242781322445e-04,6.2312883607281073e-04
132,4.6875494157576013e-06,4.8462567378087561e-06,4.8359758620494268e-06,9.9923066977309025e-10,9.3225886375885380e-10,9.3225886375885380e-10,1.019006e+03,1.0000000000000002e-06,2.200367e+07,2.190235e+07,1.159028e+02,1.013250e+05,1.000000e-09,-7.693302e-02,2.125915e-01,2.5238407187310792e-04,6.2307629312602006e-04
133,4.6870215142039156e-06,4.8458915253055334e-06,4.8359758620494268e-06,9.9924565957241642e-10,9.3218494637477540e-10,9.3218494637477540e-10,1.019024e+03,1.0000000000000002e-06,2.200481e+07,2.190349e+07,1.159084e+02,1.013250e+05,1.000000e-09,-7.543404e-02,2.050396e-01,2.5236618361073124e-04,6.2302480148358232e-04
134,4.6865086854742952e-06,4.8455384508692345e-06,4.8359758620494268e-06,9.9926005510451557e-10,9.3211258299010811e-10,9.3211258299010811e-10,1.019043e+03,1.0000000000000002e-06,2.200599e+07,2.190467e+07,1.159137e+02,1.013250e+05,1.000000e-09,-7.399449e-02,1.977386e-01,2.5234874973979781e-04,6.2297434010860587e-04
135,4.6860104506355493e-06,4.8451970730337954e-06,4.8359758620494268e-06,9.9927387745839546e-10,9.3204173943925500e-10,9.3204173943925500e-10,1.019061e+03,1.0000000000000002e-06,2.200721e+07,2.190589e+07,1.159189e+02,1.013250e+05,1.000000e-09,-7.261225e-02,1.906794e-01,2.5233175739263971e-04,6.2292488838516856e-04
136,4.6855263472741306e-06,4.8448669665746812e-06,4.8359758620494268e-06,9.9928714707265774e-10,9.3197238236230178e-10,9.3197238236230178e-10,1.019078e+03,1.0000000000000002e-06,2.200847e+07,2.190714e+07,1.159238e+02,1.013250e+05,1.000000e-09,-7.128529e-02,1.838534e-01,2.5231519410596039e-04,6.2287642610989614e-04
137,4.6850559288968135e-06,4.8445477219485335e-06,4.8359758620494268e-06,9.9929988374969113e-10,9.3190447918405225e-10,9.3190447918405225e-10,1.019095e+03,1.0000000000000002e-06,2.200975e+07,2.190843e+07,1.159285e+02,1.013250e+05,1.000000e-09,-7.001163e-02,1.772519e-01,2.5229904780710148e-04,6.2282893348370740e-04
138,4.6845987643536398e-06,4.8442389447529496e-06,4.8359758620494268e-06,9.9931210667057593e-10,9.3183799809367537e-10,9.3183799809367537e-10,1.019112e+03,1.0000000000000002e-06,2.201107e+07,2.190974e+07,1.159330e+02,1.013250e+05,1.000000e-09,-6.878933e-02,1.708669e-01,2.5228330680078178e-04,6.2278239110372547e-04
139,4.6841544372822125e-06,4.8439402552406966e-06,4.8359758620494268e-06,9.9932383440994192e-10,9.3177290802494469e-10,9.3177290802494469e-10,1.019129e+03,1.0000000000000002e-06,2.201241e+07,2.191109e+07,1.159373e+02,1.013250e+05,1.000000e-09,-6.761656e-02,1.646905e-01,2.5226795975631633e-04,6.2273677995535056e-04
140,4.6837225455726837e-06,4.8436512877777591e-06,4.8359758620494268e-06,9.9933508495023755e-10,9.3170917863704949e-10,9.3170917863704949e-10,1.019145e+03,1.0000000000000002e-06,2.201378e+07,2.191245e+07,1.159414e+02,1.013250e+05,1.000000e-09,-6.649150e-02,1.587151e-01,2.5225299569528654e-04,6.2269208140449111e-04
141,4.6833027008524546e-06,4.8433716903860959e-06,4.8359758620494268e-06,9.9934587569679171e-10,9.3164678029596120e-10,9.3164678029596120e-10,1.019161e+03,1.0000000000000002e-06,2.201516e+07,2.191384e+07,1.159454e+02,1.013250e+05,1.000000e-09,-6.541243e-02,1.529335e-01,2.5223840397964613e-04,6.2264827718994998e-04
142,4.6828945279901161e-06,4.8431011242318529e-06,4.8359758620494268e-06,9.9935622349183197e-10,9.3158568405633353e-10,9.3158568405633353e-10,1.019176e+03,1.0000000000000002e-06,2.201657e+07,2.191524e+07,1.159492e+02,1.013250e+05,1.000000e-09,-6.437765e-02,1.473387e-01,2.5222417430025191e-04,6.2260534941596310e-04
143,4.6824976646177442e-06,4.8428392632097544e-06,4.8359758620494268e-06,9.9936614462956404e-10,9.3152586164392733e-10,9.3152586164392733e-10,1.019191e+03,1.0000000000000002e-06,2.201799e+07,2.191666e+07,1.159528e+02,1.013250e+05,1.000000e-09,-6.338554e-02,1.419238e-01,2.5221029666579642e-04,6.2256328054488812e-04
144,4.6821117606708881e-06,4.8425857934274226e-06,4.8359758620494268e-06,9.9937565486960107e-10,9.3146728543852990e-10,9.3146728543852990e-10,1.019206e+03,1.0000000000000002e-06,2.201942e+07,2.191810e+07,1.159563e+02,1.013250e+05,1.000000e-09,-6.243451e-02,1.366825e-01,2.5219676139213889e-04,6.2252205339003797e-04
145,4.6817364779455942e-06,4.8423404128213863e-06,4.8359758620494268e-06,9.9938476945168169e-10,9.3140992845736698e-10,9.3140992845736698e-10,1.019221e+03,1.0000000000000002e-06,2.202087e+07,2.191954e+07,1.159596e+02,1.013250e+05,1.000000e-09,-6.152305e-02,1.316084e-01,2.5218355909200756e-04,6.2248165110865802e-04
146,4.6813714896719597e-06,4.8421028307134161e-06,4.8359758620494268e-06,9.9939350310978539e-10,9.3135376433898469e-10,9.3135376433898469e-10,1.019235e+03,1.0000000000000002e-06,2.202232e+07,2.192100e+07,1.159627e+02,1.013250e+05,1.000000e-09,-6.064969e-02,1.266956e-01,2.5217068066506849e-04,6.2244205719504499e-04
147,4.6810164801034094e-06,4.8418727673981082e-06,4.8359758620494268e-06,9.9940187008576926e-10,9.3129876732758311e-10,9.3129876732758311e-10,1.019249e+03,1.0000000000000002e-06,2.202379e+07,2.192246e+07,1.159658e+02,1.013250e+05,1.000000e-09,-5.981299e-02,1.219383e-01,2.5215811728834564e-04,6.2240325547380129e-04
148,4.6806711441211700e-06,4.8416499537214567e-06,4.8359758620494268e-06,9.9940988414235037e-10,9.3124491225779779e-10,9.3124491225779779e-10,1.019263e+03,1.0000000000000002e-06,2.202526e+07,2.192393e+07,1.159687e+02,1.013250e+05,1.000000e-09,-5.901159e-02,1.173309e-01,2.5214586040698069e-04,6.2236523009322631e-04
149,4.6803351868535215e-06,4.8414341307623566e-06,4.8359758620494268e-06,9.9941755857816642e-10,9.3119217453990440e-10,9.3119217453990440e-10,1.019277e+03,1.0000000000000002e-06,2.202673e+07,2.192541e+07,1.159714e+02,1.013250e+05,1.000000e-09,-5.824414e-02,1.128680e-01,2.5213390172531419e-04,6.2232796551883838e-04
150,4.6800083233089975e-06,4.8412250493656599e-06,4.8359758620494268e-06,9.9942490623916193e-10,9.3114053014543917e-10,9.3114053014543917e-10,1.019290e+03,1.0000000000000002e-06,2.202821e+07,2.192689e+07,1.159741e+02,1.013250e+05,1.000000e-09,-5.750938e-02,1.085445e-01,2.5212223319828628e-04,6.2229144652702767e-04
151,4.6796902780233103e-06,4.8410224698524226e-06,4.8359758620494268e-06,9.9943193953270963e-10,9.3108995559322069e-10,9.3108995559322069e-10,1.019303e+03,1.0000000000000002e-06,2.202970e+07,2.192837e+07,1.159766e+02,1.013250e+05,1.000000e-09,-5.680605e-02,1.043555e-01,2.5211084702313777e-04,6.2225565819883479e-04
152,4.6793807847192006e-06,4.8408261616220744e-06,4.8359758620494268e-06,9.9943867044012862e-10,9.3104042793575938e-10,9.3104042793575938e-10,1.019316e+03,1.0000000000000002e-06,2.203118e+07,2.192985e+07,1.159790e+02,1.013250e+05,1.000000e-09,-5.613296e-02,1.002962e-01,2.5209973563140024e-04,6.2222058591385361e-04
153,4.6790795859790513e-06,4.8406359028425537e-06,4.8359758620494268e-06,9.9944511052894502e-10,9.3099192474604470e-10,9.3099192474604470e-10,1.019328e+03,1.0000000000000002e-06,2.203266e+07,2.193134e+07,1.159813e+02,1.013250e+05,1.000000e-09,-5.548895e-02,9.636195e-02,2.5208889168117516e-04,6.2218621534425908e-04
154,4.6787864329294365e-06,4.8404514801043975e-06,4.8359758620494268e-06,9.9945127096565454e-10,9.3094442410469761e-10,9.3094442410469761e-10,1.019340e+03,1.0000000000000002e-06,2.203414e+07,2.193282e+07,1.159835e+02,1.013250e+05,1.000000e-09,-5.487290e-02,9.254840e-02,2.5207830804967603e-04,6.2215253244894979e-04
155,4.6785010849374328e-06,4.8402726881193504e-06,4.8359758620494268e-06,9.9945716252739592e-10,9.3089790458747452e-10,9.3089790458747452e-10,1.019352e+03,1.0000000000000002e-06,2.203562e+07,2.193429e+07,1.159856e+02,1.013250e+05,1.000000e-09,-5.428375e-02,8.885127e-02,2.5206797782603669e-04,6.2211952346781106e-04
156,4.6782233093181457e-06,4.8400993293838373e-06,4.8359758620494268e-06,9.9946279561387567e-10,9.3085234525311608e-10,9.3085234525311608e-10,1.019364e+03,1.0000000000000002e-06,2.203709e+07,2.193577e+07,1.159876e+02,1.013250e+05,1.000000e-09,-5.372044e-02,8.526650e-02,2.5205789430437077e-04,6.2208717491609247e-04
157,4.6779528810529476e-06,4.8399312139236061e-06,4.8359758620494268e-06,9.9946818025902977e-10,9.3080772563152739e-10,9.3080772563152739e-10,1.019376e+03,1.0000000000000002e-06,2.203856e+07,2.193724e+07,1.159895e+02,1.013250e+05,1.000000e-09,-5.318197e-02,8.179015e-02,2.5204805097707309e-04,6.2205547357889598e-04
158,4.6776895825182933e-06,4.8397681589620987e-06,4.8359758620494268e-06,9.9947332614182677e-10,9.3076402571227968e-10,9.3076402571227968e-10,1.019387e+03,1.0000000000000002e-06,2.204003e+07,2.193870e+07,1.159914e+02,1.013250e+05,1.000000e-09,-5.266739e-02,7.841844e-02,2.5203844152835576e-04,6.2202440650577727e-04
159,4.6774332032243110e-06,4.8396099886901121e-06,4.8359758620494268e-06,9.9947824259826939e-10,9.3072122593342570e-10,9.3072122593342570e-10,1.019388e+03,1.0000000000000002e-06,2.202032e+07,2.191899e+07,1.159931e+02,1.013250e+05,1.000000e-09,-5.217574e-02,7.514774e-02,2.5202905982800829e-04,6.2199396100545137e-04
160,4.6771835395632333e-06,4.8394565339537021e-06,4.8359758620494268e-06,9.9948293863086452e-10,9.3067930717061565e-10,9.3067930717061565e-10,1.019388e+03,1.0000000000000002e-06,2.199958e+07,2.189826e+07,1.159948e+02,1.013250e+05,1.000000e-09,-5.170614e-02,7.197455e-02,2.5201989992537904e-04,6.2196412464060819e-04
161,4.6769403945669656e-06,4.8393076320363616e-06,4.8359758620494268e-06,9.9948742292033253e-10,9.3063825072650825e-10,9.3063825072650825e-10,1.019388e+03,1.0000000000000002e-06,2.197928e+07,2.187795e+07,1.159964e+02,1.013250e+05,1.000000e-09,-5.125771e-02,6.889550e-02,2.5201095604356083e-04,6.2193488522282862e-04
162,4.6767035776736464e-06,4.8391631263932262e-06,4.8359758620494268e-06,9.9949170383528614e-10,9.3059803832046553e-10,9.3059803832046553e-10,1.019388e+03,1.0000000000000002e-06,2.195939e+07,2.185807e+07,1.159979e+02,1.013250e+05,1.000000e-09,-5.082962e-02,6.590737e-02,2.5200222257378441e-04,6.2190623080760402e-04
163,4.6764729045027386e-06,4.8390228664037005e-06,4.8359758620494268e-06,9.9949578944231646e-10,9.3055865207852489e-10,9.3055865207852489e-10,1.019388e+03,1.0000000000000002e-06,2.193992e+07,2.183860e+07,1.159993e+02,1.013250e+05,1.000000e-09,-5.042106e-02,6.300702e-02,2.5199369406999971e-04,6.2187814968945492e-04
164,4.6762481966384495e-06,4.8388867071474825e-06,4.8359758620494268e-06,9.9949968751541329e-10,9.3052007452363685e-10,9.3052007452363685e-10,1.019388e+03,1.0000000000000002e-06,2.192086e+07,2.181953e+07,1.160007e+02,1.013250e+05,1.000000e-09,-5.003125e-02,6.019147e-02,2.5198536524365306e-04,6.2185063039714710e-04
165,4.6760292814210741e-06,4.8387545091949652e-06,4.8359758620494268e-06,9.9950340554618186e-10,9.3048228856616403e-10,9.3048228856616403e-10,1.019388e+03,1.0000000000000002e-06,2.190219e+07,2.180086e+07,1.160020e+02,1.013250e+05,1.000000e-09,-4.965945e-02,5.745784e-02,2.5197723095863700e-04,6.2182366168900423e-04
166,4.6758159917459636e-06,4.8386261383879439e-06,4.8359758620494268e-06,9.9950695075288579e-10,9.3044527749463163e-10,9.3044527749463163e-10,1.019388e+03,1.0000000000000002e-06,2.188390e+07,2.178258e+07,1.160032e+02,1.013250e+05,1.000000e-09,-4.930492e-02,5.480334e-02,2.5196928622641979e-04,6.2179723254831285e-04
167,4.6756081658699346e-06,4.8385014656164520e-06,4.8359758620494268e-06,9.9951033008885080e-10,9.3040902496672273e-10,9.3040902496672273e-10,1.019388e+03,1.0000000000000002e-06,2.186599e+07,2.176467e+07,1.160044e+02,1.013250e+05,1.000000e-09,-4.896699e-02,5.222531e-02,2.5196152620134328e-04,6.2177133217882125e-04
168,4.6754056472247161e-06,4.8383803666441299e-06,4.8359758620494268e-06,9.9951355025207242e-10,9.3037351500051007e-10,9.3037351500051007e-10,1.019388e+03,1.0000000000000002e-06,2.184846e+07,2.174713e+07,1.160055e+02,1.013250e+05,1.000000e-09,-4.864497e-02,4.972119e-02,2.5195394617607658e-04,6.2174595000032661e-04
169,4.6752082842372240e-06,4.8382627218982527e-06,4.8359758620494268e-06,9.9951661769300559e-10,9.3033873196591967e-10,9.3033873196591967e-10,1.019388e+03,1.0000000000000002e-06,2.183128e+07,2.172995e+07,1.160066e+02,1.013250e+05,1.000000e-09,-4.833823e-02,4.728849e-02,2.5194654157723441e-04,6.2172107564435134e-04
170,4.6750159301564767e-06,4.8381484163004728e-06,4.8359758620494268e-06,9.9951953862323366e-10,9.3030466057641477e-10,9.3030466057641477e-10,1.019388e+03,1.0000000000000002e-06,2.181446e+07,2.171313e+07,1.160076e+02,1.013250e+05,1.000000e-09,-4.804614e-02,4.492484e-02,2.5193930796114049e-04,6.2169669894990558e-04
171,4.6748284428866988e-06,4.8380373390781592e-06,4.8359758620494268e-06,9.9952231902351191e-10,9.3027128588090028e-10,9.3027128588090028e-10,1.019388e+03,1.0000000000000002e-06,2.179798e+07,2.169666e+07,1.160085e+02,1.013250e+05,1.000000e-09,-4.776810e-02,4.262794e-02,2.5193224100973692e-04,6.2167280995933515e-04
172,4.6746456848266713e-06,4.8379293836126355e-06,4.8359758620494268e-06,9.9952496465180139e-10,9.3023859325583553e-10,9.3023859325583553e-10,1.019388e+03,1.0000000000000002e-06,2.178184e+07,2.168052e+07,1.160095e+02,1.013250e+05,1.000000e-09,-4.750353e-02,4.039560e-02,2.5192533652663367e-04,6.2164939891425205e-04
173,4.6744675227148234e-06,4.8378244472520032e-06,4.8359758620494268e-06,9.9952748105011210e-10,9.3020656839755176e-10,9.3020656839755176e-10,1.019388e+03,1.0000000000000002e-06,2.176604e+07,2.166471e+07,1.160103e+02,1.013250e+05,1.000000e-09,-4.725189e-02,3.822569e-02,2.5191859043329634e-04,6.2162645625154622e-04
174,4.6742938274800161e-06,4.8377224311704561e-06,4.8359758620494268e-06,9.9952987355263092e-10,9.3017519731476846e-10,9.3017519731476846e-10,1.019388e+03,1.0000000000000002e-06,2.175056e+07,2.164923e+07,1.160111e+02,1.013250e+05,1.000000e-09,-4.701264e-02,3.611617e-02,2.5191199876535434e-04,6.2160397259947717e-04
175,4.6741244740977522e-06,4.8376232402231310e-06,4.8359758620494268e-06,9.9953214729272597e-10,9.3014446632130263e-10,9.3014446632130263e-10,1.019388e+03,1.0000000000000002e-06,2.173539e+07,2.163407e+07,1.160119e+02,1.013250e+05,1.000000e-09,-4.678527e-02,3.406506e-02,2.5190555766904963e-04,6.2158193877384475e-04
176,4.6739593414515408e-06,4.8375267827605837e-06,4.8359758620494268e-06,9.9953430720931981e-10,9.3011436202896381e-10,9.3011436202896381e-10,1.019388e+03,1.0000000000000002e-06,2.172054e+07,2.161921e+07,1.160127e+02,1.013250e+05,1.000000e-09,-4.656928e-02,3.207048e-02,2.5189926339779124e-04,6.2156034577423526e-04
177,4.6737983121994651e-06,4.8374329705598325e-06,4.8359758620494268e-06,9.9953635805455636e-10,9.3008487134063358e-10,9.3008487134063358e-10,1.019388e+03,1.0000000000000002e-06,2.170599e+07,2.160466e+07,1.160134e+02,1.013250e+05,1.000000e-09,-4.636419e-02,3.013060e-02,2.5189311230883340e-04,6.2153918478034342e-04
178,4.6736412726453699e-06,4.8373417186215165e-06,4.8359758620494268e-06,9.9953830439947808e-10,9.3005598144351803e-10,9.3005598144351803e-10,1.019388e+03,1.0000000000000002e-06,2.169174e+07,2.159041e+07,1.160140e+02,1.013250e+05,1.000000e-09,-4.616956e-02,2.824366e-02,2.5188710086006965e-04,6.2151844714836743e-04
179,4.6734881126148437e-06,4.8372529450762534e-06,4.8359758620494268e-06,9.9954015064098297e-10,9.3002767980257499e-10,9.3002767980257499e-10,1.019388e+03,1.0000000000000002e-06,2.167778e+07,2.157645e+07,1.160147e+02,1.013250e+05,1.000000e-09,-4.598494e-02,2.640797e-02,2.5188122560692591e-04,6.2149812440747743e-04
180,4.6733387253357287e-06,4.8371665710642932e-06,4.8359758620494268e-06,9.9954190100740593e-10,9.2999995415410639e-10,9.2999995415410639e-10,1.019388e+03,1.0000000000000002e-06,2.166410e+07,2.156278e+07,1.160153e+02,1.013250e+05,1.000000e-09,-4.580990e-02,2.462190e-02,2.5187548319936619e-04,6.2147820825635266e-04
181,4.6731930073227477e-06,4.8370825206007242e-06,4.8359758620494268e-06,9.9954355956509757e-10,9.2997279249951230e-10,9.2997279249951230e-10,1.019388e+03,1.0000000000000002e-06,2.165071e+07,2.154938e+07,1.160158e+02,1.013250e+05,1.000000e-09,-4.564404e-02,2.288387e-02,2.5186987037899598e-04,6.2145869055978966e-04
182,4.6730508582665287e-06,4.8370007204541288e-06,4.8359758620494268e-06,9.9954513022322621e-10,9.2994618309920372e-10,9.2994618309920372e-10,1.019388e+03,1.0000000000000002e-06,2.163758e+07,2.153626e+07,1.160164e+02,1.013250e+05,1.000000e-09,-4.548698e-02,2.119238e-02,2.5186438397626167e-04,6.2143956334537740e-04
183,4.6729121809264773e-06,4.8369211000749718e-06,4.8359758620494268e-06,9.9954661674056817e-10,9.2992011446666550e-10,9.2992011446666550e-10,1.019388e+03,1.0000000000000002e-06,2.162473e+07,2.152340e+07,1.160169e+02,1.013250e+05,1.000000e-09,-4.533833e-02,1.954596e-02,2.5185902090774516e-04,6.2142081880023933e-04
184,4.6727768810275352e-06,4.8368435914582400e-06,4.8359758620494268e-06,9.9954802273000249e-10,9.2989457536267175e-10,9.2989457536267175e-10,1.019388e+03,1.0000000000000002e-06,2.161213e+07,2.151081e+07,1.160173e+02,1.013250e+05,1.000000e-09,-4.519773e-02,1.794321e-02,2.5185377817355035e-04,6.2140244926784088e-04
185,4.6726448671606645e-06,4.8367681290344970e-06,4.8359758620494268e-06,9.9954935166378563e-10,9.2986955478964228e-10,9.2986955478964228e-10,1.019388e+03,1.0000000000000002e-06,2.159979e+07,2.149847e+07,1.160178e+02,1.013250e+05,1.000000e-09,-4.506483e-02,1.638277e-02,2.5184865285477148e-04,6.2138444724485953e-04
186,4.6725160506868913e-06,4.8366946496155704e-06,4.8359758620494268e-06,9.9955060687905908e-10,9.2984504198614200e-10,9.2984504198614200e-10,1.019388e+03,1.0000000000000002e-06,2.158771e+07,2.148638e+07,1.160182e+02,1.013250e+05,1.000000e-09,-4.493931e-02,1.486334e-02,2.5184364211105294e-04,6.2136680537811970e-04
187,4.6723903456447949e-06,4.8366230922636940e-06,4.8359758620494268e-06,9.9955179158267014e-10,9.2982102642151373e-10,9.2982102642151373e-10,1.019388e+03,1.0000000000000002e-06,2.157587e+07,2.147454e+07,1.160186e+02,1.013250e+05,1.000000e-09,-4.482084e-02,1.338365e-02,2.5183874317822436e-04,6.2134951646158703e-04
188,4.6722676686612568e-06,4.8365533982068422e-06,4.8359758620494268e-06,9.9955290885519575e-10,9.2979749779064852e-10,9.2979749779064852e-10,1.019388e+03,1.0000000000000002e-06,2.156426e+07,2.146294e+07,1.160190e+02,1.013250e+05,1.000000e-09,-4.470911e-02,1.194249e-02,2.5183395336601523e-04,6.2133257343342395e-04
189,4.6721479388654912e-06,4.8364855107674503e-06,4.8359758620494268e-06,9.9955396165632659e-10,9.2977444600888007e-10,9.2977444600888007e-10,1.019388e+03,1.0000000000000002e-06,2.155290e+07,2.145157e+07,1.160193e+02,1.013250e+05,1.000000e-09,-4.460383e-02,1.053869e-02,2.5182927005584679e-04,6.2131596937310327e-04
190,4.6720310778060699e-06,4.8364193752823996e-06,4.8359758620494268e-06,9.9955495282920673e-10,9.2975186120700761e-10,9.2975186120700761e-10,1.019388e+03,1.0000000000000002e-06,2.154176e+07,2.144044e+07,1.160196e+02,1.013250e+05,1.000000e-09,-4.450472e-02,9.171122e-03,2.5182469069869550e-04,6.2129969749858099e-04
191,4.6719170093708500e-06,4.8363549390064164e-06,4.8359758620494268e-06,9.9955588510413437e-10,9.2972973372644048e-10,9.2972973372644048e-10,1.019388e+03,1.0000000000000002e-06,2.153085e+07,2.142953e+07,1.160200e+02,1.013250e+05,1.000000e-09,-4.441149e-02,7.838686e-03,2.5182021281302630e-04,6.2128375116352410e-04
192,4.6718056597099536e-06,4.8362921510367729e-06,4.8359758620494268e-06,9.9955676110302741e-10,9.2970805411446056e-10,9.2970805411446056e-10,1.019388e+03,1.0000000000000002e-06,2.152017e+07,2.141884e+07,1.160202e+02,1.013250e+05,1.000000e-09,-4.432389e-02,6.540334e-03,2.5181583398279365e-04,6.2126812385459435e-04
193,4.6716969571611713e-06,4.8362309622690937e-06,4.8359758620494268e-06,9.9955758334386892e-10,9.2968681311960154e-10,9.2968681311960154e-10,1.019388e+03,1.0000000000000002e-06,2.150969e+07,2.140837e+07,1.160205e+02,1.013250e+05,1.000000e-09,-4.424167e-02,5.275052e-03,2.5181155185550889e-04,6.2125280918878768e-04
194,4.6715908321783107e-06,4.8361713252969397e-06,4.8359758620494268e-06,9.9955835424360787e-10,9.2966600168713931e-10,9.2966600168713931e-10,1.019388e+03,1.0000000000000002e-06,2.149943e+07,2.139811e+07,1.160208e+02,1.013250e+05,1.000000e-09,-4.416458e-02,4.041857e-03,2.5180736414037058e-04,6.2123780091082449e-04
195,4.6714872172618888e-06,4.8361131943688714e-06,4.8359758620494268e-06,9.9955907612302664e-10,9.2964561095469203e-10,9.2964561095469203e-10,1.019388e+03,1.0000000000000002e-06,2.148938e+07,2.138805e+07,1.160210e+02,1.013250e+05,1.000000e-09,-4.409239e-02,2.839806e-03,2.5180326860645597e-04,6.2122309289059459e-04
196,4.6713860468923207e-06,4.8360565252869797e-06,4.8359758620494268e-06,9.9955975120880218e-10,9.2962563224792752e-10,9.2962563224792752e-10,1.019388e+03,1.0000000000000002e-06,2.147953e+07,2.137820e+07,1.160212e+02,1.013250e+05,1.000000e-09,-4.402488e-02,1.667983e-03,2.5179926308096519e-04,6.2120867912065147e-04
197,4.6712872574655330e-06,4.8360012754001278e-06,4.8359758620494268e-06,9.9956038163892588e-10,9.2960605707637426e-10,9.2960605707637426e-10,1.019388e+03,1.0000000000000002e-06,2.146988e+07,2.136855e+07,1.160214e+02,1.013250e+05,1.000000e-09,-4.396184e-02,5.255062e-04,2.5179534544753627e-04,6.2119455371375729e-04
198,4.6711907872306623e-06,4.8359474035007200e-06,4.8359758620494268e-06,9.9956096946420078e-10,9.2958687712933002e-10,9.2958687712933002e-10,1.019388e+03,1.0000000000000002e-06,2.146042e+07,2.135909e+07,1.160216e+02,1.013250e+05,1.000000e-09,-4.390305e-02,-5.884758e-04,2.5179151364459877e-04,6.2118071090047828e-04
199,4.6710965762301705e-06,4.8358948697874972e-06,4.8359758620494268e-06,9.9956151665281568e-10,9.2956808427187362e-10,9.2956808427187362e-10,1.019388e+03,1.0000000000000002e-06,2.145115e+07,2.134983e+07,1.160218e+02,1.013250e+05,1.000000e-09,-4.384833e-02,-1.674786e-03,2.5178776566379024e-04,6.2116714502682513e-04
200,4.6710045662418953e-06,4.8358436358080537e-06,4.8359758620494268e-06,9.9956202509268293e-10,9.2954967054096768e-10,9.2954967054096768e-10,1.019388e+03,1.0000000000000002e-06,2.144207e+07,2.134075e+07,1.160219e+02,1.013250e+05,1.000000e-09,-4.379749e-02,-2.734220e-03,2.5178409954842084e-04,6.2115385055194500e-04
201,4.6709147007231781e-06,4.8357936644062203e-06,4.8359758620494268e-06,9.9956249659486322e-10,9.2953162814165740e-10,9.2953162814165740e-10,1.019388e+03,1.0000000000000002e-06,2.143318e+07,2.133185e+07,1.160221e+02,1.013250e+05,1.000000e-09,-4.375034e-02,-3.767547e-03,2.5178051339198545e-04,6.2114082204585549e-04
202,4.6708269247569722e-06,4.8357449196709629e-06,4.8359758620494268e-06,9.9956293289620172e-10,9.2951394944335806e-10,9.2951394944335806e-10,1.019388e+03,1.0000000000000002e-06,2.142446e+07,2.132313e+07,1.160222e+02,1.013250e+05,1.000000e-09,-4.370671e-02,-4.775507e-03,2.5177700533672895e-04,6.2112805418722673e-04
203,4.6707411849997686e-06,4.8356973669001657e-06,4.8359758620494268e-06,9.9956333566258395e-10,9.2949662697623158e-10,9.2949662697623158e-10,1.019388e+03,1.0000000000000002e-06,2.141592e+07,2.131459e+07,1.160224e+02,1.013250e+05,1.000000e-09,-4.366643e-02,-5.758820e-03,2.5177357357224862e-04,6.2111554176120620e-04
204,4.6706574296313899e-06,4.8356509725351162e-06,4.8359758620494268e-06,9.9956370649097555e-10,9.2947965342764866e-10,9.2947965342764866e-10,1.019388e+03,1.0000000000000002e-06,2.140755e+07,2.130622e+07,1.160225e+02,1.013250e+05,1.000000e-09,-4.362935e-02,-6.718179e-03,2.5177021633414803e-04,6.2110327965728888e-04
205,4.6705756083065059e-06,4.8356057041347319e-06,4.8359758620494268e-06,9.9956404691272896e-10,9.2946302163873312e-10,9.2946302163873312e-10,1.019388e+03,1.0000000000000002e-06,2.139934e+07,2.129802e+07,1.160226e+02,1.013250e+05,1.000000e-09,-4.359531e-02,-7.654255e-03,2.5176693190273152e-04,6.2109126286722782e-04
206,4.6704956721077722e-06,4.8355615303102113e-06,4.8359758620494268e-06,9.9956435839525802e-10,9.2944672460099126e-10,9.2944672460099126e-10,1.019388e+03,1.0000000000000002e-06,2.139131e+07,2.128998e+07,1.160227e+02,1.013250e+05,1.000000e-09,-4.356416e-02,-8.567697e-03,2.5176371860173764e-04,6.2107948648298884e-04
207,4.6704175735007476e-06,4.8355184207241556e-06,4.8359758620494268e-06,9.9956464234564454e-10,9.2943075545301530e-10,9.2943075545301530e-10,1.019388e+03,1.0000000000000002e-06,2.138343e+07,2.128211e+07,1.160228e+02,1.013250e+05,1.000000e-09,-4.353577e-02,-9.459132e-03,2.5176057479711639e-04,6.2106794569474408e-04
208,4.6703412662901625e-06,4.8354763460151527e-06,4.8359758620494268e-06,9.9956490011193296e-10,9.2941510747726913e-10,9.2941510747726913e-10,1.019388e+03,1.0000000000000002e-06,2.137571e+07,2.127439e+07,1.160228e+02,1.013250e+05,1.000000e-09,-4.350999e-02,-1.032917e-02,2.5175749889584268e-04,6.2105663578890702e-04
209,4.6702667055778559e-06,4.8398316613520525e-06,4.8359758620494268e-06,9.9965749065685340e-10,9.2939977409694505e-10,9.2939977409694505e-10,1.019388e+03,1.0000000000000002e-06,2.146285e+07,2.136153e+07,1.160181e+02,1.013250e+05,1.000000e-09,-3.425093e-02,7.973157e-02,2.5175448934476515e-04,6.2104555214620677e-04
210,4.6701938477220668e-06,4.8383173405148602e-06,4.8359758620494268e-06,9.9962665975100582e-10,9.2938474887289839e-10,9.2938474887289839e-10,1.019388e+03,1.0000000000000002e-06,2.142371e+07,2.132238e+07,1.160198e+02,1.013250e+05,1.000000e-09,-3.733402e-02,4.841791e-02,2.5175154462949540e-04,6.2103469023979980e-04
211,4.6701226502981414e-06,4.8368339317007745e-06,4.8359758620494268e-06,9.9959650529244990e-10,9.2937002550064773e-10,9.2937002550064773e-10,1.019388e+03,1.0000000000000002e-06,2.138533e+07,2.128401e+07,1.160214e+02,1.013250e+05,1.000000e-09,-4.034947e-02,1.774346e-02,2.5174866327332839e-04,6.2102404563342095e-04
212,4.6700530720606421e-06,4.8353807776873100e-06,4.8359758620494268e-06,9.9956701203781756e-10,9.2935559780744987e-10,9.2935559780744987e-10,1.019388e+03,1.0000000000000002e-06,2.134771e+07,2.124639e+07,1.160230e+02,1.013250e+05,1.000000e-09,-4.329880e-02,-1.230536e-02,2.5174584383619634e-04,6.2101361397957065e-04
213,4.6699850729066380e-06,4.8339572361077774e-06,4.8359758620494268e-06,9.9953816507123807e-10,9.2934145974944018e-10,9.2934145974944018e-10,1.019388e+03,1.0000000000000002e-06,2.131083e+07,2.120951e+07,1.160245e+02,1.013250e+05,1.000000e-09,-4.618349e-02,-4.174185e-02,2.5174308491366011e-04,6.2100339101773844e-04
214,4.6699186138403817e-06,4.8325626790640737e-06,4.8359758620494268e-06,9.9950994979865512e-10,9.2932760540883910e-10,9.2932760540883910e-10,1.019388e+03,1.0000000000000002e-06,2.127468e+07,2.117335e+07,1.160261e+02,1.013250e+05,1.000000e-09,-4.900502e-02,-7.057899e-02,2.5174038513592047e-04,6.2099337257266176e-04
215,4.6698536569390084e-06,4.8311964928623414e-06,4.8359758620494268e-06,9.9948235194486299e-10,9.2931402899122391e-10,9.2931402899122391e-10,1.019388e+03,1.0000000000000002e-06,2.123923e+07,2.113791e+07,1.160276e+02,1.013250e+05,1.000000e-09,-5.176481e-02,-9.882947e-02,2.5173774316687405e-04,6.2098355455262081e-04
216,4.6697901653196291e-06,4.8351737789328809e-06,4.8359758620494268e-06,9.9956616374902650e-10,9.2930072482286218e-10,9.2930072482286218e-10,1.019388e+03,1.0000000000000002e-06,2.131928e+07,2.121795e+07,1.160232e+02,1.013250e+05,1.000000e-09,-4.338363e-02,-1.658576e-02,2.5173515770318791e-04,6.2097393294776606e-04
217,4.6697281031073033e-06,4.8351398428526479e-06,4.8359758620494268e-06,9.9956623790228847e-10,9.2928768734810730e-10,9.2928768734810730e-10,1.019388e+03,1.0000000000000002e-06,2.131285e+07,2.121152e+07,1.160232e+02,1.013250e+05,1.000000e-09,-4.337621e-02,-1.728750e-02,2.5173262747340598e-04,6.2096450382847991e-04
218,4.6696674354042804e-06,4.8351066949836022e-06,4.8359758620494268e-06,9.9956629658569513e-10,9.2927491112685377e-10,9.2927491112685377e-10,1.019388e+03,1.0000000000000002e-06,2.130654e+07,2.120521e+07,1.160232e+02,1.013250e+05,1.000000e-09,-4.337034e-02,-1.797294e-02,2.5173015123708230e-04,6.2095526334377134e-04
219,4.6696081282601357e-06,4.8350743146985890e-06,4.8359758620494268e-06,9.9956634063452045e-10,9.2926239083204914e-10,9.2926239083204914e-10,1.019388e+03,1.0000000000000002e-06,2.130036e+07,2.119903e+07,1.160232e+02,1.013250e+05,1.000000e-09,-4.336594e-02,-1.864251e-02,2.5172772778394079e-04,6.2094620771970237e-04
220,4.6695501486430151e-06,4.8350426820099449e-06,4.8359758620494268e-06,9.9956637084794476e-10,9.2925012124726521e-10,9.2925012124726521e-10,1.019388e+03,1.0000000000000002e-06,2.129430e+07,2.119298e+07,1.160232e+02,1.013250e+05,1.000000e-09,-4.336292e-02,-1.929662e-02,2.5172535593306222e-04,6.2093733325784602e-04
221,4.6694934644117554e-06,4.8350117775262329e-06,4.8359758620494268e-06,9.9956638799010553e-10,9.2923809726432212e-10,9.2923809726432212e-10,1.019388e+03,1.0000000000000002e-06,2.128837e+07,2.118704e+07,1.160232e+02,1.013250e+05,1.000000e-09,-4.336120e-02,-1.993568e-02,2.5172303453208978e-04,6.2092863633377536e-04
222,4.6694380442890357e-06,4.8349815824478540e-06,4.8359758620494268e-06,9.9956639279159616e-10,9.2922631388096807e-10,9.2922631388096807e-10,1.019388e+03,1.0000000000000002e-06,2.128255e+07,2.118123e+07,1.160232e+02,1.013250e+05,1.000000e-09,-4.336072e-02,-2.056006e-02,2.5172076245646887e-04,6.2092011339558259e-04
223,4.6693838578353159e-06,4.8349520785486761e-06,4.8359758620494268e-06,9.9956638595084103e-10,9.2921476619861021e-10,9.2921476619861021e-10,1.019388e+03,1.0000000000000002e-06,2.127685e+07,2.117552e+07,1.160232e+02,1.013250e+05,1.000000e-09,-4.336140e-02,-2.117015e-02,2.5171853860869736e-04,6.2091176096242798e-04
224,4.6693308754237085e-06,4.8349232481355436e-06,4.8359758620494268e-06,9.9956636813532320e-10,9.2920344942009823e-10,9.2920344942009823e-10,1.019388e+03,1.0000000000000002e-06,2.127126e+07,2.116994e+07,1.160232e+02,1.013250e+05,1.000000e-09,-4.336319e-02,-2.176632e-02,2.5171636191760881e-04,6.2090357562311722e-04
225,4.6692790682156921e-06,4.8348950740487067e-06,4.8359758620494268e-06,9.9956633998287459e-10,9.2919235884755712e-10,9.2919235884755712e-10,1.019388e+03,1.0000000000000002e-06,2.126578e+07,2.116446e+07,1.160231e+02,1.013250e+05,1.000000e-09,-4.336600e-02,-2.234891e-02,2.5171423133767238e-04,6.2089555403470830e-04
226,4.6692284081375690e-06,4.8348675396518301e-06,4.8359758620494268e-06,9.9956630210323115e-10,9.2918148988026903e-10,9.2918148988026903e-10,1.019388e+03,1.0000000000000002e-06,2.126042e+07,2.115909e+07,1.160231e+02,1.013250e+05,1.000000e-09,-4.336979e-02,-2.291828e-02,2.5171214584831006e-04,6.2088769292114536e-04
227,4.6691788678577850e-06,4.8348406287728120e-06,4.8359758620494268e-06,9.9956625507815208e-10,9.2917083801260286e-10,9.2917083801260286e-10,1.019388e+03,1.0000000000000002e-06,2.125515e+07,2.115383e+07,1.160231e+02,1.013250e+05,1.000000e-09,-4.337449e-02,-2.347475e-02,2.5171010445324368e-04,6.2087998907192046e-04
228,4.6691304207648789e-06,4.8348143257323473e-06,4.8359758620494268e-06,9.9956619946372239e-10,9.2916039883198990e-10,9.2916039883198990e-10,1.019388e+03,1.0000000000000002e-06,2.125000e+07,2.114867e+07,1.160231e+02,1.013250e+05,1.000000e-09,-4.338005e-02,-2.401865e-02,2.5170810617985268e-04,6.2087243934076186e-04
229,4.6690830409462698e-06,4.8347886152967713e-06,4.8359758620494268e-06,9.9956613579048062e-10,9.2915016801694519e-10,9.2915016801694519e-10,1.019388e+03,1.0000000000000002e-06,2.124494e+07,2.114362e+07,1.160230e+02,1.013250e+05,1.000000e-09,-4.338642e-02,-2.455030e-02,2.5170615007855248e-04,6.2086504064434831e-04
230,4.6690367031677036e-06,4.8347634826847043e-06,4.8359758620494268e-06,9.9956606456510880e-10,9.2914014133513296e-10,9.2914014133513296e-10,1.019388e+03,1.0000000000000002e-06,2.123999e+07,2.113866e+07,1.160230e+02,1.013250e+05,1.000000e-09,-4.339354e-02,-2.507000e-02,2.5170423522219518e-04,6.2085778996104942e-04
231,4.6689913828533238e-06,4.8347389135319499e-06,4.8359758620494268e-06,9.9956598627093168e-10,9.2913031464147566e-10,9.2913031464147566e-10,1.019388e+03,1.0000000000000002e-06,2.123513e+07,2.113381e+07,1.160230e+02,1.013250e+05,1.000000e-09,-4.340137e-02,-2.557805e-02,2.5170236070548260e-04,6.2085068432969170e-04
232,4.6689470560664556e-06,4.8347148938976290e-06,4.8359758620494268e-06,9.9956590136933984e-10,9.2912068387630434e-10,9.2912068387630434e-10,1.019388e+03,1.0000000000000002e-06,2.123037e+07,2.112905e+07,1.160229e+02,1.013250e+05,1.000000e-09,-4.340986e-02,-2.607474e-02,2.5170052564440029e-04,6.2084372084834840e-04
233,4.6689036994909677e-06,4.8346914102283970e-06,4.8359758620494268e-06,9.9956581030003437e-10,9.2911124506355019e-10,9.2911124506355019e-10,1.019388e+03,1.0000000000000002e-06,2.122571e+07,2.112439e+07,1.160229e+02,1.013250e+05,1.000000e-09,-4.341897e-02,-2.656034e-02,2.5169872917566588e-04,6.2083689667315331e-04
234,4.6688612904132473e-06,4.8346684493658791e-06,4.8359758620494268e-06,9.9956571348276912e-10,9.2910199430897779e-10,9.2910199430897779e-10,1.019388e+03,1.0000000000000002e-06,2.122114e+07,2.111981e+07,1.160229e+02,1.013250e+05,1.000000e-09,-4.342865e-02,-2.703514e-02,2.5169697045619352e-04,6.2083020901714057e-04
235,4.6688198067048053e-06,4.8346459985133981e-06,4.8359758620494268e-06,9.9956561131726939e-10,9.2909292779845494e-10,9.2909292779845494e-10,1.019388e+03,1.0000000000000002e-06,2.121666e+07,2.111533e+07,1.160228e+02,1.013250e+05,1.000000e-09,-4.343887e-02,-2.749938e-02,2.5169524866257433e-04,6.2082365514910408e-04
236,4.6687792268053673e-06,4.8346240452385407e-06,4.8359758620494268e-06,9.9956550418469649e-10,9.2908404179626258e-10,9.2908404179626258e-10,1.019388e+03,1.0000000000000002e-06,2.121226e+07,2.111094e+07,1.160228e+02,1.013250e+05,1.000000e-09,-4.344958e-02,-2.795334e-02,2.5169356299057418e-04,6.2081723239248358e-04
237,4.6687395297065428e-06,4.8346025774604604e-06,4.8359758620494268e-06,9.9956539244826377e-10,9.2907533264344222e-10,9.2907533264344222e-10,1.019388e+03,1.0000000000000002e-06,2.120796e+07,2.110663e+07,1.160227e+02,1.013250e+05,1.000000e-09,-4.346076e-02,-2.839726e-02,2.5169191265463867e-04,6.2081093812426952e-04
238,4.6687006949360384e-06,4.8345815834376315e-06,4.8359758620494268e-06,9.9956527645402246e-10,9.2906679675617824e-10,9.2906679675617824e-10,1.019388e+03,1.0000000000000002e-06,2.120374e+07,2.110241e+07,1.160227e+02,1.013250e+05,1.000000e-09,-4.347235e-02,-2.883138e-02,2.5169029688742133e-04,6.2080476977393272e-04
239,4.6686627025423242e-06,4.8345610517411586e-06,4.8359758620494268e-06,9.9956515653110916e-10,9.2905843062421658e-10,9.2905843062421658e-10,1.019388e+03,1.0000000000000002e-06,2.119960e+07,2.109827e+07,1.160226e+02,1.013250e+05,1.000000e-09,-4.348435e-02,-2.925594e-02,2.5168871493931898e-04,6.2079872482237398e-04
240,4.6686255330798581e-06,4.8345409712599321e-06,4.8359758620494268e-06,9.9956503299298831e-10,9.2905023080931920e-10,9.2905023080931920e-10,1.019388e+03,1.0000000000000002e-06,2.119554e+07,2.109422e+07,1.160226e+02,1.013250e+05,1.000000e-09,-4.349670e-02,-2.967117e-02,2.5168716607802178e-04,6.2079280080089413e-04
241,4.6685891675946763e-06,4.8345213312023524e-06,4.8359758620494268e-06,9.9956490613837262e-10,9.2904219394375062e-10,9.2904219394375062e-10,1.019388e+03,1.0000000000000002e-06,2.119157e+07,2.109024e+07,1.160225e+02,1.013250e+05,1.000000e-09,-4.350939e-02,-3.007730e-02,2.5168564958807986e-04,6.2078699529018687e-04
242,4.6685535876105667e-06,4.8345021210536032e-06,4.8359758620494268e-06,9.9956477625072281e-10,9.2903431672879842e-10,9.2903431672879842e-10,1.019388e+03,1.0000000000000002e-06,2.118767e+07,2.108635e+07,1.160225e+02,1.013250e+05,1.000000e-09,-4.352237e-02,-3.047453e-02,2.5168416477047131e-04,6.2078130591934947e-04
243,4.6685187751155788e-06,4.8418027549225294e-06,4.8359758620494268e-06,9.9985607970325662e-10,9.2902659593332730e-10,9.2902659593332730e-10,1.019388e+03,1.0000000000000002e-06,2.101242e+07,2.091109e+07,1.160159e+02,1.013250e+05,1.000000e-09,-1.439203e-02,1.204905e-01,2.5168271094219957e-04,6.2077573036491422e-04
244,4.6684847125489967e-06,4.8406015268424095e-06,4.8359758620494268e-06,9.9980873865383723e-10,9.2901902839236175e-10,9.2901902839236175e-10,1.019388e+03,1.0000000000000002e-06,2.103635e+07,2.093502e+07,1.160169e+02,1.013250e+05,1.000000e-09,-1.912613e-02,9.565111e-02,2.5168128743588403e-04,6.2077026634989980e-04
245,4.6684513827887167e-06,4.8394259448195398e-06,4.8359758620494268e-06,9.9976244350204385e-10,9.2901161100570265e-10,9.2901161100570265e-10,1.019388e+03,1.0000000000000002e-06,2.105977e+07,2.095845e+07,1.160179e+02,1.013250e+05,1.000000e-09,-2.375565e-02,7.134202e-02,2.5167989359937629e-04,6.2076491164288097e-04
246,4.6684187691390251e-06,4.8382754276136057e-06,4.8359758620494268e-06,9.9971716904083067e-10,9.2900434073657331e-10,9.2900434073657331e-10,1.019388e+03,1.0000000000000002e-06,2.108270e+07,2.098137e+07,1.160189e+02,1.013250e+05,1.000000e-09,-2.828310e-02,4.755122e-02,2.5167852879537779e-04,6.2075966405707639e-04
247,4.6683868553187507e-06,4.8371494085431153e-06,4.8359758620494268e-06,9.9967289075850350e-10,9.2899721461029195e-10,9.2899721461029195e-10,1.019388e+03,1.0000000000000002e-06,2.110515e+07,2.100382e+07,1.160198e+02,1.013250e+05,1.000000e-09,-3.271092e-02,2.426700e-02,2.5167719240107062e-04,6.2075452144945615e-04
248,4.6683556254497604e-06,4.8360473350577696e-06,4.8359758620494268e-06,9.9962958481493168e-10,9.2899022971297774e-10,9.2899022971297774e-10,1.019388e+03,1.0000000000000002e-06,2.112712e+07,2.102579e+07,1.160207e+02,1.013250e+05,1.000000e-09,-3.704152e-02,1.477944e-03,2.5167588380776252e-04,6.2074948171986601e-04
249,4.6683250640459076e-06,4.8376759522667310e-06,4.8359758620494268e-06,9.9963887890327395e-10,9.2898338319028197e-10,9.2898338319028197e-10,1.019388e+03,1.0000000000000002e-06,2.120710e+07,2.110577e+07,1.160434e+02,1.013250e+05,1.000000e-09,-3.611211e-02,3.515506e-02,2.5167460242053779e-04,6.2074454281016921e-04
250,4.6682951560021469e-06,4.8357826411510823e-06,4.8359758620494268e-06,9.9958188379386086e-10,9.2897667224614618e-10,9.2897667224614618e-10,1.019388e+03,1.0000000000000002e-06,2.121008e+07,2.110875e+07,1.160366e+02,1.013250e+05,1.000000e-09,-4.181162e-02,-3.995489e-03,2.5167334765791548e-04,6.2073970270340646e-04
251,4.6682658865841901e-06,4.8339291418602646e-06,4.8359758620494268e-06,9.9952615554823887e-10,9.2897009414158945e-10,9.2897009414158945e-10,1.019388e+03,1.0000000000000002e-06,2.121298e+07,2.111166e+07,1.160300e+02,1.013250e+05,1.000000e-09,-4.738445e-02,-4.232280e-02,2.5167211895152391e-04,6.2073495942297050e-04
252,4.6682372414182957e-06,4.8321145718923953e-06,4.8359758620494268e-06,9.9947166348158233e-10,9.2896364619351985e-10,9.2896364619351985e-10,1.019388e+03,1.0000000000000002e-06,2.121582e+07,2.111449e+07,1.160236e+02,1.013250e+05,1.000000e-09,-5.283365e-02,-7.984511e-02,2.5167091574577761e-04,6.2073031103180090e-04
253,4.6682092064815164e-06,4.8305618242964297e-06,4.8359758620494268e-06,9.9941837775164148e-10,9.2895732577357232e-10,9.2895732577357232e-10,1.019388e+03,1.0000000000000002e-06,2.122342e+07,2.112210e+07,1.160273e+02,1.013250e+05,1.000000e-09,-5.816222e-02,-1.119534e-01,2.5166973749756588e-04,6.2072575563159097e-04
254,4.6681817680921356e-06,4.8290631297132606e-06,4.8359758620494268e-06,9.9936626933228302e-10,9.2895113030697195e-10,9.2895113030697195e-10,1.019388e+03,1.0000000000000002e-06,2.123133e+07,2.113000e+07,1.160322e+02,1.013250e+05,1.000000e-09,-6.337307e-02,-1.429439e-01,2.5166858367595000e-04,6.2072129136201293e-04
255,4.6681549129004777e-06,4.8275958366174005e-06,4.8359758620494268e-06,9.9931530998708400e-10,9.2894505727142057e-10,9.2894505727142057e-10,1.019388e+03,1.0000000000000002e-06,2.123906e+07,2.113773e+07,1.160370e+02,1.013250e+05,1.000000e-09,-6.846900e-02,-1.732851e-01,2.5166745376186821e-04,6.2071691639995809e-04
256,4.6681286278798843e-06,4.8261592547525552e-06,4.8359758620494268e-06,9.9926547224504065e-10,9.2893910419600810e-10,9.2893910419600810e-10,1.019388e+03,1.0000000000000002e-06,2.124662e+07,2.114530e+07,1.160416e+02,1.013250e+05,1.000000e-09,-7.345278e-02,-2.029912e-01,2.5166634724784728e-04,6.2071262895879178e-04
257,4.6681029003181686e-06,4.8271493379253831e-06,4.8359758620494268e-06,9.9927995896875860e-10,9.2893326866014722e-10,9.2893326866014722e-10,1.019388e+03,1.0000000000000002e-06,2.130584e+07,2.120452e+07,1.160293e+02,1.013250e+05,1.000000e-09,-7.200410e-02,-1.825180e-01,2.5166526363772454e-04,6.2070842728762443e-04
258,4.6680777178090577e-06,4.8262814344189697e-06,4.8359758620494268e-06,9.9924519849103165e-10,9.2892754829253064e-10,9.2892754829253064e-10,1.019388e+03,1.0000000000000002e-06,2.132411e+07,2.122278e+07,1.160310e+02,1.013250e+05,1.000000e-09,-7.548015e-02,-2.004648e-01,2.5166420244637484e-04,6.2070430967059540e-04
259,4.6680530682440995e-06,4.8343042815322037e-06,4.8359758620494268e-06,9.9956231993957674e-10,9.2892194077011000e-10,9.2892194077011000e-10,1.019388e+03,1.0000000000000002e-06,2.113357e+07,2.103224e+07,1.160251e+02,1.013250e+05,1.000000e-09,-4.376801e-02,-3.456553e-02,2.5166316319944458e-04,6.2070027442617207e-04
260,4.6680289398047474e-06,4.8343127035744506e-06,4.8359758620494268e-06,9.9956217063495558e-10,9.2891644381709834e-10,9.2891644381709834e-10,1.019388e+03,1.0000000000000002e-06,2.113130e+07,2.102998e+07,1.160260e+02,1.013250e+05,1.000000e-09,-4.378294e-02,-3.439137e-02,2.5166214543309915e-04,6.2069631990646407e-04
261,4.6680053209546424e-06,4.8343209819761117e-06,4.8359758620494268e-06,9.9956202161419697e-10,9.2891105520399194e-10,9.2891105520399194e-10,1.019388e+03,1.0000000000000002e-06,2.112908e+07,2.102776e+07,1.160269e+02,1.013250e+05,1.000000e-09,-4.379784e-02,-3.422019e-02,2.5166114869376436e-04,6.2069244449654889e-04
262,4.6679822004321704e-06,4.8343291185739161e-06,4.8359758620494268e-06,9.9956187297157507e-10,9.2890577274661406e-10,9.2890577274661406e-10,1.019388e+03,1.0000000000000002e-06,2.112691e+07,2.102558e+07,1.160277e+02,1.013250e+05,1.000000e-09,-4.381270e-02,-3.405194e-02,2.5166017253788747e-04,6.2068864661381305e-04
263,4.6679595672432327e-06,4.8343371152125236e-06,4.8359758620494268e-06,9.9956172479594710e-10,9.2890059430517886e-10,9.2890059430517886e-10,1.019388e+03,1.0000000000000002e-06,2.112477e+07,2.102345e+07,1.160286e+02,1.013250e+05,1.000000e-09,-4.382752e-02,-3.388658e-02,2.5165921653169822e-04,6.2068492470730534e-04
264,4.6679374106542387e-06,4.8343449737367010e-06,4.8359758620494268e-06,9.9956157717049762e-10,9.2889551778337523e-10,9.2889551778337523e-10,1.019388e+03,1.0000000000000002e-06,2.112268e+07,2.102136e+07,1.160294e+02,1.013250e+05,1.000000e-09,-4.384228e-02,-3.372408e-02,2.5165828025097632e-04,6.2068127725710322e-04
265,4.6679157201852403e-06,4.8343526959986297e-06,4.8359758620494268e-06,9.9956143017322131e-10,9.2889054112746962e-10,9.2889054112746962e-10,1.019388e+03,1.0000000000000002e-06,2.112063e+07,2.101931e+07,1.160303e+02,1.013250e+05,1.000000e-09,-4.385698e-02,-3.356440e-02,2.5165736328082645e-04,6.2067770277369257e-04
266,4.6678944856033721e-06,4.8343602838448254e-06,4.8359758620494268e-06,9.9956128387713690e-10,9.2888566232542906e-10,9.2888566232542906e-10,1.019388e+03,1.0000000000000002e-06,2.111862e+07,2.101730e+07,1.160311e+02,1.013250e+05,1.000000e-09,-4.387161e-02,-3.340749e-02,2.5165646521545790e-04,6.2067419979735812e-04
267,4.6678736969163839e-06,4.8343677391303836e-06,4.8359758620494268e-06,9.9956113835066506e-10,9.2888087940606063e-10,9.2888087940606063e-10,1.019388e+03,1.0000000000000002e-06,2.111665e+07,2.101532e+07,1.160318e+02,1.013250e+05,1.000000e-09,-4.388616e-02,-3.325333e-02,2.5165558565797236e-04,6.2067076689758833e-04
268,4.6678533443664518e-06,4.8343750637151479e-06,4.8359758620494268e-06,9.9956099365792613e-10,9.2887619043817214e-10,9.2887619043817214e-10,1.019388e+03,1.0000000000000002e-06,2.111471e+07,2.101339e+07,1.160326e+02,1.013250e+05,1.000000e-09,-4.390063e-02,-3.310187e-02,2.5165472422015263e-04,6.2066740267249082e-04
269,4.6678334184240640e-06,4.8343822594241839e-06,4.8359758620494268e-06,9.9956084985792891e-10,9.2887159352974766e-10,9.2887159352974766e-10,1.019388e+03,1.0000000000000002e-06,2.111282e+07,2.101149e+07,1.160334e+02,1.013250e+05,1.000000e-09,-4.391501e-02,-3.295307e-02,2.5165388052226259e-04,6.2066410574821969e-04
270,4.6678139097821959e-06,4.8343893281070854e-06,4.8359758620494268e-06,9.9956070700637615e-10,9.2886708682714257e-10,9.2886708682714257e-10,1.019388e+03,1.0000000000000002e-06,2.111096e+07,2.100963e+07,1.160341e+02,1.013250e+05,1.000000e-09,-4.392930e-02,-3.280690e-02,2.5165305419284656e-04,6.2066087477841386e-04
271,4.6677948093505943e-06,4.8343962716024424e-06,4.8359758620494268e-06,9.9956056515473504e-10,9.2886266851429401e-10,9.2886266851429401e-10,1.019388e+03,1.0000000000000002e-06,2.110914e+07,2.100781e+07,1.160348e+02,1.013250e+05,1.000000e-09,-4.394348e-02,-3.266332e-02,2.5165224486853836e-04,6.2065770844364776e-04
272,4.6677761082501785e-06,4.8344030917386578e-06,4.8359758620494268e-06,9.9956042435099031e-10,9.2885833681194933e-10,9.2885833681194933e-10,1.019388e+03,1.0000000000000002e-06,2.110735e+07,2.100602e+07,1.160355e+02,1.013250e+05,1.000000e-09,-4.395756e-02,-3.252229e-02,2.5165145219387412e-04,6.2065460545089287e-04
273,4.6677577978077210e-06,4.8344097903355758e-06,4.8359758620494268e-06,9.9956028463933988e-10,9.2885408997690943e-10,9.2885408997690943e-10,1.019388e+03,1.0000000000000002e-06,2.110559e+07,2.100427e+07,1.160362e+02,1.013250e+05,1.000000e-09,-4.397154e-02,-3.238378e-02,2.5165067582110461e-04,6.2065156453298780e-04
274,4.6677398695505755e-06,4.8344163691910934e-06,4.8359758620494268e-06,9.9956014606040495e-10,9.2884992630129017e-10,9.2884992630129017e-10,1.019388e+03,1.0000000000000002e-06,2.110387e+07,2.100255e+07,1.160369e+02,1.013250e+05,1.000000e-09,-4.398539e-02,-3.224774e-02,2.5164991541002388e-04,6.2064858444812305e-04
275,4.6677223152016057e-06,4.8344228301156969e-06,4.8359758620494268e-06,9.9956000865216736e-10,9.2884584411179605e-10,9.2884584411179605e-10,1.019388e+03,1.0000000000000002e-06,2.110219e+07,2.100086e+07,1.160375e+02,1.013250e+05,1.000000e-09,-4.399913e-02,-3.211414e-02,2.5164917062778995e-04,6.2064566397933188e-04
276,4.6677051266742369e-06,4.8344291748963667e-06,4.8359758620494268e-06,9.9955987244905871e-10,9.2884184176901207e-10,9.2884184176901207e-10,1.019388e+03,1.0000000000000002e-06,2.110053e+07,2.099921e+07,1.160382e+02,1.013250e+05,1.000000e-09,-4.401276e-02,-3.198294e-02,2.5164844114875575e-04,6.2064280193399439e-04
277,4.6676882960676535e-06,4.8344354053105632e-06,4.8359758620494268e-06,9.9955973748297738e-10,9.2883791766671024e-10,9.2883791766671024e-10,1.019388e+03,1.0000000000000002e-06,2.109891e+07,2.099759e+07,1.160388e+02,1.013250e+05,1.000000e-09,-4.402625e-02,-3.185410e-02,2.5164772665430836e-04,6.2063999714334996e-04
278,4.6676718156621521e-06,4.8344415231185158e-06,4.8359758620494268e-06,9.9955960378275080e-10,9.2883407023116723e-10,9.2883407023116723e-10,1.019388e+03,1.0000000000000002e-06,2.109732e+07,2.099600e+07,1.160394e+02,1.013250e+05,1.000000e-09,-4.403962e-02,-3.172760e-02,2.5164702683270102e-04,6.2063724846201989e-04
279,4.6676556779145943e-06,4.8344475300719022e-06,4.8359758620494268e-06,9.9955947137465623e-10,9.2883029792050142e-10,9.2883029792050142e-10,1.019388e+03,1.0000000000000002e-06,2.109576e+07,2.099444e+07,1.160400e+02,1.013250e+05,1.000000e-09,-4.405286e-02,-3.160338e-02,2.5164634137890253e-04,6.2063455476753986e-04
280,4.6676398754539867e-06,4.8344534279052552e-06,4.8359758620494268e-06,9.9955934028248980e-10,9.2882659922401963e-10,9.2882659922401963e-10,1.019388e+03,1.0000000000000002e-06,2.109423e+07,2.099291e+07,1.160406e+02,1.013250e+05,1.000000e-09,-4.406597e-02,-3.148143e-02,2.5164566999444002e-04,6.2063191495990077e-04
281,4.6676244010772146e-06,4.8344592183466873e-06,4.8359758620494268e-06,9.9955921052797264e-10,9.2882297266158039e-10,9.2882297266158039e-10,1.019388e+03,1.0000000000000002e-06,2.109273e+07,2.099141e+07,1.160412e+02,1.013250e+05,1.000000e-09,-4.407895e-02,-3.136169e-02,2.5164501238725105e-04,6.2062932796110081e-04
282,4.6676092477448725e-06,4.8344649030960547e-06,4.8359758620494268e-06,9.9955908213015535e-10,9.2881941678296701e-10,9.2881941678296701e-10,1.019388e+03,1.0000000000000002e-06,2.109126e+07,2.098993e+07,1.160418e+02,1.013250e+05,1.000000e-09,-4.409179e-02,-3.124414e-02,2.5164436827153792e-04,6.2062679271470355e-04
283,4.6675944085771869e-06,4.8344704838416922e-06,4.8359758620494268e-06,9.9955895510602181e-10,9.2881593016727926e-10,9.2881593016727926e-10,1.019388e+03,1.0000000000000002e-06,2.108981e+07,2.098849e+07,1.160423e+02,1.013250e+05,1.000000e-09,-4.410449e-02,-3.112874e-02,2.5164373736762525e-04,6.2062430818540738e-04
284,4.6675798768501384e-06,4.8344759622646909e-06,4.8359758620494268e-06,9.9955882947059445e-10,9.2881251142233162e-10,9.2881251142233162e-10,1.019388e+03,1.0000000000000002e-06,2.108840e+07,2.098707e+07,1.160429e+02,1.013250e+05,1.000000e-09,-4.411705e-02,-3.101545e-02,2.5164311940182200e-04,6.2062187335862307e-04
285,4.6675656459915611e-06,4.8344813400123782e-06,4.8359758620494268e-06,9.9955870523709181e-10,9.2880915918406832e-10,9.2880915918406832e-10,1.019388e+03,1.0000000000000002e-06,2.108701e+07,2.098568e+07,1.160434e+02,1.013250e+05,1.000000e-09,-4.412948e-02,-3.090425e-02,2.5164251410628662e-04,6.2061948724005818e-04
286,4.6675517095774749e-06,4.8344866187396177e-06,4.8359758620494268e-06,9.9955858241694719e-10,9.2880587211598811e-10,9.2880587211598811e-10,1.019388e+03,1.0000000000000002e-06,2.108565e+07,2.098432e+07,1.160439e+02,1.013250e+05,1.000000e-09,-4.414176e-02,-3.079509e-02,2.5164192121889266e-04,6.2061714885531226e-04
287,4.6675380613283960e-06,4.8344918000601503e-06,4.8359758620494268e-06,9.9955846101949201e-10,9.2880264890858363e-10,9.2880264890858363e-10,1.019388e+03,1.0000000000000002e-06,2.108431e+07,2.098299e+07,1.160444e+02,1.013250e+05,1.000000e-09,-4.415390e-02,-3.068795e-02,2.5164134048310502e-04,6.2061485724947748e-04
288,4.6675246951059004e-06,4.8344968855783910e-06,4.8359758620494268e-06,9.9955834105277805e-10,9.2879948827878980e-10,9.2879948827878980e-10,1.019388e+03,1.0000000000000002e-06,2.108300e+07,2.098167e+07,1.160449e+02,1.013250e+05,1.000000e-09,-4.416589e-02,-3.058279e-02,2.5164077164784927e-04,6.2061261148675022e-04
289,4.6675116049090916e-06,4.8345018768834364e-06,4.8359758620494268e-06,9.9955822252308279e-10,9.2879638896944368e-10,9.2879638896944368e-10,1.019388e+03,1.0000000000000002e-06,2.108171e+07,2.098039e+07,1.160454e+02,1.013250e+05,1.000000e-09,-4.417775e-02,-3.047958e-02,2.5164021446739347e-04,6.2061041065004756e-04
290,4.6674987848713568e-06,4.8345067755454839e-06,4.8359758620494268e-06,9.9955810543555334e-10,9.2879334974875939e-10,9.2879334974875939e-10,1.019388e+03,1.0000000000000002e-06,2.108045e+07,2.097913e+07,1.160459e+02,1.013250e+05,1.000000e-09,-4.418946e-02,-3.037828e-02,2.5163966870122504e-04,6.2060825384063344e-04
291,4.6674862292570547e-06,4.8345115831208989e-06,4.8359758620494268e-06,9.9955798979363927e-10,9.2879036940980813e-10,9.2879036940980813e-10,1.019388e+03,1.0000000000000002e-06,2.107921e+07,2.097789e+07,1.160463e+02,1.013250e+05,1.000000e-09,-4.420102e-02,-3.027887e-02,2.5163913411393850e-04,6.2060614017775103e-04
292,4.6674739324583986e-06,4.8345163011302150e-06,4.8359758620494268e-06,9.9955787559952805e-10,9.2878744677001353e-10,9.2878744677001353e-10,1.019388e+03,1.0000000000000002e-06,2.107800e+07,2.097667e+07,1.160468e+02,1.013250e+05,1.000000e-09,-4.421244e-02,-3.018131e-02,2.5163861047511690e-04,6.2060406879826404e-04
293,4.6674618889923343e-06,4.8345209310919470e-06,4.8359758620494268e-06,9.9955776285426566e-10,9.2878458067065633e-10,9.2878458067065633e-10,1.019388e+03,1.0000000000000002e-06,2.107681e+07,2.097548e+07,1.160473e+02,1.013250e+05,1.000000e-09,-4.422371e-02,-3.008557e-02,2.5163809755922458e-04,6.2060203885630299e-04
294,4.6674500934975953e-06,4.8345254745088101e-06,4.8359758620494268e-06,9.9955765155785002e-10,9.2878176997638699e-10,9.2878176997638699e-10,1.019388e+03,1.0000000000000002e-06,2.107564e+07,2.097431e+07,1.160477e+02,1.013250e+05,1.000000e-09,-4.423484e-02,-2.999162e-02,2.5163759514549764e-04,6.2060004952292039e-04
295,4.6674385407317764e-06,4.8345299328529162e-06,4.8359758620494268e-06,9.9955754170908151e-10,9.2877901357475212e-10,9.2877901357475212e-10,1.019388e+03,1.0000000000000002e-06,2.107449e+07,2.097317e+07,1.160481e+02,1.013250e+05,1.000000e-09,-4.424583e-02,-2.989943e-02,2.5163710301783648e-04,6.2059809998575241e-04
296,4.6674272255684637e-06,4.8345343075749923e-06,4.8359758620494268e-06,9.9955743330538492e-10,9.2877631037572857e-10,9.2877631037572857e-10,1.019388e+03,1.0000000000000002e-06,2.107337e+07,2.097204e+07,1.160485e+02,1.013250e+05,1.000000e-09,-4.425667e-02,-2.980897e-02,2.5163662096470589e-04,6.2059618944868629e-04
297,4.6674161429944979e-06,4.8345386001206415e-06,4.8359758620494268e-06,9.9955732634387504e-10,9.2877365931126560e-10,9.2877365931126560e-10,1.019388e+03,1.0000000000000002e-06,2.107226e+07,2.097094e+07,1.160489e+02,1.013250e+05,1.000000e-09,-4.426737e-02,-2.972020e-02,2.5163614877903240e-04,6.2059431713153645e-04
298,4.6674052881073141e-06,4.8345428119032018e-06,4.8359758620494268e-06,9.9955722082015581e-10,9.2877105933484148e-10,9.2877105933484148e-10,1.019388e+03,1.0000000000000002e-06,2.107118e+07,2.096986e+07,1.160493e+02,1.013250e+05,1.000000e-09,-4.427792e-02,-2.963311e-02,2.5163568625810460e-04,6.2059248226972415e-04
299,4.6673946561122552e-06,4.8345469443277315e-06,4.8359758620494268e-06,9.9955711672943601e-10,9.2876850942102317e-10,9.2876850942102317e-10,1.019388e+03,1.0000000000000002e-06,2.107012e+07,2.096879e+07,1.160497e+02,1.013250e+05,1.000000e-09,-4.428833e-02,-2.954766e-02,2.5163523320347980e-04,6.2059068411396694e-04
300,4.6673842423200868e-06,4.8345509987756312e-06,4.8359758620494268e-06,9.9955701406588546e-10,9.2876600856503933e-10,9.2876600856503933e-10,1.019388e+03,1.0000000000000002e-06,2.106907e+07,2.096775e+07,1.160501e+02,1.013250e+05,1.000000e-09,-4.429859e-02,-2.946382e-02,2.5163478942088796e-04,6.2058892192997175e-04
301,4.6673740421444886e-06,4.8345549765972340e-06,4.8359758620494268e-06,9.9955691282270989e-10,9.2876355578236089e-10,9.2876355578236089e-10,1.019388e+03,1.0000000000000002e-06,2.106805e+07,2.096673e+07,1.160505e+02,1.013250e+05,1.000000e-09,-4.430872e-02,-2.938157e-02,2.5163435472014170e-04,6.2058719499813529e-04
302,4.6673640510996142e-06,4.8345588791508234e-06,4.8359758620494268e-06,9.9955681299305758e-10,9.2876115010829021e-10,9.2876115010829021e-10,1.019388e+03,1.0000000000000002e-06,2.106705e+07,2.096572e+07,1.160509e+02,1.013250e+05,1.000000e-09,-4.431870e-02,-2.930087e-02,2.5163392891504739e-04,6.2058550261324952e-04
303,4.6673542647977649e-06,4.8345627077539277e-06,4.8359758620494268e-06,9.9955671456884157e-10,9.2875879059755806e-10,9.2875879059755806e-10,1.019388e+03,1.0000000000000002e-06,2.106606e+07,2.096474e+07,1.160512e+02,1.013250e+05,1.000000e-09,-4.432854e-02,-2.922170e-02,2.5163351182331449e-04,6.2058384408421471e-04
304,4.6673446789470894e-06,4.8345664637047385e-06,4.8359758620494268e-06,9.9955661754143067e-10,9.2875647632392968e-10,9.2875647632392968e-10,1.019388e+03,1.0000000000000002e-06,2.106509e+07,2.096377e+07,1.160516e+02,1.013250e+05,1.000000e-09,-4.433825e-02,-2.914403e-02,2.5163310326647352e-04,6.2058221873375664e-04
305,4.6673352893493390e-06,4.8345701483008474e-06,4.8359758620494268e-06,9.9955652190205386e-10,9.2875420637981899e-10,9.2875420637981899e-10,1.019388e+03,1.0000000000000002e-06,2.106415e+07,2.096282e+07,1.160519e+02,1.013250e+05,1.000000e-09,-4.434781e-02,-2.906784e-02,2.5163270306979179e-04,6.2058062589814941e-04
306,4.6673260918976864e-06,4.8345737627990144e-06,4.8359758620494268e-06,9.9955642764076326e-10,9.2875197987591118e-10,9.2875197987591118e-10,1.019388e+03,1.0000000000000002e-06,2.106321e+07,2.096189e+07,1.160523e+02,1.013250e+05,1.000000e-09,-4.435724e-02,-2.899310e-02,2.5163231106219223e-04,6.2057906492694599e-04
307,4.6673170825746027e-06,4.8345773084560541e-06,4.8359758620494268e-06,9.9955633474773816e-10,9.2874979594079040e-10,9.2874979594079040e-10,1.019388e+03,1.0000000000000002e-06,2.106230e+07,2.096097e+07,1.160526e+02,1.013250e+05,1.000000e-09,-4.436653e-02,-2.891978e-02,2.5163192707617341e-04,6.2057753518271073e-04
308,4.6673082574498041e-06,4.8345807864826451e-06,4.8359758620494268e-06,9.9955624321196508e-10,9.2874765372057919e-10,9.2874765372057919e-10,1.019388e+03,1.0000000000000002e-06,2.106140e+07,2.096008e+07,1.160529e+02,1.013250e+05,1.000000e-09,-4.437568e-02,-2.884786e-02,2.5163155094773225e-04,6.2057603604076018e-04
309,4.6672996126782312e-06,4.8345841981204167e-06,4.8359758620494268e-06,9.9955615302304490e-10,9.2874555237858200e-10,9.2874555237858200e-10,1.019388e+03,1.0000000000000002e-06,2.106052e+07,2.095920e+07,1.160532e+02,1.013250e+05,1.000000e-09,-4.438470e-02,-2.877731e-02,2.5163118251628745e-04,6.2057456688890760e-04
310,4.6672911444980387e-06,4.8345875445380836e-06,4.8359758620494268e-06,9.9955606416923662e-10,9.2874349109493750e-10,9.2874349109493750e-10,1.019388e+03,1.0000000000000002e-06,2.105966e+07,2.095833e+07,1.160536e+02,1.013250e+05,1.000000e-09,-4.439358e-02,-2.870811e-02,2.5163082162460719e-04,6.2057312712721362e-04
311,4.6672828492287566e-06,4.8345908269211032e-06,4.8359758620494268e-06,9.9955597663901141e-10,9.2874146906627819e-10,9.2874146906627819e-10,1.019388e+03,1.0000000000000002e-06,2.105881e+07,2.095748e+07,1.160539e+02,1.013250e+05,1.000000e-09,-4.440234e-02,-2.864024e-02,2.5163046811873532e-04,6.2057171616773979e-04
312,4.6672747232693659e-06,4.8345940464241975e-06,4.8359758620494268e-06,9.9955589042001368e-10,9.2873948550539559e-10,9.2873948550539559e-10,1.019388e+03,1.0000000000000002e-06,2.105798e+07,2.095665e+07,1.160542e+02,1.013250e+05,1.000000e-09,-4.441096e-02,-2.857367e-02,2.5163012184792056e-04,6.2057033343430987e-04
313,4.6672667630964923e-06,4.8345972041775346e-06,4.8359758620494268e-06,9.9955580550006525e-10,9.2873753964091380e-10,9.2873753964091380e-10,1.019388e+03,1.0000000000000002e-06,2.105716e+07,2.095583e+07,1.160545e+02,1.013250e+05,1.000000e-09,-4.441945e-02,-2.850837e-02,2.5162978266454766e-04,6.2056897836227374e-04
314,4.6672589652626440e-06,4.8346003013163537e-06,4.8359758620494268e-06,9.9955572186671438e-10,9.2873563071696936e-10,9.2873563071696936e-10,1.019388e+03,1.0000000000000002e-06,2.105636e+07,2.095503e+07,1.160547e+02,1.013250e+05,1.000000e-09,-4.442781e-02,-2.844433e-02,2.5162945042407132e-04,6.2056765039827726e-04
315,4.6672513263944565e-06,4.8346033389280774e-06,4.8359758620494268e-06,9.9955563950669949e-10,9.2873375799289686e-10,9.2873375799289686e-10,1.019388e+03,1.0000000000000002e-06,2.105557e+07,2.095424e+07,1.160550e+02,1.013250e+05,1.000000e-09,-4.443605e-02,-2.838151e-02,2.5162912498494683e-04,6.2056634900003592e-04
316,4.6672438431910219e-06,4.8346063181096117e-06,4.8359758620494268e-06,9.9955555840719392e-10,9.2873192074292237e-10,9.2873192074292237e-10,1.019388e+03,1.0000000000000002e-06,2.105480e+07,2.095347e+07,1.160553e+02,1.013250e+05,1.000000e-09,-4.444416e-02,-2.831991e-02,2.5162880620856968e-04,6.2056507363611360e-04
317,4.6672365124222394e-06,4.8346092399164249e-06,4.8359758620494268e-06,9.9955547855469682e-10,9.2873011825586142e-10,9.2873011825586142e-10,1.019388e+03,1.0000000000000002e-06,2.105404e+07,2.095271e+07,1.160556e+02,1.013250e+05,1.000000e-09,-4.445214e-02,-2.825949e-02,2.5162849395920920e-04,6.2056382378570564e-04
318,4.6672293309272218e-06,4.8346121054108419e-06,4.8359758620494268e-06,9.9955539993572289e-10,9.2872834983482521e-10,9.2872834983482521e-10,1.019388e+03,1.0000000000000002e-06,2.105329e+07,2.095197e+07,1.160558e+02,1.013250e+05,1.000000e-09,-4.446001e-02,-2.820024e-02,2.5162818810395016e-04,6.2056259893842572e-04
319,4.6672222956126988e-06,4.8315383237935467e-06,4.8359758620494268e-06,9.9948999796170913e-10,9.2872661479693075e-10,9.2872661479693075e-10,1.019388e+03,1.0000000000000002e-06,2.103221e+07,2.093088e+07,1.160579e+02,1.013250e+05,1.000000e-09,-5.100020e-02,-9.176097e-02,2.5162788851262793e-04,6.2056139859409788e-04
320,4.6672154034515118e-06,4.8316106496570659e-06,4.8359758620494268e-06,9.9949139448024968e-10,9.2872491247301839e-10,9.2872491247301839e-10,1.019388e+03,1.0000000000000002e-06,2.103195e+07,2.093063e+07,1.160582e+02,1.013250e+05,1.000000e-09,-5.086055e-02,-9.026539e-02,2.5162759505777398e-04,6.2056022226255215e-04
321,4.6672086514811258e-06,4.8316814967442468e-06,4.8359758620494268e-06,9.9949276221473175e-10,9.2872324220737441e-10,9.2872324220737441e-10,1.019388e+03,1.0000000000000002e-06,2.103170e+07,2.093037e+07,1.160584e+02,1.013250e+05,1.000000e-09,-5.072378e-02,-8.880039e-02,2.5162730761455794e-04,6.2055906946342407e-04
322,4.6672020368021827e-06,4.8317508959272160e-06,4.8359758620494268e-06,9.9949410177181166e-10,9.2872160335745897e-10,9.2872160335745897e-10,1.019388e+03,1.0000000000000002e-06,2.103144e+07,2.093012e+07,1.160586e+02,1.013250e+05,1.000000e-09,-5.058982e-02,-8.736533e-02,2.5162702606072837e-04,6.2055793972595947e-04
323,4.6671955565770543e-06,4.8318188773946494e-06,4.8359758620494268e-06,9.9949541374417714e-10,9.2871999529364173e-10,9.2871999529364173e-10,1.019388e+03,1.0000000000000002e-06,2.103120e+07,2.092987e+07,1.160588e+02,1.013250e+05,1.000000e-09,-5.045863e-02,-8.595958e-02,2.5162675027656025e-04,6.2055683258882013e-04
324,4.6671892080284728e-06,4.8318854707009116e-06,4.8359758620494268e-06,9.9949669871221079e-10,9.2871841739893922e-10,9.2871841739893922e-10,1.019388e+03,1.0000000000000002e-06,2.103095e+07,2.092963e+07,1.160589e+02,1.013250e+05,1.000000e-09,-5.033013e-02,-8.458254e-02,2.5162648014480219e-04,6.2055574759989839e-04
325,4.6671829884382003e-06,4.8319507047467624e-06,4.8359758620494268e-06,9.9949795724317796e-10,9.2871686906876057e-10,9.2871686906876057e-10,1.019388e+03,1.0000000000000002e-06,2.103071e+07,2.092939e+07,1.160591e+02,1.013250e+05,1.000000e-09,-5.020428e-02,-8.323361e-02,2.5162621555062110e-04,6.2055468431612974e-04
326,4.6671768951456851e-06,4.8320146078283226e-06,4.8359758620494268e-06,9.9949918989248205e-10,9.2871534971065795e-10,9.2871534971065795e-10,1.019388e+03,1.0000000000000002e-06,2.103047e+07,2.092915e+07,1.160593e+02,1.013250e+05,1.000000e-09,-5.008101e-02,-8.191220e-02,2.5162595638155235e-04,6.2055364230331354e-04
327,4.6671709255467990e-06,4.8320772076059842e-06,4.8359758620494268e-06,9.9950039720247293e-10,9.2871385874408032e-10,9.2871385874408032e-10,1.019388e+03,1.0000000000000002e-06,2.103024e+07,2.092891e+07,1.160595e+02,1.013250e+05,1.000000e-09,-4.996028e-02,-8.061774e-02,2.5162570252744811e-04,6.2055262113593524e-04
328,4.6671650770925530e-06,4.8321385311676829e-06,4.8359758620494268e-06,9.9950157970452232e-10,9.2871239560013412e-10,9.2871239560013412e-10,1.019388e+03,1.0000000000000002e-06,2.103001e+07,2.092868e+07,1.160597e+02,1.013250e+05,1.000000e-09,-4.984203e-02,-7.934967e-02,2.5162545388043281e-04,6.2055162039699246e-04
329,4.6671593472878980e-06,4.8321986050131646e-06,4.8359758620494268e-06,9.9950273791818442e-10,9.2871095972134821e-10,9.2871095972134821e-10,1.019388e+03,1.0000000000000002e-06,2.102978e+07,2.092845e+07,1.160598e+02,1.013250e+05,1.000000e-09,-4.972621e-02,-7.810744e-02,2.5162521033484975e-04,6.2055063967782491e-04
330,4.6671537336905323e-06,4.8322574550821603e-06,4.8359758620494268e-06,9.9950387235194950e-10,9.2870955056144321e-10,9.2870955056144321e-10,1.019388e+03,1.0000000000000002e-06,2.102955e+07,2.092823e+07,1.160600e+02,1.013250e+05,1.000000e-09,-4.961276e-02,-7.689052e-02,2.5162497178721639e-04,6.2054967857794728e-04
331,4.6671482339096961e-06,4.8323151067384567e-06,4.8359758620494268e-06,9.9950498350269007e-10,9.2870816758510618e-10,9.2870816758510618e-10,1.019388e+03,1.0000000000000002e-06,2.102933e+07,2.092800e+07,1.160602e+02,1.013250e+05,1.000000e-09,-4.950165e-02,-7.569838e-02,2.5162473813617863e-04,6.2054873670488553e-04
332,4.6671428456051026e-06,4.8323715848122444e-06,4.8359758620494268e-06,9.9950607185679927e-10,9.2870681026776999e-10,9.2870681026776999e-10,1.019388e+03,1.0000000000000002e-06,2.102911e+07,2.092778e+07,1.160603e+02,1.013250e+05,1.000000e-09,-4.939281e-02,-7.453051e-02,2.5162450928246634e-04,6.2054781367401797e-04
333,4.6671375664857360e-06,4.8324269136108152e-06,4.8359758620494268e-06,9.9950713789046700e-10,9.2870547809539536e-10,9.2870547809539536e-10,1.019388e+03,1.0000000000000002e-06,2.102889e+07,2.092757e+07,1.160605e+02,1.013250e+05,1.000000e-09,-4.928621e-02,-7.338640e-02,2.5162428512884766e-04,6.2054690910841629e-04
334,4.6671323943088665e-06,4.8324811169188906e-06,4.8359758620494268e-06,9.9950818206937754e-10,9.2870417056425937e-10,9.2870417056425937e-10,1.019388e+03,1.0000000000000002e-06,2.102868e+07,2.092735e+07,1.160607e+02,1.013250e+05,1.000000e-09,-4.918179e-02,-7.226556e-02,2.5162406558008757e-04,6.2054602263869249e-04
335,4.6671273268788915e-06,4.8325342180097961e-06,4.8359758620494268e-06,9.9950920484874389e-10,9.2870288718074840e-10,9.2870288718074840e-10,1.019388e+03,1.0000000000000002e-06,2.102847e+07,2.092714e+07,1.160608e+02,1.013250e+05,1.000000e-09,-4.907952e-02,-7.116752e-02,2.5162385054290664e-04,6.2054515390284849e-04
336,4.6671223620463710e-06,4.8325862396693456e-06,4.8359758620494268e-06,9.9951020667492884e-10,9.2870162746115371e-10,9.2870162746115371e-10,1.019388e+03,1.0000000000000002e-06,2.102826e+07,2.092693e+07,1.160610e+02,1.013250e+05,1.000000e-09,-4.897933e-02,-7.009180e-02,2.5162363992593719e-04,6.2054430254612726e-04
337,4.6671174977069913e-06,4.8326372041825881e-06,4.8359758620494268e-06,9.9951118798344856e-10,9.2870039093147122e-10,9.2870039093147122e-10,1.019388e+03,1.0000000000000002e-06,2.102805e+07,2.092673e+07,1.160611e+02,1.013250e+05,1.000000e-09,-4.888120e-02,-6.903793e-02,2.5162343363968587e-04,6.2054346822086940e-04
338,4.6671127318005726e-06,4.8326871333827277e-06,4.8359758620494268e-06,9.9951214920171638e-10,9.2869917712720781e-10,9.2869917712720781e-10,1.019388e+03,1.0000000000000002e-06,2.102785e+07,2.092653e+07,1.160613e+02,1.013250e+05,1.000000e-09,-4.878508e-02,-6.800548e-02,2.5162323159649320e-04,6.2054265058636936e-04
339,4.6671080623101136e-06,4.8327360486274022e-06,4.8359758620494268e-06,9.9951309074718429e-10,9.2869798559318789e-10,9.2869798559318789e-10,1.019388e+03,1.0000000000000002e-06,2.102765e+07,2.092633e+07,1.160614e+02,1.013250e+05,1.000000e-09,-4.869093e-02,-6.699399e-02,2.5162303371049536e-04,6.2054184930873766e-04
340,4.6671034872608593e-06,4.8327839708165184e-06,4.8359758620494268e-06,9.9951401302828576e-10,9.2869681588336788e-10,9.2869681588336788e-10,1.019388e+03,1.0000000000000002e-06,2.102745e+07,2.092613e+07,1.160615e+02,1.013250e+05,1.000000e-09,-4.859870e-02,-6.600304e-02,2.5162283989758639e-04,6.2054106406076457e-04
341,4.6670990047193605e-06,4.8328309204145219e-06,4.8359758620494268e-06,9.9951491644513692e-10,9.2869566756065001e-10,9.2869566756065001e-10,1.019388e+03,1.0000000000000002e-06,2.102726e+07,2.092593e+07,1.160617e+02,1.013250e+05,1.000000e-09,-4.850836e-02,-6.503220e-02,2.5162265007538102e-04,6.2054029452178515e-04
342,4.6670946127925909e-06,4.8328769174528102e-06,4.8359758620494268e-06,9.9951580138901035e-10,9.2869454019670457e-10,9.2869454019670457e-10,1.019388e+03,1.0000000000000002e-06,2.102706e+07,2.092574e+07,1.160618e+02,1.013250e+05,1.000000e-09,-4.841986e-02,-6.408106e-02,2.5162246416317969e-04,6.2053954037755003e-04
343,4.6670903096270577e-06,4.8329219815404442e-06,4.8359758620494268e-06,9.9951666824308713e-10,9.2869343337179208e-10,9.2869343337179208e-10,1.019388e+03,1.0000000000000002e-06,2.102687e+07,2.092555e+07,1.160619e+02,1.013250e+05,1.000000e-09,-4.833318e-02,-6.314921e-02,2.5162228208193313e-04,6.2053880132009569e-04
344,4.6670860934079658e-06,4.8329661318657712e-06,4.8359758620494268e-06,9.9951751738201926e-10,9.2869234667459027e-10,9.2869234667459027e-10,1.019388e+03,1.0000000000000002e-06,2.102668e+07,2.092536e+07,1.160621e+02,1.013250e+05,1.000000e-09,-4.824826e-02,-6.223625e-02,2.5162210375420722e-04,6.2053807704761971e-04
345,4.6670819623583519e-06,4.8330093872186730e-06,4.8359758620494268e-06,9.9951834917268163e-10,9.2869127970202549e-10,9.2869127970202549e-10,1.019388e+03,1.0000000000000002e-06,2.102650e+07,2.092517e+07,1.160622e+02,1.013250e+05,1.000000e-09,-4.816508e-02,-6.134180e-02,2.5162192910415049e-04,6.2053736726435695e-04
346,4.6670779147382789e-06,4.8330517659958386e-06,4.8359758620494268e-06,9.9951916397425321e-10,9.2869023205910682e-10,9.2869023205910682e-10,1.019388e+03,1.0000000000000002e-06,2.102632e+07,2.092499e+07,1.160623e+02,1.013250e+05,1.000000e-09,-4.808360e-02,-6.046548e-02,2.5162175805745892e-04,6.2053667168045885e-04
347,4.6670739488440494e-06,4.8330932861991907e-06,4.8359758620494268e-06,9.9951996213791623e-10,9.2868920335876282e-10,9.2868920335876282e-10,1.019388e+03,1.0000000000000002e-06,2.102613e+07,2.092481e+07,1.160624e+02,1.013250e+05,1.000000e-09,-4.800379e-02,-5.960691e-02,2.5162159054134716e-04,6.2053599001187518e-04
348,4.6670700630074269e-06,4.8331339654522612e-06,4.8359758620494268e-06,9.9952074400766511e-10,9.2868819322168219e-10,9.2868819322168219e-10,1.019388e+03,1.0000000000000002e-06,2.102595e+07,2.092463e+07,1.160625e+02,1.013250e+05,1.000000e-09,-4.792560e-02,-5.876573e-02,2.5162142648451334e-04,6.2053532198023779e-04
349,4.6670662555948236e-06,4.8331738210095109e-06,4.8359758620494268e-06,9.9952150991995392e-10,9.2868720127615870e-10,9.2868720127615870e-10,1.019388e+03,1.0000000000000002e-06,2.102578e+07,2.092445e+07,1.160627e+02,1.013250e+05,1.000000e-09,-4.784901e-02,-5.794158e-02,2.5162126581711148e-04,6.2053466731274733e-04
350,4.6670625250066213e-06,4.8332125822998377e-06,4.8359758620494268e-06,9.9952225576552949e-10,9.2868622715793758e-10,9.2868622715793758e-10,1.019388e+03,1.0000000000000002e-06,2.102560e+07,2.092427e+07,1.160628e+02,1.013250e+05,1.000000e-09,-4.777442e-02,-5.714006e-02,2.5162110847071759e-04,6.2053402574206197e-04
351,4.6670588696763943e-06,4.8332511282669015e-06,4.8359758620494268e-06,9.9952299518359406e-10,9.2868527051006557e-10,9.2868527051006557e-10,1.019388e+03,1.0000000000000002e-06,2.102543e+07,2.092410e+07,1.160629e+02,1.013250e+05,1.000000e-09,-4.770048e-02,-5.634300e-02,2.5162095437830445e-04,6.2053339700618719e-04
352,4.6670552880702260e-06,4.8332886126931344e-06,4.8359758620494268e-06,9.9952371517289107e-10,9.2868433098274454e-10,9.2868433098274454e-10,1.019388e+03,1.0000000000000002e-06,2.102526e+07,2.092393e+07,1.160630e+02,1.013250e+05,1.000000e-09,-4.762848e-02,-5.556788e-02,2.5162080347420962e-04,6.2053278084837015e-04
353,4.6670517786860018e-06,4.8333253389089902e-06,4.8359758620494268e-06,9.9952442048148066e-10,9.2868340823318743e-10,9.2868340823318743e-10,1.019388e+03,1.0000000000000002e-06,2.102509e+07,2.092376e+07,1.160631e+02,1.013250e+05,1.000000e-09,-4.755795e-02,-5.480844e-02,2.5162065569410668e-04,6.2053217701699408e-04
354,4.6670483400527091e-06,4.8333613224220980e-06,4.8359758620494268e-06,9.9952511141167749e-10,9.2868250192547723e-10,9.2868250192547723e-10,1.019388e+03,1.0000000000000002e-06,2.102492e+07,2.092360e+07,1.160632e+02,1.013250e+05,1.000000e-09,-4.748886e-02,-5.406436e-02,2.5162051097498138e-04,6.2053158526547564e-04
355,4.6670449707298246e-06,4.8333965784429248e-06,4.8359758620494268e-06,9.9952578825971334e-10,9.2868161173042966e-10,9.2868161173042966e-10,1.019388e+03,1.0000000000000002e-06,2.102476e+07,2.092343e+07,1.160633e+02,1.013250e+05,1.000000e-09,-4.742117e-02,-5.333533e-02,2.5162036925510022e-04,6.2053100535216425e-04
356,4.6670416693066096e-06,4.8334311218468685e-06,4.8359758620494268e-06,9.9952645131537255e-10,9.2868073732545659e-10,9.2868073732545659e-10,1.019388e+03,1.0000000000000002e-06,2.102459e+07,2.092327e+07,1.160634e+02,1.013250e+05,1.000000e-09,-4.735487e-02,-5.262103e-02,2.5162023047398444e-04,6.2053043704024308e-04
357,4.6670384344014892e-06,4.8334649671981710e-06,4.8359758620494268e-06,9.9952710086217621e-10,9.2867987839443491e-10,9.2867987839443491e-10,1.019388e+03,1.0000000000000002e-06,2.102443e+07,2.092311e+07,1.160635e+02,1.013250e+05,1.000000e-09,-4.728991e-02,-5.192116e-02,2.5162009457238858e-04,6.2052988009763310e-04
358,4.6670352646614696e-06,4.8334981287702701e-06,4.8359758620494268e-06,9.9952773717805000e-10,9.2867903462757515e-10,9.2867903462757515e-10,1.019388e+03,1.0000000000000002e-06,2.102427e+07,2.092295e+07,1.160636e+02,1.013250e+05,1.000000e-09,-4.722628e-02,-5.123544e-02,2.5161996149226912e-04,6.2052933429689841e-04
359,4.6670321587614770e-06,4.8335306205166868e-06,4.8359758620494268e-06,9.9952836053471384e-10,9.2867820572129644e-10,9.2867820572129644e-10,1.019388e+03,1.0000000000000002e-06,2.102411e+07,2.092279e+07,1.160637e+02,1.013250e+05,1.000000e-09,-4.716395e-02,-5.056356e-02,2.5161983117676361e-04,6.2052879941515134e-04
360,4.6670291154037800e-06,4.8335624561271311e-06,4.8359758620494268e-06,9.9952897119854720e-10,9.2867739137809924e-10,9.2867739137809924e-10,1.019388e+03,1.0000000000000002e-06,2.102396e+07,2.092263e+07,1.160638e+02,1.013250e+05,1.000000e-09,-4.710288e-02,-4.990525e-02,2.5161970357016455e-04,6.2052827523396449e-04
361,4.6670261333174343e-06,4.8335936489869116e-06,4.8359758620494268e-06,9.9952956943002655e-10,9.2867659130644477e-10,9.2867659130644477e-10,1.019388e+03,1.0000000000000002e-06,2.102380e+07,2.092248e+07,1.160638e+02,1.013250e+05,1.000000e-09,-4.704306e-02,-4.926023e-02,2.5161957861789591e-04,6.2052776153927907e-04
362,4.6670232112576987e-06,4.8336242122166210e-06,4.8359758620494268e-06,9.9953015548441737e-10,9.2867580522063530e-10,9.2867580522063530e-10,1.019388e+03,1.0000000000000002e-06,2.102365e+07,2.092232e+07,1.160639e+02,1.013250e+05,1.000000e-09,-4.698445e-02,-4.862824e-02,2.5161945626649010e-04,6.2052725812131876e-04
363,4.6670203480054550e-06,4.8336541586499664e-06,4.8359758620494268e-06,9.9953072961127423e-10,9.2867503284069594e-10,9.2867503284069594e-10,1.019388e+03,1.0000000000000002e-06,2.102350e+07,2.092217e+07,1.160640e+02,1.013250e+05,1.000000e-09,-4.692704e-02,-4.800899e-02,2.5161933646356357e-04,6.2052676477450353e-04
364,4.6670175423667109e-06,4.8336835008670397e-06,4.8359758620494268e-06,9.9953129205540787e-10,9.2867427389226059e-10,9.2867427389226059e-10,1.019388e+03,1.0000000000000002e-06,2.102335e+07,2.092202e+07,1.160641e+02,1.013250e+05,1.000000e-09,-4.687079e-02,-4.740225e-02,2.5161921915779859e-04,6.2052628129736598e-04
365,4.6670147931720436e-06,4.8337122511800450e-06,4.8359758620494268e-06,9.9953184305599591e-10,9.2867352810645936e-10,9.2867352810645936e-10,1.019388e+03,1.0000000000000002e-06,2.102320e+07,2.092187e+07,1.160642e+02,1.013250e+05,1.000000e-09,-4.681569e-02,-4.680774e-02,2.5161910429891680e-04,6.2052580749246897e-04
366,4.6670120992760806e-06,4.8337404216399537e-06,4.8359758620494268e-06,9.9953238284742617e-10,9.2867279521980743e-10,9.2867279521980743e-10,1.019388e+03,1.0000000000000002e-06,2.102305e+07,2.092173e+07,1.160643e+02,1.013250e+05,1.000000e-09,-4.676172e-02,-4.622522e-02,2.5161899183765894e-04,6.2052534316632503e-04
367,4.6670094595570039e-06,4.8337680240702405e-06,4.8359758620494268e-06,9.9953291165961413e-10,9.2867207497409787e-10,9.2867207497409787e-10,1.019388e+03,1.0000000000000002e-06,2.102291e+07,2.092158e+07,1.160643e+02,1.013250e+05,1.000000e-09,-4.670883e-02,-4.565445e-02,2.5161888172576635e-04,6.2052488812931695e-04
368,4.6670068729160262e-06,4.8337950700260864e-06,4.8359758620494268e-06,9.9953342971704937e-10,9.2867136711629511e-10,9.2867136711629511e-10,1.019388e+03,1.0000000000000002e-06,2.102276e+07,2.092144e+07,1.160644e+02,1.013250e+05,1.000000e-09,-4.665703e-02,-4.509518e-02,2.5161877391595747e-04,6.2052444219562106e-04
369,4.6670043382769618e-06,4.8338215708299859e-06,4.8359758620494268e-06,9.9953393723963888e-10,9.2867067139843128e-10,9.2867067139843128e-10,1.019388e+03,1.0000000000000002e-06,2.102262e+07,2.092130e+07,1.160645e+02,1.013250e+05,1.000000e-09,-4.660628e-02,-4.454719e-02,2.5161866836190901e-04,6.2052400518313084e-04
370,4.6670018545856840e-06,4.8338475375728511e-06,4.8359758620494268e-06,9.9953443444292588e-10,9.2866998757750502e-10,9.2866998757750502e-10,1.019388e+03,1.0000000000000002e-06,2.102248e+07,2.092116e+07,1.160646e+02,1.013250e+05,1.000000e-09,-4.655656e-02,-4.401024e-02,2.5161856501823728e-04,6.2052357691338284e-04
371,4.6669994208097105e-06,4.8338729811230473e-06,4.8359758620494268e-06,9.9953492153803684e-10,9.2866931541538054e-10,9.2866931541538054e-10,1.019388e+03,1.0000000000000002e-06,2.102234e+07,2.092102e+07,1.160646e+02,1.013250e+05,1.000000e-09,-4.650785e-02,-4.348411e-02,2.5161846384047628e-04,6.2052315721148319e-04
372,4.6669970359377264e-06,4.8338979121095057e-06,4.8359758620494268e-06,9.9953539873140606e-10,9.2866865467869168e-10,9.2866865467869168e-10,1.019388e+03,1.0000000000000002e-06,2.102220e+07,2.092088e+07,1.160647e+02,1.013250e+05,1.000000e-09,-4.646013e-02,-4.296858e-02,2.5161836478506159e-04,6.2052274590603744e-04
373,4.6669946989791476e-06,4.8339223409533082e-06,4.8359758620494268e-06,9.9953586622524901e-10,9.2866800513874483e-10,9.2866800513874483e-10,1.019388e+03,1.0000000000000002e-06,2.102207e+07,2.092074e+07,1.160648e+02,1.013250e+05,1.000000e-09,-4.641338e-02,-4.246343e-02,2.5161826780931027e-04,6.2052234282907901e-04
374,4.6669924089636854e-06,4.8339462778579830e-06,4.8359758620494268e-06,9.9953632421779166e-10,9.2866736657142573e-10,9.2866736657142573e-10,1.019388e+03,1.0000000000000002e-06,2.102193e+07,2.092061e+07,1.160648e+02,1.013250e+05,1.000000e-09,-4.636758e-02,-4.196845e-02,2.5161817287140377e-04,6.2052194781600197e-04
375,4.6669901649409239e-06,4.8339697328137883e-06,4.8359758620494268e-06,9.9953677290301076e-10,9.2866673875710852e-10,9.2866673875710852e-10,1.019388e+03,1.0000000000000002e-06,2.102180e+07,2.092047e+07,1.160649e+02,1.013250e+05,1.000000e-09,-4.632271e-02,-4.148344e-02,2.5161807993036967e-04,6.2052156070549285e-04
376,4.6669879659798797e-06,4.8339927156034794e-06,4.8359758620494268e-06,9.9953721247057800e-10,9.2866612148056339e-10,9.2866612148056339e-10,1.019388e+03,1.0000000000000002e-06,2.102166e+07,2.092034e+07,1.160650e+02,1.013250e+05,1.000000e-09,-4.627875e-02,-4.100820e-02,2.5161798894606381e-04,6.2052118133946533e-04
377,4.6669858111686661e-06,4.8340152358174055e-06,4.8359758620494268e-06,9.9953764310670745e-10,9.2866551453087055e-10,9.2866551453087055e-10,1.019388e+03,1.0000000000000002e-06,2.102153e+07,2.092021e+07,1.160650e+02,1.013250e+05,1.000000e-09,-4.623569e-02,-4.054251e-02,2.5161789987915479e-04,6.2052080956299547e-04
378,4.6669836996139953e-06,4.8340373028427942e-06,4.8359758620494268e-06,9.9953806499360280e-10,9.2866491770133350e-10,9.2866491770133350e-10,1.019388e+03,1.0000000000000002e-06,2.102140e+07,2.092008e+07,1.160651e+02,1.013250e+05,1.000000e-09,-4.619350e-02,-4.008621e-02,2.5161781269110602e-04,6.2052044522425867e-04
379,4.6669816304408773e-06,4.8340589258636492e-06,4.8359758620494268e-06,9.9953847830916269e-10,9.2866433078939286e-10,9.2866433078939286e-10,1.019388e+03,1.0000000000000002e-06,2.102127e+07,2.091995e+07,1.160652e+02,1.013250e+05,1.000000e-09,-4.615217e-02,-3.963908e-02,2.5161772734416026e-04,6.2052008817446713e-04
380,4.6669796027921654e-06,4.8340801139056715e-06,4.8359758620494268e-06,9.9953888322877505e-10,9.2866375359654525e-10,9.2866375359654525e-10,1.019388e+03,1.0000000000000002e-06,2.102114e+07,2.091982e+07,1.160652e+02,1.013250e+05,1.000000e-09,-4.611168e-02,-3.920094e-02,2.5161764380132409e-04,6.2051973826780966e-04
381,4.6669776158282620e-06,4.8341008757713479e-06,4.8359758620494268e-06,9.9953927992300866e-10,9.2866318592826063e-10,9.2866318592826063e-10,1.019388e+03,1.0000000000000002e-06,2.102102e+07,2.091969e+07,1.160653e+02,1.013250e+05,1.000000e-09,-4.607201e-02,-3.877162e-02,2.5161756202635063e-04,6.2051939536139178e-04
382,4.6669756687266770e-06,4.8341212201054576e-06,4.8359758620494268e-06,9.9953966855933987e-10,9.2866262759390335e-10,9.2866262759390335e-10,1.019388e+03,1.0000000000000002e-06,2.102089e+07,2.091957e+07,1.160653e+02,1.013250e+05,1.000000e-09,-4.603314e-02,-3.835093e-02,2.5161748198372608e-04,6.2051905931517803e-04
383,4.6669737606817176e-06,4.8341411553669765e-06,4.8359758620494268e-06,9.9954004930199259e-10,9.2866207840665424e-10,9.2866207840665424e-10,1.019388e+03,1.0000000000000002e-06,2.102077e+07,2.091944e+07,1.160654e+02,1.013250e+05,1.000000e-09,-4.599507e-02,-3.793871e-02,2.5161740363865320e-04,6.2051872999193357e-04
384,4.6669718909041414e-06,4.8341606898473746e-06,4.8359758620494268e-06,9.9954042231161914e-10,9.2866153818343280e-10,9.2866153818343280e-10,1.019388e+03,1.0000000000000002e-06,2.102064e+07,2.091932e+07,1.160654e+02,1.013250e+05,1.000000e-09,-4.595777e-02,-3.753477e-02,2.5161732695703847e-04,6.2051840725716909e-04
385,4.6669700586207947e-06,4.8341798316679630e-06,4.8359758620494268e-06,9.9954078774561628e-10,9.2866100674482398e-10,9.2866100674482398e-10,1.019388e+03,1.0000000000000002e-06,2.102052e+07,2.091920e+07,1.160655e+02,1.013250e+05,1.000000e-09,-4.592123e-02,-3.713894e-02,2.5161725190547634e-04,6.2051809097908616e-04
386,4.6669682630742866e-06,4.8341985887721508e-06,4.8359758620494268e-06,9.9954114575791672e-10,9.2866048391500380e-10,9.2866048391500380e-10,1.019388e+03,1.0000000000000002e-06,2.102040e+07,2.091907e+07,1.160656e+02,1.013250e+05,1.000000e-09,-4.588542e-02,-3.675108e-02,2.5161717845123663e-04,6.2051778102852214e-04
387,4.6669665035226444e-06,4.8342169689509630e-06,4.8359758620494268e-06,9.9954149649954112e-10,9.2865996952166735e-10,9.2865996952166735e-10,1.019388e+03,1.0000000000000002e-06,2.102028e+07,2.091895e+07,1.160656e+02,1.013250e+05,1.000000e-09,-4.585035e-02,-3.637101e-02,2.5161710656224784e-04,6.2051747727889870e-04
388,4.6669647792390291e-06,4.8342349798426794e-06,4.8359758620494268e-06,9.9954184011846278e-10,9.2865946339595800e-10,9.2865946339595800e-10,1.019388e+03,1.0000000000000002e-06,2.102016e+07,2.091883e+07,1.160657e+02,1.013250e+05,1.000000e-09,-4.581599e-02,-3.599857e-02,2.5161703620708782e-04,6.2051717960616936e-04
389,4.6669630895114036e-06,4.8342526289107630e-06,4.8359758620494268e-06,9.9954217675911219e-10,9.2865896537239900e-10,9.2865896537239900e-10,1.019388e+03,1.0000000000000002e-06,2.102004e+07,2.091872e+07,1.160657e+02,1.013250e+05,1.000000e-09,-4.578232e-02,-3.563362e-02,2.5161696735496655e-04,6.2051688788876923e-04
390,4.6669614336422184e-06,4.8342699234755547e-06,4.8359758620494268e-06,9.9954250656341430e-10,9.2865847528882552e-10,9.2865847528882552e-10,1.019388e+03,1.0000000000000002e-06,2.101992e+07,2.091860e+07,1.160657e+02,1.013250e+05,1.000000e-09,-4.574934e-02,-3.527599e-02,2.5161689997571735e-04,6.2051660200756532e-04
391,4.6669598109481179e-06,4.8342868707072442e-06,4.8359758620494268e-06,9.9954282967021161e-10,9.2865799298631807e-10,9.2865799298631807e-10,1.019388e+03,1.0000000000000002e-06,2.101981e+07,2.091848e+07,1.160658e+02,1.013250e+05,1.000000e-09,-4.571703e-02,-3.492555e-02,2.5161683403977981e-04,6.2051632184580770e-04
392,4.6669582207596624e-06,4.8343034776463406e-06,4.8359758620494268e-06,9.9954314621599592e-10,9.2865751830913756e-10,9.2865751830913756e-10,1.019388e+03,1.0000000000000002e-06,2.101969e+07,2.091837e+07,1.160658e+02,1.013250e+05,1.000000e-09,-4.568538e-02,-3.458215e-02,2.5161676951819046e-04,6.2051604728908204e-04
393,4.6669566624210017e-06,4.8343197511453329e-06,4.8359758620494268e-06,9.9954345633314407e-10,9.2865705110466131e-10,9.2865705110466131e-10,1.019388e+03,1.0000000000000002e-06,2.101958e+07,2.091825e+07,1.160659e+02,1.013250e+05,1.000000e-09,-4.565437e-02,-3.424564e-02,2.5161670638257160e-04,6.2051577822526264e-04
394,4.6669551352896530e-06,4.8343356979586946e-06,4.8359758620494268e-06,9.9954376015261052e-10,9.2865659122332101e-10,9.2865659122332101e-10,1.019388e+03,1.0000000000000002e-06,2.101946e+07,2.091814e+07,1.160659e+02,1.013250e+05,1.000000e-09,-4.562398e-02,-3.391589e-02,2.5161664460511383e-04,6.2051551454446702e-04
395,4.6669536387361514e-06,4.8343513246902894e-06,4.8359758620494268e-06,9.9954405780207827e-10,9.2865613851854180e-10,9.2865613851854180e-10,1.019388e+03,1.0000000000000002e-06,2.101935e+07,2.091802e+07,1.160660e+02,1.013250e+05,1.000000e-09,-4.559422e-02,-3.359275e-02,2.5161658415857267e-04,6.2051525613901059e-04
396,4.6669521721438746e-06,4.8343666378055392e-06,4.8359758620494268e-06,9.9954434940686082e-10,9.2865569284668098e-10,9.2865569284668098e-10,1.019388e+03,1.0000000000000002e-06,2.101924e+07,2.091791e+07,1.160660e+02,1.013250e+05,1.000000e-09,-4.556506e-02,-3.327610e-02,2.5161652501624952e-04,6.2051500290336307e-04
397,4.6669507349086594e-06,4.8343816436355452e-06,4.8359758620494268e-06,9.9954463508932466e-10,9.2865525406697070e-10,9.2865525406697070e-10,1.019388e+03,1.0000000000000002e-06,2.101913e+07,2.091780e+07,1.160661e+02,1.013250e+05,1.000000e-09,-4.553649e-02,-3.296581e-02,2.5161646715198503e-04,6.2051475473410525e-04
398,4.6669493264386595e-06,4.8343963483938692e-06,4.8359758620494268e-06,9.9954491496983016e-10,9.2865482204146031e-10,9.2865482204146031e-10,1.019388e+03,1.0000000000000002e-06,2.101902e+07,2.091769e+07,1.160661e+02,1.013250e+05,1.000000e-09,-4.550850e-02,-3.266174e-02,2.5161641054014677e-04,6.2051451152988677e-04
399,4.6669479461540416e-06,4.8344107581558135e-06,4.8359758620494268e-06,9.9954518916576065e-10,9.2865439663495860e-10,9.2865439663495860e-10,1.019388e+03,1.0000000000000002e-06,2.101891e+07,2.091758e+07,1.160661e+02,1.013250e+05,1.000000e-09,-4.548108e-02,-3.236377e-02,2.5161635515561924e-04,6.2051427319138462e-04
400,4.6669465934867018e-06,4.8344248788797001e-06,4.8359758620494268e-06,9.9954545779258723e-10,9.2865397771497977e-10,9.2865397771497977e-10,1.019388e+03,1.0000000000000002e-06,2.101880e+07,2.091747e+07,1.160662e+02,1.013250e+05,1.000000e-09,-4.545422e-02,-3.207177e-02,2.5161630097379132e-04,6.2051403962126283e-04
401,4.6669452678801165e-06,4.8344387163994032e-06,4.8359758620494268e-06,9.9954572096303374e-10,9.2865356515168854e-10,9.2865356515168854e-10,1.019388e+03,1.0000000000000002e-06,2.101869e+07,2.091736e+07,1.160662e+02,1.013250e+05,1.000000e-09,-4.542790e-02,-3.178564e-02,2.5161624797054923e-04,6.2051381072413220e-04
402,4.6669439687889938e-06,4.8344522764228280e-06,4.8359758620494268e-06,9.9954597878735385e-10,9.2865315881784745e-10,9.2865315881784745e-10,1.019388e+03,1.0000000000000002e-06,2.101858e+07,2.091726e+07,1.160662e+02,1.013250e+05,1.000000e-09,-4.540212e-02,-3.150524e-02,2.5161619612226293e-04,6.2051358640651227e-04
403,4.6669426956791448e-06,4.8344655645662738e-06,4.8359758620494268e-06,9.9954623137449426e-10,9.2865275858876534e-10,9.2865275858876534e-10,1.019388e+03,1.0000000000000002e-06,2.101847e+07,2.091715e+07,1.160663e+02,1.013250e+05,1.000000e-09,-4.537686e-02,-3.123046e-02,2.5161614540578103e-04,6.2051336657679230e-04
404,4.6669414480271895e-06,4.8344785862957154e-06,4.8359758620494268e-06,9.9954647882981484e-10,9.2865236434224498e-10,9.2865236434224498e-10,1.019388e+03,1.0000000000000002e-06,2.101837e+07,2.091704e+07,1.160663e+02,1.013250e+05,1.000000e-09,-4.535212e-02,-3.096119e-02,2.5161609579841420e-04,6.2051315114519418e-04
405,4.6669402253203443e-06,4.8344913470048748e-06,4.8359758620494268e-06,9.9954672125788218e-10,9.2865197595853421e-10,9.2865197595853421e-10,1.019388e+03,1.0000000000000002e-06,2.101826e+07,2.091694e+07,1.160664e+02,1.013250e+05,1.000000e-09,-4.532787e-02,-3.069732e-02,2.5161604727793371e-04,6.2051294002373576e-04
406,4.6669390270562417e-06,4.8345038519366547e-06,4.8359758620494268e-06,9.9954695875973948e-10,9.2865159332027624e-10,9.2865159332027624e-10,1.019388e+03,1.0000000000000002e-06,2.101816e+07,2.091683e+07,1.160664e+02,1.013250e+05,1.000000e-09,-4.530412e-02,-3.043874e-02,2.5161599982255646e-04,6.2051273312619477e-04
407,4.6669378527426732e-06,4.8345161062658623e-06,4.8359758620494268e-06,9.9954719143564973e-10,9.2865121631246311e-10,9.2865121631246311e-10,1.019388e+03,1.0000000000000002e-06,2.101805e+07,2.091673e+07,1.160664e+02,1.013250e+05,1.000000e-09,-4.528086e-02,-3.018534e-02,2.5161595341093593e-04,6.2051253036807426e-04
408,4.6669367018974045e-06,4.8345281150386947e-06,4.8359758620494268e-06,9.9954741938318342e-10,9.2865084482238637e-10,9.2865084482238637e-10,1.019388e+03,1.0000000000000002e-06,2.101795e+07,2.091663e+07,1.160665e+02,1.013250e+05,1.000000e-09,-4.525806e-02,-2.993702e-02,2.5161590802215856e-04,6.2051233166656697e-04
409,4.6669355740479580e-06,4.8345398832009060e-06,4.8359758620494268e-06,9.9954764269767851e-10,9.2865047873959343e-10,9.2865047873959343e-10,1.019388e+03,1.0000000000000002e-06,2.101785e+07,2.091652e+07,1.160665e+02,1.013250e+05,1.000000e-09,-4.523573e-02,-2.969367e-02,2.5161586363572940e-04,6.2051213694052244e-04
410,4.6669344687314276e-06,4.8345514156176843e-06,4.8359758620494268e-06,9.9954786147351401e-10,9.2865011795584016e-10,9.2865011795584016e-10,1.019388e+03,1.0000000000000002e-06,2.101775e+07,2.091642e+07,1.160665e+02,1.013250e+05,1.000000e-09,-4.521385e-02,-2.945520e-02,2.5161582023156562e-04,6.2051194611041399e-04
411,4.6669333854942798e-06,4.8345627170156816e-06,4.8359758620494268e-06,9.9954807580164672e-10,9.2864976236504861e-10,9.2864976236504861e-10,1.019388e+03,1.0000000000000002e-06,2.101765e+07,2.091632e+07,1.160665e+02,1.013250e+05,1.000000e-09,-4.519242e-02,-2.922151e-02,2.5161577778999003e-04,6.2051175909830485e-04
412,4.6669323238921330e-06,4.8345737920731202e-06,4.8359758620494268e-06,9.9954828577273169e-10,9.2864941186326295e-10,9.2864941186326295e-10,1.019388e+03,1.0000000000000002e-06,2.101755e+07,2.091622e+07,1.160666e+02,1.013250e+05,1.000000e-09,-4.517142e-02,-2.899249e-02,2.5161573629171906e-04,6.2051157582781774e-04
413,4.6669312834896378e-06,4.8345846453353560e-06,4.8359758620494268e-06,9.9954849147430036e-10,9.2864906634860566e-10,9.2864906634860566e-10,1.019388e+03,1.0000000000000002e-06,2.101744e+07,2.091612e+07,1.160666e+02,1.013250e+05,1.000000e-09,-4.515085e-02,-2.876807e-02,2.5161569571785812e-04,6.2051139622410411e-04
414,4.6669302638602191e-06,4.8345952812723020e-06,4.8359758620494268e-06,9.9954869299295688e-10,9.2864872572123842e-10,9.2864872572123842e-10,1.019388e+03,1.0000000000000002e-06,2.101735e+07,2.091602e+07,1.160666e+02,1.013250e+05,1.000000e-09,-4.513070e-02,-2.854813e-02,2.5161565604989286e-04,6.2051122021381140e-04
415,4.6669292645859185e-06,4.8346057042703176e-06,4.8359758620494268e-06,9.9954889041320913e-10,9.2864838988331941e-10,9.2864838988331941e-10,1.019388e+03,1.0000000000000002e-06,2.101725e+07,2.091592e+07,1.160667e+02,1.013250e+05,1.000000e-09,-4.511096e-02,-2.833260e-02,2.5161561726967966e-04,6.2051104772505538e-04
416,4.6669282852572424e-06,4.8346159186026874e-06,4.8359758620494268e-06,9.9954908381780514e-10,9.2864805873896392e-10,9.2864805873896392e-10,1.019388e+03,1.0000000000000002e-06,2.101715e+07,2.091582e+07,1.160667e+02,1.013250e+05,1.000000e-09,-4.509162e-02,-2.812139e-02,2.5161557935944145e-04,6.2051087868738881e-04
417,4.6669273254729892e-06,4.8346259284850402e-06,4.8359758620494268e-06,9.9954927328802679e-10,9.2864773219420505e-10,9.2864773219420505e-10,1.019388e+03,1.0000000000000002e-06,2.101705e+07,2.091573e+07,1.160667e+02,1.013250e+05,1.000000e-09,-4.507267e-02,-2.791440e-02,2.5161554230175668e-04,6.2051071303177523e-04
418,4.6669263848400349e-06,4.8346357380261904e-06,4.8359758620494268e-06,9.9954945890324061e-10,9.2864741015695497e-10,9.2864741015695497e-10,1.019388e+03,1.0000000000000002e-06,2.101695e+07,2.091563e+07,1.160667e+02,1.013250e+05,1.000000e-09,-4.505411e-02,-2.771155e-02,2.5161550607955598e-04,6.2051055069055761e-04
419,4.6669254629732108e-06,4.8346453512556296e-06,4.8359758620494268e-06,9.9954964074116187e-10,9.2864709253696889e-10,9.2864709253696889e-10,1.019388e+03,1.0000000000000002e-06,2.101686e+07,2.091553e+07,1.160668e+02,1.013250e+05,1.000000e-09,-4.503593e-02,-2.751277e-02,2.5161547067611116e-04,6.2051039159743331e-04
420,4.6669245594951416e-06,4.8346547721310363e-06,4.8359758620494268e-06,9.9954981887825577e-10,9.2864677924580631e-10,9.2864677924580631e-10,1.019388e+03,1.0000000000000002e-06,2.101676e+07,2.091544e+07,1.160668e+02,1.013250e+05,1.000000e-09,-4.501811e-02,-2.731796e-02,2.5161543607503026e-04,6.2051023568742575e-04
421,4.6669236740360381e-06,4.8346640045231436e-06,4.8359758620494268e-06,9.9954999338927297e-10,9.2864647019679566e-10,9.2864647019679566e-10,1.019388e+03,1.0000000000000002e-06,2.101666e+07,2.091534e+07,1.160668e+02,1.013250e+05,1.000000e-09,-4.500066e-02,-2.712705e-02,2.5161540226025289e-04,6.2051008289685844e-04
422,4.6669228062336228e-06,4.8346730522150682e-06,4.8359758620494268e-06,9.9955016434714681e-10,9.2864616530499894e-10,9.2864616530499894e-10,1.019388e+03,1.0000000000000002e-06,2.101657e+07,2.091524e+07,1.160668e+02,1.013250e+05,1.000000e-09,-4.498357e-02,-2.693996e-02,2.5161536921603883e-04,6.2050993316332807e-04
423,4.6669219557329032e-06,4.8346819189408439e-06,4.8359758620494268e-06,9.9955033182410732e-10,9.2864586448717716e-10,9.2864586448717716e-10,1.019388e+03,1.0000000000000002e-06,2.101648e+07,2.091515e+07,1.160669e+02,1.013250e+05,1.000000e-09,-4.496682e-02,-2.675661e-02,2.5161533692696469e-04,6.2050978642568032e-04
424,4.6669211221860503e-06,4.8346906083253321e-06,4.8359758620494268e-06,9.9955049588996089e-10,9.2864556766175542e-10,9.2864556766175542e-10,1.019388e+03,1.0000000000000002e-06,2.101638e+07,2.091506e+07,1.160669e+02,1.013250e+05,1.000000e-09,-4.495041e-02,-2.657693e-02,2.5161530537791703e-04,6.2050964262398407e-04
425,4.6669203052522773e-06,4.8346991239446738e-06,4.8359758620494268e-06,9.9955065661376553e-10,9.2864527474879087e-10,9.2864527474879087e-10,1.019388e+03,1.0000000000000002e-06,2.101629e+07,2.091496e+07,1.160669e+02,1.013250e+05,1.000000e-09,-4.493434e-02,-2.640084e-02,2.5161527455408689e-04,6.2050950169950647e-04
426,4.6669195045976501e-06,4.8347074692858689e-06,4.8359758620494268e-06,9.9955081406268229e-10,9.2864498566993977e-10,9.2864498566993977e-10,1.019388e+03,1.0000000000000002e-06,2.101619e+07,2.091487e+07,1.160669e+02,1.013250e+05,1.000000e-09,-4.491859e-02,-2.622827e-02,2.5161524444096146e-04,6.2050936359469070e-04
427,4.6669187198949792e-06,4.8347156477815261e-06,4.8359758620494268e-06,9.9955096830313896e-10,9.2864470034842415e-10,9.2864470034842415e-10,1.019388e+03,1.0000000000000002e-06,2.101610e+07,2.091478e+07,1.160669e+02,1.013250e+05,1.000000e-09,-4.490317e-02,-2.605915e-02,2.5161521502431949e-04,6.2050922825313036e-04
428,4.6669179508236881e-06,4.8347236627789240e-06,4.8359758620494268e-06,9.9955111939967776e-10,9.2864441870900294e-10,9.2864441870900294e-10,1.019388e+03,1.0000000000000002e-06,2.101601e+07,2.091468e+07,1.160670e+02,1.013250e+05,1.000000e-09,-4.488806e-02,-2.589341e-02,2.5161518629022582e-04,6.2050909561954786e-04
429,4.6669171970696428e-06,4.8347315175706210e-06,4.8359758620494268e-06,9.9955126741560508e-10,9.2864414067793825e-10,9.2864414067793825e-10,1.019388e+03,1.0000000000000002e-06,2.101592e+07,2.091459e+07,1.160670e+02,1.013250e+05,1.000000e-09,-4.487326e-02,-2.573099e-02,2.5161515822502505e-04,6.2050896563977157e-04
430,4.6669164583250721e-06,4.8347392153788178e-06,4.8359758620494268e-06,9.9955141241331805e-10,9.2864386618296822e-10,9.2864386618296822e-10,1.019388e+03,1.0000000000000002e-06,2.101583e+07,2.091450e+07,1.160670e+02,1.013250e+05,1.000000e-09,-4.485876e-02,-2.557181e-02,2.5161513081533562e-04,6.2050883826071310e-04
431,4.6669157342883841e-06,4.8347467593573653e-06,4.8359758620494268e-06,9.9955155445359398e-10,9.2864359515327502e-10,9.2864359515327502e-10,1.019388e+03,1.0000000000000002e-06,2.101573e+07,2.091441e+07,1.160670e+02,1.013250e+05,1.000000e-09,-4.484455e-02,-2.541582e-02,2.5161510404804455e-04,6.2050871343034592e-04
432,4.6669150246640616e-06,4.8347541525916478e-06,4.8359758620494268e-06,9.9955169359569912e-10,9.2864332751945808e-10,9.2864332751945808e-10,1.019388e+03,1.0000000000000002e-06,2.101564e+07,2.091432e+07,1.160670e+02,1.013250e+05,1.000000e-09,-4.483064e-02,-2.526294e-02,2.5161507791030262e-04,6.2050859109768531e-04
433,4.6669143291625854e-06,4.8347613981200981e-06,4.8359758620494268e-06,9.9955182989849544e-10,9.2864306321350351e-10,9.2864306321350351e-10,1.019388e+03,1.0000000000000002e-06,2.101555e+07,2.091423e+07,1.160671e+02,1.013250e+05,1.000000e-09,-4.481701e-02,-2.511311e-02,2.5161505238951738e-04,6.2050847121276529e-04
434,4.6669136475002308e-06,4.8347684989090541e-06,4.8359758620494268e-06,9.9955196341914235e-10,9.2864280216875845e-10,9.2864280216875845e-10,1.019388e+03,1.0000000000000002e-06,2.101546e+07,2.091414e+07,1.160671e+02,1.013250e+05,1.000000e-09,-4.480366e-02,-2.496628e-02,2.5161502747335075e-04,6.2050835372662002e-04
435,4.6669129793990007e-06,4.8347754578701918e-06,4.8359758620494268e-06,9.9955209421369891e-10,9.2864254431990272e-10,9.2864254431990272e-10,1.019388e+03,1.0000000000000002e-06,2.101538e+07,2.091405e+07,1.160671e+02,1.013250e+05,1.000000e-09,-4.479058e-02,-2.482238e-02,2.5161500314971092e-04,6.2050823859126282e-04
436,4.6669123245865055e-06,4.8347822778388216e-06,4.8359758620494268e-06,9.9955222233681179e-10,9.2864228960292185e-10,9.2864228960292185e-10,1.019388e+03,1.0000000000000002e-06,2.101529e+07,2.091396e+07,1.160671e+02,1.013250e+05,1.000000e-09,-4.477777e-02,-2.468135e-02,2.5161497940674922e-04,6.2050812575966774e-04
437,4.6669116827958433e-06,4.8347889616237609e-06,4.8359758620494268e-06,9.9955234784273680e-10,9.2864203795508214e-10,9.2864203795508214e-10,1.019388e+03,1.0000000000000002e-06,2.101520e+07,2.091387e+07,1.160671e+02,1.013250e+05,1.000000e-09,-4.476522e-02,-2.454314e-02,2.5161495623285461e-04,6.2050801518574847e-04
438,4.6669110537654581e-06,4.8347955119524413e-06,4.8359758620494268e-06,9.9955247078392979e-10,9.2864178931490391e-10,9.2864178931490391e-10,1.019388e+03,1.0000000000000002e-06,2.101511e+07,2.091378e+07,1.160671e+02,1.013250e+05,1.000000e-09,-4.475292e-02,-2.440769e-02,2.5161493361664953e-04,6.2050790682434149e-04
439,4.6669104372391206e-06,4.8348019315084393e-06,4.8359758620494268e-06,9.9955259121220060e-10,9.2864154362213689e-10,9.2864154362213689e-10,1.019388e+03,1.0000000000000002e-06,2.101502e+07,2.091370e+07,1.160672e+02,1.013250e+05,1.000000e-09,-4.474088e-02,-2.427495e-02,2.5161491154698378e-04,6.2050780063118620e-04
440,4.6669098329657101e-06,4.8348082229152193e-06,4.8359758620494268e-06,9.9955270917797066e-10,9.2864130081773567e-10,9.2864130081773567e-10,1.019388e+03,1.0000000000000002e-06,2.101493e+07,2.091361e+07,1.160672e+02,1.013250e+05,1.000000e-09,-4.472908e-02,-2.414485e-02,2.5161489001293157e-04,6.2050769656290790e-04
441,4.6669092406991713e-06,4.8348143887531130e-06,4.8359758620494268e-06,9.9955282473120125e-10,9.2864106084383587e-10,9.2864106084383587e-10,1.019388e+03,1.0000000000000002e-06,2.101485e+07,2.091352e+07,1.160672e+02,1.013250e+05,1.000000e-09,-4.471753e-02,-2.401735e-02,2.5161486900378592e-04,6.2050759457699903e-04
442,4.6669086601984300e-06,4.8348204315334503e-06,4.8359758620494268e-06,9.9955293792011287e-10,9.2864082364372951e-10,9.2864082364372951e-10,1.019388e+03,1.0000000000000002e-06,2.101476e+07,2.091343e+07,1.160672e+02,1.013250e+05,1.000000e-09,-4.470621e-02,-2.389240e-02,2.5161484850905457e-04,6.2050749463180292e-04
443,4.6669080912272242e-06,4.8348263537390050e-06,4.8359758620494268e-06,9.9955304879259555e-10,9.2864058916184286e-10,9.2864058916184286e-10,1.019388e+03,1.0000000000000002e-06,2.101467e+07,2.091335e+07,1.160672e+02,1.013250e+05,1.000000e-09,-4.469512e-02,-2.376993e-02,2.5161482851845609e-04,6.2050739668649589e-04
444,4.6669075335540818e-06,4.8348321577827816e-06,4.8359758620494268e-06,9.9955315739511534e-10,9.2864035734371332e-10,9.2864035734371332e-10,1.019388e+03,1.0000000000000002e-06,2.101459e+07,2.091326e+07,1.160672e+02,1.013250e+05,1.000000e-09,-4.468426e-02,-2.364992e-02,2.5161480902191515e-04,6.2050730070107088e-04
445,4.6669069869521572e-06,4.8348378460374796e-06,4.8359758620494268e-06,9.9955326377340602e-10,9.2864012813596728e-10,9.2864012813596728e-10,1.019388e+03,1.0000000000000002e-06,2.101450e+07,2.091318e+07,1.160673e+02,1.013250e+05,1.000000e-09,-4.467362e-02,-2.353229e-02,2.5161479000955896e-04,6.2050720663632119e-04
446,4.6669064511991958e-06,4.8348434208254000e-06,4.8359758620494268e-06,9.9955336797218249e-10,9.2863990148629837e-10,9.2863990148629837e-10,1.019388e+03,1.0000000000000002e-06,2.101442e+07,2.091309e+07,1.160673e+02,1.013250e+05,1.000000e-09,-4.466320e-02,-2.341702e-02,2.5161477147171051e-04,6.2050711445382474e-04
447,4.6669059260774110e-06,4.8348488844357719e-06,4.8359758620494268e-06,9.9955347003553638e-10,9.2863967734344622e-10,9.2863967734344622e-10,1.019388e+03,1.0000000000000002e-06,2.101433e+07,2.091301e+07,1.160673e+02,1.013250e+05,1.000000e-09,-4.465300e-02,-2.330404e-02,2.5161475339889052e-04,6.2050702411592764e-04
448,4.6669054113733785e-06,4.8348542390896608e-06,4.8359758620494268e-06,9.9955357000633135e-10,9.2863945565717521e-10,9.2863945565717521e-10,1.019388e+03,1.0000000000000002e-06,2.101425e+07,2.091292e+07,1.160673e+02,1.013250e+05,1.000000e-09,-4.464300e-02,-2.319331e-02,2.5161473578180608e-04,6.2050693558572938e-04
449,4.6669049068779869e-06,4.8348594869796680e-06,4.8359758620494268e-06,9.9955366792671371e-10,9.2863923637825383e-10,9.2863923637825383e-10,1.019388e+03,1.0000000000000002e-06,2.101416e+07,2.091284e+07,1.160673e+02,1.013250e+05,1.000000e-09,-4.463321e-02,-2.308479e-02,2.5161471861135336e-04,6.2050684882706750e-04
450,4.6669044123863178e-06,4.8348646302472886e-06,4.8359758620494268e-06,9.9955376383798913e-10,9.2863901945843574e-10,9.2863901945843574e-10,1.019388e+03,1.0000000000000002e-06,2.101408e+07,2.091275e+07,1.160673e+02,1.013250e+05,1.000000e-09,-4.462362e-02,-2.297844e-02,2.5161470187860964e-04,6.2050676380450364e-04
451,4.6669039276975864e-06,4.8348696709853352e-06,4.8359758620494268e-06,9.9955385778032344e-10,9.2863880485043868e-10,9.2863880485043868e-10,1.019388e+03,1.0000000000000002e-06,2.101399e+07,2.091267e+07,1.160673e+02,1.013250e+05,1.000000e-09,-4.461422e-02,-2.287421e-02,2.5161468557483138e-04,6.2050668048330745e-04
452,4.6669034526150412e-06,4.8348746112557713e-06,4.8359758620494268e-06,9.9955394979360907e-10,9.2863859250792573e-10,9.2863859250792573e-10,1.019388e+03,1.0000000000000002e-06,2.101391e+07,2.091258e+07,1.160673e+02,1.013250e+05,1.000000e-09,-4.460502e-02,-2.277205e-02,2.5161466969145002e-04,6.2050659882944366e-04
453,4.6669029869458747e-06,4.8348794530771926e-06,4.8359758620494268e-06,9.9955403991648054e-10,9.2863838238548666e-10,9.2863838238548666e-10,1.019388e+03,1.0000000000000002e-06,2.101382e+07,2.091250e+07,1.160673e+02,1.013250e+05,1.000000e-09,-4.459601e-02,-2.267193e-02,2.5161465422006982e-04,6.2050651880955819e-04
454,4.6669025305011655e-06,4.8348843997343970e-06,4.8359758620494268e-06,9.9955413591654780e-10,9.2863817443861893e-10,9.2863817443861893e-10,1.019388e+03,1.0000000000000002e-06,2.101374e+07,2.091242e+07,1.160674e+02,1.013250e+05,1.000000e-09,-4.458641e-02,-2.256964e-02,2.5161463915246277e-04,6.2050644039096377e-04
455,4.6669020830957928e-06,4.8348888492340502e-06,4.8359758620494268e-06,9.9955421464301055e-10,9.2863796862370967e-10,9.2863796862370967e-10,1.019388e+03,1.0000000000000002e-06,2.101366e+07,2.091233e+07,1.160674e+02,1.013250e+05,1.000000e-09,-4.457854e-02,-2.247763e-02,2.5161462448056475e-04,6.2050636354162708e-04
456,4.6669016445483545e-06,4.8348934073949100e-06,4.8359758620494268e-06,9.9955429932014817e-10,9.2863776489801874e-10,9.2863776489801874e-10,1.019388e+03,1.0000000000000002e-06,2.101358e+07,2.091225e+07,1.160674e+02,1.013250e+05,1.000000e-09,-4.457007e-02,-2.238338e-02,2.5161461019647499e-04,6.2050628823015594e-04
457,4.6669012146810879e-06,4.8348978747748892e-06,4.8359758620494268e-06,9.9955438225465984e-10,9.2863756321965950e-10,9.2863756321965950e-10,1.019388e+03,1.0000000000000002e-06,2.101349e+07,2.091217e+07,1.160674e+02,1.013250e+05,1.000000e-09,-4.456177e-02,-2.229100e-02,2.5161459629244976e-04,6.2050621442578556e-04
458,4.6669007933198176e-06,4.8349022531892768e-06,4.8359758620494268e-06,9.9955446348139655e-10,9.2863736354758330e-10,9.2863736354758330e-10,1.019388e+03,1.0000000000000002e-06,2.101341e+07,2.091209e+07,1.160674e+02,1.013250e+05,1.000000e-09,-4.455365e-02,-2.220046e-02,2.5161458276090192e-04,6.2050614209836720e-04
459,4.6669003802938563e-06,4.8349065444257536e-06,4.8359758620494268e-06,9.9955454303495367e-10,9.2863716584156187e-10,9.2863716584156187e-10,1.019388e+03,1.0000000000000002e-06,2.101333e+07,2.091200e+07,1.160674e+02,1.013250e+05,1.000000e-09,-4.454570e-02,-2.211172e-02,2.5161456959439459e-04,6.2050607121835516e-04
460,4.6668999754359371e-06,4.8349107502294014e-06,4.8359758620494268e-06,9.9955462094868293e-10,9.2863697006217126e-10,9.2863697006217126e-10,1.019388e+03,1.0000000000000002e-06,2.101325e+07,2.091192e+07,1.160674e+02,1.013250e+05,1.000000e-09,-4.453791e-02,-2.202475e-02,2.5161455678564151e-04,6.2050600175679431e-04
461,4.6668995785821794e-06,4.8349148723186096e-06,4.8359758620494268e-06,9.9955469725582271e-10,9.2863677617077646e-10,9.2863677617077646e-10,1.019388e+03,1.0000000000000002e-06,2.101316e+07,2.091184e+07,1.160674e+02,1.013250e+05,1.000000e-09,-4.453027e-02,-2.193952e-02,2.5161454432750044e-04,6.2050593368530890e-04
462,4.6668991895719807e-06,4.8349189123696020e-06,4.8359758620494268e-06,9.9955477198847837e-10,9.2863658412951379e-10,9.2863658412951379e-10,1.019388e+03,1.0000000000000002e-06,2.101308e+07,2.091176e+07,1.160674e+02,1.013250e+05,1.000000e-09,-4.452280e-02,-2.185598e-02,2.5161453221297529e-04,6.2050586697609122e-04
463,4.6668988082479554e-06,4.8349228720224235e-06,4.8359758620494268e-06,9.9955484517839112e-10,9.2863639390127706e-10,9.2863639390127706e-10,1.019388e+03,1.0000000000000002e-06,2.101300e+07,2.091168e+07,1.160674e+02,1.013250e+05,1.000000e-09,-4.451548e-02,-2.177410e-02,2.5161452043520756e-04,6.2050580160188961e-04
464,4.6668984344559064e-06,4.8349267528928876e-06,4.8359758620494268e-06,9.9955491685645758e-10,9.2863620544970187e-10,9.2863620544970187e-10,1.019388e+03,1.0000000000000002e-06,2.101292e+07,2.091160e+07,1.160675e+02,1.013250e+05,1.000000e-09,-4.450831e-02,-2.169385e-02,2.5161450898747732e-04,6.2050573753599737e-04
465,4.6668980680447051e-06,4.8349305565676497e-06,4.8359758620494268e-06,9.9955498705341415e-10,9.2863601873915079e-10,9.2863601873915079e-10,1.019388e+03,1.0000000000000002e-06,2.101284e+07,2.091152e+07,1.160675e+02,1.013250e+05,1.000000e-09,-4.450129e-02,-2.161519e-02,2.5161449786319874e-04,6.2050567475224229e-04
466,4.6668977088662647e-06,4.8349342845884384e-06,4.8359758620494268e-06,9.9955505579877503e-10,9.2863583373469880e-10,9.2863583373469880e-10,1.019388e+03,1.0000000000000002e-06,2.101276e+07,2.091143e+07,1.160675e+02,1.013250e+05,1.000000e-09,-4.449442e-02,-2.153810e-02,2.5161448705591865e-04,6.2050561322497550e-04
467,4.6668973567754903e-06,4.8349379384727065e-06,4.8359758620494268e-06,9.9955512312180981e-10,9.2863565040211914e-10,9.2863565040211914e-10,1.019388e+03,1.0000000000000002e-06,2.101268e+07,2.091135e+07,1.160675e+02,1.013250e+05,1.000000e-09,-4.448769e-02,-2.146255e-02,2.5161447655931246e-04,6.2050555292906173e-04
468,4.6668970116301836e-06,4.8349415197034342e-06,4.8359758620494268e-06,9.9955518905094910e-10,9.2863546870786984e-10,9.2863546870786984e-10,1.019388e+03,1.0000000000000002e-06,2.101260e+07,2.091127e+07,1.160675e+02,1.013250e+05,1.000000e-09,-4.448109e-02,-2.138849e-02,2.5161446636718168e-04,6.2050549383986791e-04
469,4.6668966732910061e-06,4.8349450297408538e-06,4.8359758620494268e-06,9.9955525361435467e-10,9.2863528861907834e-10,9.2863528861907834e-10,1.019388e+03,1.0000000000000002e-06,2.101252e+07,2.091119e+07,1.160675e+02,1.013250e+05,1.000000e-09,-4.447464e-02,-2.131591e-02,2.5161445647345430e-04,6.2050543593325416e-04
470,4.6668963416214023e-06,4.8349484700116246e-06,4.8359758620494268e-06,9.9955531683944922e-10,9.2863511010353018e-10,9.2863511010353018e-10,1.019388e+03,1.0000000000000002e-06,2.101244e+07,2.091111e+07,1.160675e+02,1.013250e+05,1.000000e-09,-4.446832e-02,-2.124477e-02,2.5161444687217798e-04,6.2050537918556309e-04
471,4.6668960164875904e-06,4.8349518419155880e-06,4.8359758620494268e-06,9.9955537875309957e-10,9.2863493312965425e-10,9.2863493312965425e-10,1.019388e+03,1.0000000000000002e-06,2.101236e+07,2.091104e+07,1.160675e+02,1.013250e+05,1.000000e-09,-4.446212e-02,-2.117505e-02,2.5161443755751978e-04,6.2050532357361119e-04
472,4.6668956977584470e-06,4.8349551468216245e-06,4.8359758620494268e-06,9.9955543938179309e-10,9.2863475766651112e-10,9.2863475766651112e-10,1.019388e+03,1.0000000000000002e-06,2.101228e+07,2.091096e+07,1.160675e+02,1.013250e+05,1.000000e-09,-4.445606e-02,-2.110671e-02,2.5161442852376486e-04,6.2050526907467816e-04
473,4.6668953853054975e-06,4.8349583860708254e-06,4.8359758620494268e-06,9.9955549875108530e-10,9.2863458368377985e-10,9.2863458368377985e-10,1.019388e+03,1.0000000000000002e-06,2.101220e+07,2.091088e+07,1.160675e+02,1.013250e+05,1.000000e-09,-4.445012e-02,-2.103972e-02,2.5161441976531023e-04,6.2050521566649837e-04
474,4.6668950790028323e-06,4.8349615609825698e-06,4.8359758620494268e-06,9.9955555688660930e-10,9.2863441115174491e-10,9.2863441115174491e-10,1.019388e+03,1.0000000000000002e-06,2.101212e+07,2.091080e+07,1.160675e+02,1.013250e+05,1.000000e-09,-4.444431e-02,-2.097407e-02,2.5161441127666891e-04,6.2050516332725161e-04
475,4.6668947787270817e-06,4.8349646728475785e-06,4.8359758620494268e-06,9.9955561381298095e-10,9.2863424004128613e-10,9.2863424004128613e-10,1.019388e+03,1.0000000000000002e-06,2.101204e+07,2.091072e+07,1.160675e+02,1.013250e+05,1.000000e-09,-4.443862e-02,-2.090972e-02,2.5161440305246000e-04,6.2050511203555437e-04
476,4.6668944843573395e-06,4.8349677229248210e-06,4.8359758620494268e-06,9.9955566955443312e-10,9.2863407032386413e-10,9.2863407032386413e-10,1.019388e+03,1.0000000000000002e-06,2.101197e+07,2.091064e+07,1.160675e+02,1.013250e+05,1.000000e-09,-4.443304e-02,-2.084665e-02,2.5161439508741325e-04,6.2050506177045066e-04
477,4.6668941957751397e-06,4.8349707124549888e-06,4.8359758620494268e-06,9.9955572413488787e-10,9.2863390197151088e-10,9.2863390197151088e-10,1.019388e+03,1.0000000000000002e-06,2.101189e+07,2.091056e+07,1.160675e+02,1.013250e+05,1.000000e-09,-4.442759e-02,-2.078483e-02,2.5161438737636237e-04,6.2050501251140384e-04
478,4.6668939128643667e-06,4.8349736426481574e-06,4.8359758620494268e-06,9.9955577757749469e-10,9.2863373495681675e-10,9.2863373495681675e-10,1.019388e+03,1.0000000000000002e-06,2.101181e+07,2.091048e+07,1.160675e+02,1.013250e+05,1.000000e-09,-4.442224e-02,-2.072424e-02,2.5161437991424459e-04,6.2050496423828787e-04
479,4.6668936355112785e-06,4.8349765146975871e-06,4.8359758620494268e-06,9.9955582990536624e-10,9.2863356925292108e-10,9.2863356925292108e-10,1.019388e+03,1.0000000000000002e-06,2.101173e+07,2.091040e+07,1.160676e+02,1.013250e+05,1.000000e-09,-4.441701e-02,-2.066485e-02,2.5161437269609945e-04,6.2050491693137980e-04
480,4.6668933636043782e-06,4.8349793297635589e-06,4.8359758620494268e-06,9.9955588114070198e-10,9.2863340483349919e-10,9.2863340483349919e-10,1.019388e+03,1.0000000000000002e-06,2.101165e+07,2.091033e+07,1.160676e+02,1.013250e+05,1.000000e-09,-4.441189e-02,-2.060664e-02,2.5161436571706535e-04,6.2050487057135060e-04
481,4.6668930970344226e-06,4.8349820889988633e-06,4.8359758620494268e-06,9.9955593130567614e-10,9.2863324167275306e-10,9.2863324167275306e-10,1.019388e+03,1.0000000000000002e-06,2.101157e+07,2.091025e+07,1.160676e+02,1.013250e+05,1.000000e-09,-4.440687e-02,-2.054959e-02,2.5161435897237748e-04,6.2050482513925859e-04
482,4.6668928356943431e-06,4.8349847935061442e-06,4.8359758620494268e-06,9.9955598042136983e-10,9.2863307974540053e-10,9.2863307974540053e-10,1.019388e+03,1.0000000000000002e-06,2.101150e+07,2.091017e+07,1.160676e+02,1.013250e+05,1.000000e-09,-4.440196e-02,-2.049366e-02,2.5161435245736716e-04,6.2050478061654029e-04
483,4.6668925794792525e-06,4.8349874443945006e-06,4.8359758620494268e-06,9.9955602850931787e-10,9.2863291902666465e-10,9.2863291902666465e-10,1.019388e+03,1.0000000000000002e-06,2.101142e+07,2.091009e+07,1.160676e+02,1.013250e+05,1.000000e-09,-4.439715e-02,-2.043885e-02,2.5161434616745906e-04,6.2050473698500429e-04
484,4.6668923282863415e-06,4.8349900427380973e-06,4.8359758620494268e-06,9.9955607559000477e-10,9.2863275949226301e-10,9.2863275949226301e-10,1.019388e+03,1.0000000000000002e-06,2.101134e+07,2.091002e+07,1.160676e+02,1.013250e+05,1.000000e-09,-4.439244e-02,-2.038512e-02,2.5161434009816918e-04,6.2050469422682232e-04
485,4.6668920820148655e-06,4.8349925895794387e-06,4.8359758620494268e-06,9.9955612168354674e-10,9.2863260111840002e-10,9.2863260111840002e-10,1.019388e+03,1.0000000000000002e-06,2.101126e+07,2.090994e+07,1.160676e+02,1.013250e+05,1.000000e-09,-4.438783e-02,-2.033245e-02,2.5161433424510408e-04,6.2050465232452363e-04
486,4.6668918405661071e-06,4.8349950859530884e-06,4.8359758620494268e-06,9.9955616680965610e-10,9.2863244388175476e-10,9.2863244388175476e-10,1.019388e+03,1.0000000000000002e-06,2.101119e+07,2.090986e+07,1.160676e+02,1.013250e+05,1.000000e-09,-4.438332e-02,-2.028083e-02,2.5161432860395730e-04,6.2050461126098608e-04
487,4.6668916038433165e-06,4.8349975328784886e-06,4.8359758620494268e-06,9.9955621098811489e-10,9.2863228775947294e-10,9.2863228775947294e-10,1.019388e+03,1.0000000000000002e-06,2.101111e+07,2.090978e+07,1.160676e+02,1.013250e+05,1.000000e-09,-4.437890e-02,-2.023023e-02,2.5161432317050820e-04,6.2050457101943087e-04
488,4.6668913717517065e-06,4.8349999313402651e-06,4.8359758620494268e-06,9.9955625423781529e-10,9.2863213272915660e-10,9.2863213272915660e-10,1.019388e+03,1.0000000000000002e-06,2.101103e+07,2.090971e+07,1.160676e+02,1.013250e+05,1.000000e-09,-4.437458e-02,-2.018064e-02,2.5161431794062239e-04,6.2050453158341435e-04
489,4.6668911441983770e-06,4.8350022823153189e-06,4.8359758620494268e-06,9.9955629657751444e-10,9.2863197876885628e-10,9.2863197876885628e-10,1.019388e+03,1.0000000000000002e-06,2.101096e+07,2.090963e+07,1.160676e+02,1.013250e+05,1.000000e-09,-4.437034e-02,-2.013202e-02,2.5161431291024740e-04,6.2050449293682159e-04
490,4.6668909210922874e-06,4.8350045867373725e-06,4.8359758620494268e-06,9.9955633802500376e-10,9.2863182585706054e-10,9.2863182585706054e-10,1.019388e+03,1.0000000000000002e-06,2.101088e+07,2.090955e+07,1.160676e+02,1.013250e+05,1.000000e-09,-4.436620e-02,-2.008437e-02,2.5161430807541099e-04,6.2050445506386096e-04
491,4.6668907023442245e-06,4.8350068455611411e-06,4.8359758620494268e-06,9.9955637859876784e-10,9.2863167397268836e-10,9.2863167397268836e-10,1.019388e+03,1.0000000000000002e-06,2.101080e+07,2.090948e+07,1.160676e+02,1.013250e+05,1.000000e-09,-4.436214e-02,-2.003766e-02,2.5161430343222254e-04,6.2050441794905581e-04
492,4.6668904878667740e-06,4.8350090596899992e-06,4.8359758620494268e-06,9.9955641831621450e-10,9.2863152309507997e-10,9.2863152309507997e-10,1.019388e+03,1.0000000000000002e-06,2.101073e+07,2.090940e+07,1.160676e+02,1.013250e+05,1.000000e-09,-4.435817e-02,-1.999188e-02,2.5161429897686642e-04,6.2050438157723934e-04
493,4.6668902775742743e-06,4.8350112300129017e-06,4.8359758620494268e-06,9.9955645719421883e-10,9.2863137320398849e-10,9.2863137320398849e-10,1.019388e+03,1.0000000000000002e-06,2.101065e+07,2.090933e+07,1.160676e+02,1.013250e+05,1.000000e-09,-4.435428e-02,-1.994700e-02,2.5161429470560578e-04,6.2050434593354843e-04
494,4.6668900713827533e-06,4.8350133574190564e-06,4.8359758620494268e-06,9.9955649525006167e-10,9.2863122427957212e-10,9.2863122427957212e-10,1.019388e+03,1.0000000000000002e-06,2.101057e+07,2.090925e+07,1.160676e+02,1.013250e+05,1.000000e-09,-4.435047e-02,-1.990301e-02,2.5161429061477795e-04,6.2050431100341727e-04
495,4.6668898692099648e-06,4.8350154427569825e-06,4.8359758620494268e-06,9.9955653249990779e-10,9.2863107630238487e-10,9.2863107630238487e-10,1.019388e+03,1.0000000000000002e-06,2.101050e+07,2.090917e+07,1.160676e+02,1.013250e+05,1.000000e-09,-4.434675e-02,-1.985989e-02,2.5161428670079271e-04,6.2050427677257070e-04
496,4.6668896709752849e-06,4.8350174868789860e-06,4.8359758620494268e-06,9.9955656896016700e-10,9.2863092925337048e-10,9.2863092925337048e-10,1.019388e+03,1.0000000000000002e-06,2.101042e+07,2.090910e+07,1.160676e+02,1.013250e+05,1.000000e-09,-4.434310e-02,-1.981762e-02,2.5161428296013383e-04,6.2050424322702058e-04
497,4.6668894765997032e-06,4.8350194906001038e-06,4.8359758620494268e-06,9.9955660464653547e-10,9.2863078311385306e-10,9.2863078311385306e-10,1.019388e+03,1.0000000000000002e-06,2.101035e+07,2.090902e+07,1.160676e+02,1.013250e+05,1.000000e-09,-4.433954e-02,-1.977618e-02,2.5161427938935160e-04,6.2050421035305683e-04
498,4.6668892860058221e-06,4.8350214547423130e-06,4.8359758620494268e-06,9.9955663957470171e-10,9.2863063786553021e-10,9.2863063786553021e-10,1.019388e+03,1.0000000000000002e-06,2.101027e+07,2.090895e+07,1.160676e+02,1.013250e+05,1.000000e-09,-4.433604e-02,-1.973557e-02,2.5161427598506986e-04,6.2050417813724510e-04
499,4.6668890991177449e-06,4.8350233800897033e-06,4.8359758620494268e-06,9.9955667375984449e-10,9.2863049349046503e-10,9.2863049349046503e-10,1.019388e+03,1.0000000000000002e-06,2.101019e+07,2.090887e+07,1.160676e+02,1.013250e+05,1.000000e-09,-4.433262e-02,-1.969576e-02,2.5161427274397719e-04,6.2050414656641896e-04
500,4.6668889158611537e-06,4.8350252674204974e-06,4.8359758620494268e-06,9.9955670721677985e-10,9.2863034997107911e-10,9.2863034997107911e-10,1.019388e+03,1.0000000000000002e-06,2.101012e+07,2.090879e+07,1.160676e+02,1.013250e+05,1.000000e-09,-4.432928e-02,-1.965673e-02,2.5161426966282982e-04,6.2050411562767586e-04
501,4.6668887361631876e-06,4.8350271174951817e-06,4.8359758620494268e-06,9.9955673996016419e-10,9.2863020729014632e-10,9.2863020729014632e-10,1.019388e+03,1.0000000000000002e-06,2.101004e+07,2.090872e+07,1.160676e+02,1.013250e+05,1.000000e-09,-4.432600e-02,-1.961847e-02,2.5161426673844789e-04,6.2050408530837096e-04
502,4.6668885599524520e-06,4.8350289310605818e-06,4.8359758620494268e-06,9.9955677200434495e-10,9.2863006543078357e-10,9.2863006543078357e-10,1.019388e+03,1.0000000000000002e-06,2.100997e+07,2.090864e+07,1.160676e+02,1.013250e+05,1.000000e-09,-4.432280e-02,-1.958097e-02,2.5161426396771487e-04,6.2050405559611226e-04
503,4.6668883871589598e-06,4.8350307088471984e-06,4.8359758620494268e-06,9.9955680336334348e-10,9.2862992437644603e-10,9.2862992437644603e-10,1.019388e+03,1.0000000000000002e-06,2.100989e+07,2.090857e+07,1.160676e+02,1.013250e+05,1.000000e-09,-4.431966e-02,-1.954421e-02,2.5161426134757818e-04,6.2050402647875649e-04
504,4.6668882177141929e-06,4.8350324515712614e-06,4.8359758620494268e-06,9.9955683405094722e-10,9.2862978411091960e-10,9.2862978411091960e-10,1.019388e+03,1.0000000000000002e-06,2.100982e+07,2.090849e+07,1.160676e+02,1.013250e+05,1.000000e-09,-4.431659e-02,-1.950817e-02,2.5161425887504460e-04,6.2050399794440258e-04
505,4.6668880515509332e-06,4.8350341599400281e-06,4.8359758620494268e-06,9.9955686408065617e-10,9.2862964461831415e-10,9.2862964461831415e-10,1.019388e+03,1.0000000000000002e-06,2.100974e+07,2.090842e+07,1.160676e+02,1.013250e+05,1.000000e-09,-4.431359e-02,-1.947285e-02,2.5161425654718366e-04,6.2050396998138721e-04
506,4.6668878886033435e-06,4.8350358346432847e-06,4.8359758620494268e-06,9.9955689346582536e-10,9.2862950588305686e-10,9.2862950588305686e-10,1.019388e+03,1.0000000000000002e-06,2.100967e+07,2.090834e+07,1.160676e+02,1.013250e+05,1.000000e-09,-4.431065e-02,-1.943822e-02,2.5161425436111945e-04,6.2050394257828160e-04
507,4.6668877288069163e-06,4.8350374763324853e-06,4.8359758620494268e-06,9.9955692221874463e-10,9.2862936788988616e-10,9.2862936788988616e-10,1.019388e+03,1.0000000000000002e-06,2.100959e+07,2.090827e+07,1.160676e+02,1.013250e+05,1.000000e-09,-4.430778e-02,-1.940427e-02,2.5161425231403652e-04,6.2050391572388431e-04
508,4.6668875720984095e-06,4.8350390856986943e-06,4.8359758620494268e-06,9.9955695035281638e-10,9.2862923062384598e-10,9.2862923062384598e-10,1.019388e+03,1.0000000000000002e-06,2.100952e+07,2.090819e+07,1.160677e+02,1.013250e+05,1.000000e-09,-4.430496e-02,-1.937099e-02,2.5161425040317491e-04,6.2050388940721910e-04
509,4.6668874184158729e-06,4.8350406633666197e-06,4.8359758620494268e-06,9.9955697788000268e-10,9.2862909407027911e-10,9.2862909407027911e-10,1.019388e+03,1.0000000000000002e-06,2.100944e+07,2.090812e+07,1.160677e+02,1.013250e+05,1.000000e-09,-4.430221e-02,-1.933837e-02,2.5161424862583031e-04,6.2050386361752830e-04
510,4.6668872676985792e-06,4.8350422099897991e-06,4.8359758620494268e-06,9.9955700481304333e-10,9.2862895821482124e-10,9.2862895821482124e-10,1.019388e+03,1.0000000000000002e-06,2.100937e+07,2.090804e+07,1.160677e+02,1.013250e+05,1.000000e-09,-4.429952e-02,-1.930638e-02,2.5161424697935173e-04,6.2050383834426999e-04
511,4.6668871198870346e-06,4.8350437261731012e-06,4.8359758620494268e-06,9.9955703116319918e-10,9.2862882304339490e-10,9.2862882304339490e-10,1.019388e+03,1.0000000000000002e-06,2.100929e+07,2.090797e+07,1.160677e+02,1.013250e+05,1.000000e-09,-4.429688e-02,-1.927503e-02,2.5161424546114191e-04,6.2050381357711324e-04
512,4.6668869749229141e-06,4.8350452125289716e-06,4.8359758620494268e-06,9.9955705694245792e-10,9.2862868854220438e-10,9.2862868854220438e-10,1.019388e+03,1.0000000000000002e-06,2.100922e+07,2.090789e+07,1.160677e+02,1.013250e+05,1.000000e-09,-4.429431e-02,-1.924430e-02,2.5161424406865482e-04,6.2050378930593334e-04
513,4.6668868327490946e-06,4.8350466696689596e-06,4.8359758620494268e-06,9.9955708216251175e-10,9.2862855469772949e-10,9.2862855469772949e-10,1.019388e+03,1.0000000000000002e-06,2.100915e+07,2.090782e+07,1.160677e+02,1.013250e+05,1.000000e-09,-4.429178e-02,-1.921416e-02,2.5161424279939728e-04,6.2050376552080832e-04
514,4.6668866933095618e-06,4.8350480981581072e-06,4.8359758620494268e-06,9.9955710683416117e-10,9.2862842149672006e-10,9.2862842149672006e-10,1.019388e+03,1.0000000000000002e-06,2.100907e+07,2.090775e+07,1.160677e+02,1.013250e+05,1.000000e-09,-4.428932e-02,-1.918463e-02,2.5161424165092312e-04,6.2050374221201505e-04
515,4.6668865565494500e-06,4.8350494985872954e-06,4.8359758620494268e-06,9.9955713096869865e-10,9.2862828892619121e-10,9.2862828892619121e-10,1.019388e+03,1.0000000000000002e-06,2.100900e+07,2.090767e+07,1.160677e+02,1.013250e+05,1.000000e-09,-4.428690e-02,-1.915567e-02,2.5161424062083689e-04,6.2050371937002438e-04
516,4.6668864224149795e-06,4.8350508715042691e-06,4.8359758620494268e-06,9.9955715457672781e-10,9.2862815697341769e-10,9.2862815697341769e-10,1.019388e+03,1.0000000000000002e-06,2.100892e+07,2.090760e+07,1.160677e+02,1.013250e+05,1.000000e-09,-4.428454e-02,-1.912728e-02,2.5161423970679130e-04,6.2050369698549818e-04
517,4.6668862908534536e-06,4.8350522174658693e-06,4.8359758620494268e-06,9.9955717766892072e-10,9.2862802562592780e-10,9.2862802562592780e-10,1.019388e+03,1.0000000000000002e-06,2.100885e+07,2.090752e+07,1.160677e+02,1.013250e+05,1.000000e-09,-4.428223e-02,-1.909945e-02,2.5161423890648487e-04,6.2050367504928481e-04
518,4.6668861618132315e-06,4.8350535370073014e-06,4.8359758620494268e-06,9.9955720025537231e-10,9.2862789487150003e-10,9.2862789487150003e-10,1.019388e+03,1.0000000000000002e-06,2.100877e+07,2.090745e+07,1.160677e+02,1.013250e+05,1.000000e-09,-4.427997e-02,-1.907216e-02,2.5161423821766363e-04,6.2050365355241586e-04
519,4.6668860352437071e-06,4.8350548306665001e-06,4.8359758620494268e-06,9.9955722234674038e-10,9.2862776469815662e-10,9.2862776469815662e-10,1.019388e+03,1.0000000000000002e-06,2.100870e+07,2.090738e+07,1.160677e+02,1.013250e+05,1.000000e-09,-4.427777e-02,-1.904541e-02,2.5161423763811735e-04,6.2050363248610245e-04
520,4.6668859110952772e-06,4.8350560989603493e-06,4.8359758620494268e-06,9.9955724395270832e-10,9.2862763509415956e-10,9.2862763509415956e-10,1.019388e+03,1.0000000000000002e-06,2.100863e+07,2.090730e+07,1.160677e+02,1.013250e+05,1.000000e-09,-4.427560e-02,-1.901918e-02,2.5161423716568053e-04,6.2050361184173104e-04
521,4.6668857893193519e-06,4.8350573423845175e-06,4.8359758620494268e-06,9.9955726508268965e-10,9.2862750604800462e-10,9.2862750604800462e-10,1.019388e+03,1.0000000000000002e-06,2.100855e+07,2.090723e+07,1.160677e+02,1.013250e+05,1.000000e-09,-4.427349e-02,-1.899347e-02,2.5161423679823124e-04,6.2050359161086143e-04
522,4.6668856698683068e-06,4.8350585614511090e-06,4.8359758620494268e-06,9.9955728574675654e-10,9.2862737754841889e-10,9.2862737754841889e-10,1.019388e+03,1.0000000000000002e-06,2.100848e+07,2.090715e+07,1.160677e+02,1.013250e+05,1.000000e-09,-4.427143e-02,-1.896826e-02,2.5161423653369009e-04,6.2050357178522106e-04
523,4.6668855526954575e-06,4.8350597566372786e-06,4.8359758620494268e-06,9.9955730595396269e-10,9.2862724958435341e-10,9.2862724958435341e-10,1.019388e+03,1.0000000000000002e-06,2.100841e+07,2.090708e+07,1.160677e+02,1.013250e+05,1.000000e-09,-4.426940e-02,-1.894355e-02,2.5161423637001790e-04,6.2050355235670346e-04
524,4.6668854377550585e-06,4.8350609284292249e-06,4.8359758620494268e-06,9.9955732571352908e-10,9.2862712214498120e-10,9.2862712214498120e-10,1.019388e+03,1.0000000000000002e-06,2.100833e+07,2.090701e+07,1.160677e+02,1.013250e+05,1.000000e-09,-4.426743e-02,-1.891932e-02,2.5161423630521850e-04,6.2050353331736402e-04
525,4.6668853250023185e-06,4.8350620772916953e-06,4.8359758620494268e-06,9.9955734503452142e-10,9.2862699521969057e-10,9.2862699521969057e-10,1.019388e+03,1.0000000000000002e-06,2.100826e+07,2.090693e+07,1.160677e+02,1.013250e+05,1.000000e-09,-4.426550e-02,-1.889556e-02,2.5161423633733500e-04,6.2050351465941806e-04
526,4.6668852143932809e-06,4.8350632036813873e-06,4.8359758620494268e-06,9.9955736392544126e-10,9.2862686879808283e-10,9.2862686879808283e-10,1.019388e+03,1.0000000000000002e-06,2.100818e+07,2.090686e+07,1.160677e+02,1.013250e+05,1.000000e-09,-4.426361e-02,-1.887227e-02,2.5161423646444735e-04,6.2050349637523530e-04
527,4.6668851058849155e-06,4.8350643080468750e-06,4.8359758620494268e-06,9.9955738239519320e-10,9.2862674286996691e-10,9.2862674286996691e-10,1.019388e+03,1.0000000000000002e-06,2.100811e+07,2.090679e+07,1.160677e+02,1.013250e+05,1.000000e-09,-4.426176e-02,-1.884943e-02,2.5161423668467722e-04,6.2050347845733864e-04
528,4.6668849994350493e-06,4.8350653908329202e-06,4.8359758620494268e-06,9.9955740045222006e-10,9.2862661742535492e-10,9.2862661742535492e-10,1.019388e+03,1.0000000000000002e-06,2.100804e+07,2.090671e+07,1.160677e+02,1.013250e+05,1.000000e-09,-4.425995e-02,-1.882704e-02,2.5161423699618222e-04,6.2050346089840061e-04
529,4.6668848950023278e-06,4.8350664524720772e-06,4.8359758620494268e-06,9.9955741810469584e-10,9.2862649245445912e-10,9.2862649245445912e-10,1.019388e+03,1.0000000000000002e-06,2.100796e+07,2.090664e+07,1.160677e+02,1.013250e+05,1.000000e-09,-4.425819e-02,-1.880509e-02,2.5161423739715645e-04,6.2050344369124044e-04
530,4.6668847925462558e-06,4.8350674933911482e-06,4.8359758620494268e-06,9.9955743536100980e-10,9.2862636794768693e-10,9.2862636794768693e-10,1.019388e+03,1.0000000000000002e-06,2.100789e+07,2.090657e+07,1.160677e+02,1.013250e+05,1.000000e-09,-4.425646e-02,-1.878356e-02,2.5161423788583131e-04,6.2050342682882077e-04
531,4.6668846920271272e-06,4.8350685139956729e-06,4.8359758620494268e-06,9.9955745222872486e-10,9.2862624389563856e-10,9.2862624389563856e-10,1.019388e+03,1.0000000000000002e-06,2.100782e+07,2.090649e+07,1.160677e+02,1.013250e+05,1.000000e-09,-4.425478e-02,-1.876246e-02,2.5161423846047288e-04,6.2050341030424512e-04
532,4.6668845934060384e-06,4.8350695146912270e-06,4.8359758620494268e-06,9.9955746871568930e-10,9.2862612028910088e-10,9.2862612028910088e-10,1.019388e+03,1.0000000000000002e-06,2.100774e+07,2.090642e+07,1.160677e+02,1.013250e+05,1.000000e-09,-4.425313e-02,-1.874177e-02,2.5161423911938179e-04,6.2050339411075521e-04
533,4.6668844966448723e-06,4.8350704958808489e-06,4.8359758620494268e-06,9.9955748482955889e-10,9.2862599711904542e-10,9.2862599711904542e-10,1.019388e+03,1.0000000000000002e-06,2.100767e+07,2.090635e+07,1.160677e+02,1.013250e+05,1.000000e-09,-4.425152e-02,-1.872148e-02,2.5161423986089297e-04,6.2050337824172744e-04
534,4.6668844017062584e-06,4.8350714579654344e-06,4.8359758620494268e-06,9.9955750057828242e-10,9.2862587437662424e-10,9.2862587437662424e-10,1.019388e+03,1.0000000000000002e-06,2.100760e+07,2.090627e+07,1.160677e+02,1.013250e+05,1.000000e-09,-4.424994e-02,-1.870158e-02,2.5161424068337481e-04,6.2050336269067101e-04
535,4.6668843085535966e-06,4.8350724013103180e-06,4.8359758620494268e-06,9.9955751596853999e-10,9.2862575205316570e-10,9.2862575205316570e-10,1.019388e+03,1.0000000000000002e-06,2.100753e+07,2.090620e+07,1.160677e+02,1.013250e+05,1.000000e-09,-4.424840e-02,-1.868208e-02,2.5161424158522778e-04,6.2050334745122491e-04
536,4.6668842171509980e-06,4.8350733263065799e-06,4.8359758620494268e-06,9.9955753100807629e-10,9.2862563014017237e-10,9.2862563014017237e-10,1.019388e+03,1.0000000000000002e-06,2.100745e+07,2.090613e+07,1.160677e+02,1.013250e+05,1.000000e-09,-4.424690e-02,-1.866295e-02,2.5161424256488516e-04,6.2050333251715585e-04
537,4.6668841274633116e-06,4.8350742333045165e-06,4.8359758620494268e-06,9.9955754570339421e-10,9.2862550862931580e-10,9.2862550862931580e-10,1.019388e+03,1.0000000000000002e-06,2.100738e+07,2.090605e+07,1.160677e+02,1.013250e+05,1.000000e-09,-4.424543e-02,-1.864419e-02,2.5161424362081086e-04,6.2050331788235391e-04
538,4.6668840394560590e-06,4.8350751226705950e-06,4.8359758620494268e-06,9.9955756006167676e-10,9.2862538751243449e-10,9.2862538751243449e-10,1.019388e+03,1.0000000000000002e-06,2.100731e+07,2.090598e+07,1.160677e+02,1.013250e+05,1.000000e-09,-4.424399e-02,-1.862580e-02,2.5161424475149955e-04,6.2050330354083332e-04
539,4.6668839530955155e-06,4.8350759947564009e-06,4.8359758620494268e-06,9.9955757408952774e-10,9.2862526678153014e-10,9.2862526678153014e-10,1.019388e+03,1.0000000000000002e-06,2.100723e+07,2.090591e+07,1.160677e+02,1.013250e+05,1.000000e-09,-4.424259e-02,-1.860777e-02,2.5161424595547609e-04,6.2050328948672626e-04
540,4.6668838683485486e-06,4.8350768499166242e-06,4.8359758620494268e-06,9.9955758779383902e-10,9.2862514642876385e-10,9.2862514642876385e-10,1.019388e+03,1.0000000000000002e-06,2.100716e+07,2.090584e+07,1.160677e+02,1.013250e+05,1.000000e-09,-4.424122e-02,-1.859009e-02,2.5161424723129625e-04,6.2050327571428355e-04
541,4.6668837851827602e-06,4.8350776884859810e-06,4.8359758620494268e-06,9.9955760118107523e-10,9.2862502644645340e-10,9.2862502644645340e-10,1.019388e+03,1.0000000000000002e-06,2.100709e+07,2.090576e+07,1.160677e+02,1.013250e+05,1.000000e-09,-4.423988e-02,-1.857275e-02,2.5161424857754125e-04,6.2050326221787014e-04
542,4.6668837035663559e-06,4.8350785107896539e-06,4.8359758620494268e-06,9.9955761425731530e-10,9.2862490682707083e-10,9.2862490682707083e-10,1.019388e+03,1.0000000000000002e-06,2.100702e+07,2.090569e+07,1.160677e+02,1.013250e+05,1.000000e-09,-4.423857e-02,-1.855574e-02,2.5161424999282505e-04,6.2050324899196420e-04
543,4.6668836234681955e-06,4.8350793171538829e-06,4.8359758620494268e-06,9.9955762702887374e-10,9.2862478756323788e-10,9.2862478756323788e-10,1.019388e+03,1.0000000000000002e-06,2.100694e+07,2.090562e+07,1.160677e+02,1.013250e+05,1.000000e-09,-4.423730e-02,-1.853907e-02,2.5161425147578599e-04,6.2050323603115459e-04
544,4.6668835448577663e-06,4.8350801079101687e-06,4.8359758620494268e-06,9.9955763950215085e-10,9.2862466864772437e-10,9.2862466864772437e-10,1.019388e+03,1.0000000000000002e-06,2.100687e+07,2.090555e+07,1.160677e+02,1.013250e+05,1.000000e-09,-4.423605e-02,-1.852272e-02,2.5161425302509094e-04,6.2050322333013781e-04
545,4.6668834677051503e-06,4.8350808833558393e-06,4.8359758620494268e-06,9.9955765168277269e-10,9.2862455007344386e-10,9.2862455007344386e-10,1.019388e+03,1.0000000000000002e-06,2.100680e+07,2.090547e+07,1.160677e+02,1.013250e+05,1.000000e-09,-4.423483e-02,-1.850668e-02,2.5161425463943328e-04,6.2050321088371664e-04
546,4.6668833919810553e-06,4.8350816438093367e-06,4.8359758620494268e-06,9.9955766357699359e-10,9.2862443183345206e-10,9.2862443183345206e-10,1.019388e+03,1.0000000000000002e-06,2.100673e+07,2.090540e+07,1.160677e+02,1.013250e+05,1.000000e-09,-4.423364e-02,-1.849096e-02,2.5161425631753262e-04,6.2050319868679814e-04
547,4.6668833176567390e-06,4.8350823895587902e-06,4.8359758620494268e-06,9.9955767519007834e-10,9.2862431392094344e-10,9.2862431392094344e-10,1.019388e+03,1.0000000000000002e-06,2.100665e+07,2.090533e+07,1.160677e+02,1.013250e+05,1.000000e-09,-4.423248e-02,-1.847554e-02,2.5161425805813480e-04,6.2050318673439087e-04
548,4.6668832447040808e-06,4.8350831209078976e-06,4.8359758620494268e-06,9.9955768652797417e-10,9.2862419632924845e-10,9.2862419632924845e-10,1.019388e+03,1.0000000000000002e-06,2.100658e+07,2.090526e+07,1.160677e+02,1.013250e+05,1.000000e-09,-4.423135e-02,-1.846041e-02,2.5161425986000943e-04,6.2050317502160366e-04
549,4.6668831730954835e-06,4.8350838381487827e-06,4.8359758620494268e-06,9.9955769759638240e-10,9.2862407905183070e-10,9.2862407905183070e-10,1.019388e+03,1.0000000000000002e-06,2.100651e+07,2.090518e+07,1.160677e+02,1.013250e+05,1.000000e-09,-4.423024e-02,-1.844558e-02,2.5161426172195096e-04,6.2050316354364250e-04
550,4.6668831028039021e-06,4.8350845415460646e-06,4.8359758620494268e-06,9.9955770840017081e-10,9.2862396208228461e-10,9.2862396208228461e-10,1.019388e+03,1.0000000000000002e-06,2.100644e+07,2.090511e+07,1.160677e+02,1.013250e+05,1.000000e-09,-4.422916e-02,-1.843104e-02,2.5161426364277855e-04,6.2050315229581008e-04
551,4.6668830338028796e-06,4.8350852313872228e-06,4.8359758620494268e-06,9.9955771894492429e-10,9.2862384541433240e-10,9.2862384541433240e-10,1.019388e+03,1.0000000000000002e-06,2.100636e+07,2.090504e+07,1.160677e+02,1.013250e+05,1.000000e-09,-4.422811e-02,-1.841677e-02,2.5161426562133482e-04,6.2050314127350256e-04
552,4.6668829660664315e-06,4.8350859079535155e-06,4.8359758620494268e-06,9.9955772923607619e-10,9.2862372904182222e-10,9.2862372904182222e-10,1.019388e+03,1.0000000000000002e-06,2.100629e+07,2.090497e+07,1.160677e+02,1.013250e+05,1.000000e-09,-4.422708e-02,-1.840278e-02,2.5161426765648643e-04,6.2050313047220835e-04
553,4.6668828995691274e-06,4.8350865714879581e-06,4.8359758620494268e-06,9.9955773927830505e-10,9.2862361295872424e-10,9.2862361295872424e-10,1.019388e+03,1.0000000000000002e-06,2.100622e+07,2.090489e+07,1.160677e+02,1.013250e+05,1.000000e-09,-4.422607e-02,-1.838906e-02,2.5161426974712074e-04,6.2050311988750629e-04
554,4.6668828342860264e-06,4.8350872222697894e-06,4.8359758620494268e-06,9.9955774907684815e-10,9.2862349715913052e-10,9.2862349715913052e-10,1.019388e+03,1.0000000000000002e-06,2.100615e+07,2.090482e+07,1.160677e+02,1.013250e+05,1.000000e-09,-4.422509e-02,-1.837560e-02,2.5161427189214882e-04,6.2050310951506304e-04
555,4.6668827701927171e-06,4.8350878605488131e-06,4.8359758620494268e-06,9.9955775863656622e-10,9.2862338163724997e-10,9.2862338163724997e-10,1.019388e+03,1.0000000000000002e-06,2.100607e+07,2.090475e+07,1.160676e+02,1.013250e+05,1.000000e-09,-4.422414e-02,-1.836241e-02,2.5161427409050327e-04,6.2050309935063276e-04
556,4.6668827072652427e-06,4.8350884865782072e-06,4.8359758620494268e-06,9.9955776796230674e-10,9.2862326638740803e-10,9.2862326638740803e-10,1.019388e+03,1.0000000000000002e-06,2.100600e+07,2.090468e+07,1.160676e+02,1.013250e+05,1.000000e-09,-4.422320e-02,-1.834946e-02,2.5161427634113654e-04,6.2050308939005417e-04
557,4.6668826454801438e-06,4.8350891005973102e-06,4.8359758620494268e-06,9.9955777705860762e-10,9.2862315140404295e-10,9.2862315140404295e-10,1.019388e+03,1.0000000000000002e-06,2.100593e+07,2.090460e+07,1.160676e+02,1.013250e+05,1.000000e-09,-4.422229e-02,-1.833676e-02,2.5161427864302526e-04,6.2050307962924895e-04
558,4.6668825848144303e-06,4.8350897028442790e-06,4.8359758620494268e-06,9.9955778593005000e-10,9.2862303668170391e-10,9.2862303668170391e-10,1.019388e+03,1.0000000000000002e-06,2.100586e+07,2.090453e+07,1.160676e+02,1.013250e+05,1.000000e-09,-4.422141e-02,-1.832431e-02,2.5161428099516414e-04,6.2050307006422081e-04
559,4.6668825252455635e-06,4.8350902935539061e-06,4.8359758620494268e-06,9.9955779458102248e-10,9.2862292221505022e-10,9.2862292221505022e-10,1.019388e+03,1.0000000000000002e-06,2.100578e+07,2.090446e+07,1.160676e+02,1.013250e+05,1.000000e-09,-4.422054e-02,-1.831210e-02,2.5161428339656771e-04,6.2050306069105342e-04
560,4.6668824667514680e-06,4.8350908729780482e-06,4.8359758620494268e-06,9.9955780301663374e-10,9.2862280799884728e-10,9.2862280799884728e-10,1.019388e+03,1.0000000000000002e-06,2.100571e+07,2.090439e+07,1.160676e+02,1.013250e+05,1.000000e-09,-4.421970e-02,-1.830011e-02,2.5161428584627118e-04,6.2050305150590827e-04
561,4.6668824093105098e-06,4.8350914413150881e-06,4.8359758620494268e-06,9.9955781124044788e-10,9.2862269402796461e-10,9.2862269402796461e-10,1.019388e+03,1.0000000000000002e-06,2.100564e+07,2.090432e+07,1.160676e+02,1.013250e+05,1.000000e-09,-4.421888e-02,-1.828836e-02,2.5161428834333000e-04,6.2050304250502435e-04
562,4.6668823529014706e-06,4.8350919987998596e-06,4.8359758620494268e-06,9.9955781925693189e-10,9.2862258029737490e-10,9.2862258029737490e-10,1.019388e+03,1.0000000000000002e-06,2.100557e+07,2.090424e+07,1.160676e+02,1.013250e+05,1.000000e-09,-4.421807e-02,-1.827683e-02,2.5161429088681658e-04,6.2050303368471507e-04
563,4.6668822975035702e-06,4.8350925456496557e-06,4.8359758620494268e-06,9.9955782707032589e-10,9.2862246680215148e-10,9.2862246680215148e-10,1.019388e+03,1.0000000000000002e-06,2.100550e+07,2.090417e+07,1.160676e+02,1.013250e+05,1.000000e-09,-4.421729e-02,-1.826553e-02,2.5161429347582209e-04,6.2050302504136861e-04
564,4.6668822430964527e-06,4.8350930820787603e-06,4.8359758620494268e-06,9.9955783468480860e-10,9.2862235353746536e-10,9.2862235353746536e-10,1.019388e+03,1.0000000000000002e-06,2.100542e+07,2.090410e+07,1.160676e+02,1.013250e+05,1.000000e-09,-4.421653e-02,-1.825443e-02,2.5161429610945759e-04,6.2050301657144463e-04
565,4.6668821896601493e-06,4.8350936082854351e-06,4.8359758620494268e-06,9.9955784210406448e-10,9.2862224049858456e-10,9.2862224049858456e-10,1.019388e+03,1.0000000000000002e-06,2.100535e+07,2.090403e+07,1.160676e+02,1.013250e+05,1.000000e-09,-4.421579e-02,-1.824355e-02,2.5161429878685040e-04,6.2050300827147336e-04
566,4.6668821371751004e-06,4.8350941244837904e-06,4.8359758620494268e-06,9.9955784933215541e-10,9.2862212768087138e-10,9.2862212768087138e-10,1.019388e+03,1.0000000000000002e-06,2.100528e+07,2.090396e+07,1.160676e+02,1.013250e+05,1.000000e-09,-4.421507e-02,-1.823288e-02,2.5161430150714536e-04,6.2050300013805570e-04
567,4.6668820856221528e-06,4.8350946308740049e-06,4.8359758620494268e-06,9.9955785637311472e-10,9.2862201507978160e-10,9.2862201507978160e-10,1.019388e+03,1.0000000000000002e-06,2.100521e+07,2.090388e+07,1.160676e+02,1.013250e+05,1.000000e-09,-4.421436e-02,-1.822241e-02,2.5161430426950515e-04,6.2050299216785936e-04
568,4.6668820349825159e-06,4.8350951276478111e-06,4.8359758620494268e-06,9.9955786323039960e-10,9.2862190269086054e-10,9.2862190269086054e-10,1.019388e+03,1.0000000000000002e-06,2.100514e+07,2.090381e+07,1.160676e+02,1.013250e+05,1.000000e-09,-4.421368e-02,-1.821213e-02,2.5161430707310874e-04,6.2050298435761895e-04
569,4.6668819852377642e-06,4.8350956150015377e-06,4.8359758620494268e-06,9.9955786990787279e-10,9.2862179050974360e-10,9.2862179050974360e-10,1.019388e+03,1.0000000000000002e-06,2.100506e+07,2.090374e+07,1.160676e+02,1.013250e+05,1.000000e-09,-4.421301e-02,-1.820206e-02,2.5161430991715129e-04,6.2050297670413466e-04
570,4.6668819363698958e-06,4.8350960931216252e-06,4.8359758620494268e-06,9.9955787640904753e-10,9.2862167853215320e-10,9.2862167853215320e-10,1.019388e+03,1.0000000000000002e-06,2.100499e+07,2.090367e+07,1.160676e+02,1.013250e+05,1.000000e-09,-4.421236e-02,-1.819217e-02,2.5161431280084425e-04,6.2050296920427065e-04
571,4.6668818883612025e-06,4.8350965621837177e-06,4.8359758620494268e-06,9.9955788273726108e-10,9.2862156675389699e-10,9.2862156675389699e-10,1.019388e+03,1.0000000000000002e-06,2.100492e+07,2.090360e+07,1.160676e+02,1.013250e+05,1.000000e-09,-4.421173e-02,-1.818247e-02,2.5161431572341621e-04,6.2050296185495396e-04
572,4.6668818411943761e-06,4.8350970223955026e-06,4.8359758620494268e-06,9.9955788889658296e-10,9.2862145517086647e-10,9.2862145517086647e-10,1.019388e+03,1.0000000000000002e-06,2.100485e+07,2.090352e+07,1.160676e+02,1.013250e+05,1.000000e-09,-4.421111e-02,-1.817295e-02,2.5161431868410828e-04,6.2050295465317248e-04
573,4.6668817948524158e-06,4.8350974739025459e-06,4.8359758620494268e-06,9.9955789488971681e-10,9.2862134377903482e-10,9.2862134377903482e-10,1.019388e+03,1.0000000000000002e-06,2.100478e+07,2.090345e+07,1.160676e+02,1.013250e+05,1.000000e-09,-4.421051e-02,-1.816362e-02,2.5161432168217904e-04,6.2050294759597509e-04
574,4.6668817493187223e-06,4.8350979169001548e-06,4.8359758620494268e-06,9.9955790072052742e-10,9.2862123257445681e-10,9.2862123257445681e-10,1.019388e+03,1.0000000000000002e-06,2.100471e+07,2.090338e+07,1.160676e+02,1.013250e+05,1.000000e-09,-4.420993e-02,-1.815446e-02,2.5161432471690185e-04,6.2050294068046938e-04
575,4.6668817045769597e-06,4.8350983515473308e-06,4.8359758620494268e-06,9.9955790639181667e-10,9.2862112155326535e-10,9.2862112155326535e-10,1.019388e+03,1.0000000000000002e-06,2.100463e+07,2.090331e+07,1.160676e+02,1.013250e+05,1.000000e-09,-4.420936e-02,-1.814547e-02,2.5161432778756309e-04,6.2050293390382048e-04
576,4.6668816606111657e-06,4.8350987780157185e-06,4.8359758620494268e-06,9.9955791190707959e-10,9.2862101071167052e-10,9.2862101071167052e-10,1.019388e+03,1.0000000000000002e-06,2.100456e+07,2.090324e+07,1.160676e+02,1.013250e+05,1.000000e-09,-4.420881e-02,-1.813665e-02,2.5161433089346464e-04,6.2050292726325109e-04
577,4.6668816174056838e-06,4.8350991964718606e-06,4.8359758620494268e-06,9.9955791726941067e-10,9.2862090004595849e-10,9.2862090004595849e-10,1.019388e+03,1.0000000000000002e-06,2.100449e+07,2.090317e+07,1.160676e+02,1.013250e+05,1.000000e-09,-4.420827e-02,-1.812800e-02,2.5161433403392204e-04,6.2050292075603846e-04
578,4.6668815749451528e-06,4.8350996070748858e-06,4.8359758620494268e-06,9.9955792248196809e-10,9.2862078955248934e-10,9.2862078955248934e-10,1.019388e+03,1.0000000000000002e-06,2.100442e+07,2.090309e+07,1.160676e+02,1.013250e+05,1.000000e-09,-4.420775e-02,-1.811951e-02,2.5161433720826429e-04,6.2050291437951513e-04
579,4.6668815332145458e-06,4.8351000099761801e-06,4.8359758620494268e-06,9.9955792754752683e-10,9.2862067922769597e-10,9.2862067922769597e-10,1.019388e+03,1.0000000000000002e-06,2.100435e+07,2.090302e+07,1.160676e+02,1.013250e+05,1.000000e-09,-4.420725e-02,-1.811118e-02,2.5161434041583522e-04,6.2050290813106665e-04
580,4.6668814921991293e-06,4.8351004053322506e-06,4.8359758620494268e-06,9.9955793246894046e-10,9.2862056906808271e-10,9.2862056906808271e-10,1.019388e+03,1.0000000000000002e-06,2.100427e+07,2.090295e+07,1.160676e+02,1.013250e+05,1.000000e-09,-4.420675e-02,-1.810300e-02,2.5161434365598864e-04,6.2050290200813061e-04
581,4.6668814518844539e-06,4.8351007932931584e-06,4.8359758620494268e-06,9.9955793724940540e-10,9.2862045907022379e-10,9.2862045907022379e-10,1.019388e+03,1.0000000000000002e-06,2.100420e+07,2.090288e+07,1.160676e+02,1.013250e+05,1.000000e-09,-4.420628e-02,-1.809498e-02,2.5161434692809481e-04,6.2050289600819634e-04
582,4.6668814122563766e-06,4.8351011740128621e-06,4.8359758620494268e-06,9.9955794189169561e-10,9.2862034923076158e-10,9.2862034923076158e-10,1.019388e+03,1.0000000000000002e-06,2.100413e+07,2.090281e+07,1.160676e+02,1.013250e+05,1.000000e-09,-4.420581e-02,-1.808711e-02,2.5161435023153420e-04,6.2050289012880323e-04
583,4.6668813733010239e-06,4.8351015476330863e-06,4.8359758620494268e-06,9.9955794639849798e-10,9.2862023954640587e-10,9.2862023954640587e-10,1.019388e+03,1.0000000000000002e-06,2.100406e+07,2.090273e+07,1.160676e+02,1.013250e+05,1.000000e-09,-4.420536e-02,-1.807938e-02,2.5161435356570085e-04,6.2050288436753980e-04
584,4.6668813350047907e-06,4.8351019142934101e-06,4.8359758620494268e-06,9.9955795077248286e-10,9.2862013001393200e-10,9.2862013001393200e-10,1.019388e+03,1.0000000000000002e-06,2.100399e+07,2.090266e+07,1.160676e+02,1.013250e+05,1.000000e-09,-4.420492e-02,-1.807180e-02,2.5161435692999976e-04,6.2050287872204271e-04
585,4.6668812973543770e-06,4.8351022741360243e-06,4.8359758620494268e-06,9.9955795501652159e-10,9.2862002063017993e-10,9.2862002063017993e-10,1.019388e+03,1.0000000000000002e-06,2.100392e+07,2.090259e+07,1.160676e+02,1.013250e+05,1.000000e-09,-4.420450e-02,-1.806436e-02,2.5161436032384969e-04,6.2050287318999632e-04
586,4.6668812603367171e-06,4.8351026272988933e-06,4.8359758620494268e-06,9.9955795913305704e-10,9.2861991139205280e-10,9.2861991139205280e-10,1.019388e+03,1.0000000000000002e-06,2.100385e+07,2.090252e+07,1.160676e+02,1.013250e+05,1.000000e-09,-4.420409e-02,-1.805705e-02,2.5161436374667963e-04,6.2050286776913106e-04
587,4.6668812239390312e-06,4.8351029739088665e-06,4.8359758620494268e-06,9.9955796312458173e-10,9.2861980229651548e-10,9.2861980229651548e-10,1.019388e+03,1.0000000000000002e-06,2.100377e+07,2.090245e+07,1.160676e+02,1.013250e+05,1.000000e-09,-4.420369e-02,-1.804989e-02,2.5161436719792977e-04,6.2050286245722249e-04
588,4.6668811881487721e-06,4.8351033141002756e-06,4.8359758620494268e-06,9.9955796699367954e-10,9.2861969334059352e-10,9.2861969334059352e-10,1.019388e+03,1.0000000000000002e-06,2.100370e+07,2.090238e+07,1.160676e+02,1.013250e+05,1.000000e-09,-4.420330e-02,-1.804285e-02,2.5161437067705225e-04,6.2050285725209113e-04
589,4.6668811529536595e-06,4.8351036480049926e-06,4.8359758620494268e-06,9.9955797074285292e-10,9.2861958452137164e-10,9.2861958452137164e-10,1.019388e+03,1.0000000000000002e-06,2.100363e+07,2.090231e+07,1.160676e+02,1.013250e+05,1.000000e-09,-4.420293e-02,-1.803595e-02,2.5161437418351083e-04,6.2050285215160101e-04
590,4.6668811183416538e-06,4.8351039757437070e-06,4.8359758620494268e-06,9.9955797437442128e-10,9.2861947583599358e-10,9.2861947583599358e-10,1.019388e+03,1.0000000000000002e-06,2.100356e+07,2.090223e+07,1.160676e+02,1.013250e+05,1.000000e-09,-4.420256e-02,-1.802917e-02,2.5161437771677804e-04,6.2050284715365852e-04
591,4.6668810843009582e-06,4.8351042974439278e-06,4.8359758620494268e-06,9.9955797789086429e-10,9.2861936728165944e-10,9.2861936728165944e-10,1.019388e+03,1.0000000000000002e-06,2.100349e+07,2.090216e+07,1.160676e+02,1.013250e+05,1.000000e-09,-4.420221e-02,-1.802252e-02,2.5161438127633824e-04,6.2050284225621225e-04
592,4.6668810508200022e-06,4.8351046132218068e-06,4.8359758620494268e-06,9.9955798129428424e-10,9.2861925885562556e-10,9.2861925885562556e-10,1.019388e+03,1.0000000000000002e-06,2.100342e+07,2.090209e+07,1.160676e+02,1.013250e+05,1.000000e-09,-4.420187e-02,-1.801599e-02,2.5161438486168570e-04,6.2050283745725197e-04
593,4.6668810178874612e-06,4.8351049231972306e-06,4.8359758620494268e-06,9.9955798458710373e-10,9.2861915055520340e-10,9.2861915055520340e-10,1.019388e+03,1.0000000000000002e-06,2.100334e+07,2.090202e+07,1.160676e+02,1.013250e+05,1.000000e-09,-4.420154e-02,-1.800958e-02,2.5161438847232570e-04,6.2050283275480716e-04
594,4.6668809854922465e-06,4.8351052274957295e-06,4.8359758620494268e-06,9.9955798777161157e-10,9.2861904237775705e-10,9.2861904237775705e-10,1.019388e+03,1.0000000000000002e-06,2.100327e+07,2.090195e+07,1.160676e+02,1.013250e+05,1.000000e-09,-4.420122e-02,-1.800329e-02,2.5161439210777257e-04,6.2050282814694738e-04
595,4.6668809536234400e-06,4.8351055262179767e-06,4.8359758620494268e-06,9.9955799084992431e-10,9.2861893432070476e-10,9.2861893432070476e-10,1.019388e+03,1.0000000000000002e-06,2.100320e+07,2.090188e+07,1.160676e+02,1.013250e+05,1.000000e-09,-4.420092e-02,-1.799711e-02,2.5161439576754975e-04,6.2050282363178017e-04
596,4.6668809222704078e-06,4.8351058194781286e-06,4.8359758620494268e-06,9.9955799382387787e-10,9.2861882638151527e-10,9.2861882638151527e-10,1.019388e+03,1.0000000000000002e-06,2.100313e+07,2.090180e+07,1.160676e+02,1.013250e+05,1.000000e-09,-4.420062e-02,-1.799104e-02,2.5161439945119195e-04,6.2050281920745143e-04
597,4.6668808914226969e-06,4.8351061073918517e-06,4.8359758620494268e-06,9.9955799669595215e-10,9.2861871855770879e-10,9.2861871855770879e-10,1.019388e+03,1.0000000000000002e-06,2.100306e+07,2.090173e+07,1.160676e+02,1.013250e+05,1.000000e-09,-4.420033e-02,-1.798509e-02,2.5161440315824132e-04,6.2050281487214403e-04
598,4.6668808610700489e-06,4.8351063900622554e-06,4.8359758620494268e-06,9.9955799946810859e-10,9.2861861084685413e-10,9.2861861084685413e-10,1.019388e+03,1.0000000000000002e-06,2.100299e+07,2.090166e+07,1.160676e+02,1.013250e+05,1.000000e-09,-4.420005e-02,-1.797925e-02,2.5161440688825046e-04,6.2050281062407643e-04
599,4.6668808312024508e-06,4.8351066675928327e-06,4.8359758620494268e-06,9.9955800214227577e-10,9.2861850324656932e-10,9.2861850324656932e-10,1.019388e+03,1.0000000000000002e-06,2.100292e+07,2.090159e+07,1.160676e+02,1.013250e+05,1.000000e-09,-4.419979e-02,-1.797351e-02,2.5161441064078070e-04,6.2050280646150445e-04
600,4.6668808018100509e-06,4.8351069400850149e-06,4.8359758620494268e-06,9.9955800472033201e-10,9.2861839575451986e-10,9.2861839575451986e-10,1.019388e+03,1.0000000000000002e-06,2.100284e+07,2.090152e+07,1.160676e+02,1.013250e+05,1.000000e-09,-4.419953e-02,-1.796787e-02,2.5161441441540129e-04,6.2050280238271668e-04
601,4.6668807728832092e-06,4.8351072076469240e-06,4.8359758620494268e-06,9.9955800720442446e-10,9.2861828836841765e-10,9.2861828836841765e-10,1.019388e+03,1.0000000000000002e-06,2.100277e+07,2.090145e+07,1.160676e+02,1.013250e+05,1.000000e-09,-4.419928e-02,-1.796234e-02,2.5161441821169151e-04,6.2050279838603793e-04
602,4.6668807444124904e-06,4.8351074703712197e-06,4.8359758620494268e-06,9.9955800959635741e-10,9.2861818108602094e-10,9.2861818108602094e-10,1.019388e+03,1.0000000000000002e-06,2.100270e+07,2.090138e+07,1.160676e+02,1.013250e+05,1.000000e-09,-4.419904e-02,-1.795691e-02,2.5161442202923799e-04,6.2050279446982509e-04
603,4.6668807163886349e-06,4.8351077283499887e-06,4.8359758620494268e-06,9.9955801189775771e-10,9.2861807390513211e-10,9.2861807390513211e-10,1.019388e+03,1.0000000000000002e-06,2.100263e+07,2.090130e+07,1.160676e+02,1.013250e+05,1.000000e-09,-4.419881e-02,-1.795157e-02,2.5161442586763547e-04,6.2050279063246834e-04
604,4.6668806888025701e-06,4.8351079816833198e-06,4.8359758620494268e-06,9.9955801411045592e-10,9.2861796682359791e-10,9.2861796682359791e-10,1.019388e+03,1.0000000000000002e-06,2.100256e+07,2.090123e+07,1.160676e+02,1.013250e+05,1.000000e-09,-4.419859e-02,-1.794633e-02,2.5161442972648768e-04,6.2050278687239048e-04
605,4.6668806616453961e-06,4.8351082304751119e-06,4.8359758620494268e-06,9.9955801623684901e-10,9.2861785983930768e-10,9.2861785983930768e-10,1.019388e+03,1.0000000000000002e-06,2.100249e+07,2.090116e+07,1.160676e+02,1.013250e+05,1.000000e-09,-4.419838e-02,-1.794119e-02,2.5161443360540532e-04,6.2050278318804555e-04
606,4.6668806349084157e-06,4.8351084748005864e-06,4.8359758620494268e-06,9.9955801827802801e-10,9.2861775295019337e-10,9.2861775295019337e-10,1.019388e+03,1.0000000000000002e-06,2.100242e+07,2.090109e+07,1.160676e+02,1.013250e+05,1.000000e-09,-4.419817e-02,-1.793614e-02,2.5161443750400822e-04,6.2050277957791838e-04
607,4.6668806085830874e-06,4.8351087147522455e-06,4.8359758620494268e-06,9.9955802023569899e-10,9.2861764615422808e-10,9.2861764615422808e-10,1.019388e+03,1.0000000000000002e-06,2.100234e+07,2.090102e+07,1.160675e+02,1.013250e+05,1.000000e-09,-4.419798e-02,-1.793118e-02,2.5161444142192261e-04,6.2050277604052437e-04
608,4.6668805826610375e-06,4.8351089504206113e-06,4.8359758620494268e-06,9.9955802211193363e-10,9.2861753944942543e-10,9.2861753944942543e-10,1.019388e+03,1.0000000000000002e-06,2.100227e+07,2.090095e+07,1.160675e+02,1.013250e+05,1.000000e-09,-4.419779e-02,-1.792630e-02,2.5161444535878229e-04,6.2050277257440830e-04
609,4.6668805571340750e-06,4.8351091818905618e-06,4.8359758620494268e-06,9.9955802390810298e-10,9.2861743283383855e-10,9.2861743283383855e-10,1.019388e+03,1.0000000000000002e-06,2.100220e+07,2.090088e+07,1.160675e+02,1.013250e+05,1.000000e-09,-4.419761e-02,-1.792152e-02,2.5161444931422888e-04,6.2050276917814434e-04
610,4.6668805319941549e-06,4.8351094092517486e-06,4.8359758620494268e-06,9.9955802562597038e-10,9.2861732630555986e-10,9.2861732630555986e-10,1.019388e+03,1.0000000000000002e-06,2.100213e+07,2.090081e+07,1.160675e+02,1.013250e+05,1.000000e-09,-4.419744e-02,-1.791681e-02,2.5161445328791154e-04,6.2050276585033507e-04
611,4.6668805072334210e-06,4.8351096325720817e-06,4.8359758620494268e-06,9.9955802726668250e-10,9.2861721986271952e-10,9.2861721986271952e-10,1.019388e+03,1.0000000000000002e-06,2.100206e+07,2.090073e+07,1.160675e+02,1.013250e+05,1.000000e-09,-4.419727e-02,-1.791220e-02,2.5161445727948478e-04,6.2050276258961135e-04
612,4.6668804828441381e-06,4.8351098519457071e-06,4.8359758620494268e-06,9.9955802883240491e-10,9.2861711350348553e-10,9.2861711350348553e-10,1.019388e+03,1.0000000000000002e-06,2.100199e+07,2.090066e+07,1.160675e+02,1.013250e+05,1.000000e-09,-4.419712e-02,-1.790766e-02,2.5161446128861174e-04,6.2050275939463050e-04
613,4.6668804588187473e-06,4.8351100674441535e-06,4.8359758620494268e-06,9.9955803032415629e-10,9.2861700722606167e-10,9.2861700722606167e-10,1.019388e+03,1.0000000000000002e-06,2.100192e+07,2.090059e+07,1.160675e+02,1.013250e+05,1.000000e-09,-4.419697e-02,-1.790320e-02,2.5161446531496190e-04,6.2050275626407815e-04
614,4.6668804351498423e-06,4.8351102791557577e-06,4.8359758620494268e-06,9.9955803174387656e-10,9.2861690102868893e-10,9.2861690102868893e-10,1.019388e+03,1.0000000000000002e-06,2.100184e+07,2.090052e+07,1.160675e+02,1.013250e+05,1.000000e-09,-4.419683e-02,-1.789883e-02,2.5161446935820968e-04,6.2050275319666453e-04
615,4.6668804118301579e-06,4.8351104871400214e-06,4.8359758620494268e-06,9.9955803309239748e-10,9.2861679490964193e-10,9.2861679490964193e-10,1.019388e+03,1.0000000000000002e-06,2.100177e+07,2.090045e+07,1.160675e+02,1.013250e+05,1.000000e-09,-4.419669e-02,-1.789452e-02,2.5161447341803963e-04,6.2050275019112720e-04
616,4.6668803888525765e-06,4.8351106914793152e-06,4.8359758620494268e-06,9.9955803437160975e-10,9.2861668886723073e-10,9.2861668886723073e-10,1.019388e+03,1.0000000000000002e-06,2.100170e+07,2.090038e+07,1.160675e+02,1.013250e+05,1.000000e-09,-4.419656e-02,-1.789030e-02,2.5161447749413862e-04,6.2050274724622832e-04
617,4.6668803662101229e-06,4.8351108922490597e-06,4.8359758620494268e-06,9.9955803558279800e-10,9.2861658289979931e-10,9.2861658289979931e-10,1.019388e+03,1.0000000000000002e-06,2.100163e+07,2.090031e+07,1.160675e+02,1.013250e+05,1.000000e-09,-4.419644e-02,-1.788615e-02,2.5161448158620233e-04,6.2050274436075423e-04
618,4.6668803438959615e-06,4.8351110895119895e-06,4.8359758620494268e-06,9.9955803672715709e-10,9.2861647700572383e-10,9.2861647700572383e-10,1.019388e+03,1.0000000000000002e-06,2.100156e+07,2.090023e+07,1.160675e+02,1.013250e+05,1.000000e-09,-4.419633e-02,-1.788207e-02,2.5161448569393174e-04,6.2050274153351676e-04
619,4.6668803219033998e-06,4.8351112833579181e-06,4.8359758620494268e-06,9.9955803780651861e-10,9.2861637118341339e-10,9.2861637118341339e-10,1.019388e+03,1.0000000000000002e-06,2.100149e+07,2.090016e+07,1.160675e+02,1.013250e+05,1.000000e-09,-4.419622e-02,-1.787806e-02,2.5161448981703393e-04,6.2050273876335061e-04
620,4.6668803002258616e-06,4.8351114738316399e-06,4.8359758620494268e-06,9.9955803882147046e-10,9.2861626543130909e-10,9.2861626543130909e-10,1.019388e+03,1.0000000000000002e-06,2.100142e+07,2.090009e+07,1.160675e+02,1.013250e+05,1.000000e-09,-4.419612e-02,-1.787412e-02,2.5161449395522074e-04,6.2050273604911423e-04
621,4.6668802788569212e-06,4.8351116610153825e-06,4.8359758620494268e-06,9.9955803977383865e-10,9.2861615974788331e-10,9.2861615974788331e-10,1.019388e+03,1.0000000000000002e-06,2.100135e+07,2.090002e+07,1.160675e+02,1.013250e+05,1.000000e-09,-4.419602e-02,-1.787025e-02,2.5161449810821239e-04,6.2050273338968849e-04
622,4.6668802577902758e-06,4.8351118449692597e-06,4.8359758620494268e-06,9.9955804066469273e-10,9.2861605413163846e-10,9.2861605413163846e-10,1.019388e+03,1.0000000000000002e-06,2.100127e+07,2.089995e+07,1.160675e+02,1.013250e+05,1.000000e-09,-4.419593e-02,-1.786645e-02,2.5161450227573234e-04,6.2050273078397705e-04
623,4.6668802370197455e-06,4.8351120257586556e-06,4.8359758620494268e-06,9.9955804149527037e-10,9.2861594858110690e-10,9.2861594858110690e-10,1.019388e+03,1.0000000000000002e-06,2.100120e+07,2.089988e+07,1.160675e+02,1.013250e+05,1.000000e-09,-4.419585e-02,-1.786271e-02,2.5161450645750982e-04,6.2050272823090536e-04
624,4.6668802165392622e-06,4.8351122034521868e-06,4.8359758620494268e-06,9.9955804226692317e-10,9.2861584309485079e-10,9.2861584309485079e-10,1.019388e+03,1.0000000000000002e-06,2.100113e+07,2.089981e+07,1.160675e+02,1.013250e+05,1.000000e-09,-4.419577e-02,-1.785903e-02,2.5161451065328056e-04,6.2050272572942023e-04
625,4.6668801963429110e-06,4.8351123780988660e-06,4.8359758620494268e-06,9.9955804298047771e-10,9.2861573767146082e-10,9.2861573767146082e-10,1.019388e+03,1.0000000000000002e-06,2.100106e+07,2.089974e+07,1.160675e+02,1.013250e+05,1.000000e-09,-4.419570e-02,-1.785542e-02,2.5161451486278462e-04,6.2050272327848993e-04
626,4.6668801764248703e-06,4.8351125497783760e-06,4.8359758620494268e-06,9.9955804363753684e-10,9.2861563230955508e-10,9.2861563230955508e-10,1.019388e+03,1.0000000000000002e-06,2.100099e+07,2.089966e+07,1.160675e+02,1.013250e+05,1.000000e-09,-4.419564e-02,-1.785187e-02,2.5161451908576834e-04,6.2050272087710301e-04
627,4.6668801567794445e-06,4.8351127185303479e-06,4.8359758620494268e-06,9.9955804423881257e-10,9.2861552700778083e-10,9.2861552700778083e-10,1.019388e+03,1.0000000000000002e-06,2.100092e+07,2.089959e+07,1.160675e+02,1.013250e+05,1.000000e-09,-4.419558e-02,-1.784838e-02,2.5161452332198172e-04,6.2050271852426829e-04
628,4.6668801374010392e-06,4.8351128844264568e-06,4.8359758620494268e-06,9.9955804478578761e-10,9.2861542176481115e-10,9.2861542176481115e-10,1.019388e+03,1.0000000000000002e-06,2.100085e+07,2.089952e+07,1.160675e+02,1.013250e+05,1.000000e-09,-4.419552e-02,-1.784495e-02,2.5161452757118053e-04,6.2050271621901453e-04
629,4.6668801182841925e-06,4.8351130475164462e-06,4.8359758620494268e-06,9.9955804527924138e-10,9.2861531657934593e-10,9.2861531657934593e-10,1.019388e+03,1.0000000000000002e-06,2.100078e+07,2.089945e+07,1.160675e+02,1.013250e+05,1.000000e-09,-4.419547e-02,-1.784158e-02,2.5161453183312582e-04,6.2050271396038982e-04
630,4.6668800994235394e-06,4.8351132078597849e-06,4.8359758620494268e-06,9.9955804572048578e-10,9.2861521145011069e-10,9.2861521145011069e-10,1.019388e+03,1.0000000000000002e-06,2.100070e+07,2.089938e+07,1.160675e+02,1.013250e+05,1.000000e-09,-4.419543e-02,-1.783827e-02,2.5161453610758231e-04,6.2050271174746120e-04
631,4.6668800808138173e-06,4.8351133655172252e-06,4.8359758620494268e-06,9.9955804611055376e-10,9.2861510637585733e-10,9.2861510637585733e-10,1.019388e+03,1.0000000000000002e-06,2.100063e+07,2.089931e+07,1.160675e+02,1.013250e+05,1.000000e-09,-4.419539e-02,-1.783500e-02,2.5161454039432081e-04,6.2050270957931500e-04
632,4.6668800624498948e-06,4.8351135205325893e-06,4.8359758620494268e-06,9.9955804645029214e-10,9.2861500135536211e-10,9.2861500135536211e-10,1.019388e+03,1.0000000000000002e-06,2.100056e+07,2.089924e+07,1.160675e+02,1.013250e+05,1.000000e-09,-4.419535e-02,-1.783180e-02,2.5161454469311569e-04,6.2050270745505481e-04
633,4.6668800443266923e-06,4.8351136729611199e-06,4.8359758620494268e-06,9.9955804674078577e-10,9.2861489638742565e-10,9.2861489638742565e-10,1.019388e+03,1.0000000000000002e-06,2.100049e+07,2.089917e+07,1.160675e+02,1.013250e+05,1.000000e-09,-4.419533e-02,-1.782865e-02,2.5161454900374556e-04,6.2050270537380308e-04
634,4.6668800264392894e-06,4.8351138228614563e-06,4.8359758620494268e-06,9.9955804698319415e-10,9.2861479147087271e-10,9.2861479147087271e-10,1.019388e+03,1.0000000000000002e-06,2.100042e+07,2.089909e+07,1.160675e+02,1.013250e+05,1.000000e-09,-4.419530e-02,-1.782555e-02,2.5161455332599428e-04,6.2050270333469928e-04
635,4.6668800087828224e-06,4.8351139702712946e-06,4.8359758620494268e-06,9.9955804717802744e-10,9.2861468660455156e-10,9.2861468660455156e-10,1.019388e+03,1.0000000000000002e-06,2.100035e+07,2.089902e+07,1.160675e+02,1.013250e+05,1.000000e-09,-4.419528e-02,-1.782250e-02,2.5161455765965098e-04,6.2050270133690011e-04
636,4.6668799913525598e-06,4.8351141152581004e-06,4.8359758620494268e-06,9.9955804732688190e-10,9.2861458178733350e-10,9.2861458178733350e-10,1.019388e+03,1.0000000000000002e-06,2.100028e+07,2.089895e+07,1.160675e+02,1.013250e+05,1.000000e-09,-4.419527e-02,-1.781950e-02,2.5161456200450597e-04,6.2050269937957941e-04
637,4.6668799741438217e-06,4.8351142578575963e-06,4.8359758620494268e-06,9.9955804743025197e-10,9.2861447701811239e-10,9.2861447701811239e-10,1.019388e+03,1.0000000000000002e-06,2.100021e+07,2.089888e+07,1.160675e+02,1.013250e+05,1.000000e-09,-4.419526e-02,-1.781655e-02,2.5161456636035666e-04,6.2050269746192761e-04
638,4.6668799571520680e-06,4.8351143981147912e-06,4.8359758620494268e-06,9.9955804748911353e-10,9.2861437229580359e-10,9.2861437229580359e-10,1.019388e+03,1.0000000000000002e-06,2.100013e+07,2.089881e+07,1.160675e+02,1.013250e+05,1.000000e-09,-4.419525e-02,-1.781365e-02,2.5161457072700303e-04,6.2050269558315075e-04
639,4.6668799403728180e-06,4.8351145360881777e-06,4.8359758620494268e-06,9.9955804750441430e-10,9.2861426761934520e-10,9.2861426761934520e-10,1.019388e+03,1.0000000000000002e-06,2.100006e+07,2.089874e+07,1.160675e+02,1.013250e+05,1.000000e-09,-4.419525e-02,-1.781080e-02,2.5161457510424926e-04,6.2050269374247144e-04
640,4.6668799238016856e-06,4.8351146718176460e-06,4.8359758620494268e-06,9.9955804747702159e-10,9.2861416298769581e-10,9.2861416298769581e-10,1.019388e+03,1.0000000000000002e-06,2.099999e+07,2.089867e+07,1.160675e+02,1.013250e+05,1.000000e-09,-4.419525e-02,-1.780799e-02,2.5161457949190449e-04,6.2050269193912719e-04
641,4.6668799074343833e-06,4.8351148053389681e-06,4.8359758620494268e-06,9.9955804740759012e-10,9.2861405839983508e-10,9.2861405839983508e-10,1.019388e+03,1.0000000000000002e-06,2.099992e+07,2.089860e+07,1.160675e+02,1.013250e+05,1.000000e-09,-4.419526e-02,-1.780523e-02,2.5161458388977946e-04,6.2050269017237139e-04
642,4.6668798912667046e-06,4.8351149367184123e-06,4.8359758620494268e-06,9.9955804729739105e-10,9.2861395385476276e-10,9.2861395385476276e-10,1.019388e+03,1.0000000000000002e-06,2.099985e+07,2.089852e+07,1.160675e+02,1.013250e+05,1.000000e-09,-4.419527e-02,-1.780252e-02,2.5161458829769213e-04,6.2050268844147190e-04
643,4.6668798752945185e-06,4.8351150659783633e-06,4.8359758620494268e-06,9.9955804714682826e-10,9.2861384935149945e-10,9.2861384935149945e-10,1.019388e+03,1.0000000000000002e-06,2.099978e+07,2.089845e+07,1.160675e+02,1.013250e+05,1.000000e-09,-4.419529e-02,-1.779984e-02,2.5161459271545977e-04,6.2050268674571183e-04
644,4.6668798595137891e-06,4.8351151931641034e-06,4.8359758620494268e-06,9.9955804695687843e-10,9.2861374488908397e-10,9.2861374488908397e-10,1.019388e+03,1.0000000000000002e-06,2.099971e+07,2.089838e+07,1.160675e+02,1.013250e+05,1.000000e-09,-4.419530e-02,-1.779721e-02,2.5161459714290673e-04,6.2050268508438786e-04
645,4.6668798439205435e-06,4.8351153183258311e-06,4.8359758620494268e-06,9.9955804672828252e-10,9.2861364046657561e-10,9.2861364046657561e-10,1.019388e+03,1.0000000000000002e-06,2.099964e+07,2.089831e+07,1.160675e+02,1.013250e+05,1.000000e-09,-4.419533e-02,-1.779462e-02,2.5161460157986063e-04,6.2050268345681099e-04
646,4.6668798285109305e-06,4.8351154415010150e-06,4.8359758620494268e-06,9.9955804646202321e-10,9.2861353608305156e-10,9.2861353608305156e-10,1.019388e+03,1.0000000000000002e-06,2.099957e+07,2.089824e+07,1.160674e+02,1.013250e+05,1.000000e-09,-4.419535e-02,-1.779208e-02,2.5161460602614945e-04,6.2050268186230641e-04
647,4.6668798132811172e-06,4.8351155627301949e-06,4.8359758620494268e-06,9.9955804615867788e-10,9.2861343173760790e-10,9.2861343173760790e-10,1.019388e+03,1.0000000000000002e-06,2.099949e+07,2.089817e+07,1.160674e+02,1.013250e+05,1.000000e-09,-4.419538e-02,-1.778957e-02,2.5161461048160808e-04,6.2050268030021242e-04
648,4.6668797982273876e-06,4.8351156820434609e-06,4.8359758620494268e-06,9.9955804581888594e-10,9.2861332742935872e-10,9.2861332742935872e-10,1.019388e+03,1.0000000000000002e-06,2.099942e+07,2.089810e+07,1.160674e+02,1.013250e+05,1.000000e-09,-4.419542e-02,-1.778710e-02,2.5161461494607387e-04,6.2050267876988068e-04
649,4.6668797833460919e-06,4.8351157994960334e-06,4.8359758620494268e-06,9.9955804544371011e-10,9.2861322315743591e-10,9.2861322315743591e-10,1.019388e+03,1.0000000000000002e-06,2.099935e+07,2.089803e+07,1.160674e+02,1.013250e+05,1.000000e-09,-4.419546e-02,-1.778467e-02,2.5161461941938562e-04,6.2050267727067551e-04
650,4.6668797686336446e-06,4.8351159151011958e-06,4.8359758620494268e-06,9.9955804503325068e-10,9.2861311892098860e-10,9.2861311892098860e-10,1.019388e+03,1.0000000000000002e-06,2.099928e+07,2.089796e+07,1.160674e+02,1.013250e+05,1.000000e-09,-4.419550e-02,-1.778228e-02,2.5161462390138807e-04,6.2050267580197459e-04
651,4.6668797540865314e-06,4.8351160289171306e-06,4.8359758620494268e-06,9.9955804458877945e-10,9.2861301471918237e-10,9.2861301471918237e-10,1.019388e+03,1.0000000000000002e-06,2.099921e+07,2.089788e+07,1.160674e+02,1.013250e+05,1.000000e-09,-4.419554e-02,-1.777993e-02,2.5161462839192638e-04,6.2050267436316740e-04
652,4.6668797397013302e-06,4.8351161409817580e-06,4.8359758620494268e-06,9.9955804411113951e-10,9.2861291055120038e-10,9.2861291055120038e-10,1.019388e+03,1.0000000000000002e-06,2.099914e+07,2.089781e+07,1.160674e+02,1.013250e+05,1.000000e-09,-4.419559e-02,-1.777761e-02,2.5161463289085121e-04,6.2050267295365601e-04
653,4.6668797254746665e-06,4.8351162513065203e-06,4.8359758620494268e-06,9.9955804360030461e-10,9.2861280641624162e-10,9.2861280641624162e-10,1.019388e+03,1.0000000000000002e-06,2.099907e+07,2.089774e+07,1.160674e+02,1.013250e+05,1.000000e-09,-4.419564e-02,-1.777533e-02,2.5161463739801490e-04,6.2050267157285450e-04
654,4.6668797114032325e-06,4.8351163599419780e-06,4.8359758620494268e-06,9.9955804305725351e-10,9.2861270231352139e-10,9.2861270231352139e-10,1.019388e+03,1.0000000000000002e-06,2.099900e+07,2.089767e+07,1.160674e+02,1.013250e+05,1.000000e-09,-4.419569e-02,-1.777309e-02,2.5161464191327199e-04,6.2050267022018837e-04
655,4.6668796974837978e-06,4.8351164669296584e-06,4.8359758620494268e-06,9.9955804248298234e-10,9.2861259824227011e-10,9.2861259824227011e-10,1.019388e+03,1.0000000000000002e-06,2.099892e+07,2.089760e+07,1.160674e+02,1.013250e+05,1.000000e-09,-4.419575e-02,-1.777087e-02,2.5161464643648219e-04,6.2050266889509490e-04
656,4.6668796837131935e-06,4.8351165722795497e-06,4.8359758620494268e-06,9.9955804187751570e-10,9.2861249420173432e-10,9.2861249420173432e-10,1.019388e+03,1.0000000000000002e-06,2.099885e+07,2.089753e+07,1.160674e+02,1.013250e+05,1.000000e-09,-4.419581e-02,-1.776869e-02,2.5161465096750624e-04,6.2050266759702236e-04
657,4.6668796700883043e-06,4.8351166760450236e-06,4.8359758620494268e-06,9.9955804124188137e-10,9.2861239019117494e-10,9.2861239019117494e-10,1.019388e+03,1.0000000000000002e-06,2.099878e+07,2.089746e+07,1.160674e+02,1.013250e+05,1.000000e-09,-4.419588e-02,-1.776655e-02,2.5161465550620817e-04,6.2050266632543026e-04
658,4.6668796566060860e-06,4.8351167782536645e-06,4.8359758620494268e-06,9.9955804057666334e-10,9.2861228620986797e-10,9.2861228620986797e-10,1.019388e+03,1.0000000000000002e-06,2.099871e+07,2.089739e+07,1.160674e+02,1.013250e+05,1.000000e-09,-4.419594e-02,-1.776444e-02,2.5161466005245431e-04,6.2050266507978897e-04
659,4.6668796432635646e-06,4.8351168789309249e-06,4.8359758620494268e-06,9.9955803988234758e-10,9.2861218225710412e-10,9.2861218225710412e-10,1.019388e+03,1.0000000000000002e-06,2.099864e+07,2.089731e+07,1.160674e+02,1.013250e+05,1.000000e-09,-4.419601e-02,-1.776235e-02,2.5161466460611471e-04,6.2050266385957906e-04
660,4.6668796300578009e-06,4.8351169781080594e-06,4.8359758620494268e-06,9.9955803915941075e-10,9.2861207833218760e-10,9.2861207833218760e-10,1.019388e+03,1.0000000000000002e-06,2.099857e+07,2.089724e+07,1.160674e+02,1.013250e+05,1.000000e-09,-4.419608e-02,-1.776030e-02,2.5161466916706095e-04,6.2050266266429192e-04
661,4.6668796169859446e-06,4.8351170758208824e-06,4.8359758620494268e-06,9.9955803840871374e-10,9.2861197443443725e-10,9.2861197443443725e-10,1.019388e+03,1.0000000000000002e-06,2.099850e+07,2.089717e+07,1.160674e+02,1.013250e+05,1.000000e-09,-4.419616e-02,-1.775828e-02,2.5161467373516807e-04,6.2050266149342914e-04
662,4.6668796040451861e-06,4.8351171720894633e-06,4.8359758620494268e-06,9.9955803763045900e-10,9.2861187056318542e-10,9.2861187056318542e-10,1.019388e+03,1.0000000000000002e-06,2.099843e+07,2.089710e+07,1.160674e+02,1.013250e+05,1.000000e-09,-4.419624e-02,-1.775629e-02,2.5161467831031205e-04,6.2050266034650197e-04
663,4.6668795912327514e-06,4.8351172669571780e-06,4.8359758620494268e-06,9.9955803682552810e-10,9.2861176671777699e-10,9.2861176671777699e-10,1.019388e+03,1.0000000000000002e-06,2.099835e+07,2.089703e+07,1.160674e+02,1.013250e+05,1.000000e-09,-4.419632e-02,-1.775433e-02,2.5161468289237404e-04,6.2050265922303140e-04
664,4.6668795785459580e-06,4.8351173604382768e-06,4.8359758620494268e-06,9.9955803599433938e-10,9.2861166289757079e-10,9.2861166289757079e-10,1.019388e+03,1.0000000000000002e-06,2.099828e+07,2.089696e+07,1.160674e+02,1.013250e+05,1.000000e-09,-4.419640e-02,-1.775240e-02,2.5161468748123475e-04,6.2050265812254863e-04
665,4.6668795659821690e-06,4.8351174525651640e-06,4.8359758620494268e-06,9.9955803513739578e-10,9.2861155910193806e-10,9.2861155910193806e-10,1.019388e+03,1.0000000000000002e-06,2.099821e+07,2.089689e+07,1.160674e+02,1.013250e+05,1.000000e-09,-4.419649e-02,-1.775049e-02,2.5161469207677858e-04,6.2050265704459331e-04
666,4.6668795535387866e-06,4.8351175433579657e-06,4.8359758620494268e-06,9.9955803425497708e-10,9.2861145533026295e-10,9.2861145533026295e-10,1.019388e+03,1.0000000000000002e-06,2.099814e+07,2.089682e+07,1.160674e+02,1.013250e+05,1.000000e-09,-4.419657e-02,-1.774861e-02,2.5161469667889252e-04,6.2050265598871494e-04
667,4.6668795412132740e-06,4.8351176328596310e-06,4.8359758620494268e-06,9.9955803334803744e-10,9.2861135158194154e-10,9.2861135158194154e-10,1.019388e+03,1.0000000000000002e-06,2.099807e+07,2.089675e+07,1.160674e+02,1.013250e+05,1.000000e-09,-4.419667e-02,-1.774676e-02,2.5161470128746559e-04,6.2050265495447216e-04
668,4.6668795290031331e-06,4.8351177210886919e-06,4.8359758620494268e-06,9.9955803241699892e-10,9.2861124785638217e-10,9.2861124785638217e-10,1.019388e+03,1.0000000000000002e-06,2.099800e+07,2.089667e+07,1.160674e+02,1.013250e+05,1.000000e-09,-4.419676e-02,-1.774494e-02,2.5161470590238862e-04,6.2050265394143181e-04
669,4.6668795169059491e-06,4.8351178080666749e-06,4.8359758620494268e-06,9.9955803146207288e-10,9.2861114415300530e-10,9.2861114415300530e-10,1.019388e+03,1.0000000000000002e-06,2.099793e+07,2.089660e+07,1.160674e+02,1.013250e+05,1.000000e-09,-4.419685e-02,-1.774314e-02,2.5161471052355524e-04,6.2050265294916966e-04
670,4.6668795049193064e-06,4.8351178938160316e-06,4.8359758620494268e-06,9.9955803048383047e-10,9.2861104047124215e-10,9.2861104047124215e-10,1.019388e+03,1.0000000000000002e-06,2.099786e+07,2.089653e+07,1.160674e+02,1.013250e+05,1.000000e-09,-4.419695e-02,-1.774137e-02,2.5161471515086013e-04,6.2050265197727045e-04
671,4.6668794930408789e-06,4.8351179783633097e-06,4.8359758620494268e-06,9.9955802948264787e-10,9.2861093681053591e-10,9.2861093681053591e-10,1.019388e+03,1.0000000000000002e-06,2.099779e+07,2.089646e+07,1.160674e+02,1.013250e+05,1.000000e-09,-4.419705e-02,-1.773962e-02,2.5161471978420093e-04,6.2050265102532663e-04
672,4.6668794812683660e-06,4.8351180617457471e-06,4.8359758620494268e-06,9.9955802845939816e-10,9.2861083317034107e-10,9.2861083317034107e-10,1.019388e+03,1.0000000000000002e-06,2.099771e+07,2.089639e+07,1.160674e+02,1.013250e+05,1.000000e-09,-4.419715e-02,-1.773789e-02,2.5161472442347785e-04,6.2050265009293889e-04
673,4.6668794695995275e-06,4.8351181439685016e-06,4.8359758620494268e-06,9.9955802741407244e-10,9.2861072955012222e-10,9.2861072955012222e-10,1.019388e+03,1.0000000000000002e-06,2.099764e+07,2.089632e+07,1.160674e+02,1.013250e+05,1.000000e-09,-4.419726e-02,-1.773619e-02,2.5161472906859233e-04,6.2050264917971605e-04
674,4.6668794580321474e-06,4.8351182250658780e-06,4.8359758620494268e-06,9.9955802634734673e-10,9.2861062594935556e-10,9.2861062594935556e-10,1.019388e+03,1.0000000000000002e-06,2.099757e+07,2.089625e+07,1.160674e+02,1.013250e+05,1.000000e-09,-4.419737e-02,-1.773452e-02,2.5161473371944793e-04,6.2050264828527474e-04
675,4.6668794465640709e-06,4.8351183050588623e-06,4.8359758620494268e-06,9.9955802525958810e-10,9.2861052236752750e-10,9.2861052236752750e-10,1.019388e+03,1.0000000000000002e-06,2.099750e+07,2.089618e+07,1.160674e+02,1.013250e+05,1.000000e-09,-4.419747e-02,-1.773286e-02,2.5161473837594968e-04,6.2050264740923927e-04
676,4.6668794351931847e-06,4.8351183839626622e-06,4.8359758620494268e-06,9.9955802415120433e-10,9.2861041880413390e-10,9.2861041880413390e-10,1.019388e+03,1.0000000000000002e-06,2.099743e+07,2.089610e+07,1.160674e+02,1.013250e+05,1.000000e-09,-4.419758e-02,-1.773123e-02,2.5161474303800509e-04,6.2050264655124146e-04
677,4.6668794239174143e-06,4.8351184618074956e-06,4.8359758620494268e-06,9.9955802302271512e-10,9.2861031525868194e-10,9.2861031525868194e-10,1.019388e+03,1.0000000000000002e-06,2.099736e+07,2.089603e+07,1.160674e+02,1.013250e+05,1.000000e-09,-4.419770e-02,-1.772962e-02,2.5161474770552341e-04,6.2050264571092038e-04
678,4.6668794127347211e-06,4.8351185386159732e-06,4.8359758620494268e-06,9.9955802187445070e-10,9.2861021173068752e-10,9.2861021173068752e-10,1.019388e+03,1.0000000000000002e-06,2.099729e+07,2.089596e+07,1.160674e+02,1.013250e+05,1.000000e-09,-4.419781e-02,-1.772803e-02,2.5161475237841575e-04,6.2050264488792267e-04
679,4.6668794016431151e-06,4.8351186143919430e-06,4.8359758620494268e-06,9.9955802070652730e-10,9.2861010821967740e-10,9.2861010821967740e-10,1.019388e+03,1.0000000000000002e-06,2.099722e+07,2.089589e+07,1.160674e+02,1.013250e+05,1.000000e-09,-4.419793e-02,-1.772647e-02,2.5161475705659449e-04,6.2050264408190119e-04
680,4.6668793906406628e-06,4.8351186891738645e-06,4.8359758620494268e-06,9.9955801951973137e-10,9.2861000472518659e-10,9.2861000472518659e-10,1.019388e+03,1.0000000000000002e-06,2.099714e+07,2.089582e+07,1.160674e+02,1.013250e+05,1.000000e-09,-4.419805e-02,-1.772492e-02,2.5161476173997518e-04,6.2050264329251668e-04
681,4.6668793797254210e-06,4.8351187629762171e-06,4.8359758620494268e-06,9.9955801831428499e-10,9.2860990124676005e-10,9.2860990124676005e-10,1.019388e+03,1.0000000000000002e-06,2.099707e+07,2.089575e+07,1.160674e+02,1.013250e+05,1.000000e-09,-4.419817e-02,-1.772339e-02,2.5161476642847369e-04,6.2050264251943652e-04
682,4.6668793688955280e-06,4.8351188358218036e-06,4.8359758620494268e-06,9.9955801709076099e-10,9.2860979778395202e-10,9.2860979778395202e-10,1.019388e+03,1.0000000000000002e-06,2.099700e+07,2.089568e+07,1.160673e+02,1.013250e+05,1.000000e-09,-4.419829e-02,-1.772189e-02,2.5161477112200701e-04,6.2050264176233445e-04
683,4.6668793581491591e-06,4.8351189077182761e-06,4.8359758620494268e-06,9.9955801584906218e-10,9.2860969433632513e-10,9.2860969433632513e-10,1.019388e+03,1.0000000000000002e-06,2.099693e+07,2.089561e+07,1.160673e+02,1.013250e+05,1.000000e-09,-4.419842e-02,-1.772040e-02,2.5161477582049524e-04,6.2050264102089055e-04
684,4.6668793474844883e-06,4.8351189786979464e-06,4.8359758620494268e-06,9.9955801458996653e-10,9.2860959090345090e-10,9.2860959090345090e-10,1.019388e+03,1.0000000000000002e-06,2.099686e+07,2.089553e+07,1.160673e+02,1.013250e+05,1.000000e-09,-4.419854e-02,-1.771893e-02,2.5161478052386087e-04,6.2050264029479179e-04
685,4.6668793368997740e-06,4.8351190487741112e-06,4.8359758620494268e-06,9.9955801331372590e-10,9.2860948748490975e-10,9.2860948748490975e-10,1.019388e+03,1.0000000000000002e-06,2.099679e+07,2.089546e+07,1.160673e+02,1.013250e+05,1.000000e-09,-4.419867e-02,-1.771748e-02,2.5161478523202480e-04,6.2050263958373124e-04
686,4.6668793263932722e-06,4.8351191179619917e-06,4.8359758620494268e-06,9.9955801202063105e-10,9.2860938408028984e-10,9.2860938408028984e-10,1.019388e+03,1.0000000000000002e-06,2.099672e+07,2.089539e+07,1.160673e+02,1.013250e+05,1.000000e-09,-4.419880e-02,-1.771605e-02,2.5161478994491205e-04,6.2050263888740803e-04
687,4.6668793159633015e-06,4.8351191862823385e-06,4.8359758620494268e-06,9.9955801071095267e-10,9.2860928068918823e-10,9.2860928068918823e-10,1.019388e+03,1.0000000000000002e-06,2.099665e+07,2.089532e+07,1.160673e+02,1.013250e+05,1.000000e-09,-4.419893e-02,-1.771464e-02,2.5161479466244917e-04,6.2050263820552715e-04
688,4.6668793056081899e-06,4.8351192537533307e-06,4.8359758620494268e-06,9.9955800938524354e-10,9.2860917731120943e-10,9.2860917731120943e-10,1.019388e+03,1.0000000000000002e-06,2.099657e+07,2.089525e+07,1.160673e+02,1.013250e+05,1.000000e-09,-4.419906e-02,-1.771325e-02,2.5161479938456212e-04,6.2050263753780010e-04
689,4.6668792953263238e-06,4.8351193203907137e-06,4.8359758620494268e-06,9.9955800804359795e-10,9.2860907394596663e-10,9.2860907394596663e-10,1.019388e+03,1.0000000000000002e-06,2.099650e+07,2.089518e+07,1.160673e+02,1.013250e+05,1.000000e-09,-4.419920e-02,-1.771187e-02,2.5161480411118063e-04,6.2050263688394325e-04
690,4.6668792851160946e-06,4.8351193862085254e-06,4.8359758620494268e-06,9.9955800668647270e-10,9.2860897059307994e-10,9.2860897059307994e-10,1.019388e+03,1.0000000000000002e-06,2.099643e+07,2.089511e+07,1.160673e+02,1.013250e+05,1.000000e-09,-4.419933e-02,-1.771051e-02,2.5161480884223412e-04,6.2050263624367948e-04
691,4.6668792749759295e-06,4.8351194512309342e-06,4.8359758620494268e-06,9.9955800531413829e-10,9.2860886725217745e-10,9.2860886725217745e-10,1.019388e+03,1.0000000000000002e-06,2.099636e+07,2.089504e+07,1.160673e+02,1.013250e+05,1.000000e-09,-4.419947e-02,-1.770916e-02,2.5161481357765538e-04,6.2050263561673664e-04
692,4.6668792649043291e-06,4.8351195154671034e-06,4.8359758620494268e-06,9.9955800392692745e-10,9.2860876392289446e-10,9.2860876392289446e-10,1.019388e+03,1.0000000000000002e-06,2.099629e+07,2.089496e+07,1.160673e+02,1.013250e+05,1.000000e-09,-4.419961e-02,-1.770783e-02,2.5161481831737642e-04,6.2050263500284858e-04
693,4.6668792548997621e-06,4.8351195789329443e-06,4.8359758620494268e-06,9.9955800252504429e-10,9.2860866060487364e-10,9.2860866060487364e-10,1.019388e+03,1.0000000000000002e-06,2.099622e+07,2.089489e+07,1.160673e+02,1.013250e+05,1.000000e-09,-4.419975e-02,-1.770652e-02,2.5161482306133159e-04,6.2050263440175367e-04
694,4.6668792449607783e-06,4.8351196416469757e-06,4.8359758620494268e-06,9.9955800110887179e-10,9.2860855729776540e-10,9.2860855729776540e-10,1.019388e+03,1.0000000000000002e-06,2.099615e+07,2.089482e+07,1.160673e+02,1.013250e+05,1.000000e-09,-4.419989e-02,-1.770522e-02,2.5161482780945666e-04,6.2050263381319636e-04
695,4.6668792350859310e-06,4.8351197036153454e-06,4.8359758620494268e-06,9.9955799967848957e-10,9.2860845400122615e-10,9.2860845400122615e-10,1.019388e+03,1.0000000000000002e-06,2.099608e+07,2.089475e+07,1.160673e+02,1.013250e+05,1.000000e-09,-4.420003e-02,-1.770394e-02,2.5161483256168864e-04,6.2050263323692556e-04
696,4.6668792252737971e-06,4.8351197648714256e-06,4.8359758620494268e-06,9.9955799823467166e-10,9.2860835071491975e-10,9.2860835071491975e-10,1.019388e+03,1.0000000000000002e-06,2.099600e+07,2.089468e+07,1.160673e+02,1.013250e+05,1.000000e-09,-4.420018e-02,-1.770268e-02,2.5161483731796479e-04,6.2050263267269569e-04
697,4.6668792155230046e-06,4.8351198254077912e-06,4.8359758620494268e-06,9.9955799677701461e-10,9.2860824743851676e-10,9.2860824743851676e-10,1.019388e+03,1.0000000000000002e-06,2.099593e+07,2.089461e+07,1.160673e+02,1.013250e+05,1.000000e-09,-4.420032e-02,-1.770143e-02,2.5161484207822621e-04,6.2050263212026584e-04
698,4.6668792058321853e-06,4.8351198852546381e-06,4.8359758620494268e-06,9.9955799530643823e-10,9.2860814417169398e-10,9.2860814417169398e-10,1.019388e+03,1.0000000000000002e-06,2.099586e+07,2.089454e+07,1.160673e+02,1.013250e+05,1.000000e-09,-4.420047e-02,-1.770019e-02,2.5161484684241238e-04,6.2050263157939988e-04
699,4.6668791962000290e-06,4.8351199444220130e-06,4.8359758620494268e-06,9.9955799382281515e-10,9.2860804091413520e-10,9.2860804091413520e-10,1.019388e+03,1.0000000000000002e-06,2.099579e+07,2.089447e+07,1.160673e+02,1.013250e+05,1.000000e-09,-4.420062e-02,-1.769896e-02,2.5161485161046470e-04,6.2050263104986643e-04
700,4.6668791866252076e-06,4.8351200029146812e-06,4.8359758620494268e-06,9.9955799232634430e-10,9.2860793766552962e-10,9.2860793766552962e-10,1.019388e+03,1.0000000000000002e-06,2.099572e+07,2.089439e+07,1.160673e+02,1.013250e+05,1.000000e-09,-4.420077e-02,-1.769775e-02,2.5161485638232746e-04,6.2050263053143890e-04
701,4.6668791771064656e-06,4.8351200607597115e-06,4.8359758620494268e-06,9.9955799081764896e-10,9.2860783442557397e-10,9.2860783442557397e-10,1.019388e+03,1.0000000000000002e-06,2.099565e+07,2.089432e+07,1.160673e+02,1.013250e+05,1.000000e-09,-4.420092e-02,-1.769656e-02,2.5161486115794383e-04,6.2050263002389524e-04
702,4.6668791676425317e-06,4.8351201179640333e-06,4.8359758620494268e-06,9.9955798929678807e-10,9.2860773119396974e-10,9.2860773119396974e-10,1.019388e+03,1.0000000000000002e-06,2.099558e+07,2.089425e+07,1.160673e+02,1.013250e+05,1.000000e-09,-4.420107e-02,-1.769538e-02,2.5161486593725907e-04,6.2050262952701753e-04
703,4.6668791582322041e-06,4.8351201745406427e-06,4.8359758620494268e-06,9.9955798776402922e-10,9.2860762797042536e-10,9.2860762797042536e-10,1.019388e+03,1.0000000000000002e-06,2.099551e+07,2.089418e+07,1.160673e+02,1.013250e+05,1.000000e-09,-4.420122e-02,-1.769421e-02,2.5161487072021906e-04,6.2050262904059228e-04
704,4.6668791488742586e-06,4.8351202304921528e-06,4.8359758620494268e-06,9.9955798621930396e-10,9.2860752475465482e-10,9.2860752475465482e-10,1.019388e+03,1.0000000000000002e-06,2.099543e+07,2.089411e+07,1.160673e+02,1.013250e+05,1.000000e-09,-4.420138e-02,-1.769305e-02,2.5161487550677298e-04,6.2050262856441069e-04
705,4.6668791395675349e-06,4.8351202858537866e-06,4.8359758620494268e-06,9.9955798466345353e-10,9.2860742154637708e-10,9.2860742154637708e-10,1.019388e+03,1.0000000000000002e-06,2.099536e+07,2.089404e+07,1.160673e+02,1.013250e+05,1.000000e-09,-4.420153e-02,-1.769190e-02,2.5161488029686692e-04,6.2050262809826761e-04
706,4.6668791303108607e-06,4.8351203406252697e-06,4.8359758620494268e-06,9.9955798309634973e-10,9.2860731834531774e-10,9.2860731834531774e-10,1.019388e+03,1.0000000000000002e-06,2.099529e+07,2.089397e+07,1.160673e+02,1.013250e+05,1.000000e-09,-4.420169e-02,-1.769077e-02,2.5161488509045204e-04,6.2050262764196226e-04
707,4.6668791211031179e-06,4.8351203948072281e-06,4.8359758620494268e-06,9.9955798151800123e-10,9.2860721515120703e-10,9.2860721515120703e-10,1.019388e+03,1.0000000000000002e-06,2.099522e+07,2.089390e+07,1.160673e+02,1.013250e+05,1.000000e-09,-4.420185e-02,-1.768965e-02,2.5161488988747842e-04,6.2050262719529807e-04
708,4.6668791119432045e-06,4.8351204484210687e-06,4.8359758620494268e-06,9.9955797992892027e-10,9.2860711196378148e-10,9.2860711196378148e-10,1.019388e+03,1.0000000000000002e-06,2.099515e+07,2.089382e+07,1.160673e+02,1.013250e+05,1.000000e-09,-4.420201e-02,-1.768854e-02,2.5161489468789679e-04,6.2050262675808184e-04
709,4.6668791028300152e-06,4.8351205014805153e-06,4.8359758620494268e-06,9.9955797832918916e-10,9.2860700878278210e-10,9.2860700878278210e-10,1.019388e+03,1.0000000000000002e-06,2.099508e+07,2.089375e+07,1.160673e+02,1.013250e+05,1.000000e-09,-4.420217e-02,-1.768744e-02,2.5161489949166024e-04,6.2050262633012480e-04
710,4.6668790937624944e-06,4.8351205539919603e-06,4.8359758620494268e-06,9.9955797671910981e-10,9.2860690560795607e-10,9.2860690560795607e-10,1.019388e+03,1.0000000000000002e-06,2.099501e+07,2.089368e+07,1.160673e+02,1.013250e+05,1.000000e-09,-4.420233e-02,-1.768636e-02,2.5161490429872265e-04,6.2050262591124177e-04
711,4.6668790847396081e-06,4.8351206059768126e-06,4.8359758620494268e-06,9.9955797509904721e-10,9.2860680243905409e-10,9.2860680243905409e-10,1.019388e+03,1.0000000000000002e-06,2.099494e+07,2.089361e+07,1.160673e+02,1.013250e+05,1.000000e-09,-4.420249e-02,-1.768528e-02,2.5161490910903772e-04,6.2050262550125083e-04
712,4.6668790757603245e-06,4.8351206574367695e-06,4.8359758620494268e-06,9.9955797346907830e-10,9.2860669927583278e-10,9.2860669927583278e-10,1.019388e+03,1.0000000000000002e-06,2.099486e+07,2.089354e+07,1.160673e+02,1.013250e+05,1.000000e-09,-4.420265e-02,-1.768422e-02,2.5161491392256024e-04,6.2050262509997459e-04
713,4.6668790668236356e-06,4.8351207083827562e-06,4.8359758620494268e-06,9.9955797182917847e-10,9.2860659611805391e-10,9.2860659611805391e-10,1.019388e+03,1.0000000000000002e-06,2.099479e+07,2.089347e+07,1.160673e+02,1.013250e+05,1.000000e-09,-4.420282e-02,-1.768317e-02,2.5161491873924743e-04,6.2050262470723840e-04
714,4.6668790579285733e-06,4.8351207588230990e-06,4.8359758620494268e-06,9.9955797017977206e-10,9.2860649296548328e-10,9.2860649296548328e-10,1.019388e+03,1.0000000000000002e-06,2.099472e+07,2.089340e+07,1.160673e+02,1.013250e+05,1.000000e-09,-4.420298e-02,-1.768212e-02,2.5161492355905480e-04,6.2050262432287128e-04
715,4.6668790490741686e-06,4.8351208087729597e-06,4.8359758620494268e-06,9.9955796852104311e-10,9.2860638981789154e-10,9.2860638981789154e-10,1.019388e+03,1.0000000000000002e-06,2.099465e+07,2.089333e+07,1.160673e+02,1.013250e+05,1.000000e-09,-4.420315e-02,-1.768109e-02,2.5161492838194250e-04,6.2050262394670647e-04
716,4.6668790402594745e-06,4.8351208582354867e-06,4.8359758620494268e-06,9.9955796685298646e-10,9.2860628667505445e-10,9.2860628667505445e-10,1.019388e+03,1.0000000000000002e-06,2.099458e+07,2.089325e+07,1.160672e+02,1.013250e+05,1.000000e-09,-4.420331e-02,-1.768007e-02,2.5161493320786710e-04,6.2050262357857917e-04
717,4.6668790314835821e-06,4.8351209072270212e-06,4.8359758620494268e-06,9.9955796517607050e-10,9.2860618353675195e-10,9.2860618353675195e-10,1.019388e+03,1.0000000000000002e-06,2.099451e+07,2.089318e+07,1.160672e+02,1.013250e+05,1.000000e-09,-4.420348e-02,-1.767905e-02,2.5161493803678924e-04,6.2050262321832904e-04
718,4.6668790227455623e-06,4.8351209557564330e-06,4.8359758620494268e-06,9.9955796349034548e-10,9.2860608040276838e-10,9.2860608040276838e-10,1.019388e+03,1.0000000000000002e-06,2.099444e+07,2.089311e+07,1.160672e+02,1.013250e+05,1.000000e-09,-4.420365e-02,-1.767805e-02,2.5161494286866920e-04,6.2050262286579821e-04
719,4.6668790140445485e-06,4.8351210038337029e-06,4.8359758620494268e-06,9.9955796179602709e-10,9.2860597727289175e-10,9.2860597727289175e-10,1.019388e+03,1.0000000000000002e-06,2.099437e+07,2.089304e+07,1.160672e+02,1.013250e+05,1.000000e-09,-4.420382e-02,-1.767706e-02,2.5161494770346740e-04,6.2050262252083229e-04
720,4.6668790053796615e-06,4.8351210514633473e-06,4.8359758620494268e-06,9.9955796009317427e-10,9.2860587414691518e-10,9.2860587414691518e-10,1.019388e+03,1.0000000000000002e-06,2.099429e+07,2.089297e+07,1.160672e+02,1.013250e+05,1.000000e-09,-4.420399e-02,-1.767607e-02,2.5161495254114708e-04,6.2050262218328015e-04
721,4.6668789967500534e-06,4.8351210986533230e-06,4.8359758620494268e-06,9.9955795838198408e-10,9.2860577102463569e-10,9.2860577102463569e-10,1.019388e+03,1.0000000000000002e-06,2.099422e+07,2.089290e+07,1.160672e+02,1.013250e+05,1.000000e-09,-4.420416e-02,-1.767510e-02,2.5161495738166894e-04,6.2050262185299368e-04
722,4.6668789881548840e-06,4.8351211454221913e-06,4.8359758620494268e-06,9.9955795666289576e-10,9.2860566790585404e-10,9.2860566790585404e-10,1.019388e+03,1.0000000000000002e-06,2.099415e+07,2.089283e+07,1.160672e+02,1.013250e+05,1.000000e-09,-4.420433e-02,-1.767413e-02,2.5161496222499851e-04,6.2050262152982673e-04
723,4.6668789795933460e-06,4.8351211917651121e-06,4.8359758620494268e-06,9.9955795493551951e-10,9.2860556479037543e-10,9.2860556479037543e-10,1.019388e+03,1.0000000000000002e-06,2.099408e+07,2.089276e+07,1.160672e+02,1.013250e+05,1.000000e-09,-4.420451e-02,-1.767317e-02,2.5161496707109908e-04,6.2050262121363770e-04
724,4.6668789710646229e-06,4.8351212376991744e-06,4.8359758620494268e-06,9.9955795320048936e-10,9.2860546167800887e-10,9.2860546167800887e-10,1.019388e+03,1.0000000000000002e-06,2.099401e+07,2.089268e+07,1.160672e+02,1.013250e+05,1.000000e-09,-4.420468e-02,-1.767222e-02,2.5161497191993521e-04,6.2050262090428674e-04
725,4.6668789625679372e-06,4.8351212832284015e-06,4.8359758620494268e-06,9.9955795145772176e-10,9.2860535856856640e-10,9.2860535856856640e-10,1.019388e+03,1.0000000000000002e-06,2.099394e+07,2.089261e+07,1.160672e+02,1.013250e+05,1.000000e-09,-4.420485e-02,-1.767128e-02,2.5161497677147262e-04,6.2050262060163669e-04
726,4.6668789541025120e-06,4.8351213283624818e-06,4.8359758620494268e-06,9.9955794970742723e-10,9.2860525546186521e-10,9.2860525546186521e-10,1.019388e+03,1.0000000000000002e-06,2.099387e+07,2.089254e+07,1.160672e+02,1.013250e+05,1.000000e-09,-4.420503e-02,-1.767035e-02,2.5161498162567863e-04,6.2050262030555398e-04
727,4.6668789456675978e-06,4.8351213731167415e-06,4.8359758620494268e-06,9.9955794794992134e-10,9.2860515235772486e-10,9.2860515235772486e-10,1.019388e+03,1.0000000000000002e-06,2.099380e+07,2.089247e+07,1.160672e+02,1.013250e+05,1.000000e-09,-4.420521e-02,-1.766942e-02,2.5161498648251871e-04,6.2050262001590699e-04
728,4.6668789372624475e-06,4.8351214174944485e-06,4.8359758620494268e-06,9.9955794618529032e-10,9.2860504925596948e-10,9.2860504925596948e-10,1.019388e+03,1.0000000000000002e-06,2.099372e+07,2.089240e+07,1.160672e+02,1.013250e+05,1.000000e-09,-4.420538e-02,-1.766850e-02,2.5161499134196093e-04,6.2050261973256712e-04
729,4.6668789288863547e-06,4.8351214614882496e-06,4.8359758620494268e-06,9.9955794441339893e-10,9.2860494615642588e-10,9.2860494615642588e-10,1.019388e+03,1.0000000000000002e-06,2.099365e+07,2.089233e+07,1.160672e+02,1.013250e+05,1.000000e-09,-4.420556e-02,-1.766759e-02,2.5161499620397358e-04,6.2050261945540818e-04
730,4.6668789205385884e-06,4.8351215051266069e-06,4.8359758620494268e-06,9.9955794263469591e-10,9.2860484305892459e-10,9.2860484305892459e-10,1.019388e+03,1.0000000000000002e-06,2.099358e+07,2.089226e+07,1.160672e+02,1.013250e+05,1.000000e-09,-4.420574e-02,-1.766669e-02,2.5161500106852635e-04,6.2050261918430625e-04
731,4.6668789122184514e-06,4.8351215484050091e-06,4.8359758620494268e-06,9.9955794084920754e-10,9.2860473996330017e-10,9.2860473996330017e-10,1.019388e+03,1.0000000000000002e-06,2.099351e+07,2.089219e+07,1.160672e+02,1.013250e+05,1.000000e-09,-4.420592e-02,-1.766580e-02,2.5161500593558764e-04,6.2050261891914065e-04
732,4.6668789039252966e-06,4.8351215913366903e-06,4.8359758620494268e-06,9.9955793905705519e-10,9.2860463686938977e-10,9.2860463686938977e-10,1.019388e+03,1.0000000000000002e-06,2.099344e+07,2.089211e+07,1.160672e+02,1.013250e+05,1.000000e-09,-4.420609e-02,-1.766491e-02,2.5161501080512812e-04,6.2050261865979200e-04
733,4.6668788956584025e-06,4.8351216339247462e-06,4.8359758620494268e-06,9.9955793725836563e-10,9.2860453377703354e-10,9.2860453377703354e-10,1.019388e+03,1.0000000000000002e-06,2.099337e+07,2.089204e+07,1.160672e+02,1.013250e+05,1.000000e-09,-4.420627e-02,-1.766403e-02,2.5161501567711868e-04,6.2050261840614453e-04
734,4.6668788874171530e-06,4.8351216761811820e-06,4.8359758620494268e-06,9.9955793545346001e-10,9.2860443068607566e-10,9.2860443068607566e-10,1.019388e+03,1.0000000000000002e-06,2.099330e+07,2.089197e+07,1.160672e+02,1.013250e+05,1.000000e-09,-4.420645e-02,-1.766315e-02,2.5161502055152978e-04,6.2050261815808395e-04
735,4.6668788792008970e-06,4.8351217181026230e-06,4.8359758620494268e-06,9.9955793364210921e-10,9.2860432759636341e-10,9.2860432759636341e-10,1.019388e+03,1.0000000000000002e-06,2.099322e+07,2.089190e+07,1.160672e+02,1.013250e+05,1.000000e-09,-4.420664e-02,-1.766229e-02,2.5161502542833425e-04,6.2050261791549860e-04
736,4.6668788710089915e-06,4.8351217597037602e-06,4.8359758620494268e-06,9.9955793182470469e-10,9.2860422450774614e-10,9.2860422450774614e-10,1.019388e+03,1.0000000000000002e-06,2.099315e+07,2.089183e+07,1.160672e+02,1.013250e+05,1.000000e-09,-4.420682e-02,-1.766143e-02,2.5161503030750407e-04,6.2050261767827863e-04
737,4.6668788628408360e-06,4.8351218009854390e-06,4.8359758620494268e-06,9.9955793000123115e-10,9.2860412142007693e-10,9.2860412142007693e-10,1.019388e+03,1.0000000000000002e-06,2.099308e+07,2.089176e+07,1.160672e+02,1.013250e+05,1.000000e-09,-4.420700e-02,-1.766057e-02,2.5161503518901279e-04,6.2050261744631705e-04
738,4.6668788546958222e-06,4.8351218419666065e-06,4.8359758620494268e-06,9.9955792817206432e-10,9.2860401833321194e-10,9.2860401833321194e-10,1.019388e+03,1.0000000000000002e-06,2.099301e+07,2.089169e+07,1.160672e+02,1.013250e+05,1.000000e-09,-4.420718e-02,-1.765973e-02,2.5161504007283254e-04,6.2050261721950857e-04
739,4.6668788465733514e-06,4.8351218826372805e-06,4.8359758620494268e-06,9.9955792633696165e-10,9.2860391524700921e-10,9.2860391524700921e-10,1.019388e+03,1.0000000000000002e-06,2.099294e+07,2.089161e+07,1.160672e+02,1.013250e+05,1.000000e-09,-4.420737e-02,-1.765888e-02,2.5161504495893930e-04,6.2050261699774997e-04
740,4.6668788384728450e-06,4.8351219230135598e-06,4.8359758620494268e-06,9.9955792449613241e-10,9.2860381216133132e-10,9.2860381216133132e-10,1.019388e+03,1.0000000000000002e-06,2.099287e+07,2.089154e+07,1.160672e+02,1.013250e+05,1.000000e-09,-4.420755e-02,-1.765805e-02,2.5161504984730565e-04,6.2050261678094055e-04
741,4.6668788303937456e-06,4.8351219630979693e-06,4.8359758620494268e-06,9.9955792265000735e-10,9.2860370907604201e-10,9.2860370907604201e-10,1.019388e+03,1.0000000000000002e-06,2.099280e+07,2.089147e+07,1.160672e+02,1.013250e+05,1.000000e-09,-4.420773e-02,-1.765722e-02,2.5161505473790812e-04,6.2050261656898108e-04
742,4.6668788223354706e-06,4.8351220028979748e-06,4.8359758620494268e-06,9.9955792079830792e-10,9.2860360599100860e-10,9.2860360599100860e-10,1.019388e+03,1.0000000000000002e-06,2.099273e+07,2.089140e+07,1.160672e+02,1.013250e+05,1.000000e-09,-4.420792e-02,-1.765640e-02,2.5161505963072289e-04,6.2050261636177443e-04
743,4.6668788142975048e-06,4.8351220424131935e-06,4.8359758620494268e-06,9.9955791894119625e-10,9.2860350290610062e-10,9.2860350290610062e-10,1.019388e+03,1.0000000000000002e-06,2.099265e+07,2.089133e+07,1.160672e+02,1.013250e+05,1.000000e-09,-4.420811e-02,-1.765558e-02,2.5161506452572424e-04,6.2050261615922574e-04
744,4.6668788062792885e-06,4.8351220816652229e-06,4.8359758620494268e-06,9.9955791707924040e-10,9.2860339982119026e-10,9.2860339982119026e-10,1.019388e+03,1.0000000000000002e-06,2.099258e+07,2.089126e+07,1.160672e+02,1.013250e+05,1.000000e-09,-4.420829e-02,-1.765477e-02,2.5161506942288959e-04,6.2050261596124175e-04
745,4.6668787982803142e-06,4.8351221206351251e-06,4.8359758620494268e-06,9.9955791521170129e-10,9.2860329673615271e-10,9.2860329673615271e-10,1.019388e+03,1.0000000000000002e-06,2.099251e+07,2.089119e+07,1.160672e+02,1.013250e+05,1.000000e-09,-4.420848e-02,-1.765396e-02,2.5161507432219652e-04,6.2050261576773117e-04
746,4.6668787903000560e-06,4.8351221593478952e-06,4.8359758620494268e-06,9.9955791333934199e-10,9.2860319365086516e-10,9.2860319365086516e-10,1.019388e+03,1.0000000000000002e-06,2.099244e+07,2.089111e+07,1.160672e+02,1.013250e+05,1.000000e-09,-4.420867e-02,-1.765316e-02,2.5161507922362198e-04,6.2050261557860436e-04
747,4.6668787823380191e-06,4.8351221978023151e-06,4.8359758620494268e-06,9.9955791146212239e-10,9.2860309056520733e-10,9.2860309056520733e-10,1.019388e+03,1.0000000000000002e-06,2.099237e+07,2.089104e+07,1.160672e+02,1.013250e+05,1.000000e-09,-4.420885e-02,-1.765237e-02,2.5161508412714287e-04,6.2050261539377391e-04
748,4.6668787743936929e-06,4.8351222360034096e-06,4.8359758620494268e-06,9.9955790958001828e-10,9.2860298747906158e-10,9.2860298747906158e-10,1.019388e+03,1.0000000000000002e-06,2.099230e+07,2.089097e+07,1.160672e+02,1.013250e+05,1.000000e-09,-4.420904e-02,-1.765158e-02,2.5161508903273925e-04,6.2050261521315352e-04
749,4.6668787664666089e-06,4.8351222739630632e-06,4.8359758620494268e-06,9.9955790769341266e-10,9.2860288439231218e-10,9.2860288439231218e-10,1.019388e+03,1.0000000000000002e-06,2.099223e+07,2.089090e+07,1.160671e+02,1.013250e+05,1.000000e-09,-4.420923e-02,-1.765079e-02,2.5161509394038939e-04,6.2050261503665950e-04
750,4.6668787585562935e-06,4.8351223116747336e-06,4.8359758620494268e-06,9.9955790580204309e-10,9.2860278130484666e-10,9.2860278130484666e-10,1.019388e+03,1.0000000000000002e-06,2.099215e+07,2.089083e+07,1.160671e+02,1.013250e+05,1.000000e-09,-4.420942e-02,-1.765001e-02,2.5161509885007218e-04,6.2050261486420869e-04
751,4.6668787506622810e-06,4.8351223491485697e-06,4.8359758620494268e-06,9.9955790390620345e-10,9.2860267821655344e-10,9.2860267821655344e-10,1.019388e+03,1.0000000000000002e-06,2.099208e+07,2.089076e+07,1.160671e+02,1.013250e+05,1.000000e-09,-4.420961e-02,-1.764924e-02,2.5161510376176753e-04,6.2050261469572053e-04
752,4.6668787427841072e-06,4.8351223863928287e-06,4.8359758620494268e-06,9.9955790200591832e-10,9.2860257512732437e-10,9.2860257512732437e-10,1.019388e+03,1.0000000000000002e-06,2.099201e+07,2.089069e+07,1.160671e+02,1.013250e+05,1.000000e-09,-4.420980e-02,-1.764847e-02,2.5161510867545596e-04,6.2050261453111576e-04
753,4.6668787349213299e-06,4.8351224234003766e-06,4.8359758620494268e-06,9.9955790010108267e-10,9.2860247203705253e-10,9.2860247203705253e-10,1.019388e+03,1.0000000000000002e-06,2.099194e+07,2.089062e+07,1.160671e+02,1.013250e+05,1.000000e-09,-4.420999e-02,-1.764770e-02,2.5161511359111683e-04,6.2050261437031665e-04
754,4.6668787270735248e-06,4.8351224601839792e-06,4.8359758620494268e-06,9.9955789819209561e-10,9.2860236894563360e-10,9.2860236894563360e-10,1.019388e+03,1.0000000000000002e-06,2.099187e+07,2.089054e+07,1.160671e+02,1.013250e+05,1.000000e-09,-4.421018e-02,-1.764694e-02,2.5161511850873186e-04,6.2050261421324720e-04
755,4.6668787192402403e-06,4.8351224967550714e-06,4.8359758620494268e-06,9.9955789627895031e-10,9.2860226585296573e-10,9.2860226585296573e-10,1.019388e+03,1.0000000000000002e-06,2.099180e+07,2.089047e+07,1.160671e+02,1.013250e+05,1.000000e-09,-4.421037e-02,-1.764619e-02,2.5161512342828204e-04,6.2050261405983238e-04
756,4.6668787114210776e-06,4.8351225331081974e-06,4.8359758620494268e-06,9.9955789436173404e-10,9.2860216275894821e-10,9.2860216275894821e-10,1.019388e+03,1.0000000000000002e-06,2.099173e+07,2.089040e+07,1.160671e+02,1.013250e+05,1.000000e-09,-4.421056e-02,-1.764543e-02,2.5161512834974935e-04,6.2050261390999965e-04
757,4.6668787036156105e-06,4.8351225692550303e-06,4.8359758620494268e-06,9.9955789244067428e-10,9.2860205966348303e-10,9.2860205966348303e-10,1.019388e+03,1.0000000000000002e-06,2.099165e+07,2.089033e+07,1.160671e+02,1.013250e+05,1.000000e-09,-4.421076e-02,-1.764469e-02,2.5161513327311553e-04,6.2050261376367713e-04
758,4.6668786958234351e-06,4.8351226051911281e-06,4.8359758620494268e-06,9.9955789051547220e-10,9.2860195656647360e-10,9.2860195656647360e-10,1.019388e+03,1.0000000000000002e-06,2.099158e+07,2.089026e+07,1.160671e+02,1.013250e+05,1.000000e-09,-4.421095e-02,-1.764394e-02,2.5161513819836281e-04,6.2050261362079457e-04
759,4.6668786880441710e-06,4.8351226409244446e-06,4.8359758620494268e-06,9.9955788858641463e-10,9.2860185346782625e-10,9.2860185346782625e-10,1.019388e+03,1.0000000000000002e-06,2.099151e+07,2.089019e+07,1.160671e+02,1.013250e+05,1.000000e-09,-4.421114e-02,-1.764320e-02,2.5161514312547345e-04,6.2050261348128302e-04
760,4.6668786802774134e-06,4.8351226764568999e-06,4.8359758620494268e-06,9.9955788665358285e-10,9.2860175036744781e-10,9.2860175036744781e-10,1.019388e+03,1.0000000000000002e-06,2.099144e+07,2.089012e+07,1.160671e+02,1.013250e+05,1.000000e-09,-4.421133e-02,-1.764247e-02,2.5161514805443125e-04,6.2050261334507513e-04
761,4.6668786725227937e-06,4.8351227118003703e-06,4.8359758620494268e-06,9.9955788471725333e-10,9.2860164726524782e-10,9.2860164726524782e-10,1.019388e+03,1.0000000000000002e-06,2.099137e+07,2.089004e+07,1.160671e+02,1.013250e+05,1.000000e-09,-4.421153e-02,-1.764174e-02,2.5161515298521912e-04,6.2050261321210500e-04
762,4.6668786647799342e-06,4.8351227469565711e-06,4.8359758620494268e-06,9.9955788277720460e-10,9.2860154416113757e-10,9.2860154416113757e-10,1.019388e+03,1.0000000000000002e-06,2.099130e+07,2.088997e+07,1.160671e+02,1.013250e+05,1.000000e-09,-4.421172e-02,-1.764101e-02,2.5161515791782092e-04,6.2050261308230778e-04
763,4.6668786570484767e-06,4.8351227819158061e-06,4.8359758620494268e-06,9.9955788083336221e-10,9.2860144105502987e-10,9.2860144105502987e-10,1.019388e+03,1.0000000000000002e-06,2.099123e+07,2.088990e+07,1.160671e+02,1.013250e+05,1.000000e-09,-4.421192e-02,-1.764029e-02,2.5161516285222125e-04,6.2050261295561963e-04
764,4.6668786493280670e-06,4.8351228166970847e-06,4.8359758620494268e-06,9.9955787888634593e-10,9.2860133794683975e-10,9.2860133794683975e-10,1.019388e+03,1.0000000000000002e-06,2.099115e+07,2.088983e+07,1.160671e+02,1.013250e+05,1.000000e-09,-4.421211e-02,-1.763957e-02,2.5161516778840319e-04,6.2050261283197905e-04
765,4.6668786416183350e-06,4.8351228512985271e-06,4.8359758620494268e-06,9.9955787693567166e-10,9.2860123483648335e-10,9.2860123483648335e-10,1.019388e+03,1.0000000000000002e-06,2.099108e+07,2.088976e+07,1.160671e+02,1.013250e+05,1.000000e-09,-4.421231e-02,-1.763885e-02,2.5161517272635276e-04,6.2050261271132448e-04
766,4.6668786339189622e-06,4.8351228857317191e-06,4.8359758620494268e-06,9.9955787498200650e-10,9.2860113172387857e-10,9.2860113172387857e-10,1.019388e+03,1.0000000000000002e-06,2.099101e+07,2.088969e+07,1.160671e+02,1.013250e+05,1.000000e-09,-4.421250e-02,-1.763814e-02,2.5161517766605424e-04,6.2050261259359639e-04
767,4.6668786262296005e-06,4.8351229199797506e-06,4.8359758620494268e-06,9.9955787302456878e-10,9.2860102860894517e-10,9.2860102860894517e-10,1.019388e+03,1.0000000000000002e-06,2.099094e+07,2.088962e+07,1.160671e+02,1.013250e+05,1.000000e-09,-4.421270e-02,-1.763743e-02,2.5161518260749299e-04,6.2050261247873634e-04
768,4.6668786185499144e-06,4.8351229540669153e-06,4.8359758620494268e-06,9.9955787106424503e-10,9.2860092549160467e-10,9.2860092549160467e-10,1.019388e+03,1.0000000000000002e-06,2.099087e+07,2.088954e+07,1.160671e+02,1.013250e+05,1.000000e-09,-4.421289e-02,-1.763673e-02,2.5161518755065476e-04,6.2050261236668686e-04
769,4.6668786108795915e-06,4.8351229879869409e-06,4.8359758620494268e-06,9.9955786910068245e-10,9.2860082237177995e-10,9.2860082237177995e-10,1.019388e+03,1.0000000000000002e-06,2.099080e+07,2.088947e+07,1.160671e+02,1.013250e+05,1.000000e-09,-4.421309e-02,-1.763603e-02,2.5161519249552485e-04,6.2050261225739169e-04
770,4.6668786032183047e-06,4.8351230217489466e-06,4.8359758620494268e-06,9.9955786713416580e-10,9.2860071924939499e-10,9.2860071924939499e-10,1.019388e+03,1.0000000000000002e-06,2.099073e+07,2.088940e+07,1.160671e+02,1.013250e+05,1.000000e-09,-4.421329e-02,-1.763533e-02,2.5161519744209068e-04,6.2050261215079597e-04
771,4.6668785955657550e-06,4.8351230553485566e-06,4.8359758620494268e-06,9.9955786516454702e-10,9.2860061612437599e-10,9.2860061612437599e-10,1.019388e+03,1.0000000000000002e-06,2.099065e+07,2.088933e+07,1.160671e+02,1.013250e+05,1.000000e-09,-4.421348e-02,-1.763464e-02,2.5161520239033681e-04,6.2050261204684527e-04
772,4.6668785879216367e-06,4.8351230887953838e-06,4.8359758620494268e-06,9.9955786319197706e-10,9.2860051299665034e-10,9.2860051299665034e-10,1.019388e+03,1.0000000000000002e-06,2.099058e+07,2.088926e+07,1.160671e+02,1.013250e+05,1.000000e-09,-4.421368e-02,-1.763394e-02,2.5161520734025207e-04,6.2050261194548689e-04
773,4.6668785802856483e-06,4.8351231220860597e-06,4.8359758620494268e-06,9.9955786121647331e-10,9.2860040986614692e-10,9.2860040986614692e-10,1.019388e+03,1.0000000000000002e-06,2.099051e+07,2.088919e+07,1.160671e+02,1.013250e+05,1.000000e-09,-4.421388e-02,-1.763326e-02,2.5161521229182166e-04,6.2050261184666924e-04
774,4.6668785726574915e-06,4.8351231552234514e-06,4.8359758620494268e-06,9.9955785923791498e-10,9.2860030673279583e-10,9.2860030673279583e-10,1.019388e+03,1.0000000000000002e-06,2.099044e+07,2.088912e+07,1.160671e+02,1.013250e+05,1.000000e-09,-4.421408e-02,-1.763257e-02,2.5161521724503312e-04,6.2050261175034113e-04
775,4.6668785650368978e-06,4.8351231882230529e-06,4.8359758620494268e-06,9.9955785725681120e-10,9.2860020359652882e-10,9.2860020359652882e-10,1.019388e+03,1.0000000000000002e-06,2.099037e+07,2.088904e+07,1.160671e+02,1.013250e+05,1.000000e-09,-4.421427e-02,-1.763189e-02,2.5161522219987521e-04,6.2050261165645302e-04
776,4.6668785574235709e-06,4.8351232210753605e-06,4.8359758620494268e-06,9.9955785527294403e-10,9.2860010045727889e-10,9.2860010045727889e-10,1.019388e+03,1.0000000000000002e-06,2.099030e+07,2.088897e+07,1.160671e+02,1.013250e+05,1.000000e-09,-4.421447e-02,-1.763121e-02,2.5161522715633395e-04,6.2050261156495589e-04
777,4.6668785498172404e-06,4.8351232537900234e-06,4.8359758620494268e-06,9.9955785328643401e-10,9.2859999731498040e-10,9.2859999731498040e-10,1.019388e+03,1.0000000000000002e-06,2.099023e+07,2.088890e+07,1.160671e+02,1.013250e+05,1.000000e-09,-4.421467e-02,-1.763053e-02,2.5161523211439857e-04,6.2050261147580206e-04
778,4.6668785422176430e-06,4.8351232863639943e-06,4.8359758620494268e-06,9.9955785129718582e-10,9.2859989416956891e-10,9.2859989416956891e-10,1.019388e+03,1.0000000000000002e-06,2.099015e+07,2.088883e+07,1.160671e+02,1.013250e+05,1.000000e-09,-4.421487e-02,-1.762986e-02,2.5161523707405658e-04,6.2050261138894456e-04
779,4.6668785346245136e-06,4.8351233188021637e-06,4.8359758620494268e-06,9.9955784930546209e-10,9.2859979102098146e-10,9.2859979102098146e-10,1.019388e+03,1.0000000000000002e-06,2.099008e+07,2.088876e+07,1.160671e+02,1.013250e+05,1.000000e-09,-4.421507e-02,-1.762919e-02,2.5161524203529709e-04,6.2050261130433743e-04
780,4.6668785270375870e-06,4.8351233511148418e-06,4.8359758620494268e-06,9.9955784731128121e-10,9.2859968786915642e-10,9.2859968786915642e-10,1.019388e+03,1.0000000000000002e-06,2.099001e+07,2.088869e+07,1.160671e+02,1.013250e+05,1.000000e-09,-4.421527e-02,-1.762852e-02,2.5161524699810872e-04,6.2050261122193601e-04
781,4.6668785194566057e-06,4.8351233832875206e-06,4.8359758620494268e-06,9.9955784531435079e-10,9.2859958471403280e-10,9.2859958471403280e-10,1.019388e+03,1.0000000000000002e-06,2.098994e+07,2.088861e+07,1.160671e+02,1.013250e+05,1.000000e-09,-4.421547e-02,-1.762785e-02,2.5161525196247959e-04,6.2050261114169562e-04
782,4.6668785118813376e-06,4.8351234153459177e-06,4.8359758620494268e-06,9.9955784331534166e-10,9.2859948155555185e-10,9.2859948155555185e-10,1.019388e+03,1.0000000000000002e-06,2.098987e+07,2.088854e+07,1.160671e+02,1.013250e+05,1.000000e-09,-4.421567e-02,-1.762719e-02,2.5161525692839925e-04,6.2050261106357321e-04
783,4.6668785043115287e-06,4.8351234472680924e-06,4.8359758620494268e-06,9.9955784131364378e-10,9.2859937839365486e-10,9.2859937839365486e-10,1.019388e+03,1.0000000000000002e-06,2.098980e+07,2.088847e+07,1.160670e+02,1.013250e+05,1.000000e-09,-4.421587e-02,-1.762653e-02,2.5161526189585712e-04,6.2050261098752684e-04
784,4.6668784967469485e-06,4.8351234790746700e-06,4.8359758620494268e-06,9.9955783930980908e-10,9.2859927522828505e-10,9.2859927522828505e-10,1.019388e+03,1.0000000000000002e-06,2.098973e+07,2.088840e+07,1.160670e+02,1.013250e+05,1.000000e-09,-4.421607e-02,-1.762587e-02,2.5161526686484300e-04,6.2050261091351443e-04
785,4.6668784891873556e-06,4.8351235107587616e-06,4.8359758620494268e-06,9.9955783730364050e-10,9.2859917205938608e-10,9.2859917205938608e-10,1.019388e+03,1.0000000000000002e-06,2.098965e+07,2.088833e+07,1.160670e+02,1.013250e+05,1.000000e-09,-4.421627e-02,-1.762522e-02,2.5161527183534623e-04,6.2050261084149565e-04
786,4.6668784816325214e-06,4.8351235423272526e-06,4.8359758620494268e-06,9.9955783529522074e-10,9.2859906888690386e-10,9.2859906888690386e-10,1.019388e+03,1.0000000000000002e-06,2.098958e+07,2.088826e+07,1.160670e+02,1.013250e+05,1.000000e-09,-4.421647e-02,-1.762457e-02,2.5161527680735721e-04,6.2050261077143038e-04
787,4.6668784740822187e-06,4.8351235737806158e-06,4.8359758620494268e-06,9.9955783328468092e-10,9.2859896571078433e-10,9.2859896571078433e-10,1.019388e+03,1.0000000000000002e-06,2.098951e+07,2.088819e+07,1.160670e+02,1.013250e+05,1.000000e-09,-4.421667e-02,-1.762391e-02,2.5161528178086634e-04,6.2050261070327971e-04
788,4.6668784665362377e-06,4.8351236051189663e-06,4.8359758620494268e-06,9.9955783127190254e-10,9.2859886253097484e-10,9.2859886253097484e-10,1.019388e+03,1.0000000000000002e-06,2.098944e+07,2.088811e+07,1.160670e+02,1.013250e+05,1.000000e-09,-4.421687e-02,-1.762327e-02,2.5161528675586277e-04,6.2050261063700536e-04
789,4.6668784589943554e-06,4.8351236363564902e-06,4.8359758620494268e-06,9.9955782925710998e-10,9.2859875934742422e-10,9.2859875934742422e-10,1.019388e+03,1.0000000000000002e-06,2.098937e+07,2.088804e+07,1.160670e+02,1.013250e+05,1.000000e-09,-4.421707e-02,-1.762262e-02,2.5161529173233849e-04,6.2050261057256960e-04
790,4.6668784514563644e-06,4.8351236674761732e-06,4.8359758620494268e-06,9.9955782724013408e-10,9.2859865616008160e-10,9.2859865616008160e-10,1.019388e+03,1.0000000000000002e-06,2.098930e+07,2.088797e+07,1.160670e+02,1.013250e+05,1.000000e-09,-4.421728e-02,-1.762198e-02,2.5161529671028363e-04,6.2050261050993589e-04
791,4.6668784439220589e-06,4.8351236984900720e-06,4.8359758620494268e-06,9.9955782522109146e-10,9.2859855296889756e-10,9.2859855296889756e-10,1.019388e+03,1.0000000000000002e-06,2.098922e+07,2.088790e+07,1.160670e+02,1.013250e+05,1.000000e-09,-4.421748e-02,-1.762134e-02,2.5161530168968849e-04,6.2050261044906791e-04
792,4.6668784363912219e-06,4.8351237294047535e-06,4.8359758620494268e-06,9.9955782320022594e-10,9.2859844977382328e-10,9.2859844977382328e-10,1.019388e+03,1.0000000000000002e-06,2.098915e+07,2.088783e+07,1.160670e+02,1.013250e+05,1.000000e-09,-4.421768e-02,-1.762070e-02,2.5161530667054563e-04,6.2050261038993075e-04
793,4.6668784288636757e-06,4.8351237602186559e-06,4.8359758620494268e-06,9.9955782117746556e-10,9.2859834657481163e-10,9.2859834657481163e-10,1.019388e+03,1.0000000000000002e-06,2.098908e+07,2.088776e+07,1.160670e+02,1.013250e+05,1.000000e-09,-4.421788e-02,-1.762006e-02,2.5161531165284558e-04,6.2050261033248940e-04
794,4.6668784213392084e-06,4.8351237909312566e-06,4.8359758620494268e-06,9.9955781915272471e-10,9.2859824337181616e-10,9.2859824337181616e-10,1.019388e+03,1.0000000000000002e-06,2.098901e+07,2.088768e+07,1.160670e+02,1.013250e+05,1.000000e-09,-4.421808e-02,-1.761942e-02,2.5161531663657970e-04,6.2050261027671012e-04
795,4.6668784138176372e-06,4.8351238215446900e-06,4.8359758620494268e-06,9.9955781712606603e-10,9.2859814016479037e-10,9.2859814016479037e-10,1.019388e+03,1.0000000000000002e-06,2.098894e+07,2.088761e+07,1.160670e+02,1.013250e+05,1.000000e-09,-4.421829e-02,-1.761879e-02,2.5161532162173961e-04,6.2050261022255965e-04
796,4.6668784062987824e-06,4.8351238520637250e-06,4.8359758620494268e-06,9.9955781509758198e-10,9.2859803695369029e-10,9.2859803695369029e-10,1.019388e+03,1.0000000000000002e-06,2.098887e+07,2.088754e+07,1.160670e+02,1.013250e+05,1.000000e-09,-4.421849e-02,-1.761816e-02,2.5161532660831766e-04,6.2050261017000533e-04
797,4.6668783987824483e-06,4.8351238824876128e-06,4.8359758620494268e-06,9.9955781306732755e-10,9.2859793373847138e-10,9.2859793373847138e-10,1.019388e+03,1.0000000000000002e-06,2.098880e+07,2.088747e+07,1.160670e+02,1.013250e+05,1.000000e-09,-4.421869e-02,-1.761753e-02,2.5161533159630554e-04,6.2050261011901519e-04
798,4.6668783912684555e-06,4.8351239128232296e-06,4.8359758620494268e-06,9.9955781103529964e-10,9.2859783051909133e-10,9.2859783051909133e-10,1.019388e+03,1.0000000000000002e-06,2.098872e+07,2.088740e+07,1.160670e+02,1.013250e+05,1.000000e-09,-4.421890e-02,-1.761690e-02,2.5161533658569552e-04,6.2050261006955834e-04
799,4.6668783837566378e-06,4.8351239430713598e-06,4.8359758620494268e-06,9.9955780900170133e-10,9.2859772729550755e-10,9.2859772729550755e-10,1.019388e+03,1.0000000000000002e-06,2.098865e+07,2.088733e+07,1.160670e+02,1.013250e+05,1.000000e-09,-4.421910e-02,-1.761628e-02,2.5161534157647951e-04,6.2050261002160353e-04
800,4.6668783762468183e-06,4.8351239732221015e-06,4.8359758620494268e-06,9.9955780696617777e-10,9.2859762406767878e-10,9.2859762406767878e-10,1.019388e+03,1.0000000000000002e-06,2.098858e+07,2.088726e+07,1.160670e+02,1.013250e+05,1.000000e-09,-4.421930e-02,-1.761566e-02,2.5161534656865036e-04,6.2050260997512129e-04
801,4.6668783687388250e-06,4.8351240032908394e-06,4.8359758620494268e-06,9.9955780492913032e-10,9.2859752083556460e-10,9.2859752083556460e-10,1.019388e+03,1.0000000000000002e-06,2.098851e+07,2.088718e+07,1.160670e+02,1.013250e+05,1.000000e-09,-4.421951e-02,-1.761503e-02,2.5161535156220064e-04,6.2050260993008158e-04
802,4.6668783612324817e-06,4.8351240332742184e-06,4.8359758620494268e-06,9.9955780289034601e-10,9.2859741759912529e-10,9.2859741759912529e-10,1.019388e+03,1.0000000000000002e-06,2.098844e+07,2.088711e+07,1.160670e+02,1.013250e+05,1.000000e-09,-4.421971e-02,-1.761441e-02,2.5161535655712270e-04,6.2050260988645600e-04
803,4.6668783537276545e-06,4.8351240631771597e-06,4.8359758620494268e-06,9.9955780085012219e-10,9.2859731435832199e-10,9.2859731435832199e-10,1.019388e+03,1.0000000000000002e-06,2.098837e+07,2.088704e+07,1.160670e+02,1.013250e+05,1.000000e-09,-4.421991e-02,-1.761379e-02,2.5161536155340967e-04,6.2050260984421613e-04
804,4.6668783462241624e-06,4.8351240929991213e-06,4.8359758620494268e-06,9.9955779880827193e-10,9.2859721111311623e-10,9.2859721111311623e-10,1.019388e+03,1.0000000000000002e-06,2.098829e+07,2.088697e+07,1.160670e+02,1.013250e+05,1.000000e-09,-4.422012e-02,-1.761318e-02,2.5161536655105493e-04,6.2050260980333423e-04
805,4.6668783387218569e-06,4.8351241227391198e-06,4.8359758620494268e-06,9.9955779676490338e-10,9.2859710786347119e-10,9.2859710786347119e-10,1.019388e+03,1.0000000000000002e-06,2.098822e+07,2.088690e+07,1.160670e+02,1.013250e+05,1.000000e-09,-4.422032e-02,-1.761256e-02,2.5161537155005115e-04,6.2050260976378308e-04
806,4.6668783312205831e-06,4.8351241524005763e-06,4.8359758620494268e-06,9.9955779471999503e-10,9.2859700460935007e-10,9.2859700460935007e-10,1.019388e+03,1.0000000000000002e-06,2.098815e+07,2.088683e+07,1.160670e+02,1.013250e+05,1.000000e-09,-4.422053e-02,-1.761195e-02,2.5161537655039238e-04,6.2050260972553622e-04
807,4.6668783237201885e-06,4.8351241819838508e-06,4.8359758620494268e-06,9.9955779267353572e-10,9.2859690135071669e-10,9.2859690135071669e-10,1.019388e+03,1.0000000000000002e-06,2.098808e+07,2.088675e+07,1.160670e+02,1.013250e+05,1.000000e-09,-4.422073e-02,-1.761134e-02,2.5161538155207136e-04,6.2050260968856742e-04
808,4.6668783162205300e-06,4.8351242114975128e-06,4.8359758620494268e-06,9.9955779062584039e-10,9.2859679808753608e-10,9.2859679808753608e-10,1.019388e+03,1.0000000000000002e-06,2.098801e+07,2.088668e+07,1.160670e+02,1.013250e+05,1.000000e-09,-4.422094e-02,-1.761073e-02,2.5161538655508174e-04,6.2050260965285130e-04
809,4.6668783087214652e-06,4.8351242409387483e-06,4.8359758620494268e-06,9.9955778857678601e-10,9.2859669481977414e-10,9.2859669481977414e-10,1.019388e+03,1.0000000000000002e-06,2.098794e+07,2.088661e+07,1.160670e+02,1.013250e+05,1.000000e-09,-4.422114e-02,-1.761012e-02,2.5161539155941793e-04,6.2050260961836240e-04
810,4.6668783012228502e-06,4.8351242703003348e-06,4.8359758620494268e-06,9.9955778652609650e-10,9.2859659154739663e-10,9.2859659154739663e-10,1.019388e+03,1.0000000000000002e-06,2.098786e+07,2.088654e+07,1.160670e+02,1.013250e+05,1.000000e-09,-4.422135e-02,-1.760951e-02,2.5161539656507256e-04,6.2050260958507642e-04
811,4.6668782937245512e-06,4.8351242995966871e-06,4.8359758620494268e-06,9.9955778447428016e-10,9.2859648827037015e-10,9.2859648827037015e-10,1.019388e+03,1.0000000000000002e-06,2.098779e+07,2.088647e+07,1.160670e+02,1.013250e+05,1.000000e-09,-4.422155e-02,-1.760891e-02,2.5161540157204077e-04,6.2050260955296961e-04
812,4.6668782862264233e-06,4.8351243288252903e-06,4.8359758620494268e-06,9.9955778242102783e-10,9.2859638498866287e-10,9.2859638498866287e-10,1.019388e+03,1.0000000000000002e-06,2.098772e+07,2.088640e+07,1.160670e+02,1.013250e+05,1.000000e-09,-4.422176e-02,-1.760830e-02,2.5161540658031614e-04,6.2050260952201803e-04
813,4.6668782787283462e-06,4.8351243579836338e-06,4.8359758620494268e-06,9.9955778036647601e-10,9.2859628170224263e-10,9.2859628170224263e-10,1.019388e+03,1.0000000000000002e-06,2.098765e+07,2.088632e+07,1.160670e+02,1.013250e+05,1.000000e-09,-4.422196e-02,-1.760770e-02,2.5161541158989298e-04,6.2050260949219856e-04
814,4.6668782712301751e-06,4.8351243870748372e-06,4.8359758620494268e-06,9.9955777831067183e-10,9.2859617841107871e-10,9.2859617841107871e-10,1.019388e+03,1.0000000000000002e-06,2.098758e+07,2.088625e+07,1.160670e+02,1.013250e+05,1.000000e-09,-4.422217e-02,-1.760710e-02,2.5161541660076599e-04,6.2050260946348846e-04
815,4.6668782637318032e-06,4.8351244160991411e-06,4.8359758620494268e-06,9.9955777625346144e-10,9.2859607511514010e-10,9.2859607511514010e-10,1.019388e+03,1.0000000000000002e-06,2.098751e+07,2.088618e+07,1.160670e+02,1.013250e+05,1.000000e-09,-4.422237e-02,-1.760650e-02,2.5161542161292866e-04,6.2050260943586602e-04
816,4.6668782562330840e-06,4.8351244450665092e-06,4.8359758620494268e-06,9.9955777419523818e-10,9.2859597181439701e-10,9.2859597181439701e-10,1.019388e+03,1.0000000000000002e-06,2.098743e+07,2.088611e+07,1.160669e+02,1.013250e+05,1.000000e-09,-4.422258e-02,-1.760590e-02,2.5161542662637622e-04,6.2050260940930914e-04
817,4.6668782487339134e-06,4.8351244739690919e-06,4.8359758620494268e-06,9.9955777213581674e-10,9.2859586850882009e-10,9.2859586850882009e-10,1.019388e+03,1.0000000000000002e-06,2.098736e+07,2.088604e+07,1.160669e+02,1.013250e+05,1.000000e-09,-4.422279e-02,-1.760530e-02,2.5161543164110302e-04,6.2050260938379645e-04
818,4.6668782412341575e-06,4.8351245028066750e-06,4.8359758620494268e-06,9.9955777007499199e-10,9.2859576519838049e-10,9.2859576519838049e-10,1.019388e+03,1.0000000000000002e-06,2.098729e+07,2.088597e+07,1.160669e+02,1.013250e+05,1.000000e-09,-4.422299e-02,-1.760470e-02,2.5161543665710491e-04,6.2050260935930725e-04
819,4.6668782337337028e-06,4.8351245315872063e-06,4.8359758620494268e-06,9.9955776801318848e-10,9.2859566188305017e-10,9.2859566188305017e-10,1.019388e+03,1.0000000000000002e-06,2.098722e+07,2.088589e+07,1.160669e+02,1.013250e+05,1.000000e-09,-4.422320e-02,-1.760411e-02,2.5161544167437444e-04,6.2050260933582094e-04
820,4.6668782262324493e-06,4.8351245603049588e-06,4.8359758620494268e-06,9.9955776595009167e-10,9.2859555856280134e-10,9.2859555856280134e-10,1.019388e+03,1.0000000000000002e-06,2.098715e+07,2.088582e+07,1.160669e+02,1.013250e+05,1.000000e-09,-4.422340e-02,-1.760352e-02,2.5161544669290858e-04,6.2050260931331767e-04
821,4.6668782187302463e-06,4.8351245889737401e-06,4.8359758620494268e-06,9.9955776388615258e-10,9.2859545523760711e-10,9.2859545523760711e-10,1.019388e+03,1.0000000000000002e-06,2.098708e+07,2.088575e+07,1.160669e+02,1.013250e+05,1.000000e-09,-4.422361e-02,-1.760292e-02,2.5161545171270197e-04,6.2050260929177739e-04
822,4.6668782112270311e-06,4.8351246175819653e-06,4.8359758620494268e-06,9.9955776182101099e-10,9.2859535190744070e-10,9.2859535190744070e-10,1.019388e+03,1.0000000000000002e-06,2.098700e+07,2.088568e+07,1.160669e+02,1.013250e+05,1.000000e-09,-4.422382e-02,-1.760233e-02,2.5161545673374990e-04,6.2050260927118124e-04
823,4.6668782037226665e-06,4.8351246461309567e-06,4.8359758620494268e-06,9.9955775975475063e-10,9.2859524857227594e-10,9.2859524857227594e-10,1.019388e+03,1.0000000000000002e-06,2.098693e+07,2.088561e+07,1.160669e+02,1.013250e+05,1.000000e-09,-4.422402e-02,-1.760174e-02,2.5161546175604714e-04,6.2050260925151002e-04
824,4.6668781962170550e-06,4.8351246746288525e-06,4.8359758620494268e-06,9.9955775768746580e-10,9.2859514523208782e-10,9.2859514523208782e-10,1.019388e+03,1.0000000000000002e-06,2.098686e+07,2.088554e+07,1.160669e+02,1.013250e+05,1.000000e-09,-4.422423e-02,-1.760115e-02,2.5161546677958949e-04,6.2050260923274540e-04
825,4.6668781887100764e-06,4.8351247030728127e-06,4.8359758620494268e-06,9.9955775561912508e-10,9.2859504188685120e-10,9.2859504188685120e-10,1.019388e+03,1.0000000000000002e-06,2.098679e+07,2.088546e+07,1.160669e+02,1.013250e+05,1.000000e-09,-4.422444e-02,-1.760056e-02,2.5161547180437200e-04,6.2050260921486930e-04
826,4.6668781812016545e-06,4.8351247314652063e-06,4.8359758620494268e-06,9.9955775354976466e-10,9.2859493853654149e-10,9.2859493853654149e-10,1.019388e+03,1.0000000000000002e-06,2.098672e+07,2.088539e+07,1.160669e+02,1.013250e+05,1.000000e-09,-4.422465e-02,-1.759998e-02,2.5161547683039018e-04,6.2050260919786413e-04
827,4.6668781736916724e-06,4.8351247598112774e-06,4.8359758620494268e-06,9.9955775147963785e-10,9.2859483518113449e-10,9.2859483518113449e-10,1.019388e+03,1.0000000000000002e-06,2.098665e+07,2.088532e+07,1.160669e+02,1.013250e+05,1.000000e-09,-4.422485e-02,-1.759939e-02,2.5161548185764028e-04,6.2050260918171190e-04
828,4.6668781661800334e-06,4.8351247881061284e-06,4.8359758620494268e-06,9.9955774940841771e-10,9.2859473182060692e-10,9.2859473182060692e-10,1.019388e+03,1.0000000000000002e-06,2.098657e+07,2.088525e+07,1.160669e+02,1.013250e+05,1.000000e-09,-4.422506e-02,-1.759880e-02,2.5161548688611737e-04,6.2050260916639581e-04
829,4.6668781586666580e-06,4.8351248163473859e-06,4.8359758620494268e-06,9.9955774733620206e-10,9.2859462845493564e-10,9.2859462845493564e-10,1.019388e+03,1.0000000000000002e-06,2.098650e+07,2.088518e+07,1.160669e+02,1.013250e+05,1.000000e-09,-4.422527e-02,-1.759822e-02,2.5161549191581809e-04,6.2050260915189938e-04
830,4.6668781511514319e-06,4.8351248445399221e-06,4.8359758620494268e-06,9.9955774526298718e-10,9.2859452508409831e-10,9.2859452508409831e-10,1.019388e+03,1.0000000000000002e-06,2.098643e+07,2.088511e+07,1.160669e+02,1.013250e+05,1.000000e-09,-4.422547e-02,-1.759764e-02,2.5161549694673778e-04,6.2050260913820623e-04
831,4.6668781436342635e-06,4.8351248726890707e-06,4.8359758620494268e-06,9.9955774318888722e-10,9.2859442170807269e-10,9.2859442170807269e-10,1.019388e+03,1.0000000000000002e-06,2.098636e+07,2.088503e+07,1.160669e+02,1.013250e+05,1.000000e-09,-4.422568e-02,-1.759706e-02,2.5161550197887249e-04,6.2050260912529967e-04
832,4.6668781361150767e-06,4.8351249007956415e-06,4.8359758620494268e-06,9.9955774111405209e-10,9.2859431832683655e-10,9.2859431832683655e-10,1.019388e+03,1.0000000000000002e-06,2.098629e+07,2.088496e+07,1.160669e+02,1.013250e+05,1.000000e-09,-4.422589e-02,-1.759647e-02,2.5161550701221830e-04,6.2050260911316463e-04
833,4.6668781285937773e-06,4.8351249288521383e-06,4.8359758620494268e-06,9.9955773903830480e-10,9.2859421494036933e-10,9.2859421494036933e-10,1.019388e+03,1.0000000000000002e-06,2.098622e+07,2.088489e+07,1.160669e+02,1.013250e+05,1.000000e-09,-4.422610e-02,-1.759589e-02,2.5161551204677115e-04,6.2050260910178538e-04
834,4.6668781210702740e-06,4.8351249568639067e-06,4.8359758620494268e-06,9.9955773696156654e-10,9.2859411154864951e-10,9.2859411154864951e-10,1.019388e+03,1.0000000000000002e-06,2.098614e+07,2.088482e+07,1.160669e+02,1.013250e+05,1.000000e-09,-4.422630e-02,-1.759531e-02,2.5161551708252720e-04,6.2050260909114687e-04
835,4.6668781135444777e-06,4.8351249848365463e-06,4.8359758620494268e-06,9.9955773488408175e-10,9.2859400815165693e-10,9.2859400815165693e-10,1.019388e+03,1.0000000000000002e-06,2.098607e+07,2.088475e+07,1.160669e+02,1.013250e+05,1.000000e-09,-4.422651e-02,-1.759474e-02,2.5161552211948345e-04,6.2050260908123455e-04
836,4.6668781060163242e-06,4.8351250127640375e-06,4.8359758620494268e-06,9.9955773280577516e-10,9.2859390474937184e-10,9.2859390474937184e-10,1.019388e+03,1.0000000000000002e-06,2.098600e+07,2.088468e+07,1.160669e+02,1.013250e+05,1.000000e-09,-4.422672e-02,-1.759416e-02,2.5161552715763624e-04,6.2050260907203325e-04
837,4.6668780984857134e-06,4.8351250406562776e-06,4.8359758620494268e-06,9.9955773072677188e-10,9.2859380134177419e-10,9.2859380134177419e-10,1.019388e+03,1.0000000000000002e-06,2.098593e+07,2.088460e+07,1.160669e+02,1.013250e+05,1.000000e-09,-4.422693e-02,-1.759358e-02,2.5161553219698072e-04,6.2050260906352942e-04
838,4.6668780909525784e-06,4.8351250684957772e-06,4.8359758620494268e-06,9.9955772864672200e-10,9.2859369792884504e-10,9.2859369792884504e-10,1.019388e+03,1.0000000000000002e-06,2.098586e+07,2.088453e+07,1.160669e+02,1.013250e+05,1.000000e-09,-4.422714e-02,-1.759301e-02,2.5161553723751441e-04,6.2050260905570863e-04
839,4.6668780834168194e-06,4.8351250963053902e-06,4.8359758620494268e-06,9.9955772656609021e-10,9.2859359451056528e-10,9.2859359451056528e-10,1.019388e+03,1.0000000000000002e-06,2.098579e+07,2.088446e+07,1.160669e+02,1.013250e+05,1.000000e-09,-4.422734e-02,-1.759243e-02,2.5161554227923422e-04,6.2050260904855778e-04
840,4.6668780758783896e-06,4.8351251240702391e-06,4.8359758620494268e-06,9.9955772448461386e-10,9.2859349108691650e-10,9.2859349108691650e-10,1.019388e+03,1.0000000000000002e-06,2.098571e+07,2.088439e+07,1.160669e+02,1.013250e+05,1.000000e-09,-4.422755e-02,-1.759186e-02,2.5161554732213603e-04,6.2050260904206276e-04
841,4.6668780683371960e-06,4.8351251518019877e-06,4.8359758620494268e-06,9.9955772240252788e-10,9.2859338765788039e-10,9.2859338765788039e-10,1.019388e+03,1.0000000000000002e-06,2.098564e+07,2.088432e+07,1.160669e+02,1.013250e+05,1.000000e-09,-4.422776e-02,-1.759128e-02,2.5161555236621701e-04,6.2050260903621099e-04
842,4.6668780607931741e-06,4.8351251794885979e-06,4.8359758620494268e-06,9.9955772031946975e-10,9.2859328422343927e-10,9.2859328422343927e-10,1.019388e+03,1.0000000000000002e-06,2.098557e+07,2.088425e+07,1.160669e+02,1.013250e+05,1.000000e-09,-4.422797e-02,-1.759071e-02,2.5161555741147408e-04,6.2050260903098947e-04
843,4.6668780532462385e-06,4.8351252071440644e-06,4.8359758620494268e-06,9.9955771823584356e-10,9.2859318078357620e-10,9.2859318078357620e-10,1.019388e+03,1.0000000000000002e-06,2.098550e+07,2.088417e+07,1.160669e+02,1.013250e+05,1.000000e-09,-4.422818e-02,-1.759014e-02,2.5161556245790334e-04,6.2050260902638541e-04
844,4.6668780456963213e-06,4.8351252347625426e-06,4.8359758620494268e-06,9.9955771615148263e-10,9.2859307733827337e-10,9.2859307733827337e-10,1.019388e+03,1.0000000000000002e-06,2.098543e+07,2.088410e+07,1.160669e+02,1.013250e+05,1.000000e-09,-4.422838e-02,-1.758957e-02,2.5161556750550267e-04,6.2050260902238666e-04
845,4.6668780381433556e-06,4.8351252623488582e-06,4.8359758620494268e-06,9.9955771406659085e-10,9.2859297388751457e-10,9.2859297388751457e-10,1.019388e+03,1.0000000000000002e-06,2.098536e+07,2.088403e+07,1.160669e+02,1.013250e+05,1.000000e-09,-4.422859e-02,-1.758900e-02,2.5161557255426865e-04,6.2050260901898107e-04
846,4.6668780305872796e-06,4.8351252899010959e-06,4.8359758620494268e-06,9.9955771198097633e-10,9.2859287043128293e-10,9.2859287043128293e-10,1.019388e+03,1.0000000000000002e-06,2.098528e+07,2.088396e+07,1.160669e+02,1.013250e+05,1.000000e-09,-4.422880e-02,-1.758843e-02,2.5161557760419810e-04,6.2050260901615661e-04
847,4.6668780230280230e-06,4.8351253174146945e-06,4.8359758620494268e-06,9.9955770989450981e-10,9.2859276696956285e-10,9.2859276696956285e-10,1.019388e+03,1.0000000000000002e-06,2.098521e+07,2.088389e+07,1.160669e+02,1.013250e+05,1.000000e-09,-4.422901e-02,-1.758786e-02,2.5161558265528834e-04,6.2050260901390191e-04
848,4.6668780154655163e-06,4.8351253448972757e-06,4.8359758620494268e-06,9.9955770780749590e-10,9.2859266350233819e-10,9.2859266350233819e-10,1.019388e+03,1.0000000000000002e-06,2.098514e+07,2.088382e+07,1.160669e+02,1.013250e+05,1.000000e-09,-4.422922e-02,-1.758729e-02,2.5161558770753656e-04,6.2050260901220567e-04
849,4.6668780078997028e-06,4.8351253723396693e-06,4.8359758620494268e-06,9.9955770571970775e-10,9.2859256002959376e-10,9.2859256002959376e-10,1.019388e+03,1.0000000000000002e-06,2.098507e+07,2.088374e+07,1.160668e+02,1.013250e+05,1.000000e-09,-4.422943e-02,-1.758672e-02,2.5161559276093957e-04,6.2050260901105642e-04
850,4.6668780003305182e-06,4.8351253997616766e-06,4.8359758620494268e-06,9.9955770363147437e-10,9.2859245655131445e-10,9.2859245655131445e-10,1.019388e+03,1.0000000000000002e-06,2.098500e+07,2.088367e+07,1.160668e+02,1.013250e+05,1.000000e-09,-4.422964e-02,-1.758616e-02,2.5161559781549492e-04,6.2050260901044341e-04
851,4.6668779927578911e-06,4.8351254271475418e-06,4.8359758620494268e-06,9.9955770154265555e-10,9.2859235306748538e-10,9.2859235306748538e-10,1.019388e+03,1.0000000000000002e-06,2.098493e+07,2.088360e+07,1.160668e+02,1.013250e+05,1.000000e-09,-4.422985e-02,-1.758559e-02,2.5161560287120105e-04,6.2050260901035570e-04
852,4.6668779851817625e-06,4.8351254545030307e-06,4.8359758620494268e-06,9.9955769945305546e-10,9.2859224957809207e-10,9.2859224957809207e-10,1.019388e+03,1.0000000000000002e-06,2.098485e+07,2.088353e+07,1.160668e+02,1.013250e+05,1.000000e-09,-4.423005e-02,-1.758502e-02,2.5161560792805350e-04,6.2050260901078309e-04
853,4.6668779776020949e-06,4.8351254818314400e-06,4.8359758620494268e-06,9.9955769736309203e-10,9.2859214608311964e-10,9.2859214608311964e-10,1.019388e+03,1.0000000000000002e-06,2.098478e+07,2.088346e+07,1.160668e+02,1.013250e+05,1.000000e-09,-4.423026e-02,-1.758446e-02,2.5161561298605038e-04,6.2050260901171507e-04
854,4.6668779700188097e-06,4.8351255091202801e-06,4.8359758620494268e-06,9.9955769527223939e-10,9.2859204258255495e-10,9.2859204258255495e-10,1.019388e+03,1.0000000000000002e-06,2.098471e+07,2.088338e+07,1.160668e+02,1.013250e+05,1.000000e-09,-4.423047e-02,-1.758390e-02,2.5161561804518980e-04,6.2050260901314156e-04
855,4.6668779624318594e-06,4.8351255363919746e-06,4.8359758620494268e-06,9.9955769318108813e-10,9.2859193907638414e-10,9.2859193907638414e-10,1.019388e+03,1.0000000000000002e-06,2.098464e+07,2.088331e+07,1.160668e+02,1.013250e+05,1.000000e-09,-4.423068e-02,-1.758333e-02,2.5161562310546854e-04,6.2050260901505279e-04
856,4.6668779548411719e-06,4.8351255636298852e-06,4.8359758620494268e-06,9.9955769108930780e-10,9.2859183556459347e-10,9.2859183556459347e-10,1.019388e+03,1.0000000000000002e-06,2.098457e+07,2.088324e+07,1.160668e+02,1.013250e+05,1.000000e-09,-4.423089e-02,-1.758277e-02,2.5161562816688467e-04,6.2050260901743901e-04
857,4.6668779472467186e-06,4.8351255908458128e-06,4.8359758620494268e-06,9.9955768899709940e-10,9.2859173204717001e-10,9.2859173204717001e-10,1.019388e+03,1.0000000000000002e-06,2.098449e+07,2.088317e+07,1.160668e+02,1.013250e+05,1.000000e-09,-4.423110e-02,-1.758221e-02,2.5161563322943553e-04,6.2050260902029068e-04
858,4.6668779396484273e-06,4.8351256180320594e-06,4.8359758620494268e-06,9.9955768690430929e-10,9.2859162852410084e-10,9.2859162852410084e-10,1.019388e+03,1.0000000000000002e-06,2.098442e+07,2.088310e+07,1.160668e+02,1.013250e+05,1.000000e-09,-4.423131e-02,-1.758164e-02,2.5161563829311900e-04,6.2050260902359847e-04
859,4.6668779320462498e-06,4.8351256451928163e-06,4.8359758620494268e-06,9.9955768481096786e-10,9.2859152499537334e-10,9.2859152499537334e-10,1.019388e+03,1.0000000000000002e-06,2.098435e+07,2.088303e+07,1.160668e+02,1.013250e+05,1.000000e-09,-4.423152e-02,-1.758108e-02,2.5161564335793242e-04,6.2050260902735328e-04
860,4.6668779244401388e-06,4.8351256723211395e-06,4.8359758620494268e-06,9.9955768271692395e-10,9.2859142146097489e-10,9.2859142146097489e-10,1.019388e+03,1.0000000000000002e-06,2.098428e+07,2.088295e+07,1.160668e+02,1.013250e+05,1.000000e-09,-4.423173e-02,-1.758052e-02,2.5161564842387434e-04,6.2050260903154643e-04
861,4.6668779168300492e-06,4.8351256994333707e-06,4.8359758620494268e-06,9.9955768062266105e-10,9.2859131792089320e-10,9.2859131792089320e-10,1.019388e+03,1.0000000000000002e-06,2.098421e+07,2.088288e+07,1.160668e+02,1.013250e+05,1.000000e-09,-4.423194e-02,-1.757996e-02,2.5161565349094203e-04,6.2050260903616871e-04
862,4.6668779092159209e-06,4.8351257265114732e-06,4.8359758620494268e-06,9.9955767852776514e-10,9.2859121437511709e-10,9.2859121437511709e-10,1.019388e+03,1.0000000000000002e-06,2.098414e+07,2.088281e+07,1.160668e+02,1.013250e+05,1.000000e-09,-4.423215e-02,-1.757940e-02,2.5161565855913302e-04,6.2050260904121188e-04
863,4.6668779015977125e-06,4.8351257535706573e-06,4.8359758620494268e-06,9.9955767643237706e-10,9.2859111082363416e-10,9.2859111082363416e-10,1.019388e+03,1.0000000000000002e-06,2.098406e+07,2.088274e+07,1.160668e+02,1.013250e+05,1.000000e-09,-4.423236e-02,-1.757884e-02,2.5161566362844550e-04,6.2050260904666726e-04
864,4.6668778939753715e-06,4.8351257806044863e-06,4.8359758620494268e-06,9.9955767433646186e-10,9.2859100726643355e-10,9.2859100726643355e-10,1.019388e+03,1.0000000000000002e-06,2.098399e+07,2.088267e+07,1.160668e+02,1.013250e+05,1.000000e-09,-4.423257e-02,-1.757828e-02,2.5161566869887796e-04,6.2050260905252672e-04
865,4.6668778863488537e-06,4.8351258076147822e-06,4.8359758620494268e-06,9.9955767224019470e-10,9.2859090370350347e-10,9.2859090370350347e-10,1.019388e+03,1.0000000000000002e-06,2.098392e+07,2.088260e+07,1.160668e+02,1.013250e+05,1.000000e-09,-4.423278e-02,-1.757772e-02,2.5161567377042726e-04,6.2050260905878256e-04
866,4.6668778787181117e-06,4.8351258346045604e-06,4.8359758620494268e-06,9.9955767014353566e-10,9.2859080013483317e-10,9.2859080013483317e-10,1.019388e+03,1.0000000000000002e-06,2.098385e+07,2.088252e+07,1.160668e+02,1.013250e+05,1.000000e-09,-4.423299e-02,-1.757716e-02,2.5161567884309313e-04,6.2050260906542634e-04
867,4.6668778710830965e-06,4.8351258615668474e-06,4.8359758620494268e-06,9.9955766804614229e-10,9.2859069656041190e-10,9.2859069656041190e-10,1.019388e+03,1.0000000000000002e-06,2.098378e+07,2.088245e+07,1.160668e+02,1.013250e+05,1.000000e-09,-4.423320e-02,-1.757661e-02,2.5161568391687274e-04,6.2050260907245034e-04
868,4.6668778634437801e-06,4.8351258885132524e-06,4.8359758620494268e-06,9.9955766594858265e-10,9.2859059298022922e-10,9.2859059298022922e-10,1.019388e+03,1.0000000000000002e-06,2.098370e+07,2.088238e+07,1.160668e+02,1.013250e+05,1.000000e-09,-4.423341e-02,-1.757605e-02,2.5161568899176388e-04,6.2050260907984709e-04
869,4.6668778558001183e-06,4.8351259154348605e-06,4.8359758620494268e-06,9.9955766385058523e-10,9.2859048939427477e-10,9.2859048939427477e-10,1.019388e+03,1.0000000000000002e-06,2.098363e+07,2.088231e+07,1.160668e+02,1.013250e+05,1.000000e-09,-4.423361e-02,-1.757549e-02,2.5161569406776497e-04,6.2050260908760922e-04
870,4.6668778481520588e-06,4.8351259423427908e-06,4.8359758620494268e-06,9.9955766175216554e-10,9.2859038580253844e-10,9.2859038580253844e-10,1.019388e+03,1.0000000000000002e-06,2.098356e+07,2.088224e+07,1.160668e+02,1.013250e+05,1.000000e-09,-4.423382e-02,-1.757494e-02,2.5161569914487427e-04,6.2050260909572946e-04
871,4.6668778404995591e-06,4.8351259692128291e-06,4.8359758620494268e-06,9.9955765965304357e-10,9.2859028220500978e-10,9.2859028220500978e-10,1.019388e+03,1.0000000000000002e-06,2.098349e+07,2.088216e+07,1.160668e+02,1.013250e+05,1.000000e-09,-4.423403e-02,-1.757438e-02,2.5161570422308936e-04,6.2050260910420034e-04
872,4.6668778328425913e-06,4.8351259960784890e-06,4.8359758620494268e-06,9.9955765755387259e-10,9.2859017860167937e-10,9.2859017860167937e-10,1.019388e+03,1.0000000000000002e-06,2.098342e+07,2.088209e+07,1.160668e+02,1.013250e+05,1.000000e-09,-4.423424e-02,-1.757383e-02,2.5161570930241022e-04,6.2050260911301522e-04
873,4.6668778251811021e-06,4.8351260229142741e-06,4.8359758620494268e-06,9.9955765545398775e-10,9.2859007499253813e-10,9.2859007499253813e-10,1.019388e+03,1.0000000000000002e-06,2.098335e+07,2.088202e+07,1.160668e+02,1.013250e+05,1.000000e-09,-4.423445e-02,-1.757327e-02,2.5161571438283333e-04,6.2050260912216697e-04
874,4.6668778175150626e-06,4.8351260497359103e-06,4.8359758620494268e-06,9.9955765335397511e-10,9.2858997137757560e-10,9.2858997137757560e-10,1.019388e+03,1.0000000000000002e-06,2.098327e+07,2.088195e+07,1.160668e+02,1.013250e+05,1.000000e-09,-4.423466e-02,-1.757272e-02,2.5161571946435767e-04,6.2050260913164897e-04
875,4.6668778098444313e-06,4.8351260765421119e-06,4.8359758620494268e-06,9.9955765125360409e-10,9.2858986775678382e-10,9.2858986775678382e-10,1.019388e+03,1.0000000000000002e-06,2.098320e+07,2.088188e+07,1.160668e+02,1.013250e+05,1.000000e-09,-4.423487e-02,-1.757216e-02,2.5161572454698194e-04,6.2050260914145471e-04
876,4.6668778021691769e-06,4.8351261033253394e-06,4.8359758620494268e-06,9.9955764915276696e-10,9.2858976413015288e-10,9.2858976413015288e-10,1.019388e+03,1.0000000000000002e-06,2.098313e+07,2.088180e+07,1.160668e+02,1.013250e+05,1.000000e-09,-4.423508e-02,-1.757161e-02,2.5161572963070498e-04,6.2050260915157737e-04
877,4.6668777944892588e-06,4.8351261300852702e-06,4.8359758620494268e-06,9.9955764705144490e-10,9.2858966049767449e-10,9.2858966049767449e-10,1.019388e+03,1.0000000000000002e-06,2.098306e+07,2.088173e+07,1.160668e+02,1.013250e+05,1.000000e-09,-4.423529e-02,-1.757105e-02,2.5161573471552340e-04,6.2050260916201086e-04
878,4.6668777868046422e-06,4.8351261568354092e-06,4.8359758620494268e-06,9.9955764494995181e-10,9.2858955685933945e-10,9.2858955685933945e-10,1.019388e+03,1.0000000000000002e-06,2.098299e+07,2.088166e+07,1.160668e+02,1.013250e+05,1.000000e-09,-4.423551e-02,-1.757050e-02,2.5161573980143686e-04,6.2050260917274923e-04
879,4.6668777791152855e-06,4.8351261835647502e-06,4.8359758620494268e-06,9.9955764284795001e-10,9.2858945321513981e-10,9.2858945321513981e-10,1.019388e+03,1.0000000000000002e-06,2.098291e+07,2.088159e+07,1.160668e+02,1.013250e+05,1.000000e-09,-4.423572e-02,-1.756995e-02,2.5161574488844428e-04,6.2050260918378576e-04
880,4.6668777714211559e-06,4.8351262102751041e-06,4.8359758620494268e-06,9.9955764074563678e-10,9.2858934956506667e-10,9.2858934956506667e-10,1.019388e+03,1.0000000000000002e-06,2.098284e+07,2.088152e+07,1.160668e+02,1.013250e+05,1.000000e-09,-4.423593e-02,-1.756940e-02,2.5161574997654371e-04,6.2050260919511492e-04
881,4.6668777637222303e-06,4.8351262369697989e-06,4.8359758620494268e-06,9.9955763864294780e-10,9.2858924590911279e-10,9.2858924590911279e-10,1.019388e+03,1.0000000000000002e-06,2.098277e+07,2.088145e+07,1.160667e+02,1.013250e+05,1.000000e-09,-4.423614e-02,-1.756884e-02,2.5161575506573325e-04,6.2050260920673084e-04
882,4.6668777560184741e-06,4.8351262636503644e-06,4.8359758620494268e-06,9.9955763654004458e-10,9.2858914224726908e-10,9.2858914224726908e-10,1.019388e+03,1.0000000000000002e-06,2.098270e+07,2.088137e+07,1.160667e+02,1.013250e+05,1.000000e-09,-4.423635e-02,-1.756829e-02,2.5161576015601198e-04,6.2050260921862779e-04
883,4.6668777483098492e-06,4.8351262903150412e-06,4.8359758620494268e-06,9.9955763443680552e-10,9.2858903857952839e-10,9.2858903857952839e-10,1.019388e+03,1.0000000000000002e-06,2.098263e+07,2.088130e+07,1.160667e+02,1.013250e+05,1.000000e-09,-4.423656e-02,-1.756774e-02,2.5161576524737844e-04,6.2050260923079991e-04
884,4.6668777405963251e-06,4.8351263169595848e-06,4.8359758620494268e-06,9.9955763233315846e-10,9.2858893490588288e-10,9.2858893490588288e-10,1.019388e+03,1.0000000000000002e-06,2.098255e+07,2.088123e+07,1.160667e+02,1.013250e+05,1.000000e-09,-4.423677e-02,-1.756719e-02,2.5161577033983159e-04,6.2050260924324200e-04
885,4.6668777328778737e-06,4.8351263435905336e-06,4.8359758620494268e-06,9.9955763022913813e-10,9.2858883122632478e-10,9.2858883122632478e-10,1.019388e+03,1.0000000000000002e-06,2.098248e+07,2.088116e+07,1.160667e+02,1.013250e+05,1.000000e-09,-4.423698e-02,-1.756664e-02,2.5161577543336971e-04,6.2050260925594852e-04
886,4.6668777251544570e-06,4.8351263702115154e-06,4.8359758620494268e-06,9.9955762812498131e-10,9.2858872754084738e-10,9.2858872754084738e-10,1.019388e+03,1.0000000000000002e-06,2.098241e+07,2.088109e+07,1.160667e+02,1.013250e+05,1.000000e-09,-4.423719e-02,-1.756609e-02,2.5161578052799180e-04,6.2050260926891406e-04
887,4.6668777174260573e-06,4.8351263968131111e-06,4.8359758620494268e-06,9.9955762602046757e-10,9.2858862384944282e-10,9.2858862384944282e-10,1.019388e+03,1.0000000000000002e-06,2.098234e+07,2.088101e+07,1.160667e+02,1.013250e+05,1.000000e-09,-4.423740e-02,-1.756554e-02,2.5161578562369626e-04,6.2050260928213374e-04
888,4.6668777096926346e-06,4.8351264233981761e-06,4.8359758620494268e-06,9.9955762391560972e-10,9.2858852015210416e-10,9.2858852015210416e-10,1.019388e+03,1.0000000000000002e-06,2.098227e+07,2.088094e+07,1.160667e+02,1.013250e+05,1.000000e-09,-4.423761e-02,-1.756499e-02,2.5161579072048178e-04,6.2050260929560235e-04
889,4.6668777019541755e-06,4.8351264499696547e-06,4.8359758620494268e-06,9.9955762181042431e-10,9.2858841644882439e-10,9.2858841644882439e-10,1.019388e+03,1.0000000000000002e-06,2.098219e+07,2.088087e+07,1.160667e+02,1.013250e+05,1.000000e-09,-4.423782e-02,-1.756444e-02,2.5161579581834732e-04,6.2050260930931480e-04
890,4.6668776942106291e-06,4.8351264765277062e-06,4.8359758620494268e-06,9.9955761970494546e-10,9.2858831273959677e-10,9.2858831273959677e-10,1.019388e+03,1.0000000000000002e-06,2.098212e+07,2.088080e+07,1.160667e+02,1.013250e+05,1.000000e-09,-4.423803e-02,-1.756389e-02,2.5161580091729208e-04,6.2050260932326642e-04
891,4.6668776864619937e-06,4.8351265030791779e-06,4.8359758620494268e-06,9.9955761759947756e-10,9.2858820902441469e-10,9.2858820902441469e-10,1.019388e+03,1.0000000000000002e-06,2.098205e+07,2.088073e+07,1.160667e+02,1.013250e+05,1.000000e-09,-4.423824e-02,-1.756334e-02,2.5161580601731480e-04,6.2050260933745223e-04
892,4.6668776787082270e-06,4.8351265296080982e-06,4.8359758620494268e-06,9.9955761549339714e-10,9.2858810530327154e-10,9.2858810530327154e-10,1.019388e+03,1.0000000000000002e-06,2.098198e+07,2.088065e+07,1.160667e+02,1.013250e+05,1.000000e-09,-4.423845e-02,-1.756279e-02,2.5161581111841360e-04,6.2050260935186756e-04
893,4.6668776709493002e-06,4.8351265561267024e-06,4.8359758620494268e-06,9.9955761338712854e-10,9.2858800157616069e-10,9.2858800157616069e-10,1.019388e+03,1.0000000000000002e-06,2.098191e+07,2.088058e+07,1.160667e+02,1.013250e+05,1.000000e-09,-4.423866e-02,-1.756224e-02,2.5161581622058717e-04,6.2050260936650798e-04
894,4.6668776631851988e-06,4.8351265826333076e-06,4.8359758620494268e-06,9.9955761128059461e-10,9.2858789784307625e-10,9.2858789784307625e-10,1.019388e+03,1.0000000000000002e-06,2.098184e+07,2.088051e+07,1.160667e+02,1.013250e+05,1.000000e-09,-4.423887e-02,-1.756170e-02,2.5161582132383594e-04,6.2050260938136914e-04
895,4.6668776554158941e-06,4.8351266091259089e-06,4.8359758620494268e-06,9.9955760917381853e-10,9.2858779410401171e-10,9.2858779410401171e-10,1.019388e+03,1.0000000000000002e-06,2.098176e+07,2.088044e+07,1.160667e+02,1.013250e+05,1.000000e-09,-4.423908e-02,-1.756115e-02,2.5161582642815796e-04,6.2050260939644605e-04
896,4.6668776476413582e-06,4.8351266356067439e-06,4.8359758620494268e-06,9.9955760706681436e-10,9.2858769035896117e-10,9.2858769035896117e-10,1.019388e+03,1.0000000000000002e-06,2.098169e+07,2.088037e+07,1.160667e+02,1.013250e+05,1.000000e-09,-4.423929e-02,-1.756060e-02,2.5161583153355144e-04,6.2050260941173504e-04
897,4.6668776398615706e-06,4.8351266620782218e-06,4.8359758620494268e-06,9.9955760495955830e-10,9.2858758660791844e-10,9.2858758660791844e-10,1.019388e+03,1.0000000000000002e-06,2.098162e+07,2.088029e+07,1.160667e+02,1.013250e+05,1.000000e-09,-4.423950e-02,-1.756005e-02,2.5161583664001661e-04,6.2050260942723143e-04
898,4.6668776320765094e-06,4.8351266885300282e-06,4.8359758620494268e-06,9.9955760285186922e-10,9.2858748285087812e-10,9.2858748285087812e-10,1.019388e+03,1.0000000000000002e-06,2.098155e+07,2.088022e+07,1.160667e+02,1.013250e+05,1.000000e-09,-4.423971e-02,-1.755951e-02,2.5161584174755177e-04,6.2050260944293122e-04
899,4.6668776242861399e-06,4.8351267149820134e-06,4.8359758620494268e-06,9.9955760074434868e-10,9.2858737908783424e-10,9.2858737908783424e-10,1.019388e+03,1.0000000000000002e-06,2.098148e+07,2.088015e+07,1.160667e+02,1.013250e+05,1.000000e-09,-4.423993e-02,-1.755896e-02,2.5161584685615574e-04,6.2050260945883040e-04
900,4.6668776164904442e-06,4.8351267414174704e-06,4.8359758620494268e-06,9.9955759863632666e-10,9.2858727531878120e-10,9.2858727531878120e-10,1.019388e+03,1.0000000000000002e-06,2.098140e+07,2.088008e+07,1.160667e+02,1.013250e+05,1.000000e-09,-4.424014e-02,-1.755841e-02,2.5161585196582824e-04,6.2050260947492494e-04
901,4.6668776086894139e-06,4.8351267678379052e-06,4.8359758620494268e-06,9.9955759652799424e-10,9.2858717154371341e-10,9.2858717154371341e-10,1.019388e+03,1.0000000000000002e-06,2.098133e+07,2.088001e+07,1.160667e+02,1.013250e+05,1.000000e-09,-4.424035e-02,-1.755787e-02,2.5161585707656809e-04,6.2050260949121085e-04
902,4.6668776008830067e-06,4.8351267942512843e-06,4.8359758620494268e-06,9.9955759441959006e-10,9.2858706776262582e-10,9.2858706776262582e-10,1.019388e+03,1.0000000000000002e-06,2.098126e+07,2.087993e+07,1.160667e+02,1.013250e+05,1.000000e-09,-4.424056e-02,-1.755732e-02,2.5161586218837393e-04,6.2050260950768455e-04
903,4.6668775930712165e-06,4.8351268206527685e-06,4.8359758620494268e-06,9.9955759231084198e-10,9.2858696397551253e-10,9.2858696397551253e-10,1.019388e+03,1.0000000000000002e-06,2.098119e+07,2.087986e+07,1.160667e+02,1.013250e+05,1.000000e-09,-4.424077e-02,-1.755677e-02,2.5161586730124553e-04,6.2050260952434190e-04
904,4.6668775852540070e-06,4.8351268470432878e-06,4.8359758620494268e-06,9.9955759020192391e-10,9.2858686018236930e-10,9.2858686018236930e-10,1.019388e+03,1.0000000000000002e-06,2.098112e+07,2.087979e+07,1.160667e+02,1.013250e+05,1.000000e-09,-4.424098e-02,-1.755623e-02,2.5161587241518128e-04,6.2050260954117978e-04
905,4.6668775774313740e-06,4.8351268734265591e-06,4.8359758620494268e-06,9.9955758809284083e-10,9.2858675638319045e-10,9.2858675638319045e-10,1.019388e+03,1.0000000000000002e-06,2.098104e+07,2.087972e+07,1.160667e+02,1.013250e+05,1.000000e-09,-4.424119e-02,-1.755568e-02,2.5161587753018085e-04,6.2050260955819417e-04
906,4.6668775696032861e-06,4.8351268997968563e-06,4.8359758620494268e-06,9.9955758598348208e-10,9.2858665257797110e-10,9.2858665257797110e-10,1.019388e+03,1.0000000000000002e-06,2.098097e+07,2.087965e+07,1.160667e+02,1.013250e+05,1.000000e-09,-4.424140e-02,-1.755514e-02,2.5161588264624224e-04,6.2050260957538159e-04
907,4.6668775617697365e-06,4.8351269261653156e-06,4.8359758620494268e-06,9.9955758387409170e-10,9.2858654876670610e-10,9.2858654876670610e-10,1.019388e+03,1.0000000000000002e-06,2.098090e+07,2.087957e+07,1.160667e+02,1.013250e+05,1.000000e-09,-4.424161e-02,-1.755459e-02,2.5161588776336668e-04,6.2050260959273847e-04
908,4.6668775539306905e-06,4.8351269525140753e-06,4.8359758620494268e-06,9.9955758176426580e-10,9.2858644494939110e-10,9.2858644494939110e-10,1.019388e+03,1.0000000000000002e-06,2.098083e+07,2.087950e+07,1.160667e+02,1.013250e+05,1.000000e-09,-4.424182e-02,-1.755405e-02,2.5161589288155196e-04,6.2050260961026178e-04
909,4.6668775460861448e-06,4.8351269788550678e-06,4.8359758620494268e-06,9.9955757965428564e-10,9.2858634112602104e-10,9.2858634112602104e-10,1.019388e+03,1.0000000000000002e-06,2.098076e+07,2.087943e+07,1.160667e+02,1.013250e+05,1.000000e-09,-4.424203e-02,-1.755350e-02,2.5161589800079738e-04,6.2050260962794794e-04
910,4.6668775382360636e-06,4.8351270051856960e-06,4.8359758620494268e-06,9.9955757754401989e-10,9.2858623729659188e-10,9.2858623729659188e-10,1.019388e+03,1.0000000000000002e-06,2.098068e+07,2.087936e+07,1.160667e+02,1.013250e+05,1.000000e-09,-4.424225e-02,-1.755296e-02,2.5161590312110233e-04,6.2050260964579380e-04
911,4.6668775303804412e-06,4.8351270315134146e-06,4.8359758620494268e-06,9.9955757543374690e-10,9.2858613346109855e-10,9.2858613346109855e-10,1.019388e+03,1.0000000000000002e-06,2.098061e+07,2.087929e+07,1.160667e+02,1.013250e+05,1.000000e-09,-4.424246e-02,-1.755241e-02,2.5161590824246551e-04,6.2050260966379622e-04
912,4.6668775225192546e-06,4.8351270578311950e-06,4.8359758620494268e-06,9.9955757332332399e-10,9.2858602961953692e-10,9.2858602961953692e-10,1.019388e+03,1.0000000000000002e-06,2.098054e+07,2.087921e+07,1.160667e+02,1.013250e+05,1.000000e-09,-4.424267e-02,-1.755187e-02,2.5161591336488758e-04,6.2050260968195183e-04
913,4.6668775146524929e-06,4.8351270841391041e-06,4.8359758620494268e-06,9.9955757121264031e-10,9.2858592577190265e-10,9.2858592577190265e-10,1.019388e+03,1.0000000000000002e-06,2.098047e+07,2.087914e+07,1.160667e+02,1.013250e+05,1.000000e-09,-4.424288e-02,-1.755133e-02,2.5161591848836605e-04,6.2050260970025783e-04
914,4.6668775067801246e-06,4.8351271104366793e-06,4.8359758620494268e-06,9.9955756910170537e-10,9.2858582191819140e-10,9.2858582191819140e-10,1.019388e+03,1.0000000000000002e-06,2.098040e+07,2.087907e+07,1.160666e+02,1.013250e+05,1.000000e-09,-4.424309e-02,-1.755078e-02,2.5161592361290221e-04,6.2050260971871106e-04
915,4.6668774989021533e-06,4.8351271367249338e-06,4.8359758620494268e-06,9.9955756699057046e-10,9.2858571805839933e-10,9.2858571805839933e-10,1.019388e+03,1.0000000000000002e-06,2.098032e+07,2.087900e+07,1.160666e+02,1.013250e+05,1.000000e-09,-4.424330e-02,-1.755024e-02,2.5161592873849280e-04,6.2050260973730881e-04
916,4.6668774910185525e-06,4.8351271630099518e-06,4.8359758620494268e-06,9.9955756487936503e-10,9.2858561419252170e-10,9.2858561419252170e-10,1.019388e+03,1.0000000000000002e-06,2.098025e+07,2.087893e+07,1.160666e+02,1.013250e+05,1.000000e-09,-4.424351e-02,-1.754970e-02,2.5161593386513963e-04,6.2050260975604773e-04
917,4.6668774831292961e-06,4.8351271892863733e-06,4.8359758620494268e-06,9.9955756276802560e-10,9.2858551032055487e-10,9.2858551032055487e-10,1.019388e+03,1.0000000000000002e-06,2.098018e+07,2.087885e+07,1.160666e+02,1.013250e+05,1.000000e-09,-4.424372e-02,-1.754915e-02,2.5161593899284047e-04,6.2050260977492542e-04
918,4.6668774752343900e-06,4.8351272155510185e-06,4.8359758620494268e-06,9.9955756065632697e-10,9.2858540644249494e-10,9.2858540644249494e-10,1.019388e+03,1.0000000000000002e-06,2.098011e+07,2.087878e+07,1.160666e+02,1.013250e+05,1.000000e-09,-4.424393e-02,-1.754861e-02,2.5161594412159493e-04,6.2050260979393907e-04
919,4.6668774673337876e-06,4.8351272418150775e-06,4.8359758620494268e-06,9.9955755854466287e-10,9.2858530255833816e-10,9.2858530255833816e-10,1.019388e+03,1.0000000000000002e-06,2.098004e+07,2.087871e+07,1.160666e+02,1.013250e+05,1.000000e-09,-4.424415e-02,-1.754807e-02,2.5161594925140226e-04,6.2050260981308565e-04
920,4.6668774594275024e-06,4.8351272680645201e-06,4.8359758620494268e-06,9.9955755643265736e-10,9.2858519866808051e-10,9.2858519866808051e-10,1.019388e+03,1.0000000000000002e-06,2.097996e+07,2.087864e+07,1.160666e+02,1.013250e+05,1.000000e-09,-4.424436e-02,-1.754752e-02,2.5161595438226246e-04,6.2050260983236287e-04
921,4.6668774515155134e-06,4.8351272943070264e-06,4.8359758620494268e-06,9.9955755432054203e-10,9.2858509477171838e-10,9.2858509477171838e-10,1.019388e+03,1.0000000000000002e-06,2.097989e+07,2.087857e+07,1.160666e+02,1.013250e+05,1.000000e-09,-4.424457e-02,-1.754698e-02,2.5161595951417483e-04,6.2050260985176803e-04
922,4.6668774435977924e-06,4.8351273205427267e-06,4.8359758620494268e-06,9.9955755220823790e-10,9.2858499086924803e-10,9.2858499086924803e-10,1.019388e+03,1.0000000000000002e-06,2.097982e+07,2.087849e+07,1.160666e+02,1.013250e+05,1.000000e-09,-4.424478e-02,-1.754644e-02,2.5161596464713817e-04,6.2050260987129863e-04
923,4.6668774356743464e-06,4.8351273467770049e-06,4.8359758620494268e-06,9.9955755009587401e-10,9.2858488696066627e-10,9.2858488696066627e-10,1.019388e+03,1.0000000000000002e-06,2.097975e+07,2.087842e+07,1.160666e+02,1.013250e+05,1.000000e-09,-4.424499e-02,-1.754590e-02,2.5161596978115204e-04,6.2050260989095197e-04
924,4.6668774277451414e-06,4.8351273729992349e-06,4.8359758620494268e-06,9.9955754798337942e-10,9.2858478304596916e-10,9.2858478304596916e-10,1.019388e+03,1.0000000000000002e-06,2.097968e+07,2.087835e+07,1.160666e+02,1.013250e+05,1.000000e-09,-4.424520e-02,-1.754535e-02,2.5161597491621613e-04,6.2050260991072543e-04
925,4.6668774198101799e-06,4.8351273992204747e-06,4.8359758620494268e-06,9.9955754587080109e-10,9.2858467912515360e-10,9.2858467912515360e-10,1.019388e+03,1.0000000000000002e-06,2.097960e+07,2.087828e+07,1.160666e+02,1.013250e+05,1.000000e-09,-4.424541e-02,-1.754481e-02,2.5161598005232966e-04,6.2050260993061718e-04
926,4.6668774118694383e-06,4.8351274254325115e-06,4.8359758620494268e-06,9.9955754375789291e-10,9.2858457519821566e-10,9.2858457519821566e-10,1.019388e+03,1.0000000000000002e-06,2.097953e+07,2.087821e+07,1.160666e+02,1.013250e+05,1.000000e-09,-4.424562e-02,-1.754427e-02,2.5161598518949217e-04,6.2050260995062450e-04
927,4.6668774039229140e-06,4.8351274516375475e-06,4.8359758620494268e-06,9.9955754164488774e-10,9.2858447126515276e-10,9.2858447126515276e-10,1.019388e+03,1.0000000000000002e-06,2.097946e+07,2.087813e+07,1.160666e+02,1.013250e+05,1.000000e-09,-4.424584e-02,-1.754373e-02,2.5161599032770304e-04,6.2050260997074513e-04
928,4.6668773959705714e-06,4.8351274778299230e-06,4.8359758620494268e-06,9.9955753953166296e-10,9.2858436732596128e-10,9.2858436732596128e-10,1.019388e+03,1.0000000000000002e-06,2.097939e+07,2.087806e+07,1.160666e+02,1.013250e+05,1.000000e-09,-4.424605e-02,-1.754319e-02,2.5161599546696218e-04,6.2050260999097677e-04
929,4.6668773880124199e-06,4.8351275040285403e-06,4.8359758620494268e-06,9.9955753741855874e-10,9.2858426338063812e-10,9.2858426338063812e-10,1.019388e+03,1.0000000000000002e-06,2.097931e+07,2.087799e+07,1.160666e+02,1.013250e+05,1.000000e-09,-4.424626e-02,-1.754264e-02,2.5161600060726800e-04,6.2050261001131727e-04
930,4.6668773800484425e-06,4.8351275302129316e-06,4.8359758620494268e-06,9.9955753530510070e-10,9.2858415942918038e-10,9.2858415942918038e-10,1.019388e+03,1.0000000000000002e-06,2.097924e+07,2.087792e+07,1.160666e+02,1.013250e+05,1.000000e-09,-4.424647e-02,-1.754210e-02,2.5161600574862041e-04,6.2050261003176424e-04
931,4.6668773720786324e-06,4.8351275563932538e-06,4.8359758620494268e-06,9.9955753319152561e-10,9.2858405547158454e-10,9.2858405547158454e-10,1.019388e+03,1.0000000000000002e-06,2.097917e+07,2.087785e+07,1.160666e+02,1.013250e+05,1.000000e-09,-4.424668e-02,-1.754156e-02,2.5161601089101988e-04,6.2050261005231584e-04
932,4.6668773641029575e-06,4.8351275825675781e-06,4.8359758620494268e-06,9.9955753107787772e-10,9.2858395150784834e-10,9.2858395150784834e-10,1.019388e+03,1.0000000000000002e-06,2.097910e+07,2.087777e+07,1.160666e+02,1.013250e+05,1.000000e-09,-4.424689e-02,-1.754102e-02,2.5161601603446474e-04,6.2050261007297010e-04
933,4.6668773561214211e-06,4.8351276087399238e-06,4.8359758620494268e-06,9.9955752896415374e-10,9.2858384753796763e-10,9.2858384753796763e-10,1.019388e+03,1.0000000000000002e-06,2.097903e+07,2.087770e+07,1.160666e+02,1.013250e+05,1.000000e-09,-4.424710e-02,-1.754048e-02,2.5161602117895488e-04,6.2050261009372455e-04
934,4.6668773481340164e-06,4.8351276349002577e-06,4.8359758620494268e-06,9.9955752685015658e-10,9.2858374356194056e-10,9.2858374356194056e-10,1.019388e+03,1.0000000000000002e-06,2.097895e+07,2.087763e+07,1.160666e+02,1.013250e+05,1.000000e-09,-4.424731e-02,-1.753994e-02,2.5161602632449052e-04,6.2050261011457756e-04
935,4.6668773401407283e-06,4.8351276610604578e-06,4.8359758620494268e-06,9.9955752473614639e-10,9.2858363957976391e-10,9.2858363957976391e-10,1.019388e+03,1.0000000000000002e-06,2.097888e+07,2.087756e+07,1.160666e+02,1.013250e+05,1.000000e-09,-4.424753e-02,-1.753940e-02,2.5161603147107002e-04,6.2050261013552683e-04
936,4.6668773321415363e-06,4.8351276872155909e-06,4.8359758620494268e-06,9.9955752262202805e-10,9.2858353559143532e-10,9.2858353559143532e-10,1.019388e+03,1.0000000000000002e-06,2.097881e+07,2.087748e+07,1.160666e+02,1.013250e+05,1.000000e-09,-4.424774e-02,-1.753886e-02,2.5161603661869362e-04,6.2050261015657077e-04
937,4.6668773241364473e-06,4.8351277133650633e-06,4.8359758620494268e-06,9.9955752050772814e-10,9.2858343159695147e-10,9.2858343159695147e-10,1.019388e+03,1.0000000000000002e-06,2.097874e+07,2.087741e+07,1.160666e+02,1.013250e+05,1.000000e-09,-4.424795e-02,-1.753832e-02,2.5161604176736075e-04,6.2050261017770740e-04
938,4.6668773161254266e-06,4.8351277395036488e-06,4.8359758620494268e-06,9.9955751839320241e-10,9.2858332759631008e-10,9.2858332759631008e-10,1.019388e+03,1.0000000000000002e-06,2.097867e+07,2.087734e+07,1.160666e+02,1.013250e+05,1.000000e-09,-4.424816e-02,-1.753777e-02,2.5161604691707062e-04,6.2050261019893466e-04
939,4.6668773081084859e-06,4.8351277656427298e-06,4.8359758620494268e-06,9.9955751627872280e-10,9.2858322358950869e-10,9.2858322358950869e-10,1.019388e+03,1.0000000000000002e-06,2.097859e+07,2.087727e+07,1.160666e+02,1.013250e+05,1.000000e-09,-4.424837e-02,-1.753723e-02,2.5161605206782404e-04,6.2050261022025084e-04
940,4.6668773000855990e-06,4.8351277917737597e-06,4.8359758620494268e-06,9.9955751416402543e-10,9.2858311957654428e-10,9.2858311957654428e-10,1.019388e+03,1.0000000000000002e-06,2.097852e+07,2.087720e+07,1.160666e+02,1.013250e+05,1.000000e-09,-4.424858e-02,-1.753669e-02,2.5161605721961845e-04,6.2050261024165418e-04
941,4.6668772920567761e-06,4.8351278179044847e-06,4.8359758620494268e-06,9.9955751204930448e-10,9.2858301555741479e-10,9.2858301555741479e-10,1.019388e+03,1.0000000000000002e-06,2.097845e+07,2.087712e+07,1.160666e+02,1.013250e+05,1.000000e-09,-4.424880e-02,-1.753615e-02,2.5161606237245591e-04,6.2050261026314318e-04
942,4.6668772840219910e-06,4.8351278440247523e-06,4.8359758620494268e-06,9.9955750993430933e-10,9.2858291153211722e-10,9.2858291153211722e-10,1.019388e+03,1.0000000000000002e-06,2.097838e+07,2.087705e+07,1.160666e+02,1.013250e+05,1.000000e-09,-4.424901e-02,-1.753561e-02,2.5161606752633470e-04,6.2050261028471587e-04
943,4.6668772759812284e-06,4.8351278701486638e-06,4.8359758620494268e-06,9.9955750781944921e-10,9.2858280750064929e-10,9.2858280750064929e-10,1.019388e+03,1.0000000000000002e-06,2.097831e+07,2.087698e+07,1.160666e+02,1.013250e+05,1.000000e-09,-4.424922e-02,-1.753507e-02,2.5161607268125416e-04,6.2050261030637064e-04
944,4.6668772679345094e-06,4.8351278962607600e-06,4.8359758620494268e-06,9.9955750570424582e-10,9.2858270346300905e-10,9.2858270346300905e-10,1.019388e+03,1.0000000000000002e-06,2.097823e+07,2.087691e+07,1.160666e+02,1.013250e+05,1.000000e-09,-4.424943e-02,-1.753453e-02,2.5161607783721380e-04,6.2050261032810586e-04
945,4.6668772598817909e-06,4.8351279223787956e-06,4.8359758620494268e-06,9.9955750358931953e-10,9.2858259941919380e-10,9.2858259941919380e-10,1.019388e+03,1.0000000000000002e-06,2.097816e+07,2.087684e+07,1.160666e+02,1.013250e+05,1.000000e-09,-4.424964e-02,-1.753399e-02,2.5161608299421493e-04,6.2050261034991968e-04
946,4.6668772518230881e-06,4.8351279484815813e-06,4.8359758620494268e-06,9.9955750147384895e-10,9.2858249536920117e-10,9.2858249536920117e-10,1.019388e+03,1.0000000000000002e-06,2.097809e+07,2.087676e+07,1.160666e+02,1.013250e+05,1.000000e-09,-4.424985e-02,-1.753345e-02,2.5161608815225451e-04,6.2050261037181103e-04
947,4.6668772437583722e-06,4.8351279745858246e-06,4.8359758620494268e-06,9.9955749935848156e-10,9.2858239131302919e-10,9.2858239131302919e-10,1.019388e+03,1.0000000000000002e-06,2.097802e+07,2.087669e+07,1.160665e+02,1.013250e+05,1.000000e-09,-4.425006e-02,-1.753291e-02,2.5161609331133541e-04,6.2050261039377805e-04
948,4.6668772356876551e-06,4.8351280006812267e-06,4.8359758620494268e-06,9.9955749724297666e-10,9.2858228725067537e-10,9.2858228725067537e-10,1.019388e+03,1.0000000000000002e-06,2.097794e+07,2.087662e+07,1.160665e+02,1.013250e+05,1.000000e-09,-4.425028e-02,-1.753237e-02,2.5161609847145476e-04,6.2050261041581923e-04
949,4.6668772276109062e-06,4.8351280267780611e-06,4.8359758620494268e-06,9.9955749512736464e-10,9.2858218318213797e-10,9.2858218318213797e-10,1.019388e+03,1.0000000000000002e-06,2.097787e+07,2.087655e+07,1.160665e+02,1.013250e+05,1.000000e-09,-4.425049e-02,-1.753183e-02,2.5161610363261299e-04,6.2050261043793326e-04
950,4.6668772195281375e-06,4.8351280528692754e-06,4.8359758620494268e-06,9.9955749301176978e-10,9.2858207910741429e-10,9.2858207910741429e-10,1.019388e+03,1.0000000000000002e-06,2.097780e+07,2.087647e+07,1.160665e+02,1.013250e+05,1.000000e-09,-4.425070e-02,-1.753129e-02,2.5161610879480983e-04,6.2050261046011853e-04
951,4.6668772114393337e-06,4.8351280789542454e-06,4.8359758620494268e-06,9.9955749089584963e-10,9.2858197502650268e-10,9.2858197502650268e-10,1.019388e+03,1.0000000000000002e-06,2.097773e+07,2.087640e+07,1.160665e+02,1.013250e+05,1.000000e-09,-4.425091e-02,-1.753076e-02,2.5161611395804490e-04,6.2050261048237363e-04
952,4.6668772033444880e-06,4.8351281050394136e-06,4.8359758620494268e-06,9.9955748878004901e-10,9.2858187093940118e-10,9.2858187093940118e-10,1.019388e+03,1.0000000000000002e-06,2.097766e+07,2.087633e+07,1.160665e+02,1.013250e+05,1.000000e-09,-4.425112e-02,-1.753022e-02,2.5161611912231761e-04,6.2050261050469724e-04
953,4.6668771952435869e-06,4.8351281311168645e-06,4.8359758620494268e-06,9.9955748666403166e-10,9.2858176684610771e-10,9.2858176684610771e-10,1.019388e+03,1.0000000000000002e-06,2.097758e+07,2.087626e+07,1.160665e+02,1.013250e+05,1.000000e-09,-4.425133e-02,-1.752968e-02,2.5161612428762823e-04,6.2050261052708764e-04
954,4.6668771871366252e-06,4.8351281571972190e-06,4.8359758620494268e-06,9.9955748454799819e-10,9.2858166274662000e-10,9.2858166274662000e-10,1.019388e+03,1.0000000000000002e-06,2.097751e+07,2.087619e+07,1.160665e+02,1.013250e+05,1.000000e-09,-4.425155e-02,-1.752914e-02,2.5161612945397632e-04,6.2050261054954407e-04
955,4.6668771790236031e-06,4.8351281832674015e-06,4.8359758620494268e-06,9.9955748243181893e-10,9.2858155864093639e-10,9.2858155864093639e-10,1.019388e+03,1.0000000000000002e-06,2.097744e+07,2.087611e+07,1.160665e+02,1.013250e+05,1.000000e-09,-4.425176e-02,-1.752860e-02,2.5161613462136150e-04,6.2050261057206512e-04
956,4.6668771709045060e-06,4.8351282093423621e-06,4.8359758620494268e-06,9.9955748031574224e-10,9.2858145452905483e-10,9.2858145452905483e-10,1.019388e+03,1.0000000000000002e-06,2.097737e+07,2.087604e+07,1.160665e+02,1.013250e+05,1.000000e-09,-4.425197e-02,-1.752806e-02,2.5161613978978291e-04,6.2050261059464927e-04
957,4.6668771627793306e-06,4.8351282354061105e-06,4.8359758620494268e-06,9.9955747819930675e-10,9.2858135041097376e-10,9.2858135041097376e-10,1.019388e+03,1.0000000000000002e-06,2.097729e+07,2.087597e+07,1.160665e+02,1.013250e+05,1.000000e-09,-4.425218e-02,-1.752752e-02,2.5161614495924130e-04,6.2050261061729532e-04
958,4.6668771546480574e-06,4.8351282614708932e-06,4.8359758620494268e-06,9.9955747608301706e-10,9.2858124628669090e-10,9.2858124628669090e-10,1.019388e+03,1.0000000000000002e-06,2.097722e+07,2.087590e+07,1.160665e+02,1.013250e+05,1.000000e-09,-4.425239e-02,-1.752698e-02,2.5161615012973587e-04,6.2050261064000209e-04
959,4.6668771465106974e-06,4.8351282875286988e-06,4.8359758620494268e-06,9.9955747396643269e-10,9.2858114215620480e-10,9.2858114215620480e-10,1.019388e+03,1.0000000000000002e-06,2.097715e+07,2.087583e+07,1.160665e+02,1.013250e+05,1.000000e-09,-4.425260e-02,-1.752644e-02,2.5161615530126623e-04,6.2050261066276806e-04
960,4.6668771383672354e-06,4.8351283135861063e-06,4.8359758620494268e-06,9.9955747184986403e-10,9.2858103801951361e-10,9.2858103801951361e-10,1.019388e+03,1.0000000000000002e-06,2.097708e+07,2.087575e+07,1.160665e+02,1.013250e+05,1.000000e-09,-4.425282e-02,-1.752590e-02,2.5161616047383254e-04,6.2050261068559247e-04
961,4.6668771302176654e-06,4.8351283396437307e-06,4.8359758620494268e-06,9.9955746973332742e-10,9.2858093387661557e-10,9.2858093387661557e-10,1.019388e+03,1.0000000000000002e-06,2.097701e+07,2.087568e+07,1.160665e+02,1.013250e+05,1.000000e-09,-4.425303e-02,-1.752536e-02,2.5161616564743357e-04,6.2050261070847402e-04
962,4.6668771220619892e-06,4.8351283656896262e-06,4.8359758620494268e-06,9.9955746761641280e-10,9.2858082972750881e-10,9.2858082972750881e-10,1.019388e+03,1.0000000000000002e-06,2.097693e+07,2.087561e+07,1.160665e+02,1.013250e+05,1.000000e-09,-4.425324e-02,-1.752483e-02,2.5161617082207011e-04,6.2050261073141172e-04
963,4.6668771139001924e-06,4.8351283917425098e-06,4.8359758620494268e-06,9.9955746549970497e-10,9.2858072557219220e-10,9.2858072557219220e-10,1.019388e+03,1.0000000000000002e-06,2.097686e+07,2.087554e+07,1.160665e+02,1.013250e+05,1.000000e-09,-4.425345e-02,-1.752429e-02,2.5161617599774169e-04,6.2050261075440418e-04
964,4.6668771057322647e-06,4.8351284177856770e-06,4.8359758620494268e-06,9.9955746338280564e-10,9.2858062141066356e-10,9.2858062141066356e-10,1.019388e+03,1.0000000000000002e-06,2.097679e+07,2.087546e+07,1.160665e+02,1.013250e+05,1.000000e-09,-4.425366e-02,-1.752375e-02,2.5161618117444776e-04,6.2050261077745031e-04
965,4.6668770975582027e-06,4.8351284438298073e-06,4.8359758620494268e-06,9.9955746126586206e-10,9.2858051724292177e-10,9.2858051724292177e-10,1.019388e+03,1.0000000000000002e-06,2.097672e+07,2.087539e+07,1.160665e+02,1.013250e+05,1.000000e-09,-4.425387e-02,-1.752321e-02,2.5161618635218870e-04,6.2050261080054923e-04
966,4.6668770893780066e-06,4.8351284698697660e-06,4.8359758620494268e-06,9.9955745914880082e-10,9.2858041306896465e-10,9.2858041306896465e-10,1.019388e+03,1.0000000000000002e-06,2.097664e+07,2.087532e+07,1.160665e+02,1.013250e+05,1.000000e-09,-4.425409e-02,-1.752267e-02,2.5161619153096283e-04,6.2050261082369988e-04
967,4.6668770811916593e-06,4.8351284959039047e-06,4.8359758620494268e-06,9.9955745703157290e-10,9.2858030888879136e-10,9.2858030888879136e-10,1.019388e+03,1.0000000000000002e-06,2.097657e+07,2.087525e+07,1.160665e+02,1.013250e+05,1.000000e-09,-4.425430e-02,-1.752213e-02,2.5161619671077177e-04,6.2050261084690105e-04
968,4.6668770729991753e-06,4.8351285219465137e-06,4.8359758620494268e-06,9.9955745491465765e-10,9.2858020470239995e-10,9.2858020470239995e-10,1.019388e+03,1.0000000000000002e-06,2.097650e+07,2.087518e+07,1.160665e+02,1.013250e+05,1.000000e-09,-4.425451e-02,-1.752159e-02,2.5161620189161429e-04,6.2050261087015209e-04
969,4.6668770648005223e-06,4.8351285479765993e-06,4.8359758620494268e-06,9.9955745279727319e-10,9.2858010050978929e-10,9.2858010050978929e-10,1.019388e+03,1.0000000000000002e-06,2.097643e+07,2.087510e+07,1.160665e+02,1.013250e+05,1.000000e-09,-4.425472e-02,-1.752106e-02,2.5161620707349011e-04,6.2050261089345148e-04
970,4.6668770565957233e-06,4.8351285740084815e-06,4.8359758620494268e-06,9.9955745068002438e-10,9.2857999631095749e-10,9.2857999631095749e-10,1.019388e+03,1.0000000000000002e-06,2.097636e+07,2.087503e+07,1.160665e+02,1.013250e+05,1.000000e-09,-4.425493e-02,-1.752052e-02,2.5161621225639976e-04,6.2050261091679858e-04
971,4.6668770483847511e-06,4.8351286000329903e-06,4.8359758620494268e-06,9.9955744856256960e-10,9.2857989210590314e-10,9.2857989210590314e-10,1.019388e+03,1.0000000000000002e-06,2.097628e+07,2.087496e+07,1.160665e+02,1.013250e+05,1.000000e-09,-4.425514e-02,-1.751998e-02,2.5161621744034164e-04,6.2050261094019252e-04
972,4.6668770401676150e-06,4.8351286260579921e-06,4.8359758620494268e-06,9.9955744644505217e-10,9.2857978789462528e-10,9.2857978789462528e-10,1.019388e+03,1.0000000000000002e-06,2.097621e+07,2.087489e+07,1.160665e+02,1.013250e+05,1.000000e-09,-4.425536e-02,-1.751944e-02,2.5161622262531713e-04,6.2050261096363221e-04
973,4.6668770319442998e-06,4.8351286520874823e-06,4.8359758620494268e-06,9.9955744432773450e-10,9.2857968367712226e-10,9.2857968367712226e-10,1.019388e+03,1.0000000000000002e-06,2.097614e+07,2.087481e+07,1.160665e+02,1.013250e+05,1.000000e-09,-4.425557e-02,-1.751890e-02,2.5161622781132506e-04,6.2050261098711658e-04
974,4.6668770237148021e-06,4.8351286781031565e-06,4.8359758620494268e-06,9.9955744220997760e-10,9.2857957945339233e-10,9.2857957945339233e-10,1.019388e+03,1.0000000000000002e-06,2.097607e+07,2.087474e+07,1.160665e+02,1.013250e+05,1.000000e-09,-4.425578e-02,-1.751837e-02,2.5161623299836580e-04,6.2050261101064528e-04
975,4.6668770154791279e-06,4.8351287041273739e-06,4.8359758620494268e-06,9.9955744009246078e-10,9.2857947522343498e-10,9.2857947522343498e-10,1.019388e+03,1.0000000000000002e-06,2.097599e+07,2.087467e+07,1.160665e+02,1.013250e+05,1.000000e-09,-4.425599e-02,-1.751783e-02,2.5161623818643897e-04,6.2050261103421681e-04
976,4.6668770072372517e-06,4.8351287301466819e-06,4.8359758620494268e-06,9.9955743797483809e-10,9.2857937098724843e-10,9.2857937098724843e-10,1.019388e+03,1.0000000000000002e-06,2.097592e+07,2.087460e+07,1.160665e+02,1.013250e+05,1.000000e-09,-4.425620e-02,-1.751729e-02,2.5161624337554381e-04,6.2050261105783084e-04
977,4.6668769989891837e-06,4.8351287561598269e-06,4.8359758620494268e-06,9.9955743585702080e-10,9.2857926674483126e-10,9.2857926674483126e-10,1.019388e+03,1.0000000000000002e-06,2.097585e+07,2.087452e+07,1.160665e+02,1.013250e+05,1.000000e-09,-4.425641e-02,-1.751675e-02,2.5161624856568060e-04,6.2050261108148597e-04
978,4.6668769907349162e-06,4.8351287821730591e-06,4.8359758620494268e-06,9.9955743373913982e-10,9.2857916249618251e-10,9.2857916249618251e-10,1.019388e+03,1.0000000000000002e-06,2.097578e+07,2.087445e+07,1.160665e+02,1.013250e+05,1.000000e-09,-4.425663e-02,-1.751621e-02,2.5161625375684965e-04,6.2050261110518196e-04
979,4.6668769824744552e-06,4.8351288081849471e-06,4.8359758620494268e-06,9.9955743162118315e-10,9.2857905824130066e-10,9.2857905824130066e-10,1.019388e+03,1.0000000000000002e-06,2.097571e+07,2.087438e+07,1.160665e+02,1.013250e+05,1.000000e-09,-4.425684e-02,-1.751568e-02,2.5161625894905043e-04,6.2050261112891764e-04
980,4.6668769742077703e-06,4.8351288341890974e-06,4.8359758620494268e-06,9.9955742950314563e-10,9.2857895398018475e-10,9.2857895398018475e-10,1.019388e+03,1.0000000000000002e-06,2.097563e+07,2.087431e+07,1.160664e+02,1.013250e+05,1.000000e-09,-4.425705e-02,-1.751514e-02,2.5161626414228191e-04,6.2050261115269246e-04
981,4.6668769659348791e-06,4.8351288601970196e-06,4.8359758620494268e-06,9.9955742738513106e-10,9.2857884971283335e-10,9.2857884971283335e-10,1.019388e+03,1.0000000000000002e-06,2.097556e+07,2.087424e+07,1.160664e+02,1.013250e+05,1.000000e-09,-4.425726e-02,-1.751460e-02,2.5161626933654512e-04,6.2050261117650523e-04
982,4.6668769576557715e-06,4.8351288862044429e-06,4.8359758620494268e-06,9.9955742526706768e-10,9.2857874543924542e-10,9.2857874543924542e-10,1.019388e+03,1.0000000000000002e-06,2.097549e+07,2.087416e+07,1.160664e+02,1.013250e+05,1.000000e-09,-4.425747e-02,-1.751406e-02,2.5161627453184016e-04,6.2050261120035583e-04
983,4.6668769493704417e-06,4.8351289122137745e-06,4.8359758620494268e-06,9.9955742314909696e-10,9.2857864115942014e-10,9.2857864115942014e-10,1.019388e+03,1.0000000000000002e-06,2.097542e+07,2.087409e+07,1.160664e+02,1.013250e+05,1.000000e-09,-4.425769e-02,-1.751352e-02,2.5161627972816551e-04,6.2050261122424276e-04
984,4.6668769410788895e-06,4.8351289382147900e-06,4.8359758620494268e-06,9.9955742103093515e-10,9.2857853687335564e-10,9.2857853687335564e-10,1.019388e+03,1.0000000000000002e-06,2.097534e+07,2.087402e+07,1.160664e+02,1.013250e+05,1.000000e-09,-4.425790e-02,-1.751299e-02,2.5161628492552141e-04,6.2050261124816579e-04
985,4.6668769327811100e-06,4.8351289642121946e-06,4.8359758620494268e-06,9.9955741891257233e-10,9.2857843258105192e-10,9.2857843258105192e-10,1.019388e+03,1.0000000000000002e-06,2.097527e+07,2.087395e+07,1.160664e+02,1.013250e+05,1.000000e-09,-4.425811e-02,-1.751245e-02,2.5161629012390886e-04,6.2050261127212405e-04
986,4.6668769244770937e-06,4.8351289902145729e-06,4.8359758620494268e-06,9.9955741679436462e-10,9.2857832828250651e-10,9.2857832828250651e-10,1.019388e+03,1.0000000000000002e-06,2.097520e+07,2.087387e+07,1.160664e+02,1.013250e+05,1.000000e-09,-4.425832e-02,-1.751191e-02,2.5161629532332604e-04,6.2050261129611712e-04
987,4.6668769161668433e-06,4.8351290162120182e-06,4.8359758620494268e-06,9.9955741467599912e-10,9.2857822397771908e-10,9.2857822397771908e-10,1.019388e+03,1.0000000000000002e-06,2.097513e+07,2.087380e+07,1.160664e+02,1.013250e+05,1.000000e-09,-4.425853e-02,-1.751137e-02,2.5161630052377429e-04,6.2050261132014391e-04
988,4.6668769078503520e-06,4.8351290422071493e-06,4.8359758620494268e-06,9.9955741255758543e-10,9.2857811966668883e-10,9.2857811966668883e-10,1.019388e+03,1.0000000000000002e-06,2.097505e+07,2.087373e+07,1.160664e+02,1.013250e+05,1.000000e-09,-4.425874e-02,-1.751084e-02,2.5161630572525281e-04,6.2050261134420398e-04
989,4.6668768995276248e-06,4.8351290681999977e-06,4.8359758620494268e-06,9.9955741043906111e-10,9.2857801534941449e-10,9.2857801534941449e-10,1.019388e+03,1.0000000000000002e-06,2.097498e+07,2.087366e+07,1.160664e+02,1.013250e+05,1.000000e-09,-4.425896e-02,-1.751030e-02,2.5161631092776126e-04,6.2050261136829647e-04
990,4.6668768911986388e-06,4.8351290941930112e-06,4.8359758620494268e-06,9.9955740832053679e-10,9.2857791102589453e-10,9.2857791102589453e-10,1.019388e+03,1.0000000000000002e-06,2.097491e+07,2.087358e+07,1.160664e+02,1.013250e+05,1.000000e-09,-4.425917e-02,-1.750976e-02,2.5161631613129982e-04,6.2050261139242095e-04
991,4.6668768828634103e-06,4.8351291201821047e-06,4.8359758620494268e-06,9.9955740620191135e-10,9.2857780669612873e-10,9.2857780669612873e-10,1.019388e+03,1.0000000000000002e-06,2.097484e+07,2.087351e+07,1.160664e+02,1.013250e+05,1.000000e-09,-4.425938e-02,-1.750922e-02,2.5161632133586842e-04,6.2050261141657643e-04
992,4.6668768745219179e-06,4.8351291461722257e-06,4.8359758620494268e-06,9.9955740408330762e-10,9.2857770236011576e-10,9.2857770236011576e-10,1.019388e+03,1.0000000000000002e-06,2.097477e+07,2.087344e+07,1.160664e+02,1.013250e+05,1.000000e-09,-4.425959e-02,-1.750869e-02,2.5161632654146626e-04,6.2050261144076292e-04
993,4.6668768661741727e-06,4.8351291721635485e-06,4.8359758620494268e-06,9.9955740196469955e-10,9.2857759801785468e-10,9.2857759801785468e-10,1.019388e+03,1.0000000000000002e-06,2.097469e+07,2.087337e+07,1.160664e+02,1.013250e+05,1.000000e-09,-4.425980e-02,-1.750815e-02,2.5161633174809419e-04,6.2050261146497944e-04
994,4.6668768578201790e-06,4.8351291981519000e-06,4.8359758620494268e-06,9.9955739984603047e-10,9.2857749366934435e-10,9.2857749366934435e-10,1.019388e+03,1.0000000000000002e-06,2.097462e+07,2.087330e+07,1.160664e+02,1.013250e+05,1.000000e-09,-4.426002e-02,-1.750761e-02,2.5161633695575201e-04,6.2050261148922546e-04
995,4.6668768494599011e-06,4.8351292241354344e-06,4.8359758620494268e-06,9.9955739772722636e-10,9.2857738931458405e-10,9.2857738931458405e-10,1.019388e+03,1.0000000000000002e-06,2.097455e+07,2.087322e+07,1.160664e+02,1.013250e+05,1.000000e-09,-4.426023e-02,-1.750707e-02,2.5161634216443895e-04,6.2050261151350009e-04
996,4.6668768410933671e-06,4.8351292501165082e-06,4.8359758620494268e-06,9.9955739560827976e-10,9.2857728495357306e-10,9.2857728495357306e-10,1.019388e+03,1.0000000000000002e-06,2.097448e+07,2.087315e+07,1.160664e+02,1.013250e+05,1.000000e-09,-4.426044e-02,-1.750654e-02,2.5161634737415524e-04,6.2050261153780303e-04
997,4.6668768327205650e-06,4.8351292761037475e-06,4.8359758620494268e-06,9.9955739348948619e-10,9.2857718058631044e-10,9.2857718058631044e-10,1.019388e+03,1.0000000000000002e-06,2.097440e+07,2.087308e+07,1.160664e+02,1.013250e+05,1.000000e-09,-4.426065e-02,-1.750600e-02,2.5161635258490043e-04,6.2050261156213382e-04
998,4.6668768243414804e-06,4.8351293020867958e-06,4.8359758620494268e-06,9.9955739137060164e-10,9.2857707621279444e-10,9.2857707621279444e-10,1.019388e+03,1.0000000000000002e-06,2.097433e+07,2.087301e+07,1.160664e+02,1.013250e+05,1.000000e-09,-4.426086e-02,-1.750546e-02,2.5161635779667480e-04,6.2050261158649173e-04
999,4.6668768159561262e-06,4.8351293280700769e-06,4.8359758620494268e-06,9.9955738925172163e-10,9.2857697183302537e-10,9.2857697183302537e-10,1.019388e+03,1.0000000000000002e-06,2.097426e+07,2.087293e+07,1.160664e+02,1.013250e+05,1.000000e-09,-4.426107e-02,-1.750493e-02,2.5161636300947851e-04,6.2050261161087630e-04
