triangle_id,component_id,component_size,A_id,Ax,Ay,Az,B_id,Bx,By,Bz,C_id,Cx,Cy,Cz,nA,nB,nC,nABC,Max_Residual_ABC,Residual_Threshold,ABC_A,ABC_B,ABC_C,ABC_D,ABC_E,ABC_F,ABC_G,ABC_H,ABC_I,ABC_J,A_A,A_B,A_C,A_D,A_E,A_F,A_G,A_H,A_I,A_J,B_A,B_B,B_C,B_D,B_E,B_F,B_G,B_H,B_I,B_J,C_A,C_B,C_C,C_D,C_E,C_F,C_G,C_H,C_I,C_J
57,1,123,0,2.2928932188134525,1.0,-1.707106781186547,5,2.1199841340986545,1.5752124769519023,-1.534197696471749,2,2.2258275645023122,1.0,-0.9743380506169708,11,12,18,19,6.872936578972144e-06,36.92742792733296,-0.1874986526824846,0.5000121750610775,-0.18750962858326614,0.0,-0.6250187897604167,0.0,0.999997008761545,-1.0000281845787646,1.0000201081547502,-1.0,-0.1874878138701916,0.500011851156481,-0.18751354962525946,0.0,-0.6250061614053337,0.0,0.999970499270315,-1.000023554640813,0.99998198512147,-1.0,-0.18749648162233137,0.4999879758655908,-0.18749573352407686,0.0,-0.6249840335410148,0.0,0.9999858518568996,-0.9999663666073364,0.9999680313594502,-1.0,-0.18749721961918092,0.5000224627304312,-0.1875135195355195,0.0,-0.6250348359703021,0.0,0.9999965945576993,-1.0000417299989266,1.0000465393405618,-1.0
58,1,123,18,2.1199841340986545,0.4247875230480985,-1.534197696471749,0,2.2928932188134525,1.0,-1.707106781186547,2,2.2258275645023122,1.0,-0.9743380506169708,12,11,18,19,1.0042500062423798e-05,36.927427927332914,-0.18749638318407452,0.5000104056699989,-0.1875093816089729,0.0,-0.6250181634965304,0.0,0.999992166597422,-1.0000128690043923,1.0000189230711818,-1.0,-0.1875001927095217,0.49999835249286534,-0.18750021203585343,0.0,-0.6249975869502872,0.0,0.9999992005360582,-1.0000049316521553,0.9999940937335783,-1.0,-0.1874878138701916,0.500011851156481,-0.18751354962525946,0.0,-0.6250061614053337,0.0,0.999970499270315,-1.000023554640813,0.99998198512147,-1.0,-0.18749721961918092,0.5000224627304312,-0.1875135195355195,0.0,-0.6250348359703021,0.0,0.9999965945576993,-1.0000417299989266,1.0000465393405618,-1.0
59,1,123,4,2.9743380506169697,1.0,-0.22582756450231267,19,3.5341976964717494,1.5752124769519023,-0.11998413409865405,1,3.7071067811865475,1.0,-0.2928932188134521,18,13,11,19,1.9084000419944402e-06,36.6501162050239,-0.18749504181813303,0.4999707393158989,-0.18748274073009846,0.0,-0.624967973430251,0.0,0.9999790333956087,-0.9999398374647513,0.9999562774892394,-1.0,-0.1874939600881843,0.4999610465860467,-0.18747624332118248,0.0,-0.6249600774313625,0.0,0.9999741587856982,-0.9999204995922665,0.9999447239297373,-1.0,-0.18749957506242065,0.49998417831448916,-0.18750207524094598,0.0,-0.6249919794957444,9.724924405350596e-06,0.999995952542592,-0.9999816221428637,0.9999880414168884,-1.0,-0.18749733645743324,0.49997467325936357,-0.18748507015986632,0.0,-0.6249719801313081,0.0,0.9999874492226485,-0.9999618505414087,0.9999530802275904,-1.0
60,1,123,32,3.5341976964717494,0.4247875230480985,-0.11998413409865405,4,2.9743380506169697,1.0,-0.22582756450231267,1,3.7071067811865475,1.0,-0.2928932188134521,13,18,11,19,1.8620097761434806e-06,36.650116205023856,-0.18749520602737135,0.4999707112926146,-0.18748266637025704,0.0,-0.6249683384928185,0.0,0.9999797215666597,-0.9999409175680768,0.9999513426617034,-1.0,-0.1874942294299859,0.49995241108547156,-0.18747140777757854,0.0,-0.624948327640186,1.202331589613403e-05,0.9999738803843955,-0.9999187854210586,0.9999153394482065,-0.9999999999999999,-0.1874939600881843,0.4999610465860467,-0.18747624332118248,0.0,-0.6249600774313625,0.0,0.9999741587856982,-0.9999204995922665,0.9999447239297373,-1.0,-0.18749733645743324,0.49997467325936357,-0.18748507015986632,0.0,-0.6249719801313081,0.0,0.9999874492226485,-0.9999618505414087,0.9999530802275904,-1.0
61,1,123,3,2.414213562373093,1.0,-0.4142135623730969,62,2.1156727211226194,0.5273282794216223,-0.48271346618820976,2,2.2258275645023122,1.0,-0.9743380506169708,21,21,18,14,9.657424737685716e-07,28.55667309269085,-0.18750020028562414,0.5000204214778353,-0.1875133774820737,1.2139093321284043e-05,-0.6250350328055307,0.0,1.0000008011539294,-1.0000644361805502,1.0000477092115525,-1.0,-0.18749724735214776,0.4999955215624239,-0.18749974142403023,0.0,-0.6249830684167448,0.0,0.9999908452553564,-0.9999882841424924,0.9999607790387142,-1.0,-0.1874975000709772,0.5000048055877491,-0.1875001838015732,0.0,-0.6250036684165325,0.0,0.9999952589711975,-1.0000075035093177,1.0000059782657755,-1.0,-0.18749721961918092,0.5000224627304312,-0.1875135195355195,0.0,-0.6250348359703021,0.0,0.9999965945576993,-1.0000417299989266,1.0000465393405618,-1.0
62,1,123,2,2.2258275645023122,1.0,-0.9743380506169708,63,2.118539082383135,1.4538765498850674,-0.5373001528731811,3,2.414213562373093,1.0,-0.4142135623730969,18,20,21,14,1.0303529391908484e-06,29.095694063282863,-0.18748622179377666,0.4999596096935376,-0.18748854143498817,-2.3427763305774942e-05,-0.6249529568055077,0.0,0.9999578863036744,-0.9998715979926502,0.9999160149472303,-1.0,-0.18749721961918092,0.5000224627304312,-0.1875135195355195,0.0,-0.6250348359703021,0.0,0.9999965945576993,-1.0000417299989266,1.0000465393405618,-1.0,-0.18749675572130456,0.49999833367087987,-0.18749695035581657,0.0,-0.624994088768826,0.0,0.9999916008963095,-0.9999916890340691,0.9999901813861489,-1.0,-0.18749724735214776,0.4999955215624239,-0.18749974142403023,0.0,-0.6249830684167448,0.0,0.9999908452553564,-0.9999882841424924,0.9999607790387142,-1.0
63,1,123,5,2.1199841340986545,1.5752124769519023,-1.534197696471749,93,1.8983908596478376,1.7086763570223045,-0.8250965779627264,2,2.2258275645023122,1.0,-0.9743380506169708,12,15,18,11,2.367352011312107e-06,24.12715186367415,-0.18749426941693964,0.5000923668595845,-0.18754212214471558,1.1451046486012096e-05,-0.6251199601941145,0.0,1.0000053498098662,-1.0002067629310083,1.0001743484685175,-1.0,-0.18749648162233137,0.4999879758655908,-0.18749573352407686,0.0,-0.6249840335410148,0.0,0.9999858518568996,-0.9999663666073364,0.9999680313594502,-1.0,-0.18749793389876449,0.4999980882367703,-0.18750411639765038,0.0,-0.6250043434709445,0.0,0.9999904285303921,-0.9999909394993276,0.9999967641834475,-1.0,-0.18749721961918092,0.5000224627304312,-0.1875135195355195,0.0,-0.6250348359703021,0.0,0.9999965945576993,-1.0000417299989266,1.0000465393405618,-1.0
64,1,123,2,2.2258275645023122,1.0,-0.9743380506169708,94,1.9617481912922201,0.35599426510331666,-0.8921897385924273,18,2.1199841340986545,0.4247875230480985,-1.534197696471749,18,16,12,11,5.690962130433519e-07,23.925239332524892,-0.18748910332186902,0.5000663484228095,-0.18753181395783783,-6.775115732407632e-06,-0.6250901848277284,0.0,0.9999897431082161,-1.0001199581936464,1.000131040589517,-1.0,-0.18749721961918092,0.5000224627304312,-0.1875135195355195,0.0,-0.6250348359703021,0.0,0.9999965945576993,-1.0000417299989266,1.0000465393405618,-1.0,-0.18749825015678664,0.5000055880820002,-0.187504366627443,0.0,-0.6250104053186879,0.0,0.9999958080394062,-1.0000123497405506,1.0000119480211096,-1.0,-0.1875001927095217,0.49999835249286534,-0.18750021203585343,0.0,-0.6249975869502872,0.0,0.9999992005360582,-1.0000049316521553,0.9999940937335783,-1.0
65,1,123,62,2.1156727211226194,0.5273282794216223,-0.48271346618820976,94,1.9617481912922201,0.35599426510331666,-0.8921897385924273,2,2.2258275645023122,1.0,-0.9743380506169708,21,16,18,13,6.491724386270548e-06,27.243529898722137,-0.18748878520642723,0.500074445624634,-0.18753464808806555,0.0,-0.6250980389076377,0.0,0.9999907231601192,-1.0001427349776213,1.0001427818705981,-1.0,-0.1874975000709772,0.5000048055877491,-0.1875001838015732,0.0,-0.6250036684165325,0.0,0.9999952589711975,-1.0000075035093177,1.0000059782657755,-1.0,-0.18749825015678664,0.5000055880820002,-0.187504366627443,0.0,-0.6250104053186879,0.0,0.9999958080394062,-1.0000123497405506,1.0000119480211096,-1.0,-0.18749721961918092,0.5000224627304312,-0.1875135195355195,0.0,-0.6250348359703021,0.0,0.9999965945576993,-1.0000417299989266,1.0000465393405618,-1.0
66,1,123,2,2.2258275645023122,1.0,-0.9743380506169708,93,1.8983908596478376,1.7086763570223045,-0.8250965779627264,63,2.118539082383135,1.4538765498850674,-0.5373001528731811,18,15,20,13,1.4832610957249415e-06,27.381559822210008,-0.18749056317020013,0.5000219199678752,-0.18751325367870086,-8.384481797996457e-06,-0.6250333689086462,0.0,0.9999813087685229,-1.0000261150810181,1.0000415991719211,-1.0,-0.18749721961918092,0.5000224627304312,-0.1875135195355195,0.0,-0.6250348359703021,0.0,0.9999965945576993,-1.0000417299989266,1.0000465393405618,-1.0,-0.18749793389876449,0.4999980882367703,-0.18750411639765038,0.0,-0.6250043434709445,0.0,0.9999904285303921,-0.9999909394993276,0.9999967641834475,-1.0,-0.18749675572130456,0.49999833367087987,-0.18749695035581657,0.0,-0.624994088768826,0.0,0.9999916008963095,-0.9999916890340691,0.9999901813861489,-1.0
67,1,123,4,2.9743380506169697,1.0,-0.22582756450231267,67,2.4744812098867017,0.6138999390478526,-0.1941705543257064,3,2.414213562373093,1.0,-0.4142135623730969,18,19,21,13,6.157573858578402e-07,25.86294993445999,-0.18749512191493767,0.4999692047413411,-0.18749008021420674,0.0,-0.6249548832939468,0.0,0.9999797050895833,-0.9999410748301232,0.9999126164309567,-1.0,-0.1874939600881843,0.4999610465860467,-0.18747624332118248,0.0,-0.6249600774313625,0.0,0.9999741587856982,-0.9999204995922665,0.9999447239297373,-1.0,-0.18749921844299774,0.49999760220760514,-0.18749428043742872,0.0,-0.6249955591550437,0.0,0.9999968412844501,-1.0000013574419309,0.9999930756173112,-0.9999999999999999,-0.18749724735214776,0.4999955215624239,-0.18749974142403023,0.0,-0.6249830684167448,0.0,0.9999908452553564,-0.9999882841424924,0.9999607790387142,-1.0
68,1,123,3,2.414213562373093,1.0,-0.4142135623730969,68,2.47120573504516,1.4827813145134818,-0.1093436697567991,4,2.9743380506169697,1.0,-0.22582756450231267,21,19,18,13,9.923522470201007e-06,26.405709757688115,-0.18749945082956881,0.4999869635894277,-0.18748631906067234,0.0,-0.6249968389688673,0.0,0.9999962046698128,-0.9999859209891437,1.0000044217351856,-1.0,-0.18749724735214776,0.4999955215624239,-0.18749974142403023,0.0,-0.6249830684167448,0.0,0.9999908452553564,-0.9999882841424924,0.9999607790387142,-1.0,-0.18749857343162027,0.49999991932077426,-0.1874960513643178,0.0,-0.624995547633582,0.0,0.9999961691593805,-0.9999976012393277,0.9999934404016767,-1.0,-0.1874939600881843,0.4999610465860467,-0.18747624332118248,0.0,-0.6249600774313625,0.0,0.9999741587856982,-0.9999204995922665,0.9999447239297373,-1.0
69,1,123,3,2.414213562373093,1.0,-0.4142135623730969,67,2.4744812098867017,0.6138999390478526,-0.1941705543257064,62,2.1156727211226194,0.5273282794216223,-0.48271346618820976,21,19,21,11,1.02793296519188e-06,22.954746839700135,-0.18751016215971017,0.49983723114704987,-0.18747071371298796,0.0001095077589267336,-0.624650960961952,-9.230162378198156e-05,0.9999872471047084,-0.9999596766533186,0.9993867057283796,-1.0,-0.18749724735214776,0.4999955215624239,-0.18749974142403023,0.0,-0.6249830684167448,0.0,0.9999908452553564,-0.9999882841424924,0.9999607790387142,-1.0,-0.18749921844299774,0.49999760220760514,-0.18749428043742872,0.0,-0.6249955591550437,0.0,0.9999968412844501,-1.0000013574419309,0.9999930756173112,-0.9999999999999999,-0.1874975000709772,0.5000048055877491,-0.1875001838015732,0.0,-0.6250036684165325,0.0,0.9999952589711975,-1.0000075035093177,1.0000059782657755,-1.0
70,1,123,63,2.118539082383135,1.4538765498850674,-0.5373001528731811,68,2.47120573504516,1.4827813145134818,-0.1093436697567991,3,2.414213562373093,1.0,-0.4142135623730969,20,19,21,11,5.766983454114083e-07,23.84382084745193,-0.18744712108076228,0.49978233620349183,-0.18743899130943442,-6.364884533861131e-05,-0.6246560829619043,5.765985730638417e-05,0.9998077324924427,-0.9994029822985806,0.9993066287293196,-0.9999999999999999,-0.18749675572130456,0.49999833367087987,-0.18749695035581657,0.0,-0.624994088768826,0.0,0.9999916008963095,-0.9999916890340691,0.9999901813861489,-1.0,-0.18749857343162027,0.49999991932077426,-0.1874960513643178,0.0,-0.624995547633582,0.0,0.9999961691593805,-0.9999976012393277,0.9999934404016767,-1.0,-0.18749724735214776,0.4999955215624239,-0.18749974142403023,0.0,-0.6249830684167448,0.0,0.9999908452553564,-0.9999882841424924,0.9999607790387142,-1.0
71,1,123,4,2.9743380506169697,1.0,-0.22582756450231267,86,2.744059295675808,1.6871071432701714,0.09319895505753839,19,3.5341976964717494,1.5752124769519023,-0.11998413409865405,18,18,13,12,9.330625376779977e-06,27.514631742515206,-0.18749725488001243,0.49997732559352354,-0.187486635646056,0.0,-0.6249758177125379,0.0,0.9999876345077899,-0.9999601186741579,0.9999701146990484,-1.0,-0.1874939600881843,0.4999610465860467,-0.18747624332118248,0.0,-0.6249600774313625,0.0,0.9999741587856982,-0.9999204995922665,0.9999447239297373,-1.0,-0.18750267900484205,0.5000159186197293,-0.1875040864271521,0.0,-0.6250142696360058,0.0,1.0000119480468967,-1.0000411139166805,1.000021128554701,-1.0,-0.18749957506242065,0.49998417831448916,-0.18750207524094598,0.0,-0.6249919794957444,9.724924405350596e-06,0.999995952542592,-0.9999816221428637,0.9999880414168884,-1.0
72,1,123,32,3.5341976964717494,0.4247875230480985,-0.11998413409865405,76,2.7619753035711683,0.3428486193151481,0.06441109867358019,4,2.9743380506169697,1.0,-0.22582756450231267,13,18,18,12,2.3539793692073374e-07,27.00577443312182,-0.18749524220922345,0.49996217245054414,-0.18744668061810962,5.819415261837031e-06,-0.624949357028133,2.6436329047799193e-05,0.9999785281121624,-0.9999422692307721,0.9998990222953817,-1.0,-0.1874942294299859,0.49995241108547156,-0.18747140777757854,0.0,-0.624948327640186,1.202331589613403e-05,0.9999738803843955,-0.9999187854210586,0.9999153394482065,-0.9999999999999999,-0.18749942898015626,0.4999992045704297,-0.18749631106698697,0.0,-0.6249981228981145,5.017734048063333e-06,0.9999980038074588,-1.0000033965067547,0.9999953139645676,-1.0,-0.1874939600881843,0.4999610465860467,-0.18747624332118248,0.0,-0.6249600774313625,0.0,0.9999741587856982,-0.9999204995922665,0.9999447239297373,-1.0
73,1,123,4,2.9743380506169697,1.0,-0.22582756450231267,76,2.7619753035711683,0.3428486193151481,0.06441109867358019,67,2.4744812098867017,0.6138999390478526,-0.1941705543257064,18,18,19,13,7.601519557032255e-06,27.272245556271688,-0.18749497185337907,0.49996050369756445,-0.1874660218636304,0.0,-0.6249570268869522,1.5960723607630388e-05,0.9999774880564088,-0.9999304138951083,0.999927999849,-0.9999999999999999,-0.1874939600881843,0.4999610465860467,-0.18747624332118248,0.0,-0.6249600774313625,0.0,0.9999741587856982,-0.9999204995922665,0.9999447239297373,-1.0,-0.18749942898015626,0.4999992045704297,-0.18749631106698697,0.0,-0.6249981228981145,5.017734048063333e-06,0.9999980038074588,-1.0000033965067547,0.9999953139645676,-1.0,-0.18749921844299774,0.49999760220760514,-0.18749428043742872,0.0,-0.6249955591550437,0.0,0.9999968412844501,-1.0000013574419309,0.9999930756173112,-0.9999999999999999
74,1,123,68,2.47120573504516,1.4827813145134818,-0.1093436697567991,86,2.744059295675808,1.6871071432701714,0.09319895505753839,4,2.9743380506169697,1.0,-0.22582756450231267,19,18,18,13,1.3315972579031055e-05,28.03120026761092,-0.18749623203117494,0.4999749315186387,-0.18747819983904732,0.0,-0.6249679875591281,0.0,0.9999843194663319,-0.9999585774213381,0.9999504278929153,-1.0,-0.18749857343162027,0.49999991932077426,-0.1874960513643178,0.0,-0.624995547633582,0.0,0.9999961691593805,-0.9999976012393277,0.9999934404016767,-1.0,-0.18750267900484205,0.5000159186197293,-0.1875040864271521,0.0,-0.6250142696360058,0.0,1.0000119480468967,-1.0000411139166805,1.000021128554701,-1.0,-0.1874939600881843,0.4999610465860467,-0.18747624332118248,0.0,-0.6249600774313625,0.0,0.9999741587856982,-0.9999204995922665,0.9999447239297373,-1.0
75,1,123,6,1.631154431531167,2.050965490997519,-1.0453679939042617,93,1.8983908596478376,1.7086763570223045,-0.8250965779627264,5,2.1199841340986545,1.5752124769519023,-1.534197696471749,11,15,12,16,1.2514850136202682e-06,38.44983893614145,-0.1874961169199186,0.49997920282030417,-0.18749336688040924,-8.435504688859258e-06,-0.6249775681129967,0.0,0.999984428794188,-0.9999412464811369,0.9999616228625131,-1.0,-0.18752015067393674,0.5000564857524761,-0.18752212169672214,1.5018329036739245e-05,-0.6250675326182751,0.0,1.0000624022728737,-1.000156814063995,1.0000996737075767,-1.0,-0.18749793389876449,0.4999980882367703,-0.18750411639765038,0.0,-0.6250043434709445,0.0,0.9999904285303921,-0.9999909394993276,0.9999967641834475,-1.0,-0.18749648162233137,0.4999879758655908,-0.18749573352407686,0.0,-0.6249840335410148,0.0,0.9999858518568996,-0.9999663666073364,0.9999680313594502,-1.0
76,1,123,7,0.9109272075633433,2.344997023927916,-0.32514076993643837,75,1.4779675595611819,1.9648512601822397,-0.26776299454717134,6,1.631154431531167,2.050965490997519,-1.0453679939042617,13,17,11,19,1.0695213371270107e-05,47.84461367110404,-0.18751465534407383,0.5000552838671064,-0.18751878412521805,1.662039463092438e-05,-0.6250559043721765,0.0,1.0000505344175317,-1.0001528301033416,1.0000786731847786,-0.9999999999999999,-0.18753380764274746,0.5001242461349614,-0.18753607568589545,3.146478500921847e-05,-0.625117241632133,1.7561542313964254e-05,1.0001201831661057,-1.0003406829322157,1.0001517280290144,-1.0,-0.18751130724902182,0.500051439871553,-0.1875121028300299,1.0033912666216057e-05,-0.6250440006648826,0.0,1.0000474798222212,-1.0001389630595123,1.0000676127179915,-1.0,-0.18752015067393674,0.5000564857524761,-0.18752212169672214,1.5018329036739245e-05,-0.6250675326182751,0.0,1.0000624022728737,-1.000156814063995,1.0000996737075767,-1.0
77,1,123,75,1.4779675595611819,1.9648512601822397,-0.26776299454717134,93,1.8983908596478376,1.7086763570223045,-0.8250965779627264,6,1.631154431531167,2.050965490997519,-1.0453679939042617,17,15,11,21,8.773419926999537e-06,45.57759667062439,-0.1874992943934638,0.4999963898865041,-0.18749875830366142,0.0,-0.6249931696499632,0.0,0.9999938840374563,-0.9999887841992796,0.9999814949464206,-1.0,-0.18751130724902182,0.500051439871553,-0.1875121028300299,1.0033912666216057e-05,-0.6250440006648826,0.0,1.0000474798222212,-1.0001389630595123,1.0000676127179915,-1.0,-0.18749793389876449,0.4999980882367703,-0.18750411639765038,0.0,-0.6250043434709445,0.0,0.9999904285303921,-0.9999909394993276,0.9999967641834475,-1.0,-0.18752015067393674,0.5000564857524761,-0.18752212169672214,1.5018329036739245e-05,-0.6250675326182751,0.0,1.0000624022728737,-1.000156814063995,1.0000996737075767,-1.0
78,1,123,8,0.08383629227813927,2.4064663525068077,0.5019501453487657,59,0.8300319687081741,2.110370930514059,0.4632263403786957,7,0.9109272075633433,2.344997023927916,-0.32514076993643837,12,19,13,21,6.278498611678174e-06,54.59190308629396,-0.18748880847532093,0.4999609059005307,-0.18749008880470666,0.0,-0.6249662823184391,5.086855638531408e-06,0.9999384968865147,-0.9998946311785294,0.999934901177678,-1.0,-0.18752912660031648,0.5000984993200971,-0.18752648684631637,2.1050782082021462e-05,-0.6250923426376195,2.277296075632049e-05,1.000105975533051,-1.0002702914958157,1.0001000347414732,-1.0,-0.18748825574622283,0.49995996653692437,-0.1874896003851261,0.0,-0.6249653619390307,5.92711703837493e-06,0.9999368385573242,-0.9998923169476076,0.9999318402486453,-1.0,-0.18753380764274746,0.5001242461349614,-0.18753607568589545,3.146478500921847e-05,-0.625117241632133,1.7561542313964254e-05,1.0001201831661057,-1.0003406829322157,1.0001517280290144,-1.0
79,1,123,59,0.8300319687081741,2.110370930514059,0.4632263403786957,75,1.4779675595611819,1.9648512601822397,-0.26776299454717134,7,0.9109272075633433,2.344997023927916,-0.32514076993643837,19,17,13,11,6.369158923602569e-07,33.00476075090679,-0.18751065386561805,0.5000320292451618,-0.18751183234127025,1.8706267522760668e-05,-0.6250363535177185,1.2450284805141365e-05,1.0000180926671631,-1.0000911607515544,1.0000305115968102,-1.0,-0.18748825574622283,0.49995996653692437,-0.1874896003851261,0.0,-0.6249653619390307,5.92711703837493e-06,0.9999368385573242,-0.9998923169476076,0.9999318402486453,-1.0,-0.18751130724902182,0.500051439871553,-0.1875121028300299,1.0033912666216057e-05,-0.6250440006648826,0.0,1.0000474798222212,-1.0001389630595123,1.0000676127179915,-1.0,-0.18753380764274746,0.5001242461349614,-0.18753607568589545,3.146478500921847e-05,-0.625117241632133,1.7561542313964254e-05,1.0001201831661057,-1.0003406829322157,1.0001517280290144,-1.0
80,1,123,9,-0.707106781186555,2.224744871391586,1.2928932188134596,90,-0.006642745427095642,2.127909639221211,1.0879965861951997,8,0.08383629227813927,2.4064663525068077,0.5019501453487657,12,15,12,17,4.789125174542441e-06,49.4608136555037,-0.18750077852884509,0.500005969059626,-0.18749999937287448,0.0,-0.6250037122236113,0.0,0.9999969169999443,-1.0000154299972825,1.0000033936088124,-0.9999999999999999,-0.18744830793348502,0.4997710553731629,-0.18745994097923924,-1.8846228776281125e-05,-0.624812784103748,-6.213193073510726e-05,0.9997176250417935,-0.999377448947331,0.9998246313480488,-1.0,-0.18758801932570615,0.5003119021980583,-0.1875854212969995,5.221707558691336e-05,-0.625289192415937,6.214082448824058e-05,1.0003579426864493,-1.0008535264980125,1.000333670443322,-1.0,-0.18752912660031648,0.5000984993200971,-0.18752648684631637,2.1050782082021462e-05,-0.6250923426376195,2.277296075632049e-05,1.000105975533051,-1.0002702914958157,1.0001000347414732,-1.0
81,1,123,8,0.08383629227813927,2.4064663525068077,0.5019501453487657,90,-0.006642745427095642,2.127909639221211,1.0879965861951997,59,0.8300319687081741,2.110370930514059,0.4632263403786957,12,15,19,22,2.2277551903204795e-07,52.20524185103389,-0.18751830588041393,0.5000737692464077,-0.18752149504930776,1.7124779111278444e-05,-0.6250666667922959,6.790903183664403e-06,1.0000698970429653,-1.0002007487978435,1.0000930376340689,-1.0,-0.18752912660031648,0.5000984993200971,-0.18752648684631637,2.1050782082021462e-05,-0.6250923426376195,2.277296075632049e-05,1.000105975533051,-1.0002702914958157,1.0001000347414732,-1.0,-0.18758801932570615,0.5003119021980583,-0.1875854212969995,5.221707558691336e-05,-0.625289192415937,6.214082448824058e-05,1.0003579426864493,-1.0008535264980125,1.000333670443322,-1.0,-0.18748825574622283,0.49995996653692437,-0.1874896003851261,0.0,-0.6249653619390307,5.92711703837493e-06,0.9999368385573242,-0.9998923169476076,0.9999318402486453,-1.0
82,1,123,10,-1.3251407699364472,1.831253875554903,1.9109272075633519,64,-0.506048208843974,1.8518991259277309,1.693228617966811,9,-0.707106781186555,2.224744871391586,1.2928932188134596,12,16,12,18,4.790230792028893e-07,43.925290552300595,-0.187502371276346,0.4999925843621526,-0.1874990056853524,1.6760241994740973e-05,-0.6249982845365053,1.0818194516864146e-05,0.9999625772040573,-0.9999823453433235,0.9999744198356105,-1.0,-0.18753477733205198,0.5000407316356899,-0.1875170433671067,9.00917068968434e-06,-0.6250848323646795,2.6206040473496204e-05,1.0000987502656253,-1.0001178807155477,1.0000268268759782,-1.0,-0.187524100669608,0.5000622184114969,-0.18751636770624167,2.1154564282319463e-05,-0.6250712175376193,3.169806476463477e-05,1.0000695765719776,-1.0001753762760348,1.0000363605272824,-0.9999999999999999,-0.18744830793348502,0.4997710553731629,-0.18745994097923924,-1.8846228776281125e-05,-0.624812784103748,-6.213193073510726e-05,0.9997176250417935,-0.999377448947331,0.9998246313480488,-1.0
83,1,123,64,-0.506048208843974,1.8518991259277309,1.693228617966811,90,-0.006642745427095642,2.127909639221211,1.0879965861951997,9,-0.707106781186555,2.224744871391586,1.2928932188134596,16,15,12,19,1.2593170720665015e-06,47.11503835484635,-0.18751403919880894,0.500039022198374,-0.18750874158282496,1.511479471876565e-05,-0.6250442574715239,2.330652747321169e-05,1.0000377137377052,-1.0001110793249373,1.0000141343715712,-0.9999999999999999,-0.187524100669608,0.5000622184114969,-0.18751636770624167,2.1154564282319463e-05,-0.6250712175376193,3.169806476463477e-05,1.0000695765719776,-1.0001753762760348,1.0000363605272824,-0.9999999999999999,-0.18758801932570615,0.5003119021980583,-0.1875854212969995,5.221707558691336e-05,-0.625289192415937,6.214082448824058e-05,1.0003579426864493,-1.0008535264980125,1.000333670443322,-1.0,-0.18744830793348502,0.4997710553731629,-0.18745994097923924,-1.8846228776281125e-05,-0.624812784103748,-6.213193073510726e-05,0.9997176250417935,-0.999377448947331,0.9998246313480488,-1.0
84,1,123,11,-1.6634019826541602,1.294031532930393,2.249188420281065,97,-1.0890969433440225,1.504849841518076,2.079351358208534,10,-1.3251407699364472,1.831253875554903,1.9109272075633519,13,15,12,17,2.538591781231503e-06,36.1211008427634,-0.18756021596090175,0.5000476522181317,-0.18752550169488663,9.553238822407764e-06,-0.6251236096222179,3.1226608517227176e-05,1.0001415331423054,-1.0001411145131547,1.0000452388742433,-1.0,-0.18753718063424174,0.5000271392298188,-0.18751153121655548,0.0,-0.6250656161621041,1.3858787201750256e-05,1.00006383306789,-1.000078124749257,1.0000179688860518,-1.0,-0.1875200951397442,0.5000093822012833,-0.1875193240529986,0.0,-0.6250459077898548,1.179129322757486e-05,1.0000560823696647,-1.0000396232616602,1.0000350703834342,-1.0,-0.18753477733205198,0.5000407316356899,-0.1875170433671067,9.00917068968434e-06,-0.6250848323646795,2.6206040473496204e-05,1.0000987502656253,-1.0001178807155477,1.0000268268759782,-1.0
85,1,123,10,-1.3251407699364472,1.831253875554903,1.9109272075633519,97,-1.0890969433440225,1.504849841518076,2.079351358208534,64,-0.506048208843974,1.8518991259277309,1.693228617966811,12,15,16,20,6.261921837724671e-06,40.383955282818924,-0.18751824835332812,0.5000072614504499,-0.1875023154062094,2.038955520207028e-05,-0.6250438392768375,2.231039354650579e-05,1.0000257655205933,-1.000030524894741,0.9999834507366058,-1.0,-0.18753477733205198,0.5000407316356899,-0.1875170433671067,9.00917068968434e-06,-0.6250848323646795,2.6206040473496204e-05,1.0000987502656253,-1.0001178807155477,1.0000268268759782,-1.0,-0.1875200951397442,0.5000093822012833,-0.1875193240529986,0.0,-0.6250459077898548,1.179129322757486e-05,1.0000560823696647,-1.0000396232616602,1.0000350703834342,-1.0,-0.187524100669608,0.5000622184114969,-0.18751636770624167,2.1154564282319463e-05,-0.6250712175376193,3.169806476463477e-05,1.0000695765719776,-1.0001753762760348,1.0000363605272824,-0.9999999999999999
86,1,123,12,-1.6634019826541588,0.7059684670695997,2.2491884202810635,57,-0.9512052390495978,0.9888286406745199,2.226662976269563,11,-1.6634019826541602,1.294031532930393,2.249188420281065,13,20,13,11,7.321545598348855e-06,22.31324443954305,-0.18640164970127593,0.49717945298865146,-0.18753919241724454,0.0,-0.6211313450597701,0.0,0.9936822364048618,-0.9943531292523416,0.9993540871208185,-0.9999999999999999,-0.18750741542105107,0.4999611622341961,-0.18751927820494269,0.0,-0.624978606013687,1.8575836552340282e-05,0.9999334504758643,-0.9999560716836418,1.000019756020543,-1.0,-0.18750461567602436,0.5000155485439816,-0.18750015696615313,0.0,-0.6250033592259874,0.0,0.9999982152465459,-1.000042494569006,1.0000030078409954,-1.0,-0.18753718063424174,0.5000271392298188,-0.18751153121655548,0.0,-0.6250656161621041,1.3858787201750256e-05,1.00006383306789,-1.000078124749257,1.0000179688860518,-1.0
87,1,123,57,-0.9512052390495978,0.9888286406745199,2.226662976269563,97,-1.0890969433440225,1.504849841518076,2.079351358208534,11,-1.6634019826541602,1.294031532930393,2.249188420281065,20,15,13,11,2.423656394578977e-06,20.875790179346126,-0.1873798830227291,0.4996697196401838,-0.18753628567717878,1.0395892208788043e-05,-0.6245627084615676,1.8882955847874822e-05,0.9992674937540391,-0.9993555729568016,0.9999802638980645,-0.9999999999999999,-0.18750461567602436,0.5000155485439816,-0.18750015696615313,0.0,-0.6250033592259874,0.0,0.9999982152465459,-1.000042494569006,1.0000030078409954,-1.0,-0.1875200951397442,0.5000093822012833,-0.1875193240529986,0.0,-0.6250459077898548,1.179129322757486e-05,1.0000560823696647,-1.0000396232616602,1.0000350703834342,-1.0,-0.18753718063424174,0.5000271392298188,-0.18751153121655548,0.0,-0.6250656161621041,1.3858787201750256e-05,1.00006383306789,-1.000078124749257,1.0000179688860518,-1.0
88,1,123,13,-1.3251407699364401,0.16874612444509074,1.9109272075633448,89,-1.0291581208462346,0.48482087117611616,2.066528913286291,12,-1.6634019826541588,0.7059684670695997,2.2491884202810635,12,15,13,17,2.9070387919105656e-07,36.95634709971636,-0.18750965627456168,0.49998579814110783,-0.18751876972163373,0.0,-0.6250159550274783,5.716029555523461e-06,1.0000120853061394,-0.9999800088861149,1.0000294598493031,-1.0,-0.18750672888547726,0.49999184891387516,-0.1875065795287818,-8.308967992694484e-06,-0.6250086192539189,0.0,1.000007803760903,-0.9999913247861564,1.0000115442665198,-0.9999999999999999,-0.1875107798777867,0.500014982217379,-0.18750423053165582,-5.902187730618551e-06,-0.6250209624397149,-2.8574748914647593e-05,1.0000251341542337,-0.9999659376965501,1.000008763262657,-1.0,-0.18750741542105107,0.4999611622341961,-0.18751927820494269,0.0,-0.624978606013687,1.8575836552340282e-05,0.9999334504758643,-0.9999560716836418,1.000019756020543,-1.0
89,1,123,12,-1.6634019826541588,0.7059684670695997,2.2491884202810635,89,-1.0291581208462346,0.48482087117611616,2.066528913286291,57,-0.9512052390495978,0.9888286406745199,2.226662976269563,13,15,20,11,3.3454341608063487e-06,20.796322235524244,-0.18750728300821787,0.5000024824332677,-0.18749938618814702,0.0,-0.6249960362587407,-3.441637662030666e-05,0.9999726351832702,-0.9999273142515965,0.9999933793190462,-1.0,-0.18750741542105107,0.4999611622341961,-0.18751927820494269,0.0,-0.624978606013687,1.8575836552340282e-05,0.9999334504758643,-0.9999560716836418,1.000019756020543,-1.0,-0.1875107798777867,0.500014982217379,-0.18750423053165582,-5.902187730618551e-06,-0.6250209624397149,-2.8574748914647593e-05,1.0000251341542337,-0.9999659376965501,1.000008763262657,-1.0,-0.18750461567602436,0.5000155485439816,-0.18750015696615313,0.0,-0.6250033592259874,0.0,0.9999982152465459,-1.000042494569006,1.0000030078409954,-1.0
90,1,123,14,-0.7071067811865421,-0.22474487139159094,1.2928932188134472,66,-0.47065321911010405,0.15132647376478392,1.6906867528483818,13,-1.3251407699364401,0.16874612444509074,1.9109272075633448,12,17,12,19,1.8002852231191468e-07,44.59253683859178,-0.18750426655915378,0.5000059685664412,-0.18749926623659555,-1.422139739813531e-05,-0.6250055180476807,-2.291870592391687e-05,1.0000076176095938,-0.9999794607807792,1.0000008685776476,-1.0,-0.1875079791454681,0.4999907967275176,-0.1875008916955826,-2.0836136430974457e-05,-0.6250058283644709,-1.297789538856462e-05,1.0000048199040201,-0.9999924378671523,1.0000038963133924,-1.0,-0.18750558940240344,0.5000240272594267,-0.18749755872687546,-1.8683639101301175e-05,-0.6250081416257321,-4.107898567352349e-05,1.0000114016569157,-0.9999621732626578,0.9999991042537899,-1.0,-0.18750672888547726,0.49999184891387516,-0.1875065795287818,-8.308967992694484e-06,-0.6250086192539189,0.0,1.000007803760903,-0.9999913247861564,1.0000115442665198,-0.9999999999999999
91,1,123,66,-0.47065321911010405,0.15132647376478392,1.6906867528483818,89,-1.0291581208462346,0.48482087117611616,2.066528913286291,13,-1.3251407699364401,0.16874612444509074,1.9109272075633448,17,15,12,21,1.8179330111278702e-06,41.317467160111875,-0.1875075385909524,0.500014708444649,-0.18749764111360911,-1.2341816652157354e-05,-0.6250129844093006,-3.169414455977458e-05,1.0000177328318987,-0.9999669910188367,0.9999985267210998,-0.9999999999999999,-0.18750558940240344,0.5000240272594267,-0.18749755872687546,-1.8683639101301175e-05,-0.6250081416257321,-4.107898567352349e-05,1.0000114016569157,-0.9999621732626578,0.9999991042537899,-1.0,-0.1875107798777867,0.500014982217379,-0.18750423053165582,-5.902187730618551e-06,-0.6250209624397149,-2.8574748914647593e-05,1.0000251341542337,-0.9999659376965501,1.000008763262657,-1.0,-0.18750672888547726,0.49999184891387516,-0.1875065795287818,-8.308967992694484e-06,-0.6250086192539189,0.0,1.000007803760903,-0.9999913247861564,1.0000115442665198,-0.9999999999999999
92,1,123,15,0.08383629227815115,-0.40646635250680907,0.5019501453487538,87,0.015915913267499637,-0.15861373023104908,1.0169657809782047,14,-0.7071067811865421,-0.22474487139159094,1.2928932188134472,11,15,12,17,4.790384081632126e-07,47.90168594142109,-0.1875064322957756,0.4999974190586227,-0.1875046453586065,-1.5188740647881456e-05,-0.6250087943882723,-1.5554659889541933e-05,1.0000106056633915,-0.9999816187071119,1.0000098307828316,-1.0,-0.18750501346749074,0.5000024045780275,-0.1875031643190161,-5.28843548621344e-06,-0.6250070846828101,-9.137653455465588e-06,1.0000073545772707,-0.9999884328822991,1.0000061151852528,-1.0,-0.18750235242579616,0.5000077390333231,-0.1875037574041555,-8.579509735670803e-06,-0.6250044148951891,-8.540577291516634e-06,1.0000043614116325,-0.9999874143200531,1.0000062496306827,-1.0,-0.1875079791454681,0.4999907967275176,-0.1875008916955826,-2.0836136430974457e-05,-0.6250058283644709,-1.297789538856462e-05,1.0000048199040201,-0.9999924378671523,1.0000038963133924,-1.0
93,1,123,14,-0.7071067811865421,-0.22474487139159094,1.2928932188134472,87,0.015915913267499637,-0.15861373023104908,1.0169657809782047,66,-0.47065321911010405,0.15132647376478392,1.6906867528483818,12,15,17,19,7.538560135023076e-07,44.91308799326163,-0.18750588789999392,0.5000182756182571,-0.18749918041945898,-2.5900195055313145e-05,-0.6250052830234084,-3.4870448121863215e-05,1.00000867331271,-0.9999714015870493,1.0000019643523808,-0.9999999999999999,-0.1875079791454681,0.4999907967275176,-0.1875008916955826,-2.0836136430974457e-05,-0.6250058283644709,-1.297789538856462e-05,1.0000048199040201,-0.9999924378671523,1.0000038963133924,-1.0,-0.18750235242579616,0.5000077390333231,-0.1875037574041555,-8.579509735670803e-06,-0.6250044148951891,-8.540577291516634e-06,1.0000043614116325,-0.9999874143200531,1.0000062496306827,-1.0,-0.18750558940240344,0.5000240272594267,-0.18749755872687546,-1.8683639101301175e-05,-0.6250081416257321,-4.107898567352349e-05,1.0000114016569157,-0.9999621732626578,0.9999991042537899,-1.0
94,1,123,16,0.9109272075633505,-0.3449970239279141,-0.3251407699364455,55,0.7260068622344289,-0.166118211424664,0.4111836266468135,15,0.08383629227815115,-0.40646635250680907,0.5019501453487538,13,16,11,18,5.43684882892137e-07,49.73110492037164,-0.1875022154127742,0.5000019065256144,-0.1875004683520735,-6.470616209757228e-06,-0.6250025495257189,-6.294807036469666e-06,1.000001933898124,-0.9999943988607666,1.0000010516079134,-1.0,-0.18750916841824147,0.4999934651826156,-0.18750515268283924,0.0,-0.6250124117870315,0.0,1.0000125263632722,-0.9999912831904542,1.0000104997491588,-1.0,-0.187502767152697,0.5000211653403625,-0.18750227429777613,-2.6975678640686014e-05,-0.6250045341004014,-2.3072331222883504e-05,1.0000040893635507,-0.9999735306746123,1.0000047548563131,-1.0,-0.18750501346749074,0.5000024045780275,-0.1875031643190161,-5.28843548621344e-06,-0.6250070846828101,-9.137653455465588e-06,1.0000073545772707,-0.9999884328822991,1.0000061151852528,-1.0
95,1,123,55,0.7260068622344289,-0.166118211424664,0.4111836266468135,87,0.015915913267499637,-0.15861373023104908,1.0169657809782047,15,0.08383629227815115,-0.40646635250680907,0.5019501453487538,16,15,11,19,1.3432993462014764e-06,47.420213574598804,-0.18750452367279,0.5000015129936348,-0.18750102789278178,-9.90038823795656e-06,-0.6250053150545564,-1.7729660514987373e-05,1.0000046457871015,-0.9999847175306034,1.0000044369461663,-1.0,-0.187502767152697,0.5000211653403625,-0.18750227429777613,-2.6975678640686014e-05,-0.6250045341004014,-2.3072331222883504e-05,1.0000040893635507,-0.9999735306746123,1.0000047548563131,-1.0,-0.18750235242579616,0.5000077390333231,-0.1875037574041555,-8.579509735670803e-06,-0.6250044148951891,-8.540577291516634e-06,1.0000043614116325,-0.9999874143200531,1.0000062496306827,-1.0,-0.18750501346749074,0.5000024045780275,-0.1875031643190161,-5.28843548621344e-06,-0.6250070846828101,-9.137653455465588e-06,1.0000073545772707,-0.9999884328822991,1.0000061151852528,-1.0
96,1,123,17,1.631154431531171,-0.050965490997517016,-1.0453679939042657,73,1.5581596540672695,0.07675725856480331,-0.33051568577815615,16,0.9109272075633505,-0.3449970239279141,-0.3251407699364455,12,18,13,20,7.037960882971817e-07,47.97153125711194,-0.18749928486315803,0.5000071263260313,-0.1875017723607021,-9.459674073379127e-06,-0.6250024214431108,0.0,0.9999997428355434,-0.9999911401745397,1.0000036670443126,-1.0,-0.18750895429881537,0.500003625455534,-0.1875041710985937,0.0,-0.6250128442793188,0.0,1.000011885419923,-0.9999860056574444,1.000011734674446,-1.0,-0.18749664658880028,0.5000168814825423,-0.18749894192372113,-1.16546727264716e-05,-0.6250023272740215,0.0,0.999993579490857,-0.9999935084972201,1.0000037347959467,-1.0,-0.18750916841824147,0.4999934651826156,-0.18750515268283924,0.0,-0.6250124117870315,0.0,1.0000125263632722,-0.9999912831904542,1.0000104997491588,-1.0
97,1,123,16,0.9109272075633505,-0.3449970239279141,-0.3251407699364455,73,1.5581596540672695,0.07675725856480331,-0.33051568577815615,55,0.7260068622344289,-0.166118211424664,0.4111836266468135,13,18,16,11,4.039050665038957e-07,32.15185448530732,-0.187509277248151,0.4999804240907209,-0.18751093976113595,1.2403154141632887e-05,-0.6250240191243673,3.3882941834002964e-05,1.000012506431168,-0.9999999915956728,1.0000223817148617,-1.0,-0.18750916841824147,0.4999934651826156,-0.18750515268283924,0.0,-0.6250124117870315,0.0,1.0000125263632722,-0.9999912831904542,1.0000104997491588,-1.0,-0.18749664658880028,0.5000168814825423,-0.18749894192372113,-1.16546727264716e-05,-0.6250023272740215,0.0,0.999993579490857,-0.9999935084972201,1.0000037347959467,-1.0,-0.187502767152697,0.5000211653403625,-0.18750227429777613,-2.6975678640686014e-05,-0.6250045341004014,-2.3072331222883504e-05,1.0000040893635507,-0.9999735306746123,1.0000047548563131,-1.0
98,1,123,18,2.1199841340986545,0.4247875230480985,-1.534197696471749,94,1.9617481912922201,0.35599426510331666,-0.8921897385924273,17,1.631154431531171,-0.050965490997517016,-1.0453679939042657,12,16,12,17,7.274886895114463e-07,38.81873814079399,-0.18750123847490152,0.4999982565587001,-0.1874998635962435,6.549520117177289e-06,-0.6249995541111406,0.0,1.0000000191347966,-1.0000090177677585,0.9999963307675377,-1.0,-0.1875001927095217,0.49999835249286534,-0.18750021203585343,0.0,-0.6249975869502872,0.0,0.9999992005360582,-1.0000049316521553,0.9999940937335783,-1.0,-0.18749825015678664,0.5000055880820002,-0.187504366627443,0.0,-0.6250104053186879,0.0,0.9999958080394062,-1.0000123497405506,1.0000119480211096,-1.0,-0.18750895429881537,0.500003625455534,-0.1875041710985937,0.0,-0.6250128442793188,0.0,1.000011885419923,-0.9999860056574444,1.000011734674446,-1.0
99,1,123,17,1.631154431531171,-0.050965490997517016,-1.0453679939042657,94,1.9617481912922201,0.35599426510331666,-0.8921897385924273,73,1.5581596540672695,0.07675725856480331,-0.33051568577815615,12,16,18,22,2.2404037870460414e-06,45.26045180566304,-0.18749936147060256,0.5000029031323137,-0.18750120358329023,0.0,-0.6250017304602249,0.0,0.9999996579829358,-1.0000022393253463,1.000002935694558,-0.9999999999999999,-0.18750895429881537,0.500003625455534,-0.1875041710985937,0.0,-0.6250128442793188,0.0,1.000011885419923,-0.9999860056574444,1.000011734674446,-1.0,-0.18749825015678664,0.5000055880820002,-0.187504366627443,0.0,-0.6250104053186879,0.0,0.9999958080394062,-1.0000123497405506,1.0000119480211096,-1.0,-0.18749664658880028,0.5000168814825423,-0.18749894192372113,-1.16546727264716e-05,-0.6250023272740215,0.0,0.999993579490857,-0.9999935084972201,1.0000037347959467,-1.0
100,1,123,19,3.5341976964717494,1.5752124769519023,-0.11998413409865405,86,2.744059295675808,1.6871071432701714,0.09319895505753839,20,3.0453679939042617,2.050965490997519,0.3688455684688333,13,18,12,19,1.2770187595378957e-05,43.07616805216833,-0.1874984082146741,0.4999943997688422,-0.18749744648202854,0.0,-0.6249925365890354,0.0,0.9999946510107305,-0.9999849322331771,0.9999951742270485,-1.0,-0.18749957506242065,0.49998417831448916,-0.18750207524094598,0.0,-0.6249919794957444,9.724924405350596e-06,0.999995952542592,-0.9999816221428637,0.9999880414168884,-1.0,-0.18750267900484205,0.5000159186197293,-0.1875040864271521,0.0,-0.6250142696360058,0.0,1.0000119480468967,-1.0000411139166805,1.000021128554701,-1.0,-0.18750085397830057,0.4999919757411646,-0.18750382416465702,0.0,-0.6249994177927714,0.0,1.0000043679824235,-1.0000023845040458,1.0000278809630148,-1.0
101,1,123,20,3.0453679939042617,2.050965490997519,0.3688455684688333,61,2.140968882733409,2.040128052893537,0.6898139978253874,21,2.3251407699364384,2.344997023927916,1.0890727924366568,12,16,11,18,4.108796228807776e-07,48.32102494935111,-0.18749757256271393,0.4999996277208562,-0.1874952945032289,-5.953716899042007e-06,-0.6249888226291237,-1.5099397312199697e-05,0.9999980207256824,-0.999991902718949,1.0000107956084556,-1.0,-0.18750085397830057,0.4999919757411646,-0.18750382416465702,0.0,-0.6249994177927714,0.0,1.0000043679824235,-1.0000023845040458,1.0000278809630148,-1.0,-0.18750120271914994,0.5000206932988012,-0.18749768192002603,0.0,-0.6250057264051838,-1.8522796978084364e-05,1.0000169179338816,-1.0000454941147812,1.000039989221529,-1.0,-0.18750568804178627,0.5000041807556078,-0.18750870826635935,6.925822714946273e-06,-0.6250143113221756,0.0,1.000024074841485,-1.0000400136690613,1.000041751697209,-1.0
102,1,123,20,3.0453679939042617,2.050965490997519,0.3688455684688333,86,2.744059295675808,1.6871071432701714,0.09319895505753839,61,2.140968882733409,2.040128052893537,0.6898139978253874,12,18,16,21,1.3689899498237068e-05,45.959649292655016,-0.1874984115848674,0.4999938274180389,-0.18749769622700868,0.0,-0.6249925977533994,0.0,0.9999945986095486,-0.9999835993811137,0.9999975794800339,-1.0,-0.18750085397830057,0.4999919757411646,-0.18750382416465702,0.0,-0.6249994177927714,0.0,1.0000043679824235,-1.0000023845040458,1.0000278809630148,-1.0,-0.18750267900484205,0.5000159186197293,-0.1875040864271521,0.0,-0.6250142696360058,0.0,1.0000119480468967,-1.0000411139166805,1.000021128554701,-1.0,-0.18750120271914994,0.5000206932988012,-0.18749768192002603,0.0,-0.6250057264051838,-1.8522796978084364e-05,1.0000169179338816,-1.0000454941147812,1.000039989221529,-1.0
103,1,123,21,2.3251407699364384,2.344997023927916,1.0890727924366568,84,1.5318582102880587,2.181330274937081,1.3616288944142845,22,1.4980498546512342,2.4064663525068077,1.9161637077218607,11,14,12,16,6.471032398813747e-07,49.4254531738767,-0.18748488389520185,0.4999594323389715,-0.18748488753973203,-7.759416069446686e-06,-0.6249531115744382,-6.227724267909636e-06,0.9999378089432854,-0.9998812687352149,0.9999347488890722,-1.0,-0.18750568804178627,0.5000041807556078,-0.18750870826635935,6.925822714946273e-06,-0.6250143113221756,0.0,1.000024074841485,-1.0000400136690613,1.000041751697209,-1.0,-0.1874716866126635,0.4999362729337818,-0.18747303902257562,-3.2946948895413076e-05,-0.6249069869296003,-2.8068030309869292e-05,0.9999187375948161,-0.9998027044091917,0.9999134943124559,-1.0,-0.18746122948298768,0.4999033260827025,-0.18746317298045034,-3.388784914964426e-05,-0.6248743835924533,-3.1267241274801e-05,0.999864186047637,-0.9997074127607045,0.9998654401578934,-1.0
104,1,123,61,2.140968882733409,2.040128052893537,0.6898139978253874,84,1.5318582102880587,2.181330274937081,1.3616288944142845,21,2.3251407699364384,2.344997023927916,1.0890727924366568,16,14,11,19,1.0033517980900797e-06,49.34493948983584,-0.18749167318096222,0.49998458016900305,-0.18748784844168878,-1.0716068704168265e-05,-0.6249685787356767,-1.831904892369768e-05,0.9999768782341857,-0.9999460822224059,0.999980065681998,-1.0,-0.18750120271914994,0.5000206932988012,-0.18749768192002603,0.0,-0.6250057264051838,-1.8522796978084364e-05,1.0000169179338816,-1.0000454941147812,1.000039989221529,-1.0,-0.1874716866126635,0.4999362729337818,-0.18747303902257562,-3.2946948895413076e-05,-0.6249069869296003,-2.8068030309869292e-05,0.9999187375948161,-0.9998027044091917,0.9999134943124559,-1.0,-0.18750568804178627,0.5000041807556078,-0.18750870826635935,6.925822714946273e-06,-0.6250143113221756,0.0,1.000024074841485,-1.0000400136690613,1.000041751697209,-1.0
105,1,123,22,1.4980498546512342,2.4064663525068077,1.9161637077218607,92,0.8356674543464299,2.048334193275976,1.8324844046355224,23,0.7071067811865399,2.224744871391586,2.707106781186555,12,18,13,20,5.856846183593944e-07,51.36595631397243,-0.18747155734059845,0.49989447943245313,-0.18747198045932006,6.209001208150043e-06,-0.6249054565405455,-7.469981919223068e-06,0.9998360859786806,-0.9997146816786388,0.999866333554346,-1.0,-0.18746122948298768,0.4999033260827025,-0.18746317298045034,-3.388784914964426e-05,-0.6248743835924533,-3.1267241274801e-05,0.999864186047637,-0.9997074127607045,0.9998654401578934,-1.0,-0.18747350117890066,0.4998947131793817,-0.18747286069005908,1.3243484872064798e-05,-0.6249128340648351,0.0,0.9998321733599496,-0.9997189041448576,0.9998608228950584,-0.9999999999999999,-0.1874799946879973,0.49997747308892765,-0.18748573184434097,-3.941272986211531e-05,-0.6249458819054728,-2.0873324007659707e-05,0.9999876160190518,-0.999916202362684,0.9999646775622191,-1.0
106,1,123,84,1.5318582102880587,2.181330274937081,1.3616288944142845,92,0.8356674543464299,2.048334193275976,1.8324844046355224,22,1.4980498546512342,2.4064663525068077,1.9161637077218607,14,18,12,20,1.2819436121747074e-05,49.783230169373866,-0.18748650013960103,0.49995717143357676,-0.1874888131999717,0.0,-0.6249605745804084,0.0,0.9999428294179035,-0.9998849609714453,0.9999387923014734,-1.0,-0.1874716866126635,0.4999362729337818,-0.18747303902257562,-3.2946948895413076e-05,-0.6249069869296003,-2.8068030309869292e-05,0.9999187375948161,-0.9998027044091917,0.9999134943124559,-1.0,-0.18747350117890066,0.4998947131793817,-0.18747286069005908,1.3243484872064798e-05,-0.6249128340648351,0.0,0.9998321733599496,-0.9997189041448576,0.9998608228950584,-0.9999999999999999,-0.18746122948298768,0.4999033260827025,-0.18746317298045034,-3.388784914964426e-05,-0.6248743835924533,-3.1267241274801e-05,0.999864186047637,-0.9997074127607045,0.9998654401578934,-1.0
107,1,123,23,0.7071067811865399,2.224744871391586,2.707106781186555,58,0.3093132471515957,1.848673526235189,2.470653219110039,24,0.08907279243664767,1.831253875554903,3.3251407699364472,13,17,11,19,8.727091096449868e-07,45.3660098928982,-0.1874793445332375,0.49993398534514666,-0.18748121478841873,5.644972019907214e-06,-0.6249292457481552,-1.251169425997746e-05,0.9998721772503728,-0.9998151130172499,0.9999220144042429,-1.0,-0.1874799946879973,0.49997747308892765,-0.18748573184434097,-3.941272986211531e-05,-0.6249458819054728,-2.0873324007659707e-05,0.9999876160190518,-0.999916202362684,0.9999646775622191,-1.0,-0.1874852066749928,0.49995950253640836,-0.18748521031084217,5.95682639122155e-06,-0.6249538645758086,-9.678164320072065e-06,0.9999078675890012,-0.9998783177494432,0.9999403378718699,-1.0,-0.1875023815098907,0.499954865897761,-0.18749475974372806,0.0,-0.6249735142850006,0.0,1.0000092827519294,-0.9999243772005765,0.999977343492394,-1.0
108,1,123,23,0.7071067811865399,2.224744871391586,2.707106781186555,92,0.8356674543464299,2.048334193275976,1.8324844046355224,58,0.3093132471515957,1.848673526235189,2.470653219110039,13,18,17,11,5.722440834521336e-07,31.16669418528952,-0.18747057699574818,0.4999195428113473,-0.18747084668949726,-2.628857314793798e-05,-0.6248945967275237,-2.8659310837131057e-05,0.9998877847426973,-0.9997619065794686,0.9999009177873296,-1.0,-0.1874799946879973,0.49997747308892765,-0.18748573184434097,-3.941272986211531e-05,-0.6249458819054728,-2.0873324007659707e-05,0.9999876160190518,-0.999916202362684,0.9999646775622191,-1.0,-0.18747350117890066,0.4998947131793817,-0.18747286069005908,1.3243484872064798e-05,-0.6249128340648351,0.0,0.9998321733599496,-0.9997189041448576,0.9998608228950584,-0.9999999999999999,-0.1874852066749928,0.49995950253640836,-0.18748521031084217,5.95682639122155e-06,-0.6249538645758086,-9.678164320072065e-06,0.9999078675890012,-0.9998783177494432,0.9999403378718699,-1.0
109,1,123,24,0.08907279243664767,1.831253875554903,3.3251407699364472,77,-0.09422425071624674,1.4670533027696382,3.032547408221662,25,-0.24918842028106503,1.294031532930393,3.6634019826541597,11,14,11,16,1.1783569986434372e-07,37.89261341025937,-0.18746648352429265,0.4999418859364577,-0.18748252759642559,-1.2441761474931246e-05,-0.6249205491957167,-1.3112351614350689e-05,0.9998805210263363,-0.9998400617452481,0.9999330592128515,-1.0,-0.1875023815098907,0.499954865897761,-0.18749475974372806,0.0,-0.6249735142850006,0.0,1.0000092827519294,-0.9999243772005765,0.999977343492394,-1.0,-0.18742854191313013,0.4999317210141266,-0.1874821637670641,-5.1155527404962036e-05,-0.6249090746236807,-1.268634470832673e-05,0.9999340486582748,-0.9998294679798065,0.9999346367641709,-1.0,-0.1874847187295998,0.49991646081508423,-0.1874848899595714,0.0,-0.624930385497241,0.0,0.999943213799307,-0.9998225242469719,0.99993716775082,-1.0
110,1,123,58,0.3093132471515957,1.848673526235189,2.470653219110039,77,-0.09422425071624674,1.4670533027696382,3.032547408221662,24,0.08907279243664767,1.831253875554903,3.3251407699364472,17,14,11,19,1.0567128132521475e-06,40.74144676245844,-0.18748147543456808,0.49996109640693426,-0.18748750428264713,-7.302678288761354e-06,-0.6249491267880488,-1.0592517783863695e-05,0.9999253669977167,-0.9998862624093459,0.9999522363973427,-1.0,-0.1874852066749928,0.49995950253640836,-0.18748521031084217,5.95682639122155e-06,-0.6249538645758086,-9.678164320072065e-06,0.9999078675890012,-0.9998783177494432,0.9999403378718699,-1.0,-0.18742854191313013,0.4999317210141266,-0.1874821637670641,-5.1155527404962036e-05,-0.6249090746236807,-1.268634470832673e-05,0.9999340486582748,-0.9998294679798065,0.9999346367641709,-1.0,-0.1875023815098907,0.499954865897761,-0.18749475974372806,0.0,-0.6249735142850006,0.0,1.0000092827519294,-0.9999243772005765,0.999977343492394,-1.0
111,1,123,25,-0.24918842028106503,1.294031532930393,3.6634019826541597,65,-0.22505271905763946,0.9999999999999971,3.005019185319216,26,-0.24918842028106392,0.7059684670695997,3.6634019826541584,11,16,11,18,6.968872556356587e-06,34.292179346472544,-0.18748682405390438,0.4999787303886799,-0.1874967073528397,0.0,-0.6249742605367912,0.0,0.9999586490418468,-0.9999625394059073,0.9999859032376833,-1.0,-0.1874847187295998,0.49991646081508423,-0.1874848899595714,0.0,-0.624930385497241,0.0,0.999943213799307,-0.9998225242469719,0.99993716775082,-1.0,-0.18748548664881545,0.5000114518723291,-0.18749961337281004,0.0,-0.6250037264983164,0.0,1.0000128602984375,-1.0000305977680144,1.000000322196522,-1.0,-0.1874948424200251,0.49992805775184257,-0.18748797839453601,0.0,-0.6249494815870406,0.0,0.9999806093318742,-0.9998527713486126,0.9999491862303552,-0.9999999999999999
112,1,123,25,-0.24918842028106503,1.294031532930393,3.6634019826541597,77,-0.09422425071624674,1.4670533027696382,3.032547408221662,65,-0.22505271905763946,0.9999999999999971,3.005019185319216,11,14,16,18,5.846228633643591e-06,32.93058920140848,-0.18747809957813394,0.4999769518176893,-0.1874965846468168,0.0,-0.6249778084810448,0.0,0.999978455730933,-0.9999582055132026,0.9999853575522937,-1.0,-0.1874847187295998,0.49991646081508423,-0.1874848899595714,0.0,-0.624930385497241,0.0,0.999943213799307,-0.9998225242469719,0.99993716775082,-1.0,-0.18742854191313013,0.4999317210141266,-0.1874821637670641,-5.1155527404962036e-05,-0.6249090746236807,-1.268634470832673e-05,0.9999340486582748,-0.9998294679798065,0.9999346367641709,-1.0,-0.18748548664881545,0.5000114518723291,-0.18749961337281004,0.0,-0.6250037264983164,0.0,1.0000128602984375,-1.0000305977680144,1.000000322196522,-1.0
113,1,123,26,-0.24918842028106392,0.7059684670695997,3.6634019826541584,82,-0.09863034543045468,0.5414091301955195,3.0307978321326265,27,0.08907279243665478,0.16874612444509074,3.32514076993644,11,15,12,17,7.18123167597895e-07,38.658409491280445,-0.1874939625536015,0.49999740583544344,-0.18750057429602174,0.0,-0.6249883323561074,1.2508348817753502e-05,0.999968347666163,-1.0000359446503313,1.0000014012488874,-1.0,-0.1874948424200251,0.49992805775184257,-0.18748797839453601,0.0,-0.6249494815870406,0.0,0.9999806093318742,-0.9998527713486126,0.9999491862303552,-0.9999999999999999,-0.18747098950369798,0.49999426046656675,-0.18749908514218463,3.2194852736175675e-05,-0.624979249109386,1.2454814166449409e-05,0.9999454039358151,-1.0000223954099348,0.9999953600014474,-1.0,-0.18748151078053724,0.4999700999794879,-0.18749841162955294,3.395089159030236e-05,-0.6249633178546687,2.267027612624054e-05,0.9999375786718638,-1.0000086046167382,0.999989740508488,-1.0
114,1,123,65,-0.22505271905763946,0.9999999999999971,3.005019185319216,82,-0.09863034543045468,0.5414091301955195,3.0307978321326265,26,-0.24918842028106392,0.7059684670695997,3.6634019826541584,16,15,11,19,1.1065089892348112e-05,34.390653513296,-0.1874863279390488,0.4999827577204271,-0.18749714394242945,0.0,-0.6249794113314119,0.0,0.9999687839996209,-0.9999733459906479,0.9999872144355317,-1.0,-0.18748548664881545,0.5000114518723291,-0.18749961337281004,0.0,-0.6250037264983164,0.0,1.0000128602984375,-1.0000305977680144,1.000000322196522,-1.0,-0.18747098950369798,0.49999426046656675,-0.18749908514218463,3.2194852736175675e-05,-0.624979249109386,1.2454814166449409e-05,0.9999454039358151,-1.0000223954099348,0.9999953600014474,-1.0,-0.1874948424200251,0.49992805775184257,-0.18748797839453601,0.0,-0.6249494815870406,0.0,0.9999806093318742,-0.9998527713486126,0.9999491862303552,-0.9999999999999999
115,1,123,27,0.08907279243665478,0.16874612444509074,3.32514076993644,56,0.30931324715160236,0.15132647376480635,2.470653219110031,28,0.7071067811865527,-0.22474487139159094,2.707106781186542,12,18,12,20,8.039747043664391e-07,46.15292309955045,-0.18749941715280757,0.4999930713072772,-0.18750110004132767,0.0,-0.6249982077405334,9.928683776237273e-06,0.9999940015140415,-1.0000259823011366,1.0000033835601916,-1.0,-0.18748151078053724,0.4999700999794879,-0.18749841162955294,3.395089159030236e-05,-0.6249633178546687,2.267027612624054e-05,0.9999375786718638,-1.0000086046167382,0.999989740508488,-1.0,-0.1874999575397752,0.5000062733958175,-0.18750062766295864,0.0,-0.6250060173715586,8.242346226259366e-06,1.0000026864817493,-1.0000429658576329,1.0000033015833047,-1.0,-0.18748815916949174,0.4999801981947723,-0.18750248024653152,2.8482667988210565e-05,-0.6249838234268354,3.452608109869828e-05,0.9999564833641869,-1.0000889821629952,1.000006773941348,-1.0
116,1,123,27,0.08907279243665478,0.16874612444509074,3.32514076993644,82,-0.09863034543045468,0.5414091301955195,3.0307978321326265,56,0.30931324715160236,0.15132647376480635,2.470653219110031,12,15,18,20,1.0559869072501726e-06,41.62404605599404,-0.18749546713078577,0.5000018390599636,-0.18750112359311097,1.0304796074053301e-05,-0.6249970879647102,8.776874040691803e-06,0.9999876359179998,-1.0000315070810735,1.0000038735593453,-1.0,-0.18748151078053724,0.4999700999794879,-0.18749841162955294,3.395089159030236e-05,-0.6249633178546687,2.267027612624054e-05,0.9999375786718638,-1.0000086046167382,0.999989740508488,-1.0,-0.18747098950369798,0.49999426046656675,-0.18749908514218463,3.2194852736175675e-05,-0.624979249109386,1.2454814166449409e-05,0.9999454039358151,-1.0000223954099348,0.9999953600014474,-1.0,-0.1874999575397752,0.5000062733958175,-0.18750062766295864,0.0,-0.6250060173715586,8.242346226259366e-06,1.0000026864817493,-1.0000429658576329,1.0000033015833047,-1.0
117,1,123,28,0.7071067811865527,-0.22474487139159094,2.707106781186542,91,0.9434247322744745,-0.14756185379875797,2.016664379739611,29,1.4980498546512462,-0.40646635250680907,1.916163707721849,12,14,11,16,2.905005203057698e-07,48.284513377959215,-0.18749772277143548,0.4999895851836168,-0.18750067831417683,2.1062146537078417e-05,-0.6249945587613256,2.1854616771684135e-05,0.999991369653452,-1.0000578852184263,1.000001395705252,-1.0,-0.18748815916949174,0.4999801981947723,-0.18750248024653152,2.8482667988210565e-05,-0.6249838234268354,3.452608109869828e-05,0.9999564833641869,-1.0000889821629952,1.000006773941348,-1.0,-0.1874957590653299,0.5000103860307364,-0.1875018037581281,3.338013219627628e-05,-0.6250010834597466,2.3921144318755585e-05,0.9999904976376142,-1.000091073896664,1.0000070832500445,-1.0,-0.18749626188497964,0.49996105078176833,-0.18749312983618935,-6.875683851830043e-06,-0.6249704398138854,-6.920534615447452e-06,0.9999820084910263,-0.9999012147497383,0.9999716422072231,-1.0
118,1,123,56,0.30931324715160236,0.15132647376480635,2.470653219110031,91,0.9434247322744745,-0.14756185379875797,2.016664379739611,28,0.7071067811865527,-0.22474487139159094,2.707106781186542,18,14,12,20,8.197145474619916e-07,48.008938951720864,-0.1874987332063549,0.49999257276123527,-0.1875012055616121,0.0,-0.6249977663403417,9.164468570851994e-06,0.9999945031584622,-1.0000219749673949,1.0000034715349633,-0.9999999999999999,-0.1874999575397752,0.5000062733958175,-0.18750062766295864,0.0,-0.6250060173715586,8.242346226259366e-06,1.0000026864817493,-1.0000429658576329,1.0000033015833047,-1.0,-0.1874957590653299,0.5000103860307364,-0.1875018037581281,3.338013219627628e-05,-0.6250010834597466,2.3921144318755585e-05,0.9999904976376142,-1.000091073896664,1.0000070832500445,-1.0,-0.18748815916949174,0.4999801981947723,-0.18750248024653152,2.8482667988210565e-05,-0.6249838234268354,3.452608109869828e-05,0.9999564833641869,-1.0000889821629952,1.000006773941348,-1.0
119,1,123,29,1.4980498546512462,-0.40646635250680907,1.916163707721849,85,1.5434391962396465,-0.164872047328807,1.3095170431911356,30,2.3251407699364455,-0.3449970239279141,1.0890727924366495,11,15,12,17,2.2924787645983713e-07,49.70161640160245,-0.187498801105075,0.5000046649600502,-0.1875004376493041,1.2230527706636279e-05,-0.6249990958581025,1.2608916156072559e-05,0.9999959297164547,-1.0000394027841972,1.0000014966167223,-1.0,-0.18749626188497964,0.49996105078176833,-0.18749312983618935,-6.875683851830043e-06,-0.6249704398138854,-6.920534615447452e-06,0.9999820084910263,-0.9999012147497383,0.9999716422072231,-1.0,-0.18749971125836434,0.500060186903938,-0.18750050673496485,4.350202859956082e-05,-0.625005436301158,4.895375399349227e-05,1.0000008406341425,-1.000152337808001,1.0000045217665576,-1.0,-0.18749538116732953,0.49996205843092156,-0.18749195092453896,2.215796821022809e-05,-0.624966604839066,2.2768595366813476e-05,0.9999785473339606,-0.999991453723857,0.999967206462225,-1.0
120,1,123,29,1.4980498546512462,-0.40646635250680907,1.916163707721849,91,0.9434247322744745,-0.14756185379875797,2.016664379739611,85,1.5434391962396465,-0.164872047328807,1.3095170431911356,11,14,15,18,6.682296304072466e-07,48.05434251372869,-0.18749760684057348,0.5000170481554506,-0.18750220207538132,3.4820061862531945e-05,-0.6250028137707205,2.4772694088630774e-05,0.9999934334232283,-1.0001012730416214,1.0000089617297283,-0.9999999999999999,-0.18749626188497964,0.49996105078176833,-0.18749312983618935,-6.875683851830043e-06,-0.6249704398138854,-6.920534615447452e-06,0.9999820084910263,-0.9999012147497383,0.9999716422072231,-1.0,-0.1874957590653299,0.5000103860307364,-0.1875018037581281,3.338013219627628e-05,-0.6250010834597466,2.3921144318755585e-05,0.9999904976376142,-1.000091073896664,1.0000070832500445,-1.0,-0.18749971125836434,0.500060186903938,-0.18750050673496485,4.350202859956082e-05,-0.625005436301158,4.895375399349227e-05,1.0000008406341425,-1.000152337808001,1.0000045217665576,-1.0
121,1,123,30,2.3251407699364455,-0.3449970239279141,1.0890727924366495,60,2.1953415335641147,-0.0034153030669810125,0.6072697162332847,31,3.045367993904266,-0.050965490997517016,0.3688455684688293,12,17,12,19,3.365510943265093e-07,46.992074336505524,-0.18750045800151502,0.49999822811117123,-0.1874978986031866,8.839435015486e-06,-0.6249957961612393,1.0992213142109508e-05,1.0000008102444105,-1.0000202824839886,0.9999926652083452,-1.0,-0.18749538116732953,0.49996205843092156,-0.18749195092453896,2.215796821022809e-05,-0.624966604839066,2.2768595366813476e-05,0.9999785473339606,-0.999991453723857,0.999967206462225,-1.0,-0.187500420261724,0.500006355919465,-0.18749902309350733,1.1628693495045121e-05,-0.6250002864581655,8.870355175439647e-06,1.0000014088940707,-1.0000388217866283,0.9999973312172763,-1.0,-0.18748906077601768,0.4999207013544141,-0.1875109990915882,-1.568733306502755e-05,-0.6249645639253221,-5.6725853726448134e-05,0.9999547635406975,-0.9998213249779336,1.0000068156529276,-1.0
122,1,123,30,2.3251407699364455,-0.3449970239279141,1.0890727924366495,85,1.5434391962396465,-0.164872047328807,1.3095170431911356,60,2.1953415335641147,-0.0034153030669810125,0.6072697162332847,12,15,17,20,6.4207923111681e-07,49.290707978875936,-0.18750030037194781,0.5000055288378159,-0.18749775233516344,9.007202417845318e-06,-0.6249974955006634,1.573740295047336e-05,1.0000010732999896,-1.0000280840388533,0.9999935761771288,-1.0,-0.18749538116732953,0.49996205843092156,-0.18749195092453896,2.215796821022809e-05,-0.624966604839066,2.2768595366813476e-05,0.9999785473339606,-0.999991453723857,0.999967206462225,-1.0,-0.18749971125836434,0.500060186903938,-0.18750050673496485,4.350202859956082e-05,-0.625005436301158,4.895375399349227e-05,1.0000008406341425,-1.000152337808001,1.0000045217665576,-1.0,-0.187500420261724,0.500006355919465,-0.18749902309350733,1.1628693495045121e-05,-0.6250002864581655,8.870355175439647e-06,1.0000014088940707,-1.0000388217866283,0.9999973312172763,-1.0
123,1,123,31,3.045367993904266,-0.050965490997517016,0.3688455684688293,76,2.7619753035711683,0.3428486193151481,0.06441109867358019,32,3.5341976964717494,0.4247875230480985,-0.11998413409865405,12,18,13,19,6.4112513052938525e-06,40.334175062602526,-0.18749980905851057,0.4999927304833018,-0.18749625583888938,0.0,-0.6249927973164543,6.743933071250037e-06,0.9999983038708103,-0.9999989414774171,0.9999882947945309,-0.9999999999999999,-0.18748906077601768,0.4999207013544141,-0.1875109990915882,-1.568733306502755e-05,-0.6249645639253221,-5.6725853726448134e-05,0.9999547635406975,-0.9998213249779336,1.0000068156529276,-1.0,-0.18749942898015626,0.4999992045704297,-0.18749631106698697,0.0,-0.6249981228981145,5.017734048063333e-06,0.9999980038074588,-1.0000033965067547,0.9999953139645676,-1.0,-0.1874942294299859,0.49995241108547156,-0.18747140777757854,0.0,-0.624948327640186,1.202331589613403e-05,0.9999738803843955,-0.9999187854210586,0.9999153394482065,-0.9999999999999999
124,1,123,60,2.1953415335641147,-0.0034153030669810125,0.6072697162332847,76,2.7619753035711683,0.3428486193151481,0.06441109867358019,31,3.045367993904266,-0.050965490997517016,0.3688455684688293,17,18,12,22,4.848558938008729e-06,45.342462760767106,-0.18750006597163069,0.4999936382718796,-0.18749807325507434,0.0,-0.6249946014046842,0.0,0.9999992812328159,-1.0000021796233551,0.9999926952812838,-1.0,-0.187500420261724,0.500006355919465,-0.18749902309350733,1.1628693495045121e-05,-0.6250002864581655,8.870355175439647e-06,1.0000014088940707,-1.0000388217866283,0.9999973312172763,-1.0,-0.18749942898015626,0.4999992045704297,-0.18749631106698697,0.0,-0.6249981228981145,5.017734048063333e-06,0.9999980038074588,-1.0000033965067547,0.9999953139645676,-1.0,-0.18748906077601768,0.4999207013544141,-0.1875109990915882,-1.568733306502755e-05,-0.6249645639253221,-5.6725853726448134e-05,0.9999547635406975,-0.9998213249779336,1.0000068156529276,-1.0
125,1,123,73,1.5581596540672695,0.07675725856480331,-0.33051568577815615,96,1.2310625364122088,0.014367761555768022,0.47764889426843227,55,0.7260068622344289,-0.166118211424664,0.4111836266468135,18,19,16,12,7.688485115231458e-07,32.15185448530732,-0.18748920928592158,0.5000852714363315,-0.18750606664866215,-9.220755804540256e-05,-0.6250104398034978,-3.3782941040303424e-05,0.9999863816578369,-0.9999160079761913,1.0000167787811618,-1.0,-0.18749664658880028,0.5000168814825423,-0.18749894192372113,-1.16546727264716e-05,-0.6250023272740215,0.0,0.999993579490857,-0.9999935084972201,1.0000037347959467,-1.0,-0.1874978051049113,0.5000005173463641,-0.1875006409996367,0.0,-0.6250012785490242,0.0,0.9999960781938049,-1.0000031907149403,1.0000016606547921,-1.0,-0.187502767152697,0.5000211653403625,-0.18750227429777613,-2.6975678640686014e-05,-0.6250045341004014,-2.3072331222883504e-05,1.0000040893635507,-0.9999735306746123,1.0000047548563131,-1.0
126,1,123,55,0.7260068622344289,-0.166118211424664,0.4111836266468135,88,0.5560038483738351,0.011771254022105215,1.2032908067347927,87,0.015915913267499637,-0.15861373023104908,1.0169657809782047,16,21,15,12,1.237016678534708e-06,32.663664613557614,-0.18750315251195682,0.49999891378980654,-0.1875015174836842,0.0,-0.6250054051254879,-1.402493289161743e-05,1.0000038576493697,-0.9999927369458876,1.0000045329569047,-0.9999999999999999,-0.187502767152697,0.5000211653403625,-0.18750227429777613,-2.6975678640686014e-05,-0.6250045341004014,-2.3072331222883504e-05,1.0000040893635507,-0.9999735306746123,1.0000047548563131,-1.0,-0.18750085794755897,0.4999783027819364,-0.1874999068914052,-1.5960002295773485e-05,-0.6250018732402681,-6.606797979667348e-06,1.0000016480950753,-0.9999978674439024,1.0000010492134563,-1.0,-0.18750235242579616,0.5000077390333231,-0.1875037574041555,-8.579509735670803e-06,-0.6250044148951891,-8.540577291516634e-06,1.0000043614116325,-0.9999874143200531,1.0000062496306827,-1.0
127,1,123,55,0.7260068622344289,-0.166118211424664,0.4111836266468135,96,1.2310625364122088,0.014367761555768022,0.47764889426843227,88,0.5560038483738351,0.011771254022105215,1.2032908067347927,16,19,21,12,8.788019336680719e-07,33.475791130533636,-0.18750020437164738,0.4999326303270554,-0.1875015497426257,8.673593039461295e-06,-0.625003349650476,1.3581311028333637e-05,1.0000000884401141,-1.0000239972505058,1.000004007873764,-1.0,-0.187502767152697,0.5000211653403625,-0.18750227429777613,-2.6975678640686014e-05,-0.6250045341004014,-2.3072331222883504e-05,1.0000040893635507,-0.9999735306746123,1.0000047548563131,-1.0,-0.1874978051049113,0.5000005173463641,-0.1875006409996367,0.0,-0.6250012785490242,0.0,0.9999960781938049,-1.0000031907149403,1.0000016606547921,-1.0,-0.18750085794755897,0.4999783027819364,-0.1874999068914052,-1.5960002295773485e-05,-0.6250018732402681,-6.606797979667348e-06,1.0000016480950753,-0.9999978674439024,1.0000010492134563,-1.0
128,1,123,56,0.30931324715160236,0.15132647376480635,2.470653219110031,82,-0.09863034543045468,0.5414091301955195,3.0307978321326265,79,-0.30047986900501344,0.7183191530358849,2.4248400433156023,18,15,24,13,1.2739639007053327e-06,31.477826360369995,-0.18742477481707878,0.5000544935904588,-0.18750603086276252,0.00013850377850056908,-0.6249625767772692,5.420742398452771e-05,0.999848336197677,-1.0002057400544375,1.000020849733344,-0.9999999999999999,-0.1874999575397752,0.5000062733958175,-0.18750062766295864,0.0,-0.6250060173715586,8.242346226259366e-06,1.0000026864817493,-1.0000429658576329,1.0000033015833047,-1.0,-0.18747098950369798,0.49999426046656675,-0.18749908514218463,3.2194852736175675e-05,-0.624979249109386,1.2454814166449409e-05,0.9999454039358151,-1.0000223954099348,0.9999953600014474,-1.0,-0.18750745636108887,0.500024959836812,-0.18750148753865842,-6.9288800180633504e-06,-0.6250069134069673,5.38445037408167e-06,1.000000710168174,-1.000061470551862,1.000007675595451,-1.0
129,1,123,79,-0.30047986900501344,0.7183191530358849,2.4248400433156023,83,0.04956886124517523,0.25240602612379814,1.9286002974904966,56,0.30931324715160236,0.15132647376480635,2.470653219110031,24,22,18,14,3.063003530812125e-06,32.36093150577676,-0.18751371733525016,0.5000333304044882,-0.18750604166981247,-1.1909083703826524e-05,-0.625000190765967,3.797652167674315e-05,0.9999808709566992,-1.0001708914630554,1.0000224969763198,-1.0,-0.18750745636108887,0.500024959836812,-0.18750148753865842,-6.9288800180633504e-06,-0.6250069134069673,5.38445037408167e-06,1.000000710168174,-1.000061470551862,1.000007675595451,-1.0,-0.18750021704874031,0.49999326870322014,-0.1874998665328806,-1.1297288521712388e-05,-0.6250001637619212,8.524445110382143e-06,0.9999992011761932,-1.0000249962164915,0.9999996475937587,-1.0,-0.1874999575397752,0.5000062733958175,-0.18750062766295864,0.0,-0.6250060173715586,8.242346226259366e-06,1.0000026864817493,-1.0000429658576329,1.0000033015833047,-1.0
130,1,123,83,0.04956886124517523,0.25240602612379814,1.9286002974904966,95,0.7227922274200824,0.0169378422195251,1.6788405926087095,56,0.30931324715160236,0.15132647376480635,2.470653219110031,22,20,18,13,1.513720943258079e-06,33.29512959240365,-0.18748989204361594,0.4999389755974259,-0.1874974586423694,-6.7612637420954606e-06,-0.6249916502353295,0.0,0.999979741306459,-0.9999692027818936,0.9999928565838102,-1.0,-0.18750021704874031,0.49999326870322014,-0.1874998665328806,-1.1297288521712388e-05,-0.6250001637619212,8.524445110382143e-06,0.9999992011761932,-1.0000249962164915,0.9999996475937587,-1.0,-0.18749832330162938,0.4999689884549707,-0.18750060659201434,0.0,-0.6249998614342305,8.952794831792416e-06,0.9999952192383427,-1.0000245656252147,1.0000028183991618,-1.0,-0.1874999575397752,0.5000062733958175,-0.18750062766295864,0.0,-0.6250060173715586,8.242346226259366e-06,1.0000026864817493,-1.0000429658576329,1.0000033015833047,-1.0
131,1,123,56,0.30931324715160236,0.15132647376480635,2.470653219110031,95,0.7227922274200824,0.0169378422195251,1.6788405926087095,91,0.9434247322744745,-0.14756185379875797,2.016664379739611,18,20,14,12,1.3691017055617039e-06,32.41572019234309,-0.18743047286416795,0.5002217600203543,-0.18751506173866325,0.0002730010078189326,-0.6250031247006387,8.100096418615055e-05,0.9998730497299769,-1.000440030568654,1.0000593503505255,-1.0,-0.1874999575397752,0.5000062733958175,-0.18750062766295864,0.0,-0.6250060173715586,8.242346226259366e-06,1.0000026864817493,-1.0000429658576329,1.0000033015833047,-1.0,-0.18749832330162938,0.4999689884549707,-0.18750060659201434,0.0,-0.6249998614342305,8.952794831792416e-06,0.9999952192383427,-1.0000245656252147,1.0000028183991618,-1.0,-0.1874957590653299,0.5000103860307364,-0.1875018037581281,3.338013219627628e-05,-0.6250010834597466,2.3921144318755585e-05,0.9999904976376142,-1.000091073896664,1.0000070832500445,-1.0
132,2,1,57,-0.9512052390495978,0.9888286406745199,2.226662976269563,79,-0.30047986900501344,0.7183191530358849,2.4248400433156023,78,-0.269306171020836,1.318118986710433,2.431862539129754,16,16,16,16,1.3299836453040115e-05,28.26887266540565,-0.18754023875548184,0.5001161685511046,-0.18750114510164786,-7.257544663410353e-06,-0.6250548907381646,0.0,1.0000329453317292,-1.0002414046764123,1.0000287334027809,-1.0,-0.18752525063494455,0.5000799234671629,-0.18749968342103862,-7.245699346682647e-06,-0.6250214097442963,0.0,0.999993149717389,-1.000168518494225,1.0000173835851862,-1.0,-0.18752525063494455,0.5000799234671629,-0.18749968342103862,-7.245699346682647e-06,-0.6250214097442963,0.0,0.999993149717389,-1.000168518494225,1.0000173835851862,-1.0,-0.18752525063494455,0.5000799234671629,-0.18749968342103862,-7.245699346682647e-06,-0.6250214097442963,0.0,0.999993149717389,-1.000168518494225,1.0000173835851862,-1.0
133,1,123,78,-0.269306171020836,1.318118986710433,2.431862539129754,81,-0.5814421993054524,1.4863703578529333,2.083218949303757,57,-0.9512052390495978,0.9888286406745199,2.226662976269563,23,19,20,14,2.134296623879095e-06,27.485056220521024,-0.1875132597299263,0.5000199165398027,-0.18749129147181057,7.052239889459563e-06,-0.6249486327234338,5.027393809060493e-06,0.9998385069072896,-1.000041097298725,0.9999730548551163,-1.0,-0.18750149944595568,0.5000181382918573,-0.18749934996861597,0.0,-0.6250042121799557,0.0,1.000002603982044,-1.0000327962488538,1.0000020743352593,-1.0,-0.18751844379799124,0.5000496921313913,-0.18750804526250456,5.5949187909063144e-06,-0.6250585782694427,1.9355524225041675e-05,1.0000789572933833,-1.0001340772417684,1.00002391982283,-1.0,-0.18750461567602436,0.5000155485439816,-0.18750015696615313,0.0,-0.6250033592259874,0.0,0.9999982152465459,-1.000042494569006,1.0000030078409954,-1.0
134,1,123,57,-0.9512052390495978,0.9888286406745199,2.226662976269563,98,-0.543107613287775,0.5042409338182213,2.081227064579206,79,-0.30047986900501344,0.7183191530358849,2.4248400433156023,20,19,24,14,2.4393505781983293e-06,27.42175886004069,-0.18753402753401394,0.500082884407168,-0.18749437193300086,-1.5035327347949809e-05,-0.6250473383391717,-1.5760286800541864e-05,1.000037527154153,-1.000135903112304,1.0000049651420237,-1.0,-0.18750461567602436,0.5000155485439816,-0.18750015696615313,0.0,-0.6250033592259874,0.0,0.9999982152465459,-1.000042494569006,1.0000030078409954,-1.0,-0.18751274175724045,0.5000335953747919,-0.18749339541150287,-9.046064037447638e-06,-0.625029172334636,-2.7503694419732753e-05,1.0000418284761763,-1.0000084524915371,0.9999927438387879,-1.0,-0.18750745636108887,0.500024959836812,-0.18750148753865842,-6.9288800180633504e-06,-0.6250069134069673,5.38445037408167e-06,1.000000710168174,-1.000061470551862,1.000007675595451,-1.0
135,1,123,81,-0.5814421993054524,1.4863703578529333,2.083218949303757,97,-1.0890969433440225,1.504849841518076,2.079351358208534,57,-0.9512052390495978,0.9888286406745199,2.226662976269563,19,15,20,12,3.6845831934417816e-06,23.447530495515224,-0.18753149987552492,0.500057709269725,-0.18753168308761642,-6.296497951097364e-06,-0.6250568852305141,5.527529348201852e-05,1.0000569358296414,-1.0002276126084766,1.000072484854569,-1.0,-0.18751844379799124,0.5000496921313913,-0.18750804526250456,5.5949187909063144e-06,-0.6250585782694427,1.9355524225041675e-05,1.0000789572933833,-1.0001340772417684,1.00002391982283,-1.0,-0.1875200951397442,0.5000093822012833,-0.1875193240529986,0.0,-0.6250459077898548,1.179129322757486e-05,1.0000560823696647,-1.0000396232616602,1.0000350703834342,-1.0,-0.18750461567602436,0.5000155485439816,-0.18750015696615313,0.0,-0.6250033592259874,0.0,0.9999982152465459,-1.000042494569006,1.0000030078409954,-1.0
136,1,123,89,-1.0291581208462346,0.48482087117611616,2.066528913286291,98,-0.543107613287775,0.5042409338182213,2.081227064579206,57,-0.9512052390495978,0.9888286406745199,2.226662976269563,15,19,20,12,7.803583168541905e-07,23.055663437154056,-0.18749162226480864,0.49996623097950194,-0.18750750135607003,-5.3537165955667026e-06,-0.6249481621533584,-2.0919861795223875e-05,0.9999016374982818,-0.9998851844245149,1.000002928234834,-1.0,-0.1875107798777867,0.500014982217379,-0.18750423053165582,-5.902187730618551e-06,-0.6250209624397149,-2.8574748914647593e-05,1.0000251341542337,-0.9999659376965501,1.000008763262657,-1.0,-0.18751274175724045,0.5000335953747919,-0.18749339541150287,-9.046064037447638e-06,-0.625029172334636,-2.7503694419732753e-05,1.0000418284761763,-1.0000084524915371,0.9999927438387879,-1.0,-0.18750461567602436,0.5000155485439816,-0.18750015696615313,0.0,-0.6250033592259874,0.0,0.9999982152465459,-1.000042494569006,1.0000030078409954,-1.0
137,1,123,58,0.3093132471515957,1.848673526235189,2.470653219110039,78,-0.269306171020836,1.318118986710433,2.431862539129754,77,-0.09422425071624674,1.4670533027696382,3.032547408221662,17,23,14,12,1.284570486426162e-06,29.689209563114836,-0.18737711925303016,0.49993727647494157,-0.18747243065897157,-0.00013030227706759895,-0.6248404903919293,-4.316349192022181e-05,0.9999312021795481,-0.9998011646424491,0.999934483683263,-1.0,-0.1874852066749928,0.49995950253640836,-0.18748521031084217,5.95682639122155e-06,-0.6249538645758086,-9.678164320072065e-06,0.9999078675890012,-0.9998783177494432,0.9999403378718699,-1.0,-0.18750149944595568,0.5000181382918573,-0.18749934996861597,0.0,-0.6250042121799557,0.0,1.000002603982044,-1.0000327962488538,1.0000020743352593,-1.0,-0.18742854191313013,0.4999317210141266,-0.1874821637670641,-5.1155527404962036e-05,-0.6249090746236807,-1.268634470832673e-05,0.9999340486582748,-0.9998294679798065,0.9999346367641709,-1.0
138,1,123,58,0.3093132471515957,1.848673526235189,2.470653219110039,80,0.09255469086426638,1.747038916947586,1.9782006749826349,78,-0.269306171020836,1.318118986710433,2.431862539129754,17,21,23,13,2.4080299796391813e-06,30.968780270293724,-0.1874325826761523,0.4999060349951791,-0.18746399666027008,-2.028679245574524e-05,-0.6248586146016716,-3.627702501689273e-05,0.9997962377043988,-0.999716235461028,0.999879315939712,-1.0,-0.1874852066749928,0.49995950253640836,-0.18748521031084217,5.95682639122155e-06,-0.6249538645758086,-9.678164320072065e-06,0.9999078675890012,-0.9998783177494432,0.9999403378718699,-1.0,-0.1874793715890997,0.49992816913475446,-0.1874785273876289,1.7830018720640117e-05,-0.6249315184585764,-1.0394141052610504e-05,0.9998518984959385,-0.9998006658180391,0.9999076959978696,-0.9999999999999999,-0.18750149944595568,0.5000181382918573,-0.18749934996861597,0.0,-0.6250042121799557,0.0,1.000002603982044,-1.0000327962488538,1.0000020743352593,-1.0
139,1,123,58,0.3093132471515957,1.848673526235189,2.470653219110039,92,0.8356674543464299,2.048334193275976,1.8324844046355224,80,0.09255469086426638,1.747038916947586,1.9782006749826349,17,18,21,13,2.9370520966409686e-06,33.068827855075,-0.1874321508539875,0.49984039596307306,-0.1874463224788239,-2.9144632454017577e-05,-0.6248064837981754,-4.329855397118141e-05,0.9997337908434333,-0.9995368013873392,0.9997993021473298,-1.0,-0.1874852066749928,0.49995950253640836,-0.18748521031084217,5.95682639122155e-06,-0.6249538645758086,-9.678164320072065e-06,0.9999078675890012,-0.9998783177494432,0.9999403378718699,-1.0,-0.18747350117890066,0.4998947131793817,-0.18747286069005908,1.3243484872064798e-05,-0.6249128340648351,0.0,0.9998321733599496,-0.9997189041448576,0.9998608228950584,-0.9999999999999999,-0.1874793715890997,0.49992816913475446,-0.1874785273876289,1.7830018720640117e-05,-0.6249315184585764,-1.0394141052610504e-05,0.9998518984959385,-0.9998006658180391,0.9999076959978696,-0.9999999999999999
140,1,123,59,0.8300319687081741,2.110370930514059,0.4632263403786957,70,1.2668120732597505,2.01769680880581,1.026242088554026,69,1.8539987168097105,1.812176567894967,0.2002601612565209,19,21,22,14,1.3515114079876156e-05,37.536206387957385,-0.18748731143532407,0.49995957502298655,-0.18748561988024662,0.0,-0.6249582048826317,1.0762065089742726e-05,0.9999398829593061,-0.9998872469029346,0.9999111203259389,-1.0,-0.18748825574622283,0.49995996653692437,-0.1874896003851261,0.0,-0.6249653619390307,5.92711703837493e-06,0.9999368385573242,-0.9998923169476076,0.9999318402486453,-1.0,-0.18748086365380406,0.4999309693884285,-0.1874807821973716,0.0,-0.6249392881550268,0.0,0.9999052318217714,-0.999812891071263,0.9998950355828483,-1.0,-0.18750342680081503,0.5000182166553386,-0.18750261173716248,0.0,-0.625013533327468,0.0,1.0000181787371747,-1.000048053262507,1.000026817515146,-1.0
141,1,123,69,1.8539987168097105,1.812176567894967,0.2002601612565209,75,1.4779675595611819,1.9648512601822397,-0.26776299454717134,59,0.8300319687081741,2.110370930514059,0.4632263403786957,22,17,19,14,1.8264727950079163e-06,37.34046898462688,-0.1875095653322495,0.5000481321711807,-0.1875157822016212,2.6296173965613782e-05,-0.6250499772504267,2.4581069671727803e-05,1.0000136803944075,-1.0001322162079722,1.000026025088247,-1.0,-0.18750342680081503,0.5000182166553386,-0.18750261173716248,0.0,-0.625013533327468,0.0,1.0000181787371747,-1.000048053262507,1.000026817515146,-1.0,-0.18751130724902182,0.500051439871553,-0.1875121028300299,1.0033912666216057e-05,-0.6250440006648826,0.0,1.0000474798222212,-1.0001389630595123,1.0000676127179915,-1.0,-0.18748825574622283,0.49995996653692437,-0.1874896003851261,0.0,-0.6249653619390307,5.92711703837493e-06,0.9999368385573242,-0.9998923169476076,0.9999318402486453,-1.0
142,1,123,59,0.8300319687081741,2.110370930514059,0.4632263403786957,74,0.4139486363278114,1.972728387391972,1.2932891397799846,70,1.2668120732597505,2.01769680880581,1.026242088554026,19,21,21,13,3.112926950654682e-07,35.702837195036594,-0.1874125398628074,0.49967732910219215,-0.18741284383734277,-1.0123294515951084e-05,-0.6247156592190413,-8.34150125398636e-06,0.9995611680454092,-0.9991265598588327,0.9995594994980855,-0.9999999999999999,-0.18748825574622283,0.49995996653692437,-0.1874896003851261,0.0,-0.6249653619390307,5.92711703837493e-06,0.9999368385573242,-0.9998923169476076,0.9999318402486453,-1.0,-0.18748526074736452,0.4999368786383903,-0.1874850036690289,2.0020765054693796e-05,-0.624952348050187,0.0,0.9998805723608537,-0.9998334772357824,0.9999111973867625,-1.0,-0.18748086365380406,0.4999309693884285,-0.1874807821973716,0.0,-0.6249392881550268,0.0,0.9999052318217714,-0.999812891071263,0.9998950355828483,-1.0
143,1,123,59,0.8300319687081741,2.110370930514059,0.4632263403786957,90,-0.006642745427095642,2.127909639221211,1.0879965861951997,74,0.4139486363278114,1.972728387391972,1.2932891397799846,19,15,21,12,1.0823806022575155e-06,35.07062549558646,-0.18754062950982578,0.5001438957202156,-0.1875394753531213,3.378533787702795e-05,-0.6251346878977749,3.1657310726299676e-05,1.000148809965613,-1.000396123414206,1.0001509297891122,-1.0,-0.18748825574622283,0.49995996653692437,-0.1874896003851261,0.0,-0.6249653619390307,5.92711703837493e-06,0.9999368385573242,-0.9998923169476076,0.9999318402486453,-1.0,-0.18758801932570615,0.5003119021980583,-0.1875854212969995,5.221707558691336e-05,-0.625289192415937,6.214082448824058e-05,1.0003579426864493,-1.0008535264980125,1.000333670443322,-1.0,-0.18748526074736452,0.4999368786383903,-0.1874850036690289,2.0020765054693796e-05,-0.624952348050187,0.0,0.9998805723608537,-0.9998334772357824,0.9999111973867625,-1.0
144,1,123,60,2.1953415335641147,-0.0034153030669810125,0.6072697162332847,72,1.3659191177653467,-0.005634023776847963,0.9079917875129073,71,1.9102222671278677,0.21286540316335922,0.16000719135602737,17,20,21,13,1.69063774191347e-06,34.334724673074106,-0.18750076531416307,0.500027648456355,-0.187501840006839,7.737279212566239e-05,-0.6250073769296112,1.3456077306982442e-05,1.0000050408345367,-1.0002234222817863,1.0000053067735173,-0.9999999999999999,-0.187500420261724,0.500006355919465,-0.18749902309350733,1.1628693495045121e-05,-0.6250002864581655,8.870355175439647e-06,1.0000014088940707,-1.0000388217866283,0.9999973312172763,-1.0,-0.18749894885581483,0.5000074571549824,-0.18749912818794812,1.0385303801475685e-05,-0.6250012811661614,7.04849587117671e-06,0.9999977387728726,-1.000033535121763,0.9999998997597905,-1.0,-0.1874995630833053,0.5000018559377587,-0.1875001750179221,0.0,-0.6249994828365768,0.0,0.9999985263881179,-1.0000098695305084,0.9999989677677382,-1.0
145,1,123,71,1.9102222671278677,0.21286540316335922,0.16000719135602737,76,2.7619753035711683,0.3428486193151481,0.06441109867358019,60,2.1953415335641147,-0.0034153030669810125,0.6072697162332847,21,18,17,13,2.4320277793865586e-06,32.13337635329904,-0.187500344123047,0.49997860244040093,-0.18748229544234218,4.7214464029888874e-05,-0.6249748555109184,1.8486611484059397e-05,0.9999975186113892,-1.000097637508059,0.9999470084299947,-1.0,-0.1874995630833053,0.5000018559377587,-0.1875001750179221,0.0,-0.6249994828365768,0.0,0.9999985263881179,-1.0000098695305084,0.9999989677677382,-1.0,-0.18749942898015626,0.4999992045704297,-0.18749631106698697,0.0,-0.6249981228981145,5.017734048063333e-06,0.9999980038074588,-1.0000033965067547,0.9999953139645676,-1.0,-0.187500420261724,0.500006355919465,-0.18749902309350733,1.1628693495045121e-05,-0.6250002864581655,8.870355175439647e-06,1.0000014088940707,-1.0000388217866283,0.9999973312172763,-1.0
146,1,123,60,2.1953415335641147,-0.0034153030669810125,0.6072697162332847,85,1.5434391962396465,-0.164872047328807,1.3095170431911356,72,1.3659191177653467,-0.005634023776847963,0.9079917875129073,17,15,20,12,1.0131543317637437e-06,32.51107449698037,-0.18750121872837486,0.5000288431161776,-0.18749891005400984,4.06129855966687e-05,-0.6250053254820167,4.615970856594609e-05,1.000006585022811,-1.0001449553800161,0.9999988048949288,-1.0,-0.187500420261724,0.500006355919465,-0.18749902309350733,1.1628693495045121e-05,-0.6250002864581655,8.870355175439647e-06,1.0000014088940707,-1.0000388217866283,0.9999973312172763,-1.0,-0.18749971125836434,0.500060186903938,-0.18750050673496485,4.350202859956082e-05,-0.625005436301158,4.895375399349227e-05,1.0000008406341425,-1.000152337808001,1.0000045217665576,-1.0,-0.18749894885581483,0.5000074571549824,-0.18749912818794812,1.0385303801475685e-05,-0.6250012811661614,7.04849587117671e-06,0.9999977387728726,-1.000033535121763,0.9999998997597905,-1.0
147,1,123,69,1.8539987168097105,1.812176567894967,0.2002601612565209,70,1.2668120732597505,2.01769680880581,1.026242088554026,61,2.140968882733409,2.040128052893537,0.6898139978253874,22,21,16,13,1.6323676494955919e-06,36.516218839980034,-0.1874624302237376,0.4998948468709934,-0.18746116558211903,-2.9925022560142643e-05,-0.6248784377874038,0.0,0.9998635967843872,-0.9996931955853658,0.999805199674985,-1.0,-0.18750342680081503,0.5000182166553386,-0.18750261173716248,0.0,-0.625013533327468,0.0,1.0000181787371747,-1.000048053262507,1.000026817515146,-1.0,-0.18748086365380406,0.4999309693884285,-0.1874807821973716,0.0,-0.6249392881550268,0.0,0.9999052318217714,-0.999812891071263,0.9998950355828483,-1.0,-0.18750120271914994,0.5000206932988012,-0.18749768192002603,0.0,-0.6250057264051838,-1.8522796978084364e-05,1.0000169179338816,-1.0000454941147812,1.000039989221529,-1.0
148,1,123,61,2.140968882733409,2.040128052893537,0.6898139978253874,86,2.744059295675808,1.6871071432701714,0.09319895505753839,69,1.8539987168097105,1.812176567894967,0.2002601612565209,16,18,22,13,1.2974588385894492e-06,35.67556699509923,-0.1874582449696679,0.49987416291207043,-0.1874462794210441,-3.7665435892895075e-05,-0.6248421336462915,-1.4727287148938418e-05,0.9998492922567396,-0.9996352385154524,0.9997651097296737,-1.0,-0.18750120271914994,0.5000206932988012,-0.18749768192002603,0.0,-0.6250057264051838,-1.8522796978084364e-05,1.0000169179338816,-1.0000454941147812,1.000039989221529,-1.0,-0.18750267900484205,0.5000159186197293,-0.1875040864271521,0.0,-0.6250142696360058,0.0,1.0000119480468967,-1.0000411139166805,1.000021128554701,-1.0,-0.18750342680081503,0.5000182166553386,-0.18750261173716248,0.0,-0.625013533327468,0.0,1.0000181787371747,-1.000048053262507,1.000026817515146,-1.0
149,1,123,70,1.2668120732597505,2.01769680880581,1.026242088554026,84,1.5318582102880587,2.181330274937081,1.3616288944142845,61,2.140968882733409,2.040128052893537,0.6898139978253874,21,14,16,11,8.463262182178966e-07,32.81012952854364,-0.18752083317452986,0.5001074332933142,-0.1875186679832861,-9.02638178713904e-06,-0.6250694008397272,-4.1323771145692336e-05,1.0001313628716462,-1.000272766255335,1.0001928886603417,-1.0,-0.18748086365380406,0.4999309693884285,-0.1874807821973716,0.0,-0.6249392881550268,0.0,0.9999052318217714,-0.999812891071263,0.9998950355828483,-1.0,-0.1874716866126635,0.4999362729337818,-0.18747303902257562,-3.2946948895413076e-05,-0.6249069869296003,-2.8068030309869292e-05,0.9999187375948161,-0.9998027044091917,0.9999134943124559,-1.0,-0.18750120271914994,0.5000206932988012,-0.18749768192002603,0.0,-0.6250057264051838,-1.8522796978084364e-05,1.0000169179338816,-1.0000454941147812,1.000039989221529,-1.0
150,1,123,67,2.4744812098867017,0.6138999390478526,-0.1941705543257064,71,1.9102222671278677,0.21286540316335922,0.16000719135602737,62,2.1156727211226194,0.5273282794216223,-0.48271346618820976,19,21,21,12,1.8003871264937743e-06,27.556260500506124,-0.18748928330874276,0.5000260464543783,-0.1874968436773786,-1.4855647872265084e-05,-0.6250330466064592,1.0099856008059995e-05,0.9999795097556947,-1.0000135308555322,1.00005126830741,-1.0,-0.18749921844299774,0.49999760220760514,-0.18749428043742872,0.0,-0.6249955591550437,0.0,0.9999968412844501,-1.0000013574419309,0.9999930756173112,-0.9999999999999999,-0.1874995630833053,0.5000018559377587,-0.1875001750179221,0.0,-0.6249994828365768,0.0,0.9999985263881179,-1.0000098695305084,0.9999989677677382,-1.0,-0.1874975000709772,0.5000048055877491,-0.1875001838015732,0.0,-0.6250036684165325,0.0,0.9999952589711975,-1.0000075035093177,1.0000059782657755,-1.0
151,1,123,71,1.9102222671278677,0.21286540316335922,0.16000719135602737,73,1.5581596540672695,0.07675725856480331,-0.33051568577815615,62,2.1156727211226194,0.5273282794216223,-0.48271346618820976,21,18,21,14,2.645506935960995e-06,31.256677565205557,-0.18748936582066164,0.5000635739606714,-0.18751027722999572,-5.4195583303206536e-05,-0.6250340155197651,0.0,0.999984914526442,-0.9999791092793657,1.0000458396071168,-1.0,-0.1874995630833053,0.5000018559377587,-0.1875001750179221,0.0,-0.6249994828365768,0.0,0.9999985263881179,-1.0000098695305084,0.9999989677677382,-1.0,-0.18749664658880028,0.5000168814825423,-0.18749894192372113,-1.16546727264716e-05,-0.6250023272740215,0.0,0.999993579490857,-0.9999935084972201,1.0000037347959467,-1.0,-0.1874975000709772,0.5000048055877491,-0.1875001838015732,0.0,-0.6250036684165325,0.0,0.9999952589711975,-1.0000075035093177,1.0000059782657755,-1.0
152,1,123,73,1.5581596540672695,0.07675725856480331,-0.33051568577815615,94,1.9617481912922201,0.35599426510331666,-0.8921897385924273,62,2.1156727211226194,0.5273282794216223,-0.48271346618820976,18,16,21,12,1.5379120396064039e-06,29.855830659095517,-0.18749428576092717,0.5000450190820225,-0.18750485445046694,-4.030975814100682e-05,-0.6250127030546295,0.0,0.9999924605251252,-0.9999713454453496,1.0000161833485908,-0.9999999999999999,-0.18749664658880028,0.5000168814825423,-0.18749894192372113,-1.16546727264716e-05,-0.6250023272740215,0.0,0.999993579490857,-0.9999935084972201,1.0000037347959467,-1.0,-0.18749825015678664,0.5000055880820002,-0.187504366627443,0.0,-0.6250104053186879,0.0,0.9999958080394062,-1.0000123497405506,1.0000119480211096,-1.0,-0.1874975000709772,0.5000048055877491,-0.1875001838015732,0.0,-0.6250036684165325,0.0,0.9999952589711975,-1.0000075035093177,1.0000059782657755,-1.0
153,1,123,63,2.118539082383135,1.4538765498850674,-0.5373001528731811,69,1.8539987168097105,1.812176567894967,0.2002601612565209,68,2.47120573504516,1.4827813145134818,-0.1093436697567991,20,22,19,12,4.2950902479077513e-07,31.358082003667178,-0.18752135839996947,0.5001180941095688,-0.18752436546857418,2.0549206639596967e-05,-0.6251097346076402,-1.309563077994504e-05,1.0000980293231014,-1.000311663476444,1.0001943342798356,-1.0,-0.18749675572130456,0.49999833367087987,-0.18749695035581657,0.0,-0.624994088768826,0.0,0.9999916008963095,-0.9999916890340691,0.9999901813861489,-1.0,-0.18750342680081503,0.5000182166553386,-0.18750261173716248,0.0,-0.625013533327468,0.0,1.0000181787371747,-1.000048053262507,1.000026817515146,-1.0,-0.18749857343162027,0.49999991932077426,-0.1874960513643178,0.0,-0.624995547633582,0.0,0.9999961691593805,-0.9999976012393277,0.9999934404016767,-1.0
154,1,123,63,2.118539082383135,1.4538765498850674,-0.5373001528731811,75,1.4779675595611819,1.9648512601822397,-0.26776299454717134,69,1.8539987168097105,1.812176567894967,0.2002601612565209,20,17,22,13,1.1925279449487292e-06,31.24753740136437,-0.18755401148695688,0.5002399489440805,-0.18757599884815324,6.073998919275106e-05,-0.6252486748838187,0.0,1.0002072341064712,-1.000650950211775,1.0003895144652915,-0.9999999999999999,-0.18749675572130456,0.49999833367087987,-0.18749695035581657,0.0,-0.624994088768826,0.0,0.9999916008963095,-0.9999916890340691,0.9999901813861489,-1.0,-0.18751130724902182,0.500051439871553,-0.1875121028300299,1.0033912666216057e-05,-0.6250440006648826,0.0,1.0000474798222212,-1.0001389630595123,1.0000676127179915,-1.0,-0.18750342680081503,0.5000182166553386,-0.18750261173716248,0.0,-0.625013533327468,0.0,1.0000181787371747,-1.000048053262507,1.000026817515146,-1.0
155,1,123,63,2.118539082383135,1.4538765498850674,-0.5373001528731811,93,1.8983908596478376,1.7086763570223045,-0.8250965779627264,75,1.4779675595611819,1.9648512601822397,-0.26776299454717134,20,15,17,11,1.733111237856022e-06,29.1413299433564,-0.1875340797118328,0.50012787890886,-0.18753730245201108,2.9281475172578903e-05,-0.62512354136063,0.0,1.0001289738688859,-1.0003499861671854,1.0001986409037948,-1.0,-0.18749675572130456,0.49999833367087987,-0.18749695035581657,0.0,-0.624994088768826,0.0,0.9999916008963095,-0.9999916890340691,0.9999901813861489,-1.0,-0.18749793389876449,0.4999980882367703,-0.18750411639765038,0.0,-0.6250043434709445,0.0,0.9999904285303921,-0.9999909394993276,0.9999967641834475,-1.0,-0.18751130724902182,0.500051439871553,-0.1875121028300299,1.0033912666216057e-05,-0.6250440006648826,0.0,1.0000474798222212,-1.0001389630595123,1.0000676127179915,-1.0
156,1,123,64,-0.506048208843974,1.8518991259277309,1.693228617966811,80,0.09255469086426638,1.747038916947586,1.9782006749826349,74,0.4139486363278114,1.972728387391972,1.2932891397799846,16,21,21,13,4.85234711300464e-07,34.01463318864368,-0.1877899505152513,0.5009839326172889,-0.18776106631209466,4.165778133952697e-05,-0.6259579452857178,0.00021690204890167095,1.0014467162718386,-1.0027077931091906,1.0010243969172656,-1.0,-0.187524100669608,0.5000622184114969,-0.18751636770624167,2.1154564282319463e-05,-0.6250712175376193,3.169806476463477e-05,1.0000695765719776,-1.0001753762760348,1.0000363605272824,-0.9999999999999999,-0.1874793715890997,0.49992816913475446,-0.1874785273876289,1.7830018720640117e-05,-0.6249315184585764,-1.0394141052610504e-05,0.9998518984959385,-0.9998006658180391,0.9999076959978696,-0.9999999999999999,-0.18748526074736452,0.4999368786383903,-0.1874850036690289,2.0020765054693796e-05,-0.624952348050187,0.0,0.9998805723608537,-0.9998334772357824,0.9999111973867625,-1.0
157,1,123,74,0.4139486363278114,1.972728387391972,1.2932891397799846,90,-0.006642745427095642,2.127909639221211,1.0879965861951997,64,-0.506048208843974,1.8518991259277309,1.693228617966811,21,15,16,12,1.184174111767966e-06,31.920482818564608,-0.18758816854095525,0.500310234474247,-0.18758652045074822,3.405666270511638e-05,-0.6252947619613323,6.114526210830613e-05,1.0004027147885333,-1.0008534847068444,1.0003422600138598,-0.9999999999999999,-0.18748526074736452,0.4999368786383903,-0.1874850036690289,2.0020765054693796e-05,-0.624952348050187,0.0,0.9998805723608537,-0.9998334772357824,0.9999111973867625,-1.0,-0.18758801932570615,0.5003119021980583,-0.1875854212969995,5.221707558691336e-05,-0.625289192415937,6.214082448824058e-05,1.0003579426864493,-1.0008535264980125,1.000333670443322,-1.0,-0.187524100669608,0.5000622184114969,-0.18751636770624167,2.1154564282319463e-05,-0.6250712175376193,3.169806476463477e-05,1.0000695765719776,-1.0001753762760348,1.0000363605272824,-0.9999999999999999
158,1,123,64,-0.506048208843974,1.8518991259277309,1.693228617966811,81,-0.5814421993054524,1.4863703578529333,2.083218949303757,80,0.09255469086426638,1.747038916947586,1.9782006749826349,16,19,21,12,8.266079492003087e-07,28.475112775934356,-0.1873996953669396,0.4996285958093803,-0.18739122122156693,0.00010222892222355797,-0.6246228476760894,-5.513496584334523e-05,0.9991872805197821,-0.9989689373495003,0.9995328823205673,-1.0,-0.187524100669608,0.5000622184114969,-0.18751636770624167,2.1154564282319463e-05,-0.6250712175376193,3.169806476463477e-05,1.0000695765719776,-1.0001753762760348,1.0000363605272824,-0.9999999999999999,-0.18751844379799124,0.5000496921313913,-0.18750804526250456,5.5949187909063144e-06,-0.6250585782694427,1.9355524225041675e-05,1.0000789572933833,-1.0001340772417684,1.00002391982283,-1.0,-0.1874793715890997,0.49992816913475446,-0.1874785273876289,1.7830018720640117e-05,-0.6249315184585764,-1.0394141052610504e-05,0.9998518984959385,-0.9998006658180391,0.9999076959978696,-0.9999999999999999
159,1,123,64,-0.506048208843974,1.8518991259277309,1.693228617966811,97,-1.0890969433440225,1.504849841518076,2.079351358208534,81,-0.5814421993054524,1.4863703578529333,2.083218949303757,16,15,19,11,3.2221265431342516e-06,27.656554779999908,-0.1876228917738015,0.5002702964092623,-0.18753952174147975,1.6164231517591393e-05,-0.6253765244291237,0.00010746947831422388,1.0005395761547253,-1.0007251495394138,1.000113521201888,-1.0,-0.187524100669608,0.5000622184114969,-0.18751636770624167,2.1154564282319463e-05,-0.6250712175376193,3.169806476463477e-05,1.0000695765719776,-1.0001753762760348,1.0000363605272824,-0.9999999999999999,-0.1875200951397442,0.5000093822012833,-0.1875193240529986,0.0,-0.6250459077898548,1.179129322757486e-05,1.0000560823696647,-1.0000396232616602,1.0000350703834342,-1.0,-0.18751844379799124,0.5000496921313913,-0.18750804526250456,5.5949187909063144e-06,-0.6250585782694427,1.9355524225041675e-05,1.0000789572933833,-1.0001340772417684,1.00002391982283,-1.0
160,1,123,77,-0.09422425071624674,1.4670533027696382,3.032547408221662,78,-0.269306171020836,1.318118986710433,2.431862539129754,65,-0.22505271905763946,0.9999999999999971,3.005019185319216,14,23,16,12,1.928929266536983e-06,24.77448385453414,-0.1873860810959385,0.49988586835282145,-0.18747248760630714,-4.277604354000278e-05,-0.6248632626531161,-1.934819006230346e-05,0.9998744978079894,-0.9997232879097275,0.999898724244561,-1.0,-0.18742854191313013,0.4999317210141266,-0.1874821637670641,-5.1155527404962036e-05,-0.6249090746236807,-1.268634470832673e-05,0.9999340486582748,-0.9998294679798065,0.9999346367641709,-1.0,-0.18750149944595568,0.5000181382918573,-0.18749934996861597,0.0,-0.6250042121799557,0.0,1.000002603982044,-1.0000327962488538,1.0000020743352593,-1.0,-0.18748548664881545,0.5000114518723291,-0.18749961337281004,0.0,-0.6250037264983164,0.0,1.0000128602984375,-1.0000305977680144,1.000000322196522,-1.0
161,1,123,78,-0.269306171020836,1.318118986710433,2.431862539129754,79,-0.30047986900501344,0.7183191530358849,2.4248400433156023,65,-0.22505271905763946,0.9999999999999971,3.005019185319216,23,24,16,14,3.97329182844075e-06,27.348547964072143,-0.187454032505383,0.49998780303952395,-0.1874919634247539,-9.593556510633443e-06,-0.6249609201742361,5.3924150600080555e-06,0.9999552090858729,-0.9999885702036544,0.9999738837628581,-1.0,-0.18750149944595568,0.5000181382918573,-0.18749934996861597,0.0,-0.6250042121799557,0.0,1.000002603982044,-1.0000327962488538,1.0000020743352593,-1.0,-0.18750745636108887,0.500024959836812,-0.18750148753865842,-6.9288800180633504e-06,-0.6250069134069673,5.38445037408167e-06,1.000000710168174,-1.000061470551862,1.000007675595451,-1.0,-0.18748548664881545,0.5000114518723291,-0.18749961337281004,0.0,-0.6250037264983164,0.0,1.0000128602984375,-1.0000305977680144,1.000000322196522,-1.0
162,1,123,79,-0.30047986900501344,0.7183191530358849,2.4248400433156023,82,-0.09863034543045468,0.5414091301955195,3.0307978321326265,65,-0.22505271905763946,0.9999999999999971,3.005019185319216,24,15,16,12,2.7247462486279517e-06,25.158658210375133,-0.18740037418367883,0.49995808874621783,-0.1874936978350366,5.038029106887657e-05,-0.6249632059478767,1.7693570144081383e-05,0.9999700751770221,-0.9999552225940216,0.9999702172394409,-1.0,-0.18750745636108887,0.500024959836812,-0.18750148753865842,-6.9288800180633504e-06,-0.6250069134069673,5.38445037408167e-06,1.000000710168174,-1.000061470551862,1.000007675595451,-1.0,-0.18747098950369798,0.49999426046656675,-0.18749908514218463,3.2194852736175675e-05,-0.624979249109386,1.2454814166449409e-05,0.9999454039358151,-1.0000223954099348,0.9999953600014474,-1.0,-0.18748548664881545,0.5000114518723291,-0.18749961337281004,0.0,-0.6250037264983164,0.0,1.0000128602984375,-1.0000305977680144,1.000000322196522,-1.0
163,1,123,66,-0.47065321911010405,0.15132647376478392,1.6906867528483818,88,0.5560038483738351,0.011771254022105215,1.2032908067347927,83,0.04956886124517523,0.25240602612379814,1.9286002974904966,17,21,22,14,2.739283000430248e-07,35.17468987162148,-0.18750359173791784,0.5000045288698094,-0.1874977168065816,-1.9226892908657388e-05,-0.6250053931127594,-2.899846228950536e-05,1.0000075492070108,-0.9999723350091541,0.9999983380109907,-1.0,-0.18750558940240344,0.5000240272594267,-0.18749755872687546,-1.8683639101301175e-05,-0.6250081416257321,-4.107898567352349e-05,1.0000114016569157,-0.9999621732626578,0.9999991042537899,-1.0,-0.18750085794755897,0.4999783027819364,-0.1874999068914052,-1.5960002295773485e-05,-0.6250018732402681,-6.606797979667348e-06,1.0000016480950753,-0.9999978674439024,1.0000010492134563,-1.0,-0.18750021704874031,0.49999326870322014,-0.1874998665328806,-1.1297288521712388e-05,-0.6250001637619212,8.524445110382143e-06,0.9999992011761932,-1.0000249962164915,0.9999996475937587,-1.0
164,1,123,83,0.04956886124517523,0.25240602612379814,1.9286002974904966,98,-0.543107613287775,0.5042409338182213,2.081227064579206,66,-0.47065321911010405,0.15132647376478392,1.6906867528483818,22,19,17,12,6.867304398472385e-07,27.892646698785,-0.18751143843480877,0.500024824858843,-0.1874939155957967,-2.3295361393517298e-05,-0.6250221043278801,-4.431249438907718e-05,1.0000327714589041,-0.9999705313350371,0.9999940581790168,-1.0,-0.18750021704874031,0.49999326870322014,-0.1874998665328806,-1.1297288521712388e-05,-0.6250001637619212,8.524445110382143e-06,0.9999992011761932,-1.0000249962164915,0.9999996475937587,-1.0,-0.18751274175724045,0.5000335953747919,-0.18749339541150287,-9.046064037447638e-06,-0.625029172334636,-2.7503694419732753e-05,1.0000418284761763,-1.0000084524915371,0.9999927438387879,-1.0,-0.18750558940240344,0.5000240272594267,-0.18749755872687546,-1.8683639101301175e-05,-0.6250081416257321,-4.107898567352349e-05,1.0000114016569157,-0.9999621732626578,0.9999991042537899,-1.0
165,1,123,87,0.015915913267499637,-0.15861373023104908,1.0169657809782047,88,0.5560038483738351,0.011771254022105215,1.2032908067347927,66,-0.47065321911010405,0.15132647376478392,1.6906867528483818,15,21,17,13,8.208843421675383e-07,32.95487242448998,-0.18750271535685945,0.5000189822714213,-0.18750697767555088,-1.6637562212219603e-05,-0.625002800991757,-1.5101440477073112e-05,1.0000003881846629,-0.999980930489034,1.000011572303896,-0.9999999999999999,-0.18750235242579616,0.5000077390333231,-0.1875037574041555,-8.579509735670803e-06,-0.6250044148951891,-8.540577291516634e-06,1.0000043614116325,-0.9999874143200531,1.0000062496306827,-1.0,-0.18750085794755897,0.4999783027819364,-0.1874999068914052,-1.5960002295773485e-05,-0.6250018732402681,-6.606797979667348e-06,1.0000016480950753,-0.9999978674439024,1.0000010492134563,-1.0,-0.18750558940240344,0.5000240272594267,-0.18749755872687546,-1.8683639101301175e-05,-0.6250081416257321,-4.107898567352349e-05,1.0000114016569157,-0.9999621732626578,0.9999991042537899,-1.0
166,1,123,66,-0.47065321911010405,0.15132647376478392,1.6906867528483818,98,-0.543107613287775,0.5042409338182213,2.081227064579206,89,-1.0291581208462346,0.48482087117611616,2.066528913286291,17,19,15,11,6.401781134091067e-07,28.94932270458431,-0.1875265524545891,0.5000669556883434,-0.18748379288513362,-1.6528033439638298e-05,-0.6250673249345347,-8.393506862424442e-05,1.000097256575738,-0.999957766756067,0.9999801325685117,-1.0,-0.18750558940240344,0.5000240272594267,-0.18749755872687546,-1.8683639101301175e-05,-0.6250081416257321,-4.107898567352349e-05,1.0000114016569157,-0.9999621732626578,0.9999991042537899,-1.0,-0.18751274175724045,0.5000335953747919,-0.18749339541150287,-9.046064037447638e-06,-0.625029172334636,-2.7503694419732753e-05,1.0000418284761763,-1.0000084524915371,0.9999927438387879,-1.0,-0.1875107798777867,0.500014982217379,-0.18750423053165582,-5.902187730618551e-06,-0.6250209624397149,-2.8574748914647593e-05,1.0000251341542337,-0.9999659376965501,1.000008763262657,-1.0
167,1,123,67,2.4744812098867017,0.6138999390478526,-0.1941705543257064,76,2.7619753035711683,0.3428486193151481,0.06441109867358019,71,1.9102222671278677,0.21286540316335922,0.16000719135602737,19,18,21,12,1.684087407527457e-06,28.884288344084275,-0.1874990319245347,0.49995236995264597,-0.18747171493258602,3.927394231593825e-05,-0.6249684225949236,-3.890225383137512e-05,0.9999913462397881,-1.0000461715075504,0.9999434721042657,-1.0,-0.18749921844299774,0.49999760220760514,-0.18749428043742872,0.0,-0.6249955591550437,0.0,0.9999968412844501,-1.0000013574419309,0.9999930756173112,-0.9999999999999999,-0.18749942898015626,0.4999992045704297,-0.18749631106698697,0.0,-0.6249981228981145,5.017734048063333e-06,0.9999980038074588,-1.0000033965067547,0.9999953139645676,-1.0,-0.1874995630833053,0.5000018559377587,-0.1875001750179221,0.0,-0.6249994828365768,0.0,0.9999985263881179,-1.0000098695305084,0.9999989677677382,-1.0
168,1,123,69,1.8539987168097105,1.812176567894967,0.2002601612565209,86,2.744059295675808,1.6871071432701714,0.09319895505753839,68,2.47120573504516,1.4827813145134818,-0.1093436697567991,22,18,19,12,1.4949207813863552e-06,33.15132007517797,-0.18746825420218033,0.4999092212913117,-0.1874536965919264,-2.96132874899914e-05,-0.6248764962925595,8.487173454556111e-06,0.9998888517679475,-0.9997342099394977,0.9997763024310173,-1.0,-0.18750342680081503,0.5000182166553386,-0.18750261173716248,0.0,-0.625013533327468,0.0,1.0000181787371747,-1.000048053262507,1.000026817515146,-1.0,-0.18750267900484205,0.5000159186197293,-0.1875040864271521,0.0,-0.6250142696360058,0.0,1.0000119480468967,-1.0000411139166805,1.000021128554701,-1.0,-0.18749857343162027,0.49999991932077426,-0.1874960513643178,0.0,-0.624995547633582,0.0,0.9999961691593805,-0.9999976012393277,0.9999934404016767,-1.0
169,1,123,74,0.4139486363278114,1.972728387391972,1.2932891397799846,92,0.8356674543464299,2.048334193275976,1.8324844046355224,70,1.2668120732597505,2.01769680880581,1.026242088554026,21,18,21,13,1.6291805090329348e-05,37.04837918415006,-0.18743117971111709,0.4997279370056785,-0.18743140259998103,1.3278563074896323e-05,-0.6247733568685713,0.0,0.9996091846804255,-0.9992747799249222,0.999628793407268,-1.0,-0.18748526074736452,0.4999368786383903,-0.1874850036690289,2.0020765054693796e-05,-0.624952348050187,0.0,0.9998805723608537,-0.9998334772357824,0.9999111973867625,-1.0,-0.18747350117890066,0.4998947131793817,-0.18747286069005908,1.3243484872064798e-05,-0.6249128340648351,0.0,0.9998321733599496,-0.9997189041448576,0.9998608228950584,-0.9999999999999999,-0.18748086365380406,0.4999309693884285,-0.1874807821973716,0.0,-0.6249392881550268,0.0,0.9999052318217714,-0.999812891071263,0.9998950355828483,-1.0
170,1,123,70,1.2668120732597505,2.01769680880581,1.026242088554026,92,0.8356674543464299,2.048334193275976,1.8324844046355224,84,1.5318582102880587,2.181330274937081,1.3616288944142845,21,18,14,12,6.622595113858765e-06,34.210473716523865,-0.18744646586616553,0.4998055048237603,-0.1874479947339445,-7.480189920049327e-06,-0.6248275839096457,0.0,0.9997336770166402,-0.999472027576033,0.9997280802953973,-1.0,-0.18748086365380406,0.4999309693884285,-0.1874807821973716,0.0,-0.6249392881550268,0.0,0.9999052318217714,-0.999812891071263,0.9998950355828483,-1.0,-0.18747350117890066,0.4998947131793817,-0.18747286069005908,1.3243484872064798e-05,-0.6249128340648351,0.0,0.9998321733599496,-0.9997189041448576,0.9998608228950584,-0.9999999999999999,-0.1874716866126635,0.4999362729337818,-0.18747303902257562,-3.2946948895413076e-05,-0.6249069869296003,-2.8068030309869292e-05,0.9999187375948161,-0.9998027044091917,0.9999134943124559,-1.0
171,1,123,72,1.3659191177653467,-0.005634023776847963,0.9079917875129073,96,1.2310625364122088,0.014367761555768022,0.47764889426843227,71,1.9102222671278677,0.21286540316335922,0.16000719135602737,20,19,21,12,2.1519071258246925e-06,31.854441331333124,-0.1874985045154203,0.5000550272292165,-0.18750461799723933,8.716045572325016e-06,-0.6250032754366136,-1.2481038708294363e-05,0.9999960275369016,-1.0000593392066504,1.0000108008287738,-1.0,-0.18749894885581483,0.5000074571549824,-0.18749912818794812,1.0385303801475685e-05,-0.6250012811661614,7.04849587117671e-06,0.9999977387728726,-1.000033535121763,0.9999998997597905,-1.0,-0.1874978051049113,0.5000005173463641,-0.1875006409996367,0.0,-0.6250012785490242,0.0,0.9999960781938049,-1.0000031907149403,1.0000016606547921,-1.0,-0.1874995630833053,0.5000018559377587,-0.1875001750179221,0.0,-0.6249994828365768,0.0,0.9999985263881179,-1.0000098695305084,0.9999989677677382,-1.0
172,1,123,71,1.9102222671278677,0.21286540316335922,0.16000719135602737,96,1.2310625364122088,0.014367761555768022,0.47764889426843227,73,1.5581596540672695,0.07675725856480331,-0.33051568577815615,21,19,18,13,2.4138556504738062e-06,32.9275869878755,-0.18749459433418303,0.5000191402429666,-0.187506833056904,-2.0244272592082395e-05,-0.6250156357947846,-5.0559154276230464e-05,0.9999931975452497,-1.000020987368953,1.0000218601235196,-1.0,-0.1874995630833053,0.5000018559377587,-0.1875001750179221,0.0,-0.6249994828365768,0.0,0.9999985263881179,-1.0000098695305084,0.9999989677677382,-1.0,-0.1874978051049113,0.5000005173463641,-0.1875006409996367,0.0,-0.6250012785490242,0.0,0.9999960781938049,-1.0000031907149403,1.0000016606547921,-1.0,-0.18749664658880028,0.5000168814825423,-0.18749894192372113,-1.16546727264716e-05,-0.6250023272740215,0.0,0.999993579490857,-0.9999935084972201,1.0000037347959467,-1.0
173,1,123,85,1.5434391962396465,-0.164872047328807,1.3095170431911356,95,0.7227922274200824,0.0169378422195251,1.6788405926087095,72,1.3659191177653467,-0.005634023776847963,0.9079917875129073,15,20,20,12,9.507855549539812e-07,33.092937899984854,-0.1875047590000522,0.5001260421913226,-0.18749858130213012,4.985640842420718e-05,-0.6250089086029782,8.167403014494327e-05,1.0000155948238008,-1.000210106597203,0.9999966728398104,-1.0,-0.18749971125836434,0.500060186903938,-0.18750050673496485,4.350202859956082e-05,-0.625005436301158,4.895375399349227e-05,1.0000008406341425,-1.000152337808001,1.0000045217665576,-1.0,-0.18749832330162938,0.4999689884549707,-0.18750060659201434,0.0,-0.6249998614342305,8.952794831792416e-06,0.9999952192383427,-1.0000245656252147,1.0000028183991618,-1.0,-0.18749894885581483,0.5000074571549824,-0.18749912818794812,1.0385303801475685e-05,-0.6250012811661614,7.04849587117671e-06,0.9999977387728726,-1.000033535121763,0.9999998997597905,-1.0
174,1,123,72,1.3659191177653467,-0.005634023776847963,0.9079917875129073,95,0.7227922274200824,0.0169378422195251,1.6788405926087095,88,0.5560038483738351,0.011771254022105215,1.2032908067347927,20,20,21,13,1.6154928133005342e-06,35.527138393455424,-0.1875005911994869,0.499961186984816,-0.18750049067739868,-3.23097905842385e-05,-0.6250072589260388,0.0,1.000006292401591,-1.0000079754524838,1.000001761385998,-1.0,-0.18749894885581483,0.5000074571549824,-0.18749912818794812,1.0385303801475685e-05,-0.6250012811661614,7.04849587117671e-06,0.9999977387728726,-1.000033535121763,0.9999998997597905,-1.0,-0.18749832330162938,0.4999689884549707,-0.18750060659201434,0.0,-0.6249998614342305,8.952794831792416e-06,0.9999952192383427,-1.0000245656252147,1.0000028183991618,-1.0,-0.18750085794755897,0.4999783027819364,-0.1874999068914052,-1.5960002295773485e-05,-0.6250018732402681,-6.606797979667348e-06,1.0000016480950753,-0.9999978674439024,1.0000010492134563,-1.0
175,1,123,88,0.5560038483738351,0.011771254022105215,1.2032908067347927,96,1.2310625364122088,0.014367761555768022,0.47764889426843227,72,1.3659191177653467,-0.005634023776847963,0.9079917875129073,21,19,20,12,5.030509063752575e-07,35.194169381535175,-0.18749860014709513,0.4999192259380275,-0.18750069774080022,-6.337868178785326e-06,-0.6250023885395379,1.2820754470208276e-05,0.9999989465839111,-1.0000279126985794,1.0000027918151442,-1.0,-0.18750085794755897,0.4999783027819364,-0.1874999068914052,-1.5960002295773485e-05,-0.6250018732402681,-6.606797979667348e-06,1.0000016480950753,-0.9999978674439024,1.0000010492134563,-1.0,-0.1874978051049113,0.5000005173463641,-0.1875006409996367,0.0,-0.6250012785490242,0.0,0.9999960781938049,-1.0000031907149403,1.0000016606547921,-1.0,-0.18749894885581483,0.5000074571549824,-0.18749912818794812,1.0385303801475685e-05,-0.6250012811661614,7.04849587117671e-06,0.9999977387728726,-1.000033535121763,0.9999998997597905,-1.0
176,1,123,80,0.09255469086426638,1.747038916947586,1.9782006749826349,92,0.8356674543464299,2.048334193275976,1.8324844046355224,74,0.4139486363278114,1.972728387391972,1.2932891397799846,21,18,21,13,3.238536583682894e-06,32.688741245976544,-0.18746653738290547,0.4998849291984061,-0.18746634314666025,1.5806520823403815e-05,-0.6248831471684062,-1.5019150777608184e-05,0.9997811866947088,-0.9996773625748371,0.9998464330077313,-0.9999999999999999,-0.1874793715890997,0.49992816913475446,-0.1874785273876289,1.7830018720640117e-05,-0.6249315184585764,-1.0394141052610504e-05,0.9998518984959385,-0.9998006658180391,0.9999076959978696,-0.9999999999999999,-0.18747350117890066,0.4998947131793817,-0.18747286069005908,1.3243484872064798e-05,-0.6249128340648351,0.0,0.9998321733599496,-0.9997189041448576,0.9998608228950584,-0.9999999999999999,-0.18748526074736452,0.4999368786383903,-0.1874850036690289,2.0020765054693796e-05,-0.624952348050187,0.0,0.9998805723608537,-0.9998334772357824,0.9999111973867625,-1.0
177,1,123,80,0.09255469086426638,1.747038916947586,1.9782006749826349,81,-0.5814421993054524,1.4863703578529333,2.083218949303757,78,-0.269306171020836,1.318118986710433,2.431862539129754,21,19,23,12,2.252028062255107e-06,29.152491005442883,-0.18749064759337356,0.50003369872914,-0.18749079904664598,0.0,-0.6250118134113944,0.0,0.9999865981124326,-1.0000546399649306,0.9999737072111783,-1.0,-0.1874793715890997,0.49992816913475446,-0.1874785273876289,1.7830018720640117e-05,-0.6249315184585764,-1.0394141052610504e-05,0.9998518984959385,-0.9998006658180391,0.9999076959978696,-0.9999999999999999,-0.18751844379799124,0.5000496921313913,-0.18750804526250456,5.5949187909063144e-06,-0.6250585782694427,1.9355524225041675e-05,1.0000789572933833,-1.0001340772417684,1.00002391982283,-1.0,-0.18750149944595568,0.5000181382918573,-0.18749934996861597,0.0,-0.6250042121799557,0.0,1.000002603982044,-1.0000327962488538,1.0000020743352593,-1.0
178,1,123,79,-0.30047986900501344,0.7183191530358849,2.4248400433156023,98,-0.543107613287775,0.5042409338182213,2.081227064579206,83,0.04956886124517523,0.25240602612379814,1.9286002974904966,24,19,22,12,2.1538497456674577e-06,28.48799106530477,-0.18752594248568236,0.500072913386902,-0.18750106898981528,-3.798969458209511e-05,-0.625019570794032,8.618936587058608e-06,1.0000052387867344,-1.0001799840769774,1.0000207528645249,-1.0,-0.18750745636108887,0.500024959836812,-0.18750148753865842,-6.9288800180633504e-06,-0.6250069134069673,5.38445037408167e-06,1.000000710168174,-1.000061470551862,1.000007675595451,-1.0,-0.18751274175724045,0.5000335953747919,-0.18749339541150287,-9.046064037447638e-06,-0.625029172334636,-2.7503694419732753e-05,1.0000418284761763,-1.0000084524915371,0.9999927438387879,-1.0,-0.18750021704874031,0.49999326870322014,-0.1874998665328806,-1.1297288521712388e-05,-0.6250001637619212,8.524445110382143e-06,0.9999992011761932,-1.0000249962164915,0.9999996475937587,-1.0
179,1,123,88,0.5560038483738351,0.011771254022105215,1.2032908067347927,95,0.7227922274200824,0.0169378422195251,1.6788405926087095,83,0.04956886124517523,0.25240602612379814,1.9286002974904966,21,20,22,13,1.5322832203068515e-06,30.622413429192015,-0.18750267876647161,0.4999986497058193,-0.18749770549594258,-1.812290655500123e-05,-0.6250131460113623,-3.242557446502982e-05,1.0000121052846027,-0.9999725235447297,0.9999995197682068,-1.0,-0.18750085794755897,0.4999783027819364,-0.1874999068914052,-1.5960002295773485e-05,-0.6250018732402681,-6.606797979667348e-06,1.0000016480950753,-0.9999978674439024,1.0000010492134563,-1.0,-0.18749832330162938,0.4999689884549707,-0.18750060659201434,0.0,-0.6249998614342305,8.952794831792416e-06,0.9999952192383427,-1.0000245656252147,1.0000028183991618,-1.0,-0.18750021704874031,0.49999326870322014,-0.1874998665328806,-1.1297288521712388e-05,-0.6250001637619212,8.524445110382143e-06,0.9999992011761932,-1.0000249962164915,0.9999996475937587,-1.0
180,1,123,91,0.9434247322744745,-0.14756185379875797,2.016664379739611,95,0.7227922274200824,0.0169378422195251,1.6788405926087095,85,1.5434391962396465,-0.164872047328807,1.3095170431911356,14,20,15,11,1.741687818856974e-06,31.656999261298747,-0.18749426377129544,0.5001321882774595,-0.1875000649487435,9.744828766542737e-05,-0.6250108197849886,8.092672754117146e-05,0.9999924268889372,-1.0002913893317766,1.0000082093069405,-1.0,-0.1874957590653299,0.5000103860307364,-0.1875018037581281,3.338013219627628e-05,-0.6250010834597466,2.3921144318755585e-05,0.9999904976376142,-1.000091073896664,1.0000070832500445,-1.0,-0.18749832330162938,0.4999689884549707,-0.18750060659201434,0.0,-0.6249998614342305,8.952794831792416e-06,0.9999952192383427,-1.0000245656252147,1.0000028183991618,-1.0,-0.18749971125836434,0.500060186903938,-0.18750050673496485,4.350202859956082e-05,-0.625005436301158,4.895375399349227e-05,1.0000008406341425,-1.000152337808001,1.0000045217665576,-1.0
