triangle_id,component_id,component_size,A_id,Ax,Ay,Az,B_id,Bx,By,Bz,C_id,Cx,Cy,Cz,nA,nB,nC,nABC,Max_Residual_ABC,Residual_Threshold,ABC_A,ABC_B,ABC_C,ABC_D,ABC_E,ABC_F,ABC_G,ABC_H,ABC_I,ABC_J,A_A,A_B,A_C,A_D,A_E,A_F,A_G,A_H,A_I,A_J,B_A,B_B,B_C,B_D,B_E,B_F,B_G,B_H,B_I,B_J,C_A,C_B,C_C,C_D,C_E,C_F,C_G,C_H,C_I,C_J
57,1,124,0,1.414213562373095,0.0,-1.0,5,1.291948376042502,0.5752124769519023,-1.0,2,1.131429403685432,0.0,-0.5292768405209145,11,12,18,19,3.2702033458953395e-06,30.05701092258959,0.9999948431706326,0.9999771599461843,-0.9999798807461223,5.622824193001438e-06,4.390161767379164e-05,0.0,0.0,0.0,-4.9010464636048786e-05,-1.0,0.9998868724236233,0.9998913824975462,-0.9998752072260828,0.0,0.00010292940031591123,0.0,0.00011254395054097538,0.0,-8.765339644437953e-05,-1.0,0.9999671065843179,0.9999757846961138,-0.9999760816397761,-1.6778993619069948e-05,0.0,0.0,2.939300151976079e-05,2.051558256788414e-05,0.0,-1.0,1.000051065076835,0.9999996055785615,-1.000000255213227,-6.059097588773604e-06,6.519671373117128e-05,0.0,-5.511585866755431e-05,0.0,-6.924781702799578e-05,-1.0
58,1,124,18,1.291948376042502,-0.5752124769519015,-1.0,0,1.414213562373095,0.0,-1.0,2,1.131429403685432,0.0,-0.5292768405209145,12,11,18,19,2.9731462467541547e-06,30.057010922589576,1.0000120789283398,0.9999832964139722,-0.9999864132610625,-1.279491908548875e-05,5.199179730745585e-05,0.0,-1.4943540899485447e-05,8.97264048870142e-06,-5.688150205238197e-05,-1.0,0.9999681051927158,0.9999760811665696,-0.9999773678376128,1.3395307980263972e-05,0.0,0.0,2.794857739630991e-05,-1.4524130495904459e-05,0.0,-1.0,0.9998868724236233,0.9998913824975462,-0.9998752072260828,0.0,0.00010292940031591123,0.0,0.00011254395054097538,0.0,-8.765339644437953e-05,-1.0,1.000051065076835,0.9999996055785615,-1.000000255213227,-6.059097588773604e-06,6.519671373117128e-05,0.0,-5.511585866755431e-05,0.0,-6.924781702799578e-05,-1.0
59,1,124,4,1.131429403685432,0.0,0.529276840520913,19,1.291948376042502,0.5752124769519023,1.0,1,1.414213562373095,0.0,1.0,18,13,11,19,2.652600335051325e-06,30.057010922589598,0.9999948274805899,0.9999755418344294,-0.9999798193386296,7.1133212287271054e-06,-4.920605897522035e-05,0.0,0.0,0.0,5.709965306868768e-05,-1.0,1.0000162324226252,0.9999788273593205,-0.9999870154962878,0.0,-7.087109965387439e-05,0.0,-1.8443690369870943e-05,0.0,8.137826925438428e-05,-1.0,0.9999748184977257,0.9999818584465746,-1.0000071319525878,-1.589355993101784e-05,1.0000832050661674e-05,1.955982334969134e-05,2.0626107189103854e-05,0.0,1.4941465819946933e-05,-1.0,0.99997203078635,0.9999630830994799,-0.9999681233992271,0.0,-4.906587059016455e-05,1.1176840095861824e-05,2.6395307110165332e-05,-9.201952455714744e-06,5.6087162507872895e-05,-1.0
60,1,124,32,1.291948376042502,-0.5752124769519015,1.0,4,1.131429403685432,0.0,0.529276840520913,1,1.414213562373095,0.0,1.0,13,18,11,19,1.6469101996596791e-06,30.05701092258958,0.9999957436185709,0.9999753010594381,-0.9999800895356302,-8.271901047552944e-06,-5.016034726008789e-05,0.0,0.0,5.59537490367609e-06,5.789283167787738e-05,-1.0,0.9999811027157697,0.9999551618449787,-0.9999643049744368,-2.1939287927716464e-05,-9.129122877670645e-05,2.3039151033100357e-05,1.4542571808812748e-05,0.0,0.00010972087112394486,-1.0,1.0000162324226252,0.9999788273593205,-0.9999870154962878,0.0,-7.087109965387439e-05,0.0,-1.8443690369870943e-05,0.0,8.137826925438428e-05,-1.0,0.99997203078635,0.9999630830994799,-0.9999681233992271,0.0,-4.906587059016455e-05,1.1176840095861824e-05,2.6395307110165332e-05,-9.201952455714744e-06,5.6087162507872895e-05,-1.0
61,1,124,3,1.0,0.0,-2.682797104629354e-15,62,0.9186682465944731,-0.4726717205783777,-0.2595369998076418,2,1.131429403685432,0.0,-0.5292768405209145,21,21,18,14,1.8999685770237917e-06,23.73718417277944,1.0000214440875115,0.9999764696167629,-0.999984236748779,3.493099629336232e-05,5.270545942275633e-05,1.6866812429664173e-05,-2.3200119233157068e-05,-2.3330144041372504e-05,-5.201621462528559e-05,-0.9999999999999999,0.999901776117271,0.999948498694181,-0.9999375132286634,-5.716985712627282e-06,9.975861263338268e-06,0.0,9.342751118068128e-05,5.362081245458528e-06,-1.2116353530698039e-05,-0.9999999999999999,1.0000110883695137,0.9999967615465783,-0.9999885027685652,0.0,1.073479077476078e-05,-5.107876805479758e-06,-1.641240413908499e-05,0.0,-7.182990497285221e-06,-1.0,1.000051065076835,0.9999996055785615,-1.000000255213227,-6.059097588773604e-06,6.519671373117128e-05,0.0,-5.511585866755431e-05,0.0,-6.924781702799578e-05,-1.0
62,1,124,2,1.131429403685432,0.0,-0.5292768405209145,63,0.9389809664955179,0.4538765498850675,-0.2961087926404495,3,1.0,0.0,-2.682797104629354e-15,18,20,21,14,1.1961757090395153e-06,23.69646879026538,0.9999354099571965,0.9999418551391192,-0.9999503559833878,-6.783045452860915e-05,9.278799219347378e-06,-3.234998629125791e-05,6.372443937341324e-05,4.949515884916477e-05,-6.241380316135055e-06,-0.9999999999999999,1.000051065076835,0.9999996055785615,-1.000000255213227,-6.059097588773604e-06,6.519671373117128e-05,0.0,-5.511585866755431e-05,0.0,-6.924781702799578e-05,-1.0,0.9999981369957047,0.9999932735728753,-0.9999844011093199,-7.518448699650537e-06,0.0,0.0,0.0,5.2986350515157285e-06,5.46394693809418e-06,-1.0,0.999901776117271,0.999948498694181,-0.9999375132286634,-5.716985712627282e-06,9.975861263338268e-06,0.0,9.342751118068128e-05,5.362081245458528e-06,-1.2116353530698039e-05,-0.9999999999999999
63,1,124,5,1.291948376042502,0.5752124769519023,-1.0,93,0.9628982178054021,0.7086763570223045,-0.6552798975848086,2,1.131429403685432,0.0,-0.5292768405209145,12,15,18,11,1.4721196650580026e-07,21.232389875952183,1.0001770698224497,1.000027552489664,-0.9999991749808448,2.952697045166512e-05,0.00019138085766025098,1.761988188641062e-05,-0.00017774497467396559,-1.913323383931529e-05,-0.00017044838828461387,-1.0,0.9999671065843179,0.9999757846961138,-0.9999760816397761,-1.6778993619069948e-05,0.0,0.0,2.939300151976079e-05,2.051558256788414e-05,0.0,-1.0,0.9999860369622323,0.9999730410200843,-0.9999832580755694,-8.373376963191621e-06,2.4729457037438138e-05,0.0,8.679745857454989e-06,1.1442216689289126e-05,-3.5510887325495385e-05,-1.0,1.000051065076835,0.9999996055785615,-1.000000255213227,-6.059097588773604e-06,6.519671373117128e-05,0.0,-5.511585866755431e-05,0.0,-6.924781702799578e-05,-1.0
64,1,124,2,1.131429403685432,0.0,-0.5292768405209145,94,1.009019431653466,-0.6440057348966833,-0.6579215275936805,18,1.291948376042502,-0.5752124769519015,-1.0,18,16,12,11,2.0093637498330708e-07,21.57209055904112,1.0001745492408098,1.0000301906747704,-1.0000085981390865,-1.761046662445245e-05,0.00017082507436773833,-1.035572553294545e-05,-0.0001756360616500988,1.0829485849521722e-05,-0.00015377132511259592,-1.0,1.000051065076835,0.9999996055785615,-1.000000255213227,-6.059097588773604e-06,6.519671373117128e-05,0.0,-5.511585866755431e-05,0.0,-6.924781702799578e-05,-1.0,1.0000073650927694,0.9999873875837622,-0.9999892334771262,0.0,2.446533345209768e-05,0.0,-1.035233176423003e-05,0.0,-2.5674307523210058e-05,-1.0,0.9999681051927158,0.9999760811665696,-0.9999773678376128,1.3395307980263972e-05,0.0,0.0,2.794857739630991e-05,-1.4524130495904459e-05,0.0,-1.0
65,1,124,62,0.9186682465944731,-0.4726717205783777,-0.2595369998076418,94,1.009019431653466,-0.6440057348966833,-0.6579215275936805,2,1.131429403685432,0.0,-0.5292768405209145,21,16,18,13,2.547388711859888e-06,22.7260579985745,1.000176068142106,1.0000265551972338,-0.9999991394952338,-6.430187573845455e-06,0.00018342913262231464,-6.942774292324355e-06,-0.00017705669915318674,0.0,-0.00016169452320106362,-0.9999999999999999,1.0000110883695137,0.9999967615465783,-0.9999885027685652,0.0,1.073479077476078e-05,-5.107876805479758e-06,-1.641240413908499e-05,0.0,-7.182990497285221e-06,-1.0,1.0000073650927694,0.9999873875837622,-0.9999892334771262,0.0,2.446533345209768e-05,0.0,-1.035233176423003e-05,0.0,-2.5674307523210058e-05,-1.0,1.000051065076835,0.9999996055785615,-1.000000255213227,-6.059097588773604e-06,6.519671373117128e-05,0.0,-5.511585866755431e-05,0.0,-6.924781702799578e-05,-1.0
66,1,124,2,1.131429403685432,0.0,-0.5292768405209145,93,0.9628982178054021,0.7086763570223045,-0.6552798975848086,63,0.9389809664955179,0.4538765498850675,-0.2961087926404495,18,15,20,13,1.1609912791143984e-06,22.667747175023848,1.0000668012900453,0.9999924367663479,-0.9999857829256021,-2.6982096616379817e-05,9.075740983614215e-05,-1.0222620207182555e-05,-6.915011176366004e-05,2.0990909112733377e-05,-8.299940624207367e-05,-1.0,1.000051065076835,0.9999996055785615,-1.000000255213227,-6.059097588773604e-06,6.519671373117128e-05,0.0,-5.511585866755431e-05,0.0,-6.924781702799578e-05,-1.0,0.9999860369622323,0.9999730410200843,-0.9999832580755694,-8.373376963191621e-06,2.4729457037438138e-05,0.0,8.679745857454989e-06,1.1442216689289126e-05,-3.5510887325495385e-05,-1.0,0.9999981369957047,0.9999932735728753,-0.9999844011093199,-7.518448699650537e-06,0.0,0.0,0.0,5.2986350515157285e-06,5.46394693809418e-06,-1.0
67,1,124,4,1.131429403685432,0.0,0.529276840520913,67,0.9435108795500186,-0.3861000609521474,0.198209565386026,3,1.0,0.0,-2.682797104629354e-15,18,19,21,13,1.0910958578858043e-06,22.682080788338908,0.9998491935358902,0.9999088765721889,-0.9999105524597277,-1.1062947050998284e-05,-2.0166244521011796e-05,6.8816125286335044e-06,0.00015016742680807176,0.0,2.406480359625935e-05,-1.0,1.0000162324226252,0.9999788273593205,-0.9999870154962878,0.0,-7.087109965387439e-05,0.0,-1.8443690369870943e-05,0.0,8.137826925438428e-05,-1.0,1.0000083734193495,0.9999953366992953,-0.9999891903233745,0.0,-1.9752067438979053e-05,0.0,-1.3292978854225881e-05,-6.381036207932545e-06,2.0878573877357197e-05,-1.0,0.999901776117271,0.999948498694181,-0.9999375132286634,-5.716985712627282e-06,9.975861263338268e-06,0.0,9.342751118068128e-05,5.362081245458528e-06,-1.2116353530698039e-05,-0.9999999999999999
68,1,124,3,1.0,0.0,-2.682797104629354e-15,68,0.9123619916611873,0.4827813145134819,0.2558751202195692,4,1.131429403685432,0.0,0.529276840520913,21,19,18,13,1.698051842913273e-06,22.772198227539683,1.0000903180174554,1.0000199655376758,-1.000028647619424,5.678372749748949e-06,-5.252957232021102e-05,5.59851577573502e-06,-9.185204051722185e-05,-1.6071159635682707e-05,5.567632662996953e-05,-1.0,0.999901776117271,0.999948498694181,-0.9999375132286634,-5.716985712627282e-06,9.975861263338268e-06,0.0,9.342751118068128e-05,5.362081245458528e-06,-1.2116353530698039e-05,-0.9999999999999999,1.000002992807738,0.9999991400685576,-0.999989473858628,0.0,-1.0088282165196816e-05,0.0,-8.040182061809887e-06,0.0,1.0126062326023802e-05,-0.9999999999999999,1.0000162324226252,0.9999788273593205,-0.9999870154962878,0.0,-7.087109965387439e-05,0.0,-1.8443690369870943e-05,0.0,8.137826925438428e-05,-1.0
69,1,124,3,1.0,0.0,-2.682797104629354e-15,67,0.9435108795500186,-0.3861000609521474,0.198209565386026,62,0.9186682465944731,-0.4726717205783777,-0.2595369998076418,21,19,21,11,2.0543744005951936e-06,19.449731203481406,0.9979555790867884,0.9989489791492511,-0.9989063846609445,0.0005703888250164688,-0.00015767919238825548,2.4315467458609253e-05,0.002044750822751663,-0.0005356274072862179,0.0001801605094862587,-1.0,0.999901776117271,0.999948498694181,-0.9999375132286634,-5.716985712627282e-06,9.975861263338268e-06,0.0,9.342751118068128e-05,5.362081245458528e-06,-1.2116353530698039e-05,-0.9999999999999999,1.0000083734193495,0.9999953366992953,-0.9999891903233745,0.0,-1.9752067438979053e-05,0.0,-1.3292978854225881e-05,-6.381036207932545e-06,2.0878573877357197e-05,-1.0,1.0000110883695137,0.9999967615465783,-0.9999885027685652,0.0,1.073479077476078e-05,-5.107876805479758e-06,-1.641240413908499e-05,0.0,-7.182990497285221e-06,-1.0
70,1,124,63,0.9389809664955179,0.4538765498850675,-0.2961087926404495,68,0.9123619916611873,0.4827813145134819,0.2558751202195692,3,1.0,0.0,-2.682797104629354e-15,20,19,21,11,1.1532703136918343e-06,19.80198561656096,0.9989710571248716,0.9994557938232862,-0.9994333192567838,-0.0003430751576708811,-3.251545326726282e-05,-8.468791786149958e-06,0.0010281205436682517,0.0003113680596410952,3.3911228685117034e-05,-1.0,0.9999981369957047,0.9999932735728753,-0.9999844011093199,-7.518448699650537e-06,0.0,0.0,0.0,5.2986350515157285e-06,5.46394693809418e-06,-1.0,1.000002992807738,0.9999991400685576,-0.999989473858628,0.0,-1.0088282165196816e-05,0.0,-8.040182061809887e-06,0.0,1.0126062326023802e-05,-0.9999999999999999,0.999901776117271,0.999948498694181,-0.9999375132286634,-5.716985712627282e-06,9.975861263338268e-06,0.0,9.342751118068128e-05,5.362081245458528e-06,-1.2116353530698039e-05,-0.9999999999999999
71,1,124,4,1.131429403685432,0.0,0.529276840520913,86,0.9372206614148298,0.6871071432701713,0.5920309866979356,19,1.291948376042502,0.5752124769519023,1.0,18,18,13,12,5.25402151030363e-06,21.747964674693133,1.0000004099786408,0.9999873520395149,-0.9999924092285811,6.271168755355548e-06,-4.247836774204915e-05,0.0,0.0,-8.72968291529474e-06,5.5772077179832614e-05,-1.0,1.0000162324226252,0.9999788273593205,-0.9999870154962878,0.0,-7.087109965387439e-05,0.0,-1.8443690369870943e-05,0.0,8.137826925438428e-05,-1.0,1.0000093587173062,1.000011179100298,-1.0000003771537664,5.618713827810689e-06,5.629570211008237e-06,0.0,-1.2385716262313382e-05,-1.2903456427635441e-05,-8.723710077252186e-06,-0.9999999999999999,0.9999748184977257,0.9999818584465746,-1.0000071319525878,-1.589355993101784e-05,1.0000832050661674e-05,1.955982334969134e-05,2.0626107189103854e-05,0.0,1.4941465819946933e-05,-1.0
72,1,124,32,1.291948376042502,-0.5752124769519015,1.0,76,0.953732970984591,-0.6571513806848519,0.5843434289076155,4,1.131429403685432,0.0,0.529276840520913,13,18,18,12,4.708322045576807e-07,21.79006924446192,1.0001066039980682,1.0000012040065713,-0.9999681364126454,-5.831791116100611e-05,-0.00019426130339977583,4.562001550908388e-05,-0.00010815115251731838,2.8665023841070086e-05,0.00017996747601349257,-1.0,0.9999811027157697,0.9999551618449787,-0.9999643049744368,-2.1939287927716464e-05,-9.129122877670645e-05,2.3039151033100357e-05,1.4542571808812748e-05,0.0,0.00010972087112394486,-1.0,1.0000134874632394,1.000002365154751,-0.9999978189455266,-9.391368924526806e-06,-1.2471716320487336e-05,9.496653028584414e-06,-1.9420957712592825e-05,0.0,1.7404810277597038e-05,-1.0,1.0000162324226252,0.9999788273593205,-0.9999870154962878,0.0,-7.087109965387439e-05,0.0,-1.8443690369870943e-05,0.0,8.137826925438428e-05,-1.0
73,1,124,4,1.131429403685432,0.0,0.529276840520913,76,0.953732970984591,-0.6571513806848519,0.5843434289076155,67,0.9435108795500186,-0.3861000609521474,0.198209565386026,18,18,19,13,1.4069355768198122e-06,23.096546561485948,1.0000566580858818,0.9999935281606529,-0.9999905411395799,-3.738871150928965e-05,-0.00011580843359398336,2.645266967203259e-05,-6.118259296480059e-05,1.8595360982222935e-05,0.00012467231270658834,-1.0,1.0000162324226252,0.9999788273593205,-0.9999870154962878,0.0,-7.087109965387439e-05,0.0,-1.8443690369870943e-05,0.0,8.137826925438428e-05,-1.0,1.0000134874632394,1.000002365154751,-0.9999978189455266,-9.391368924526806e-06,-1.2471716320487336e-05,9.496653028584414e-06,-1.9420957712592825e-05,0.0,1.7404810277597038e-05,-1.0,1.0000083734193495,0.9999953366992953,-0.9999891903233745,0.0,-1.9752067438979053e-05,0.0,-1.3292978854225881e-05,-6.381036207932545e-06,2.0878573877357197e-05,-1.0
74,1,124,68,0.9123619916611873,0.4827813145134819,0.2558751202195692,86,0.9372206614148298,0.6871071432701713,0.5920309866979356,4,1.131429403685432,0.0,0.529276840520913,19,18,18,13,3.443825330462502e-06,23.258627812656712,1.0000027745236955,0.9999784139866715,-0.9999709701573323,0.0,-7.213095654518143e-05,7.910949500957667e-06,-7.74819076921954e-06,-6.241495373020504e-06,7.849436703437561e-05,-1.0,1.000002992807738,0.9999991400685576,-0.999989473858628,0.0,-1.0088282165196816e-05,0.0,-8.040182061809887e-06,0.0,1.0126062326023802e-05,-0.9999999999999999,1.0000093587173062,1.000011179100298,-1.0000003771537664,5.618713827810689e-06,5.629570211008237e-06,0.0,-1.2385716262313382e-05,-1.2903456427635441e-05,-8.723710077252186e-06,-0.9999999999999999,1.0000162324226252,0.9999788273593205,-0.9999870154962878,0.0,-7.087109965387439e-05,0.0,-1.8443690369870943e-05,0.0,8.137826925438428e-05,-1.0
75,1,124,6,0.9462935785116285,1.050965490997519,-1.0,93,0.9628982178054021,0.7086763570223045,-0.6552798975848086,5,1.291948376042502,0.5752124769519023,-1.0,11,15,12,16,4.170420637161776e-06,28.673375021340213,0.9999683798570699,0.9999744483515216,-0.9999830947558269,-2.2448183307290736e-05,-1.1000301874486103e-05,-1.2635504425833147e-05,2.650099194370357e-05,1.6449572016012388e-05,0.0,-0.9999999999999999,1.0000355554027185,1.000047485135996,-1.00004431882294,4.163446854381208e-05,7.883586789598147e-06,2.165824640610915e-05,-5.262911778459504e-05,-5.705000815373806e-05,-5.970180790853685e-05,-0.9999999999999999,0.9999860369622323,0.9999730410200843,-0.9999832580755694,-8.373376963191621e-06,2.4729457037438138e-05,0.0,8.679745857454989e-06,1.1442216689289126e-05,-3.5510887325495385e-05,-1.0,0.9999671065843179,0.9999757846961138,-0.9999760816397761,-1.6778993619069948e-05,0.0,0.0,2.939300151976079e-05,2.051558256788414e-05,0.0,-1.0
76,1,124,7,0.4370160244488182,1.344997023927916,-1.0,75,0.6172089564672828,0.9648512601822398,-0.5584697078287724,6,0.9462935785116285,1.050965490997519,-1.0,13,17,11,19,1.1995066808712096e-06,30.021176298306884,1.0000176651197334,1.0000383718365906,-1.0000171493565677,3.2963198223696215e-05,1.6513971704923118e-05,3.05247326418593e-05,-2.3265661097850916e-05,-4.135052400526926e-05,-3.944574252474209e-05,-1.0,1.000024180751807,1.0000832300549842,-1.000021872878744,3.9317818285748795e-05,9.070677246022273e-06,6.932224835323888e-05,-3.706192801649658e-05,-8.631441682433869e-05,-7.538266841999517e-05,-1.0,1.0000253396967724,1.0000458559283973,-1.0000103889384016,2.4710731653424592e-05,0.0,1.6023204721036492e-05,-2.7730277860662827e-05,-4.9502300973586285e-05,-1.187612145721226e-05,-1.0,1.0000355554027185,1.000047485135996,-1.00004431882294,4.163446854381208e-05,7.883586789598147e-06,2.165824640610915e-05,-5.262911778459504e-05,-5.705000815373806e-05,-5.970180790853685e-05,-0.9999999999999999
77,1,124,75,0.6172089564672828,0.9648512601822398,-0.5584697078287724,93,0.9628982178054021,0.7086763570223045,-0.6552798975848086,6,0.9462935785116285,1.050965490997519,-1.0,17,15,11,21,6.448499988986889e-06,31.59654598803695,0.9999720259442455,0.9999843378197787,-0.99998278041517,-1.1582728443775845e-05,0.0,5.680351979503289e-06,2.042624853405634e-05,1.602442040530767e-05,0.0,-1.0,1.0000253396967724,1.0000458559283973,-1.0000103889384016,2.4710731653424592e-05,0.0,1.6023204721036492e-05,-2.7730277860662827e-05,-4.9502300973586285e-05,-1.187612145721226e-05,-1.0,0.9999860369622323,0.9999730410200843,-0.9999832580755694,-8.373376963191621e-06,2.4729457037438138e-05,0.0,8.679745857454989e-06,1.1442216689289126e-05,-3.5510887325495385e-05,-1.0,1.0000355554027185,1.000047485135996,-1.00004431882294,4.163446854381208e-05,7.883586789598147e-06,2.165824640610915e-05,-5.262911778459504e-05,-5.705000815373806e-05,-5.970180790853685e-05,-0.9999999999999999
78,1,124,8,-0.1478255704071379,1.406466352506808,-1.0,59,0.1296853735845833,1.110370930514059,-0.4997418421919214,7,0.4370160244488182,1.344997023927916,-1.0,12,19,13,21,2.41329820016567e-07,30.82954965397738,0.9999544770266149,0.999926748641578,-0.9999501164616514,-6.218000312769458e-06,5.121340443344373e-06,1.1278870881713643e-05,1.1194836450469811e-05,7.031201578904482e-05,-1.270795095610538e-05,-1.0,1.000007087286849,1.0000571621603735,-1.0000081264604943,0.0,-1.0557538854833905e-05,6.196746654251896e-05,0.0,-5.892998383550909e-05,-6.515523443552387e-05,-1.0,0.9999536040644036,0.999923513876555,-0.9999467988522178,-8.977668517303403e-06,5.3786031202518305e-06,1.2275612577106403e-05,1.2766108764305651e-05,7.259264759966805e-05,-1.28371132056042e-05,-0.9999999999999999,1.000024180751807,1.0000832300549842,-1.000021872878744,3.9317818285748795e-05,9.070677246022273e-06,6.932224835323888e-05,-3.706192801649658e-05,-8.631441682433869e-05,-7.538266841999517e-05,-1.0
79,1,124,59,0.1296853735845833,1.110370930514059,-0.4997418421919214,75,0.6172089564672828,0.9648512601822398,-0.5584697078287724,7,0.4370160244488182,1.344997023927916,-1.0,19,17,13,11,2.179786700473585e-06,20.462332165043176,0.999979049930756,0.99998763843255,-0.9999824201668605,1.7693173278548077e-05,0.0,4.4058569347690606e-05,-1.0764090317603381e-05,8.108134092701696e-06,-5.362086841098755e-05,-1.0,0.9999536040644036,0.999923513876555,-0.9999467988522178,-8.977668517303403e-06,5.3786031202518305e-06,1.2275612577106403e-05,1.2766108764305651e-05,7.259264759966805e-05,-1.28371132056042e-05,-0.9999999999999999,1.0000253396967724,1.0000458559283973,-1.0000103889384016,2.4710731653424592e-05,0.0,1.6023204721036492e-05,-2.7730277860662827e-05,-4.9502300973586285e-05,-1.187612145721226e-05,-1.0,1.000024180751807,1.0000832300549842,-1.000021872878744,3.9317818285748795e-05,9.070677246022273e-06,6.932224835323888e-05,-3.706192801649658e-05,-8.631441682433869e-05,-7.538266841999517e-05,-1.0
80,1,124,9,-0.7071067811865528,1.224744871391586,-1.0,90,-0.3870134471718175,1.127909639221211,-0.6495809287038505,8,-0.1478255704071379,1.406466352506808,-1.0,12,15,12,17,1.4778987715846625e-06,29.719833587956785,0.9999926351165087,0.9999928361437876,-0.9999853880927692,9.729916738819276e-06,0.0,5.782954555867952e-06,-1.2995507946912286e-05,0.0,-6.477725416923643e-06,-1.0,0.9998858137698593,0.999809763548134,-0.9999887334860664,0.00012246291944670862,4.654446793084272e-05,-0.00011455087616497809,-0.00011445302227029189,0.00016741160870665194,2.7177157893294577e-05,-1.0,1.0000664082179211,1.0002271416979176,-1.000066034229139,-2.805747391987288e-05,-1.0387988677902738e-05,0.00016166238283603975,2.5876741893810004e-05,-0.00023063693635542418,-0.0001686417914515527,-0.9999999999999999,1.000007087286849,1.0000571621603735,-1.0000081264604943,0.0,-1.0557538854833905e-05,6.196746654251896e-05,0.0,-5.892998383550909e-05,-6.515523443552387e-05,-1.0
81,1,124,8,-0.1478255704071379,1.406466352506808,-1.0,90,-0.3870134471718175,1.127909639221211,-0.6495809287038505,59,0.1296853735845833,1.110370930514059,-0.4997418421919214,12,15,19,22,4.455109208212349e-07,28.301424186232296,1.0000142683903241,1.0000543398172963,-1.0000132727798572,2.9225899700514535e-05,1.2755480420862223e-05,3.381871431288306e-05,-1.8180517627109783e-05,-5.858399792265024e-05,-3.688641723416718e-05,-1.0,1.000007087286849,1.0000571621603735,-1.0000081264604943,0.0,-1.0557538854833905e-05,6.196746654251896e-05,0.0,-5.892998383550909e-05,-6.515523443552387e-05,-1.0,1.0000664082179211,1.0002271416979176,-1.000066034229139,-2.805747391987288e-05,-1.0387988677902738e-05,0.00016166238283603975,2.5876741893810004e-05,-0.00023063693635542418,-0.0001686417914515527,-0.9999999999999999,0.9999536040644036,0.999923513876555,-0.9999467988522178,-8.977668517303403e-06,5.3786031202518305e-06,1.2275612577106403e-05,1.2766108764305651e-05,7.259264759966805e-05,-1.28371132056042e-05,-0.9999999999999999
82,1,124,10,-1.144122805635372,0.831253875554903,-1.0,64,-0.7775617789721692,0.851899125927731,-0.574750244590517,9,-0.7071067811865528,1.224744871391586,-1.0,12,16,12,18,9.579989721508753e-07,29.34704660985347,0.9999379403480845,0.9999354789586284,-0.9999499707150109,1.6805060338384628e-05,-1.3461869975020292e-05,3.899997865521724e-05,-3.57253556776975e-05,6.0799577756192415e-05,-4.9138195274569026e-05,-1.0,1.0000260241820524,0.9999754460989707,-1.0000306301584039,-4.863475497854217e-05,-7.092827184523893e-05,4.9796460187073664e-05,5.446559544982247e-05,0.0,-0.00015910155225123309,-1.0,0.9999908902307252,0.999992330193465,-0.9999795807571482,-2.981788739425393e-05,-3.0927647119618894e-05,7.473485211457253e-05,2.0381143414813913e-05,0.0,-9.132048731206352e-05,-1.0,0.9998858137698593,0.999809763548134,-0.9999887334860664,0.00012246291944670862,4.654446793084272e-05,-0.00011455087616497809,-0.00011445302227029189,0.00016741160870665194,2.7177157893294577e-05,-1.0
83,1,124,64,-0.7775617789721692,0.851899125927731,-0.574750244590517,90,-0.3870134471718175,1.127909639221211,-0.6495809287038505,9,-0.7071067811865528,1.224744871391586,-1.0,16,15,12,19,2.518384434546661e-06,29.015485844034487,0.9999882564415796,0.9999803950953993,-0.9999693897527868,-2.316789041431312e-05,-2.1188511082457562e-05,5.4330770436711203e-05,1.3554006732896053e-05,1.0771029736016464e-05,-6.194667447858718e-05,-1.0,0.9999908902307252,0.999992330193465,-0.9999795807571482,-2.981788739425393e-05,-3.0927647119618894e-05,7.473485211457253e-05,2.0381143414813913e-05,0.0,-9.132048731206352e-05,-1.0,1.0000664082179211,1.0002271416979176,-1.000066034229139,-2.805747391987288e-05,-1.0387988677902738e-05,0.00016166238283603975,2.5876741893810004e-05,-0.00023063693635542418,-0.0001686417914515527,-0.9999999999999999,0.9998858137698593,0.999809763548134,-0.9999887334860664,0.00012246291944670862,4.654446793084272e-05,-0.00011455087616497809,-0.00011445302227029189,0.00016741160870665194,2.7177157893294577e-05,-1.0
84,1,124,11,-1.383309602960452,0.2940315329303932,-1.0,97,-1.120215639933406,0.504849841518076,-0.7139979505224818,10,-1.144122805635372,0.831253875554903,-1.0,13,15,12,17,5.076386748181783e-06,27.887119465098774,1.0000010865084745,0.9999448338254605,-1.000058839654361,-6.128990192492305e-05,-0.00013883569176319045,5.766230987068348e-05,1.467814274179359e-05,-1.0056595620161912e-05,-0.00027021868865923865,-1.0,0.9999297696758351,0.9999164322370167,-0.9999764734882619,-3.7146235967542e-05,-0.00010258415871180534,2.0620170578551967e-05,-5.251486216728072e-05,-1.8524914587930872e-05,-0.00018703484200118675,-1.0,1.0000007865397607,0.9999935966654613,-1.0000601575635173,-3.323688808062179e-05,0.0,1.673160706597278e-05,2.1830897988271673e-05,-1.8054729883434077e-05,-9.569741696584366e-05,-0.9999999999999999,1.0000260241820524,0.9999754460989707,-1.0000306301584039,-4.863475497854217e-05,-7.092827184523893e-05,4.9796460187073664e-05,5.446559544982247e-05,0.0,-0.00015910155225123309,-1.0
85,1,124,10,-1.144122805635372,0.831253875554903,-1.0,97,-1.120215639933406,0.504849841518076,-0.7139979505224818,64,-0.7775617789721692,0.851899125927731,-0.574750244590517,12,15,16,20,1.2522917644863796e-05,28.96392265215285,1.000021599734978,0.9999430258134995,-0.9999929025341441,-5.432083239741392e-06,-6.372750313511957e-05,6.038226485481852e-05,2.4118853903532764e-05,5.3392646211572635e-05,-0.00010873081437966347,-1.0,1.0000260241820524,0.9999754460989707,-1.0000306301584039,-4.863475497854217e-05,-7.092827184523893e-05,4.9796460187073664e-05,5.446559544982247e-05,0.0,-0.00015910155225123309,-1.0,1.0000007865397607,0.9999935966654613,-1.0000601575635173,-3.323688808062179e-05,0.0,1.673160706597278e-05,2.1830897988271673e-05,-1.8054729883434077e-05,-9.569741696584366e-05,-0.9999999999999999,0.9999908902307252,0.999992330193465,-0.9999795807571482,-2.981788739425393e-05,-3.0927647119618894e-05,7.473485211457253e-05,2.0381143414813913e-05,0.0,-9.132048731206352e-05,-1.0
86,1,124,12,-1.383309602960451,-0.2940315329304003,-1.0,57,-1.123546082384685,-0.01117135932548013,-0.5123287472680079,11,-1.383309602960452,0.2940315329303932,-1.0,13,20,13,11,1.0255614846244043e-07,20.529208657380632,0.9903366203493013,0.9959424216249423,-0.9966568380093078,1.0053691683478827e-05,0.004557412117424341,6.404269512436311e-06,-0.00961273904205623,2.0628850202674447e-05,0.004102746561748968,-1.0,0.9997515058841918,0.9998661739297364,-0.9999491444247876,-5.155400024811338e-05,4.7447975940103635e-05,2.6760347084988366e-05,-0.00022854658117881893,-2.9645589093840466e-05,-5.4401208768583024e-05,-0.9999999999999999,0.9999274965590186,0.9999642449288972,-0.9999412811936532,-2.528978489879259e-05,-1.783363385337276e-05,0.0,-6.406503174840209e-05,-2.1938420824054066e-05,-2.0664658617155596e-05,-1.0,0.9999297696758351,0.9999164322370167,-0.9999764734882619,-3.7146235967542e-05,-0.00010258415871180534,2.0620170578551967e-05,-5.251486216728072e-05,-1.8524914587930872e-05,-0.00018703484200118675,-1.0
87,1,124,57,-1.123546082384685,-0.01117135932548013,-0.5123287472680079,97,-1.120215639933406,0.504849841518076,-0.7139979505224818,11,-1.383309602960452,0.2940315329303932,-1.0,20,15,13,11,4.848437856197485e-06,18.65190362326963,0.9988105110769189,0.9995639567669415,-0.9997034260241107,-2.4011439571703677e-05,0.0006257494081620117,4.141589371799102e-05,-0.0011555289120728602,2.6295297084602597e-05,0.00045163306328637956,-1.0,0.9999274965590186,0.9999642449288972,-0.9999412811936532,-2.528978489879259e-05,-1.783363385337276e-05,0.0,-6.406503174840209e-05,-2.1938420824054066e-05,-2.0664658617155596e-05,-1.0,1.0000007865397607,0.9999935966654613,-1.0000601575635173,-3.323688808062179e-05,0.0,1.673160706597278e-05,2.1830897988271673e-05,-1.8054729883434077e-05,-9.569741696584366e-05,-0.9999999999999999,0.9999297696758351,0.9999164322370167,-0.9999764734882619,-3.7146235967542e-05,-0.00010258415871180534,2.0620170578551967e-05,-5.251486216728072e-05,-1.8524914587930872e-05,-0.00018703484200118675,-1.0
88,1,124,13,-1.144122805635367,-0.8312538755549093,-1.0,89,-1.09449064713319,-0.5151791288238838,-0.6806816404338686,12,-1.383309602960451,-0.2940315329304003,-1.0,12,15,13,17,4.171629560900669e-06,27.88711946509877,0.9999679714917163,0.9999894526056123,-1.0000622386910099,-1.5434978995782748e-05,3.6454625412619195e-05,8.450598721727799e-06,-1.3024931130732027e-05,0.0,-5.8325248732562184e-05,-1.0,0.9999545565311163,0.999957010930626,-0.999995239755739,-1.507350672957883e-05,0.0,-1.596392867437704e-05,-2.6497834223316945e-05,-3.7829926656948155e-05,-5.062157303857041e-05,-1.0,1.0000487937960632,1.0000549501922096,-1.0000609587398703,6.412939848468243e-05,-2.6198138406433167e-05,-4.875899693677503e-05,7.338484917438932e-05,5.910117730105866e-05,-0.00010256881125167064,-1.0,0.9997515058841918,0.9998661739297364,-0.9999491444247876,-5.155400024811338e-05,4.7447975940103635e-05,2.6760347084988366e-05,-0.00022854658117881893,-2.9645589093840466e-05,-5.4401208768583024e-05,-0.9999999999999999
89,1,124,12,-1.383309602960451,-0.2940315329304003,-1.0,89,-1.09449064713319,-0.5151791288238838,-0.6806816404338686,57,-1.123546082384685,-0.01117135932548013,-0.5123287472680079,13,15,20,11,8.607245234326655e-07,18.597007750952482,0.9999601312463084,1.0000076275966647,-1.000005368295616,8.962357888523592e-05,-3.158719793681621e-05,-5.2532795961757406e-05,-1.3720302353306624e-05,8.100922048780672e-05,-0.00010824772168724509,-1.0,0.9997515058841918,0.9998661739297364,-0.9999491444247876,-5.155400024811338e-05,4.7447975940103635e-05,2.6760347084988366e-05,-0.00022854658117881893,-2.9645589093840466e-05,-5.4401208768583024e-05,-0.9999999999999999,1.0000487937960632,1.0000549501922096,-1.0000609587398703,6.412939848468243e-05,-2.6198138406433167e-05,-4.875899693677503e-05,7.338484917438932e-05,5.910117730105866e-05,-0.00010256881125167064,-1.0,0.9999274965590186,0.9999642449288972,-0.9999412811936532,-2.528978489879259e-05,-1.783363385337276e-05,0.0,-6.406503174840209e-05,-2.1938420824054066e-05,-2.0664658617155596e-05,-1.0
90,1,124,14,-0.7071067811865438,-1.224744871391591,-1.0,66,-0.7641490753106939,-0.8486735262352161,-0.5515195773917724,13,-1.144122805635367,-0.8312538755549093,-1.0,12,17,12,19,3.600502822553864e-07,29.347046609853464,0.9999855476509006,0.9999895437093063,-0.9999866573948059,2.459937345259026e-05,-2.0000904398823703e-05,-5.2522904079397124e-05,1.5402656457296158e-05,-9.326995144027458e-06,-6.612100601712853e-05,-1.0,0.9999049616684322,0.9998987255567772,-0.9999318285469527,-2.2224598941416224e-05,-2.834746360817184e-05,-4.781631482495113e-05,-5.9701860719011475e-05,-8.930945584427099e-05,-7.706293372955833e-05,-0.9999999999999999,1.000022589102593,1.0000506697074643,-1.0000139048336214,6.334377139906594e-05,-3.212276271948476e-05,-8.451733172968118e-05,5.269770124949288e-05,5.223739734496274e-05,-0.00010159199862693204,-1.0,0.9999545565311163,0.999957010930626,-0.999995239755739,-1.507350672957883e-05,0.0,-1.596392867437704e-05,-2.6497834223316945e-05,-3.7829926656948155e-05,-5.062157303857041e-05,-1.0
91,1,124,66,-0.7641490753106939,-0.8486735262352161,-0.5515195773917724,89,-1.09449064713319,-0.5151791288238838,-0.6806816404338686,13,-1.144122805635367,-0.8312538755549093,-1.0,17,15,12,21,3.635874226359803e-06,29.63408816069464,1.0000347728302532,1.0000329708146172,-1.0000217180013193,5.473688540264637e-05,-3.9590150333486564e-05,-6.227647870863912e-05,5.307140111527358e-05,3.677996963705779e-05,-9.065803279313561e-05,-1.0,1.000022589102593,1.0000506697074643,-1.0000139048336214,6.334377139906594e-05,-3.212276271948476e-05,-8.451733172968118e-05,5.269770124949288e-05,5.223739734496274e-05,-0.00010159199862693204,-1.0,1.0000487937960632,1.0000549501922096,-1.0000609587398703,6.412939848468243e-05,-2.6198138406433167e-05,-4.875899693677503e-05,7.338484917438932e-05,5.910117730105866e-05,-0.00010256881125167064,-1.0,0.9999545565311163,0.999957010930626,-0.999995239755739,-1.507350672957883e-05,0.0,-1.596392867437704e-05,-2.6497834223316945e-05,-3.7829926656948155e-05,-5.062157303857041e-05,-1.0
92,1,124,15,-0.1478255704071295,-1.406466352506809,-1.0,87,-0.3539245748820679,-1.158613730231049,-0.6838559122085073,14,-0.7071067811865438,-1.224744871391591,-1.0,11,15,12,17,1.3824461339018157e-06,28.83263992972523,0.9999621107428303,0.9999660818214793,-0.9999911150144117,0.0,-7.147552726346204e-06,-4.3476494670821004e-05,-6.88157017327643e-06,-3.504695171293515e-05,-7.078083607948221e-05,-1.0,0.9999911334250464,1.0000003149538197,-1.0000107682207013,1.0887184567400284e-05,-7.3965606448357695e-06,-2.0401478246569493e-05,0.0,0.0,-4.452103111699983e-05,-1.0,0.9999998021482235,1.0000220600969247,-1.000017106725286,0.0,5.619948412253488e-06,-2.4211616700727556e-05,0.0,2.1887461742175554e-05,-3.897385266664727e-05,-1.0,0.9999049616684322,0.9998987255567772,-0.9999318285469527,-2.2224598941416224e-05,-2.834746360817184e-05,-4.781631482495113e-05,-5.9701860719011475e-05,-8.930945584427099e-05,-7.706293372955833e-05,-0.9999999999999999
93,1,124,14,-0.7071067811865438,-1.224744871391591,-1.0,87,-0.3539245748820679,-1.158613730231049,-0.6838559122085073,66,-0.7641490753106939,-0.8486735262352161,-0.5515195773917724,12,15,17,19,1.5076695767390902e-06,29.259009970130005,0.9999736390472661,1.0000093305805,-0.9999831313226631,2.53711111209524e-05,-2.682923073387726e-05,-8.594036404527058e-05,6.404166978567133e-06,8.75795988983348e-06,-0.00010017408318023728,-1.0,0.9999049616684322,0.9998987255567772,-0.9999318285469527,-2.2224598941416224e-05,-2.834746360817184e-05,-4.781631482495113e-05,-5.9701860719011475e-05,-8.930945584427099e-05,-7.706293372955833e-05,-0.9999999999999999,0.9999998021482235,1.0000220600969247,-1.000017106725286,0.0,5.619948412253488e-06,-2.4211616700727556e-05,0.0,2.1887461742175554e-05,-3.897385266664727e-05,-1.0,1.000022589102593,1.0000506697074643,-1.0000139048336214,6.334377139906594e-05,-3.212276271948476e-05,-8.451733172968118e-05,5.269770124949288e-05,5.223739734496274e-05,-0.00010159199862693204,-1.0
94,1,124,16,0.4370160244488233,-1.344997023927914,-1.0,55,0.1113068223795464,-1.166118211424664,-0.6100984561843235,15,-0.1478255704071295,-1.406466352506809,-1.0,13,16,11,18,1.0228111284593666e-06,29.07759319314577,0.9999844521861201,0.9999888021205664,-0.9999902223456919,0.0,-6.988135700779028e-06,-1.8052759975303052e-05,-7.884517725542926e-06,-6.702377752278199e-06,-2.8632439192569224e-05,-1.0,0.9999906094270193,0.9999851770610337,-1.00002497951003,0.0,-1.6062910738826503e-05,0.0,-1.8616127979564472e-05,-7.4094002097739865e-06,-4.2131542218294305e-05,-1.0,0.999991681302711,1.0000360411025981,-1.0000032861799033,-1.1040268198587836e-05,0.0,-7.077812745891677e-05,-1.5710543741417e-05,3.750375559545925e-05,-8.535416787665356e-05,-1.0,0.9999911334250464,1.0000003149538197,-1.0000107682207013,1.0887184567400284e-05,-7.3965606448357695e-06,-2.0401478246569493e-05,0.0,0.0,-4.452103111699983e-05,-1.0
95,1,124,55,0.1113068223795464,-1.166118211424664,-0.6100984561843235,87,-0.3539245748820679,-1.158613730231049,-0.6838559122085073,15,-0.1478255704071295,-1.406466352506809,-1.0,16,15,11,19,2.3570567302400036e-06,26.751902644216777,0.9999738177007682,0.9999777896820069,-0.9999856300740507,2.214398762156104e-05,-1.3982764925252394e-05,-3.907382687317138e-05,0.0,-1.86426349901925e-05,-5.696389225572964e-05,-1.0,0.999991681302711,1.0000360411025981,-1.0000032861799033,-1.1040268198587836e-05,0.0,-7.077812745891677e-05,-1.5710543741417e-05,3.750375559545925e-05,-8.535416787665356e-05,-1.0,0.9999998021482235,1.0000220600969247,-1.000017106725286,0.0,5.619948412253488e-06,-2.4211616700727556e-05,0.0,2.1887461742175554e-05,-3.897385266664727e-05,-1.0,0.9999911334250464,1.0000003149538197,-1.0000107682207013,1.0887184567400284e-05,-7.3965606448357695e-06,-2.0401478246569493e-05,0.0,0.0,-4.452103111699983e-05,-1.0
96,1,124,17,0.9462935785116314,-1.050965490997517,-1.0,73,0.6677475701322538,-0.9232427414351967,-0.5461381875131003,16,0.4370160244488233,-1.344997023927914,-1.0,12,18,13,20,1.2615252560355117e-06,29.98047981846944,1.0000126148651294,1.0000214108807564,-1.0000106365787378,-1.8613608383616088e-05,9.95014048478318e-06,-1.744970021406117e-05,-1.564152207974992e-05,2.1548461954429053e-05,-2.2466623919196596e-05,-1.0,1.0000332063763453,1.000041582044532,-1.0000603014556861,-2.2889462812549292e-05,-1.913345360780014e-05,0.0,-4.952186828645276e-05,4.628137262814495e-05,-3.737134009457972e-05,-1.0,1.000051642227525,1.0000584503069498,-1.0000226022273204,-3.6433308283130145e-05,9.181572869247954e-06,-1.4748516609244964e-05,-5.217286457266001e-05,5.9653346666135915e-05,-1.2651593282961744e-05,-1.0,0.9999906094270193,0.9999851770610337,-1.00002497951003,0.0,-1.6062910738826503e-05,0.0,-1.8616127979564472e-05,-7.4094002097739865e-06,-4.2131542218294305e-05,-1.0
97,1,124,16,0.4370160244488233,-1.344997023927914,-1.0,73,0.6677475701322538,-0.9232427414351967,-0.5461381875131003,55,0.1113068223795464,-1.166118211424664,-0.6100984561843235,13,18,16,11,8.078368816111237e-07,19.573896701104257,1.0000499514705348,0.9999955893146244,-1.0000789801935843,-6.0756128363136004e-05,6.650262820690366e-06,6.546080350852033e-05,-7.928370987085479e-05,1.428593981420304e-05,-1.032124120878116e-05,-1.0,0.9999906094270193,0.9999851770610337,-1.00002497951003,0.0,-1.6062910738826503e-05,0.0,-1.8616127979564472e-05,-7.4094002097739865e-06,-4.2131542218294305e-05,-1.0,1.000051642227525,1.0000584503069498,-1.0000226022273204,-3.6433308283130145e-05,9.181572869247954e-06,-1.4748516609244964e-05,-5.217286457266001e-05,5.9653346666135915e-05,-1.2651593282961744e-05,-1.0,0.999991681302711,1.0000360411025981,-1.0000032861799033,-1.1040268198587836e-05,0.0,-7.077812745891677e-05,-1.5710543741417e-05,3.750375559545925e-05,-8.535416787665356e-05,-1.0
98,1,124,18,1.291948376042502,-0.5752124769519015,-1.0,94,1.009019431653466,-0.6440057348966833,-0.6579215275936805,17,0.9462935785116314,-1.050965490997517,-1.0,12,16,12,17,3.822403326747548e-06,28.895503277488565,0.9999789938384718,0.9999816987848527,-0.9999858417733911,1.538310167007162e-05,-5.499392078053696e-06,1.0833033137254767e-05,1.8037932613904638e-05,-9.688739725515066e-06,0.0,-1.0,0.9999681051927158,0.9999760811665696,-0.9999773678376128,1.3395307980263972e-05,0.0,0.0,2.794857739630991e-05,-1.4524130495904459e-05,0.0,-1.0,1.0000073650927694,0.9999873875837622,-0.9999892334771262,0.0,2.446533345209768e-05,0.0,-1.035233176423003e-05,0.0,-2.5674307523210058e-05,-1.0,1.0000332063763453,1.000041582044532,-1.0000603014556861,-2.2889462812549292e-05,-1.913345360780014e-05,0.0,-4.952186828645276e-05,4.628137262814495e-05,-3.737134009457972e-05,-1.0
99,1,124,17,0.9462935785116314,-1.050965490997517,-1.0,94,1.009019431653466,-0.6440057348966833,-0.6579215275936805,73,0.6677475701322538,-0.9232427414351967,-0.5461381875131003,12,16,18,22,3.0037067243471327e-06,31.796674755095154,0.9999939136747454,0.9999950583411098,-0.9999915476312591,0.0,7.368384610420672e-06,-8.960204166487214e-06,0.0,-5.537960722874041e-06,-1.1784867564111537e-05,-1.0,1.0000332063763453,1.000041582044532,-1.0000603014556861,-2.2889462812549292e-05,-1.913345360780014e-05,0.0,-4.952186828645276e-05,4.628137262814495e-05,-3.737134009457972e-05,-1.0,1.0000073650927694,0.9999873875837622,-0.9999892334771262,0.0,2.446533345209768e-05,0.0,-1.035233176423003e-05,0.0,-2.5674307523210058e-05,-1.0,1.000051642227525,1.0000584503069498,-1.0000226022273204,-3.6433308283130145e-05,9.181572869247954e-06,-1.4748516609244964e-05,-5.217286457266001e-05,5.9653346666135915e-05,-1.2651593282961744e-05,-1.0
100,1,124,19,1.291948376042502,0.5752124769519023,1.0,86,0.9372206614148298,0.6871071432701713,0.5920309866979356,20,0.9462935785116285,1.050965490997519,1.0,13,18,12,19,8.49585198747782e-06,30.211441924045612,0.9999983774570406,1.0000004494811585,-1.0000000412366281,5.328940022255908e-06,0.0,-7.17926724321906e-06,0.0,0.0,1.1266035061183339e-05,-1.0,0.9999748184977257,0.9999818584465746,-1.0000071319525878,-1.589355993101784e-05,1.0000832050661674e-05,1.955982334969134e-05,2.0626107189103854e-05,0.0,1.4941465819946933e-05,-1.0,1.0000093587173062,1.000011179100298,-1.0000003771537664,5.618713827810689e-06,5.629570211008237e-06,0.0,-1.2385716262313382e-05,-1.2903456427635441e-05,-8.723710077252186e-06,-0.9999999999999999,1.0000185960596908,1.000023589135162,-1.0000437343967352,1.6644176942634276e-05,1.1881220611435155e-05,0.0,-3.3060612816601655e-05,-3.27190890914818e-05,3.695654404583103e-05,-1.0
101,1,124,20,0.9462935785116285,1.050965490997519,1.0,61,0.513060729835223,1.040128052893537,0.5874522085368186,21,0.4370160244488182,1.344997023927916,1.0,12,16,11,18,8.21782809912186e-07,29.84455633939584,1.0000114197139838,1.0000268533625223,-1.0000092870865678,2.5868673633455336e-05,-9.112499446219566e-06,-2.9774424300624115e-05,-2.3152297664203305e-05,-2.7401665843472315e-05,3.4484901346081184e-05,-0.9999999999999999,1.0000185960596908,1.000023589135162,-1.0000437343967352,1.6644176942634276e-05,1.1881220611435155e-05,0.0,-3.3060612816601655e-05,-3.27190890914818e-05,3.695654404583103e-05,-1.0,1.0000363522952562,1.0000503719466411,-1.0000135960643124,3.97192533189586e-05,-1.4083319661216355e-05,-3.253122651105732e-05,-4.545362337216698e-05,-5.422120384046167e-05,3.4906244607786406e-05,-1.0,1.0000231333031362,1.0000318349659272,-1.0000521815591177,9.620535932150647e-06,1.2081179385676583e-05,1.4779378276283051e-05,-2.3292972969219333e-05,-4.240461398843469e-05,2.6675004536012443e-05,-1.0
102,1,124,20,0.9462935785116285,1.050965490997519,1.0,86,0.9372206614148298,0.6871071432701713,0.5920309866979356,61,0.513060729835223,1.040128052893537,0.5874522085368186,12,18,16,21,6.523131956814865e-06,31.318314822640172,1.0000019942729523,1.0000036893703084,-1.0000047401244896,6.600804287433126e-06,0.0,-8.037507957119207e-06,-5.877133175729937e-06,0.0,1.2846419753857187e-05,-1.0,1.0000185960596908,1.000023589135162,-1.0000437343967352,1.6644176942634276e-05,1.1881220611435155e-05,0.0,-3.3060612816601655e-05,-3.27190890914818e-05,3.695654404583103e-05,-1.0,1.0000093587173062,1.000011179100298,-1.0000003771537664,5.618713827810689e-06,5.629570211008237e-06,0.0,-1.2385716262313382e-05,-1.2903456427635441e-05,-8.723710077252186e-06,-0.9999999999999999,1.0000363522952562,1.0000503719466411,-1.0000135960643124,3.97192533189586e-05,-1.4083319661216355e-05,-3.253122651105732e-05,-4.545362337216698e-05,-5.422120384046167e-05,3.4906244607786406e-05,-1.0
103,1,124,21,0.4370160244488182,1.344997023927916,1.0,84,0.0601851518055463,1.181330274937081,0.6317907906377616,22,-0.1478255704071379,1.406466352506808,1.0,11,14,12,16,1.3402932002026802e-06,29.790353138302507,0.9999610622349105,0.9999465661499549,-0.9999505844200732,0.0,0.0,-1.9781390189665323e-05,0.0,4.7218533824744006e-05,1.810908711007235e-05,-1.0,1.0000231333031362,1.0000318349659272,-1.0000521815591177,9.620535932150647e-06,1.2081179385676583e-05,1.4779378276283051e-05,-2.3292972969219333e-05,-4.240461398843469e-05,2.6675004536012443e-05,-1.0,0.9999551861966107,0.9999786893811681,-0.9999578538628402,-1.3801144230478281e-05,5.410232756000159e-06,-8.629736025312834e-05,8.681885582670637e-06,1.7654832011605137e-05,9.588224076078838e-05,-0.9999999999999999,0.9999231118126499,0.9999298403175836,-0.9999219732118978,-7.413116001098915e-06,7.774958867620948e-06,-9.215459078265416e-05,0.0,6.817699283261783e-05,9.462116061830662e-05,-1.0
104,1,124,61,0.513060729835223,1.040128052893537,0.5874522085368186,84,0.0601851518055463,1.181330274937081,0.6317907906377616,21,0.4370160244488182,1.344997023927916,1.0,16,14,11,19,2.006777025220785e-06,29.384540425902106,0.999992840986921,1.0000057733695435,-0.9999847126049196,2.1505254722096156e-05,-1.5299519396619593e-05,-4.1063323390053055e-05,-9.147305472393415e-06,-1.1914486267363894e-05,4.484360112053236e-05,-1.0,1.0000363522952562,1.0000503719466411,-1.0000135960643124,3.97192533189586e-05,-1.4083319661216355e-05,-3.253122651105732e-05,-4.545362337216698e-05,-5.422120384046167e-05,3.4906244607786406e-05,-1.0,0.9999551861966107,0.9999786893811681,-0.9999578538628402,-1.3801144230478281e-05,5.410232756000159e-06,-8.629736025312834e-05,8.681885582670637e-06,1.7654832011605137e-05,9.588224076078838e-05,-0.9999999999999999,1.0000231333031362,1.0000318349659272,-1.0000521815591177,9.620535932150647e-06,1.2081179385676583e-05,1.4779378276283051e-05,-2.3292972969219333e-05,-4.240461398843469e-05,2.6675004536012443e-05,-1.0
105,1,124,22,-0.1478255704071379,1.406466352506808,1.0,92,-0.3524280125755555,1.048334193275976,0.4724547103485364,23,-0.7071067811865528,1.224744871391586,1.0,12,18,13,20,2.1244010021126414e-06,30.636056292013677,0.9999115934049669,0.9998528736876694,-0.9999129128686919,3.869235494019249e-05,0.0,0.0,-4.44722568890113e-05,0.0001460414505955128,0.0,-1.0,0.9999231118126499,0.9999298403175836,-0.9999219732118978,-7.413116001098915e-06,7.774958867620948e-06,-9.215459078265416e-05,0.0,6.817699283261783e-05,9.462116061830662e-05,-1.0,0.9999085033166552,0.9998320377039366,-0.9999018101474653,4.182607973750502e-05,0.0,1.6546761217581933e-05,-4.2833601557414085e-05,0.00016445085626010404,-1.93696484768325e-05,-1.0,1.0000039614741625,1.0000382890219275,-0.9999949476577915,-5.2441753364411126e-05,2.295055338021872e-05,-8.526447584515137e-05,4.490041512521235e-05,-4.30880920882765e-05,9.729280039397997e-05,-0.9999999999999999
106,1,124,84,0.0601851518055463,1.181330274937081,0.6317907906377616,92,-0.3524280125755555,1.048334193275976,0.4724547103485364,22,-0.1478255704071379,1.406466352506808,1.0,14,18,12,20,6.272692332665031e-06,28.76709559216847,0.999970199486162,0.999943496762386,-0.9999650423143234,-1.794581916128824e-05,9.252492871478269e-06,0.0,6.558495484378101e-06,5.2031689264454306e-05,9.163265854999802e-06,-1.0,0.9999551861966107,0.9999786893811681,-0.9999578538628402,-1.3801144230478281e-05,5.410232756000159e-06,-8.629736025312834e-05,8.681885582670637e-06,1.7654832011605137e-05,9.588224076078838e-05,-0.9999999999999999,0.9999085033166552,0.9998320377039366,-0.9999018101474653,4.182607973750502e-05,0.0,1.6546761217581933e-05,-4.2833601557414085e-05,0.00016445085626010404,-1.93696484768325e-05,-1.0,0.9999231118126499,0.9999298403175836,-0.9999219732118978,-7.413116001098915e-06,7.774958867620948e-06,-9.215459078265416e-05,0.0,6.817699283261783e-05,9.462116061830662e-05,-1.0
107,1,124,23,-0.7071067811865528,1.224744871391586,1.0,58,-0.7641490753106788,0.848673526235189,0.5515195773917105,24,-1.144122805635372,0.831253875554903,1.0,13,17,11,19,1.7454772510694383e-06,29.47052218915923,0.9999075277054379,0.9999007524794673,-0.9999225873650891,5.135593892460236e-05,7.4814224056530284e-06,-9.711431857662008e-06,-7.902814726322371e-05,9.198423346987477e-05,1.0910901467082036e-05,-1.0,1.0000039614741625,1.0000382890219275,-0.9999949476577915,-5.2441753364411126e-05,2.295055338021872e-05,-8.526447584515137e-05,4.490041512521235e-05,-4.30880920882765e-05,9.729280039397997e-05,-0.9999999999999999,0.9999365650197629,0.9999217796595072,-0.9999270561028591,4.422243436395883e-05,0.0,-5.2626956565991775e-06,-4.7596823719498626e-05,7.393203559758103e-05,-5.768662183084358e-06,-0.9999999999999999,1.0000067799047798,1.0000110199959826,-1.0000719499043869,-8.131407903199586e-06,-3.0490136272058817e-05,5.917844851041325e-06,3.9096071575453694e-05,-2.0924692489675826e-05,7.000968621363096e-05,-1.0
108,1,124,23,-0.7071067811865528,1.224744871391586,1.0,92,-0.3524280125755555,1.048334193275976,0.4724547103485364,58,-0.7641490753106788,0.848673526235189,0.5515195773917105,13,18,17,11,9.351260350509705e-07,20.37709399329305,0.9999234238239653,0.9999498198224145,-0.9999467549199647,6.706957899032677e-06,0.0,-7.771607113951729e-05,-2.8918742740441477e-05,4.446843200248394e-05,8.728554740468517e-05,-1.0,1.0000039614741625,1.0000382890219275,-0.9999949476577915,-5.2441753364411126e-05,2.295055338021872e-05,-8.526447584515137e-05,4.490041512521235e-05,-4.30880920882765e-05,9.729280039397997e-05,-0.9999999999999999,0.9999085033166552,0.9998320377039366,-0.9999018101474653,4.182607973750502e-05,0.0,1.6546761217581933e-05,-4.2833601557414085e-05,0.00016445085626010404,-1.93696484768325e-05,-1.0,0.9999365650197629,0.9999217796595072,-0.9999270561028591,4.422243436395883e-05,0.0,-5.2626956565991775e-06,-4.7596823719498626e-05,7.393203559758103e-05,-5.768662183084358e-06,-0.9999999999999999
109,1,124,24,-1.144122805635372,0.831253875554903,1.0,77,-1.105480721628453,0.4670533027696381,0.6634946676164523,25,-1.383309602960452,0.2940315329303932,1.0,11,14,11,16,1.5684850716013443e-06,29.70008561197089,0.9999267285427919,0.9999243482318672,-0.9999101361162273,0.0,6.417910689735875e-05,-3.614043323746868e-05,-5.594778910831787e-05,3.631375149497732e-05,6.916583704036624e-05,-1.0,1.0000067799047798,1.0000110199959826,-1.0000719499043869,-8.131407903199586e-06,-3.0490136272058817e-05,5.917844851041325e-06,3.9096071575453694e-05,-2.0924692489675826e-05,7.000968621363096e-05,-1.0,1.000168137788777,1.000038081255283,-0.9999944119204824,-0.00010882633666866557,0.00021452499106110523,-9.030180342719613e-05,0.0001928940886071363,-5.974613401893479e-05,0.0002337863242070115,-1.0,0.9999806223504081,0.9999704352738901,-1.0000375170556295,0.0,0.0,-7.87133234801031e-06,1.9842663168447058e-05,9.665844615593446e-06,0.00010583749029559266,-1.0
110,1,124,58,-0.7641490753106788,0.848673526235189,0.5515195773917105,77,-1.105480721628453,0.4670533027696381,0.6634946676164523,24,-1.144122805635372,0.831253875554903,1.0,17,14,11,19,2.1134956356139156e-06,28.48573226374413,0.9999534583856583,0.9999550628556347,-0.9999509763799573,9.30517405286558e-06,2.4116380294663725e-05,-2.5308517041137747e-05,-3.2589576720628626e-05,3.607142202939363e-05,3.322849865641912e-05,-1.0,0.9999365650197629,0.9999217796595072,-0.9999270561028591,4.422243436395883e-05,0.0,-5.2626956565991775e-06,-4.7596823719498626e-05,7.393203559758103e-05,-5.768662183084358e-06,-0.9999999999999999,1.000168137788777,1.000038081255283,-0.9999944119204824,-0.00010882633666866557,0.00021452499106110523,-9.030180342719613e-05,0.0001928940886071363,-5.974613401893479e-05,0.0002337863242070115,-1.0,1.0000067799047798,1.0000110199959826,-1.0000719499043869,-8.131407903199586e-06,-3.0490136272058817e-05,5.917844851041325e-06,3.9096071575453694e-05,-2.0924692489675826e-05,7.000968621363096e-05,-1.0
111,1,124,25,-1.383309602960452,0.2940315329303932,1.0,65,-1.14200287365251,-2.903051906457502e-15,0.5515195773916695,26,-1.383309602960451,-0.2940315329304003,1.0,11,16,11,18,2.027543091420725e-06,29.671633757999963,0.9999727662391761,0.9999673100931012,-0.999967641275491,0.0,3.953383472026032e-05,0.0,-2.436945275113948e-05,-6.210530210261251e-06,4.375899232326482e-05,-1.0,0.9999806223504081,0.9999704352738901,-1.0000375170556295,0.0,0.0,-7.87133234801031e-06,1.9842663168447058e-05,9.665844615593446e-06,0.00010583749029559266,-1.0,1.0000805508640147,1.0000289482426963,-0.9999948708110578,-2.1204468390377122e-05,5.650726886106908e-05,0.0,9.417245276370665e-05,-1.97641481039763e-05,4.715228020908672e-05,-1.0,1.0000072240784748,0.9999966949223799,-1.0000728925315396,0.0,-2.745989083915987e-05,0.0,4.8440545551385544e-05,0.0,8.868529453939923e-05,-1.0
112,1,124,25,-1.383309602960452,0.2940315329303932,1.0,77,-1.105480721628453,0.4670533027696381,0.6634946676164523,65,-1.14200287365251,-2.903051906457502e-15,0.5515195773916695,11,14,16,18,2.297960925434772e-06,27.656679021214604,1.0000657976021239,1.000007200495843,-1.00000578955333,-1.5249779942586885e-05,7.394443482779052e-05,0.0,6.980197828099352e-05,-1.5442441776172175e-05,7.836455479021369e-05,-1.0,0.9999806223504081,0.9999704352738901,-1.0000375170556295,0.0,0.0,-7.87133234801031e-06,1.9842663168447058e-05,9.665844615593446e-06,0.00010583749029559266,-1.0,1.000168137788777,1.000038081255283,-0.9999944119204824,-0.00010882633666866557,0.00021452499106110523,-9.030180342719613e-05,0.0001928940886071363,-5.974613401893479e-05,0.0002337863242070115,-1.0,1.0000805508640147,1.0000289482426963,-0.9999948708110578,-2.1204468390377122e-05,5.650726886106908e-05,0.0,9.417245276370665e-05,-1.97641481039763e-05,4.715228020908672e-05,-1.0
113,1,124,26,-1.383309602960451,-0.2940315329304003,1.0,82,-1.106419942795557,-0.4585908698044805,0.6591419510487269,27,-1.144122805635367,-0.8312538755549093,1.0,11,15,12,17,1.3112585950381117e-07,29.700085611970888,0.9999050645295346,0.9999246931743461,-0.9999127515832922,-2.3811587541515263e-05,2.6445175287822385e-05,2.3470850494510858e-05,-7.98963387899726e-05,-4.9067789544313334e-05,2.914225393158578e-05,-1.0,1.0000072240784748,0.9999966949223799,-1.0000728925315396,0.0,-2.745989083915987e-05,0.0,4.8440545551385544e-05,0.0,8.868529453939923e-05,-1.0,1.0000526085475192,1.0000044308002867,-0.9999652330190301,5.58341967616116e-05,0.00011238447179433945,6.314517633477266e-05,7.34703099938304e-05,2.155075965488239e-05,0.00012270787981654452,-1.0,0.9999379725269129,0.9999445906819102,-0.9999476310011597,3.190660422325717e-05,6.76037437000954e-05,8.007477972047074e-05,-2.002388176522019e-05,-2.3567008125180202e-05,0.00013782965988891688,-1.0
114,1,124,65,-1.14200287365251,-2.903051906457502e-15,0.5515195773916695,82,-1.106419942795557,-0.4585908698044805,0.6591419510487269,26,-1.383309602960451,-0.2940315329304003,1.0,16,15,11,19,6.26016808347174e-06,27.71072841707842,0.9999927893885613,0.9999745463381764,-0.9999719141276046,-1.2418489037482675e-05,4.3264611238712664e-05,0.0,0.0,-1.1684165708204142e-05,4.556715391295084e-05,-1.0,1.0000805508640147,1.0000289482426963,-0.9999948708110578,-2.1204468390377122e-05,5.650726886106908e-05,0.0,9.417245276370665e-05,-1.97641481039763e-05,4.715228020908672e-05,-1.0,1.0000526085475192,1.0000044308002867,-0.9999652330190301,5.58341967616116e-05,0.00011238447179433945,6.314517633477266e-05,7.34703099938304e-05,2.155075965488239e-05,0.00012270787981654452,-1.0,1.0000072240784748,0.9999966949223799,-1.0000728925315396,0.0,-2.745989083915987e-05,0.0,4.8440545551385544e-05,0.0,8.868529453939923e-05,-1.0
115,1,124,27,-1.144122805635367,-0.8312538755549093,1.0,56,-0.7641490753106737,-0.8486735262351937,0.5515195773917096,28,-0.7071067811865438,-1.224744871391591,1.0,12,18,12,20,1.6513337175450005e-06,29.48727349396001,0.9999411926715449,0.999936573341896,-0.9999491548729552,-2.93938801953972e-05,6.731343945089476e-06,1.3384091840587533e-05,-4.640956436501046e-05,-6.074704923901114e-05,1.3292517890928409e-05,-1.0,0.9999379725269129,0.9999445906819102,-0.9999476310011597,3.190660422325717e-05,6.76037437000954e-05,8.007477972047074e-05,-2.002388176522019e-05,-2.3567008125180202e-05,0.00013782965988891688,-1.0,0.9999632357120194,0.9999540543485342,-0.999948110456054,-2.382893000157217e-05,0.0,1.13969586205693e-05,-2.1778026012644733e-05,-4.4716684958514173e-05,0.0,-1.0,0.9998587906534253,0.99984645242626,-0.9998605172407309,-1.709136352618811e-05,5.727780954084443e-05,8.909770638270761e-05,-7.831538727712954e-05,-0.00013113904623945075,0.00010936337434854738,-1.0
116,1,124,27,-1.144122805635367,-0.8312538755549093,1.0,82,-1.106419942795557,-0.4585908698044805,0.6591419510487269,56,-0.7641490753106737,-0.8486735262351937,0.5515195773917096,12,15,18,20,4.9145836191755166e-06,28.818339741821703,0.9999764786436258,0.9999781676492893,-0.999968168449553,0.0,2.2625444254014907e-05,2.6984936929233143e-05,-9.607130616476764e-06,-1.749400531469194e-05,3.2856853551687777e-05,-1.0,0.9999379725269129,0.9999445906819102,-0.9999476310011597,3.190660422325717e-05,6.76037437000954e-05,8.007477972047074e-05,-2.002388176522019e-05,-2.3567008125180202e-05,0.00013782965988891688,-1.0,1.0000526085475192,1.0000044308002867,-0.9999652330190301,5.58341967616116e-05,0.00011238447179433945,6.314517633477266e-05,7.34703099938304e-05,2.155075965488239e-05,0.00012270787981654452,-1.0,0.9999632357120194,0.9999540543485342,-0.999948110456054,-2.382893000157217e-05,0.0,1.13969586205693e-05,-2.1778026012644733e-05,-4.4716684958514173e-05,0.0,-1.0
117,1,124,28,-0.7071067811865438,-1.224744871391591,1.0,91,-0.3794475162804287,-1.147561853798758,0.6788855216485307,29,-0.1478255704071295,-1.406466352506809,1.0,12,14,11,16,2.1384600965568268e-06,28.392907056894494,0.9999334786344735,0.9999280186373073,-0.9999418073507154,0.0,1.1821585969749203e-05,6.069039995979726e-05,-1.3879587186567248e-05,-7.159240262973301e-05,7.037113914111219e-05,-1.0,0.9998587906534253,0.99984645242626,-0.9998605172407309,-1.709136352618811e-05,5.727780954084443e-05,8.909770638270761e-05,-7.831538727712954e-05,-0.00013113904623945075,0.00010936337434854738,-1.0,0.9999651802797083,0.9999718694678134,-0.9999497447663321,2.6752761999610218e-05,2.4177604813541012e-05,8.1032288224112e-05,1.4036124495062343e-05,-2.5999842284104015e-05,8.144001890122137e-05,-1.0,1.0000039106371033,1.0000018196632352,-1.0000395526422936,0.0,-1.2529193007941779e-05,-1.951235486616782e-05,1.1730528144589682e-05,1.4182322387589757e-05,2.8557241723803098e-05,-0.9999999999999999
118,1,124,56,-0.7641490753106737,-0.8486735262351937,0.5515195773917096,91,-0.3794475162804287,-1.147561853798758,0.6788855216485307,28,-0.7071067811865438,-1.224744871391591,1.0,18,14,12,20,2.0674575957890795e-06,30.27138615748505,0.9999544510282828,0.9999482865296687,-0.9999608455748101,-2.1571168757717765e-05,9.889029579132749e-06,1.513435538424845e-05,-3.2951354691498594e-05,-5.2252637969035605e-05,1.8760909626705312e-05,-1.0,0.9999632357120194,0.9999540543485342,-0.999948110456054,-2.382893000157217e-05,0.0,1.13969586205693e-05,-2.1778026012644733e-05,-4.4716684958514173e-05,0.0,-1.0,0.9999651802797083,0.9999718694678134,-0.9999497447663321,2.6752761999610218e-05,2.4177604813541012e-05,8.1032288224112e-05,1.4036124495062343e-05,-2.5999842284104015e-05,8.144001890122137e-05,-1.0,0.9998587906534253,0.99984645242626,-0.9998605172407309,-1.709136352618811e-05,5.727780954084443e-05,8.909770638270761e-05,-7.831538727712954e-05,-0.00013113904623945075,0.00010936337434854738,-1.0
119,1,124,29,-0.1478255704071295,-1.406466352506809,1.0,85,0.0827039703451797,-1.164872047328807,0.6031311409568825,30,0.4370160244488233,-1.344997023927914,1.0,11,15,12,17,5.919264249865108e-07,28.424979451936665,0.9999778157090835,0.9999877171517434,-0.9999767219498931,0.0,6.546026769231123e-06,3.512755783695641e-05,-7.557993947339216e-06,-1.0466328446133924e-05,3.619825327036185e-05,-1.0,1.0000039106371033,1.0000018196632352,-1.0000395526422936,0.0,-1.2529193007941779e-05,-1.951235486616782e-05,1.1730528144589682e-05,1.4182322387589757e-05,2.8557241723803098e-05,-0.9999999999999999,1.0000208991973323,1.000120399769517,-1.0000056802588877,-1.5419812364176985e-05,0.0,0.00013075222341081495,-2.133173281201758e-05,0.0001209835572779349,0.00012234304321105804,-1.0,0.9999317862633564,0.9999388122365347,-0.9999686327476645,0.0,-1.3721174342315429e-05,6.353668362427666e-05,1.0945488587750959e-05,-4.4821252137382e-05,0.00011710779147491241,-1.0
120,1,124,29,-0.1478255704071295,-1.406466352506809,1.0,91,-0.3794475162804287,-1.147561853798758,0.6788855216485307,85,0.0827039703451797,-1.164872047328807,0.6031311409568825,11,14,15,18,1.3363929853849044e-06,26.68428386444053,0.9999623019612704,0.9999843777469788,-0.9999529056948804,2.841683133103886e-05,1.838002798183911e-05,8.42726871294508e-05,1.0491611412262013e-05,-1.5167208003116019e-05,8.02420672101891e-05,-1.0,1.0000039106371033,1.0000018196632352,-1.0000395526422936,0.0,-1.2529193007941779e-05,-1.951235486616782e-05,1.1730528144589682e-05,1.4182322387589757e-05,2.8557241723803098e-05,-0.9999999999999999,0.9999651802797083,0.9999718694678134,-0.9999497447663321,2.6752761999610218e-05,2.4177604813541012e-05,8.1032288224112e-05,1.4036124495062343e-05,-2.5999842284104015e-05,8.144001890122137e-05,-1.0,1.0000208991973323,1.000120399769517,-1.0000056802588877,-1.5419812364176985e-05,0.0,0.00013075222341081495,-2.133173281201758e-05,0.0001209835572779349,0.00012234304321105804,-1.0
121,1,124,30,0.4370160244488233,-1.344997023927914,1.0,60,0.561468175522937,-1.003415303066981,0.5675318573883511,31,0.9462935785116314,-1.050965490997517,1.0,12,17,12,19,2.3919392528881644e-06,29.78034737141272,0.9999839583222059,0.9999906563056107,-0.9999883528225838,-6.0890180862839045e-06,-1.0237558625367493e-05,2.8046047903953416e-05,0.0,-7.98907154910747e-06,3.535738978225241e-05,-1.0,0.9999317862633564,0.9999388122365347,-0.9999686327476645,0.0,-1.3721174342315429e-05,6.353668362427666e-05,1.0945488587750959e-05,-4.4821252137382e-05,0.00011710779147491241,-1.0,0.9999774599836364,0.9999867991527123,-0.9999738174678411,7.801534618446581e-06,-5.588537100138406e-06,2.8989271301361273e-05,1.1431270583099354e-05,-1.1221491578121394e-05,2.797175652149092e-05,-1.0,0.9999058489087168,0.9998892345856701,-1.000012461570016,0.0001160800196369555,8.775745830802129e-05,-0.00010241261451518002,9.295515969263556e-05,-0.00010467592297276615,-5.668662500281082e-05,-1.0
122,1,124,30,0.4370160244488233,-1.344997023927914,1.0,85,0.0827039703451797,-1.164872047328807,0.6031311409568825,60,0.561468175522937,-1.003415303066981,0.5675318573883511,12,15,17,20,1.2841642348382365e-06,29.319324045893566,1.000000352522322,1.00001363907027,-0.9999981295594297,-1.903591110230153e-05,-1.0192173281856918e-05,3.499422352074343e-05,-1.2244699131872978e-05,1.5436535584455172e-05,4.001902249746981e-05,-0.9999999999999999,0.9999317862633564,0.9999388122365347,-0.9999686327476645,0.0,-1.3721174342315429e-05,6.353668362427666e-05,1.0945488587750959e-05,-4.4821252137382e-05,0.00011710779147491241,-1.0,1.0000208991973323,1.000120399769517,-1.0000056802588877,-1.5419812364176985e-05,0.0,0.00013075222341081495,-2.133173281201758e-05,0.0001209835572779349,0.00012234304321105804,-1.0,0.9999774599836364,0.9999867991527123,-0.9999738174678411,7.801534618446581e-06,-5.588537100138406e-06,2.8989271301361273e-05,1.1431270583099354e-05,-1.1221491578121394e-05,2.797175652149092e-05,-1.0
123,1,124,31,0.9462935785116314,-1.050965490997517,1.0,76,0.953732970984591,-0.6571513806848519,0.5843434289076155,32,1.291948376042502,-0.5752124769519015,1.0,12,18,13,19,6.32920035170681e-06,30.35384576860556,0.9999921167613015,0.9999906481245762,-0.9999940494026259,-6.843572085166958e-06,-1.4212959034666218e-05,1.5652919030422946e-05,0.0,0.0,2.820305805463823e-05,-1.0,0.9999058489087168,0.9998892345856701,-1.000012461570016,0.0001160800196369555,8.775745830802129e-05,-0.00010241261451518002,9.295515969263556e-05,-0.00010467592297276615,-5.668662500281082e-05,-1.0,1.0000134874632394,1.000002365154751,-0.9999978189455266,-9.391368924526806e-06,-1.2471716320487336e-05,9.496653028584414e-06,-1.9420957712592825e-05,0.0,1.7404810277597038e-05,-1.0,0.9999811027157697,0.9999551618449787,-0.9999643049744368,-2.1939287927716464e-05,-9.129122877670645e-05,2.3039151033100357e-05,1.4542571808812748e-05,0.0,0.00010972087112394486,-1.0
124,1,124,60,0.561468175522937,-1.003415303066981,0.5675318573883511,76,0.953732970984591,-0.6571513806848519,0.5843434289076155,31,0.9462935785116314,-1.050965490997517,1.0,17,18,12,22,5.377201086620431e-07,31.608247882764182,0.9999860137606622,0.9999874416094442,-0.9999929057050956,0.0,-7.970853516957184e-06,1.3276659478671889e-05,7.693434874819314e-06,-1.1030153578859971e-05,2.2462323913181717e-05,-1.0,0.9999774599836364,0.9999867991527123,-0.9999738174678411,7.801534618446581e-06,-5.588537100138406e-06,2.8989271301361273e-05,1.1431270583099354e-05,-1.1221491578121394e-05,2.797175652149092e-05,-1.0,1.0000134874632394,1.000002365154751,-0.9999978189455266,-9.391368924526806e-06,-1.2471716320487336e-05,9.496653028584414e-06,-1.9420957712592825e-05,0.0,1.7404810277597038e-05,-1.0,0.9999058489087168,0.9998892345856701,-1.000012461570016,0.0001160800196369555,8.775745830802129e-05,-0.00010241261451518002,9.295515969263556e-05,-0.00010467592297276615,-5.668662500281082e-05,-1.0
125,1,124,73,0.6677475701322538,-0.9232427414351967,-0.5461381875131003,96,0.2663719476991596,-0.985632238444232,-0.2059721226478465,55,0.1113068223795464,-1.166118211424664,-0.6100984561843235,18,19,16,12,1.537821429087316e-06,20.38251919835,1.0001421023672468,1.000251998644368,-1.0000871581430517,-0.00016526324579417418,6.743496346963292e-05,-0.00017819193524288342,-0.00015587888589828263,0.00025710966125397686,-0.00018988991140890275,-1.0,1.000051642227525,1.0000584503069498,-1.0000226022273204,-3.6433308283130145e-05,9.181572869247954e-06,-1.4748516609244964e-05,-5.217286457266001e-05,5.9653346666135915e-05,-1.2651593282961744e-05,-1.0,0.9999851789630133,0.9999748841997129,-0.9999735741365793,0.0,1.1343315667416073e-05,-1.1902345613671094e-05,0.0,-2.1144287200931222e-05,-1.4321241609389302e-05,-1.0,0.999991681302711,1.0000360411025981,-1.0000032861799033,-1.1040268198587836e-05,0.0,-7.077812745891677e-05,-1.5710543741417e-05,3.750375559545925e-05,-8.535416787665356e-05,-1.0
126,1,124,55,0.1113068223795464,-1.166118211424664,-0.6100984561843235,88,-0.2288504988153238,-0.9882287459778948,-0.1702043816405359,87,-0.3539245748820679,-1.158613730231049,-0.6838559122085073,16,21,15,12,2.348328836720981e-06,20.330002107216146,0.9999891422189,0.9999840304036507,-0.9999962768279432,4.7114979744038594e-05,-6.539888721476047e-06,-1.6110777586912425e-05,3.595603923460417e-05,-1.2600633180405117e-05,-3.27411809900519e-05,-1.0,0.999991681302711,1.0000360411025981,-1.0000032861799033,-1.1040268198587836e-05,0.0,-7.077812745891677e-05,-1.5710543741417e-05,3.750375559545925e-05,-8.535416787665356e-05,-1.0,0.9999202959302812,0.9998724720221159,-0.999918500531555,-2.645257190384784e-05,0.0,-3.191159747123588e-05,-3.0138352064005307e-05,-0.0001276464170111518,-3.555831053174607e-05,-1.0,0.9999998021482235,1.0000220600969247,-1.000017106725286,0.0,5.619948412253488e-06,-2.4211616700727556e-05,0.0,2.1887461742175554e-05,-3.897385266664727e-05,-1.0
127,1,124,55,0.1113068223795464,-1.166118211424664,-0.6100984561843235,96,0.2663719476991596,-0.985632238444232,-0.2059721226478465,88,-0.2288504988153238,-0.9882287459778948,-0.1702043816405359,16,19,21,12,1.757360567733457e-06,20.330002107216146,0.9998661650874101,0.9997250674340813,-0.9998648870971805,-1.3879023380320882e-05,5.380661073581469e-06,3.1466964324792775e-05,-1.7353799286924632e-05,-0.000272917966660235,2.2825657235354945e-05,-1.0,0.999991681302711,1.0000360411025981,-1.0000032861799033,-1.1040268198587836e-05,0.0,-7.077812745891677e-05,-1.5710543741417e-05,3.750375559545925e-05,-8.535416787665356e-05,-1.0,0.9999851789630133,0.9999748841997129,-0.9999735741365793,0.0,1.1343315667416073e-05,-1.1902345613671094e-05,0.0,-2.1144287200931222e-05,-1.4321241609389302e-05,-1.0,0.9999202959302812,0.9998724720221159,-0.999918500531555,-2.645257190384784e-05,0.0,-3.191159747123588e-05,-3.0138352064005307e-05,-0.0001276464170111518,-3.555831053174607e-05,-1.0
128,1,124,56,-0.7641490753106737,-0.8486735262351937,0.5515195773917096,82,-1.106419942795557,-0.4585908698044805,0.6591419510487269,79,-0.9635460954523173,-0.2816808469641151,0.0879359225645589,18,15,24,13,2.548023387394238e-06,24.00043692742079,1.0001616297082716,1.0001435306571145,-0.9999279183259623,0.00023843614315460787,0.0003250356597025455,0.0002725441948160343,0.0002101483290487595,0.00019192503036952142,0.00038910929675871814,-1.0,0.9999632357120194,0.9999540543485342,-0.999948110456054,-2.382893000157217e-05,0.0,1.13969586205693e-05,-2.1778026012644733e-05,-4.4716684958514173e-05,0.0,-1.0,1.0000526085475192,1.0000044308002867,-0.9999652330190301,5.58341967616116e-05,0.00011238447179433945,6.314517633477266e-05,7.34703099938304e-05,2.155075965488239e-05,0.00012270787981654452,-1.0,0.9999008334596157,0.9999588699341823,-0.9999248105863249,-3.4824187997958486e-05,-2.387326052187039e-05,0.0,-8.828548086205688e-05,-2.6188249737081046e-05,-3.517311413366798e-05,-1.0
129,1,124,79,-0.9635460954523173,-0.2816808469641151,0.0879359225645589,83,-0.6643379353158823,-0.7475939738762019,-0.01543673589701356,56,-0.7641490753106737,-0.8486735262351937,0.5515195773917096,24,22,18,14,6.124402798235451e-06,23.717852515139498,0.999665661466221,0.999810557872555,-0.9997638587694196,-0.00014106202925518108,-3.069520361574521e-05,3.685522529720629e-05,-0.0003021769166312639,-0.00015628700463451696,-1.4795436689299896e-05,-1.0,0.9999008334596157,0.9999588699341823,-0.9999248105863249,-3.4824187997958486e-05,-2.387326052187039e-05,0.0,-8.828548086205688e-05,-2.6188249737081046e-05,-3.517311413366798e-05,-1.0,0.9999285279916192,0.9999147456530163,-0.9999284546281084,-5.6060296250209635e-05,0.0,0.0,-5.9305546659493235e-05,-8.245740233695745e-05,-6.248620768044186e-06,-1.0,0.9999632357120194,0.9999540543485342,-0.999948110456054,-2.382893000157217e-05,0.0,1.13969586205693e-05,-2.1778026012644733e-05,-4.4716684958514173e-05,0.0,-1.0
130,1,124,83,-0.6643379353158823,-0.7475939738762019,-0.01543673589701356,95,-0.3380141410835955,-0.9830621577804749,0.283997290589435,56,-0.7641490753106737,-0.8486735262351937,0.5515195773917096,22,20,18,13,2.8804860678910416e-06,22.365783956551184,0.9999252637003941,0.9997860294488603,-0.9998870698747655,-1.1827187993093171e-05,3.026377719582097e-05,-1.3208270386356264e-05,-6.1201751089407235e-06,-0.0002011656384457311,7.431874240103588e-06,-1.0,0.9999285279916192,0.9999147456530163,-0.9999284546281084,-5.6060296250209635e-05,0.0,0.0,-5.9305546659493235e-05,-8.245740233695745e-05,-6.248620768044186e-06,-1.0,0.9999077086460864,0.9998419657083727,-0.9999027742853797,-2.7116122062401845e-05,9.132290257125247e-06,1.1761833620221917e-05,-3.5692733042429264e-05,-0.00015652705546360284,1.240521617724583e-05,-1.0,0.9999632357120194,0.9999540543485342,-0.999948110456054,-2.382893000157217e-05,0.0,1.13969586205693e-05,-2.1778026012644733e-05,-4.4716684958514173e-05,0.0,-1.0
131,1,124,56,-0.7641490753106737,-0.8486735262351937,0.5515195773917096,95,-0.3380141410835955,-0.9830621577804749,0.283997290589435,91,-0.3794475162804287,-1.147561853798758,0.6788855216485307,18,20,14,12,2.738855771733384e-06,20.833196814223143,1.000469416627203,1.0006826268099376,-1.0001876482242826,0.0005431876365969929,0.00033843634123118926,0.0005007537222364659,0.0004947452974669112,0.0007151530280388756,0.0005503782952367241,-1.0,0.9999632357120194,0.9999540543485342,-0.999948110456054,-2.382893000157217e-05,0.0,1.13969586205693e-05,-2.1778026012644733e-05,-4.4716684958514173e-05,0.0,-1.0,0.9999077086460864,0.9998419657083727,-0.9999027742853797,-2.7116122062401845e-05,9.132290257125247e-06,1.1761833620221917e-05,-3.5692733042429264e-05,-0.00015652705546360284,1.240521617724583e-05,-1.0,0.9999651802797083,0.9999718694678134,-0.9999497447663321,2.6752761999610218e-05,2.4177604813541012e-05,8.1032288224112e-05,1.4036124495062343e-05,-2.5999842284104015e-05,8.144001890122137e-05,-1.0
132,1,124,57,-1.123546082384685,-0.01117135932548013,-0.5123287472680079,79,-0.9635460954523173,-0.2816808469641151,0.0879359225645589,78,-0.9550073560382009,0.318118986710433,0.1149447102148726,20,24,23,16,4.230311728137259e-06,24.82966327720511,0.9997284969956313,0.9999067483922587,-0.99977073015614,-3.262227506365595e-05,-0.00015632374209151152,0.0,-0.0002417878638714097,-2.4082535910921598e-05,-0.0001892281670256665,-1.0,0.9999274965590186,0.9999642449288972,-0.9999412811936532,-2.528978489879259e-05,-1.783363385337276e-05,0.0,-6.406503174840209e-05,-2.1938420824054066e-05,-2.0664658617155596e-05,-1.0,0.9999008334596157,0.9999588699341823,-0.9999248105863249,-3.4824187997958486e-05,-2.387326052187039e-05,0.0,-8.828548086205688e-05,-2.6188249737081046e-05,-3.517311413366798e-05,-1.0,0.9999718398373053,0.9999946644836918,-0.9999634507627905,-5.80174812841356e-06,-8.597688955954765e-06,-8.152499801252288e-06,-1.6462746257055048e-05,0.0,-1.585244488695105e-05,-0.9999999999999999
133,1,124,78,-0.9550073560382009,0.318118986710433,0.1149447102148726,81,-0.9420999838729532,0.4863703578529333,-0.3522970386209994,57,-1.123546082384685,-0.01117135932548013,-0.5123287472680079,23,19,20,14,4.267295026227913e-06,22.692907313574196,0.9994750419486447,0.9997384671688291,-0.9996518444474892,5.72591990039143e-06,-8.784729767953967e-05,1.7078040407213682e-05,-0.0004989485876619872,2.1624822137985103e-05,-0.00011695840701596806,-1.0,0.9999718398373053,0.9999946644836918,-0.9999634507627905,-5.80174812841356e-06,-8.597688955954765e-06,-8.152499801252288e-06,-1.6462746257055048e-05,0.0,-1.585244488695105e-05,-0.9999999999999999,1.0000451034501248,1.000016133217087,-1.0000018173819527,-3.8917779130932914e-05,-4.159070600635233e-05,3.5282410774572084e-05,5.792095721569959e-05,-1.9483535189305755e-05,-5.9826308114132955e-05,-0.9999999999999999,0.9999274965590186,0.9999642449288972,-0.9999412811936532,-2.528978489879259e-05,-1.783363385337276e-05,0.0,-6.406503174840209e-05,-2.1938420824054066e-05,-2.0664658617155596e-05,-1.0
134,1,124,57,-1.123546082384685,-0.01117135932548013,-0.5123287472680079,98,-0.9278424234113782,-0.4957590661817787,-0.3265988680899922,79,-0.9635460954523173,-0.2816808469641151,0.0879359225645589,20,19,24,14,4.21940384731645e-06,22.586938215835282,0.9998416784870288,0.9999316675901988,-0.9998416580922497,0.0,-0.00015858627902425948,-4.354137480288506e-05,-0.0001301401461903753,0.0,-0.00019763204700625302,-1.0,0.9999274965590186,0.9999642449288972,-0.9999412811936532,-2.528978489879259e-05,-1.783363385337276e-05,0.0,-6.406503174840209e-05,-2.1938420824054066e-05,-2.0664658617155596e-05,-1.0,1.0000678508483223,1.0000429015301535,-1.0000110210800093,5.220479843094554e-05,-7.738356190636466e-05,-5.1687953305621e-05,8.159690449820466e-05,4.43758895413536e-05,-0.00010266447074472008,-1.0,0.9999008334596157,0.9999588699341823,-0.9999248105863249,-3.4824187997958486e-05,-2.387326052187039e-05,0.0,-8.828548086205688e-05,-2.6188249737081046e-05,-3.517311413366798e-05,-1.0
135,1,124,81,-0.9420999838729532,0.4863703578529333,-0.3522970386209994,97,-1.120215639933406,0.504849841518076,-0.7139979505224818,57,-1.123546082384685,-0.01117135932548013,-0.5123287472680079,19,15,20,12,7.950426359482066e-06,19.040923352275875,0.9997517218121255,0.9998922982821568,-0.999896946250079,-0.00017411276847644627,0.0,6.925125520685821e-05,-0.00021704439791309015,-0.0001264024852397219,-8.729313471131706e-05,-1.0,1.0000451034501248,1.000016133217087,-1.0000018173819527,-3.8917779130932914e-05,-4.159070600635233e-05,3.5282410774572084e-05,5.792095721569959e-05,-1.9483535189305755e-05,-5.9826308114132955e-05,-0.9999999999999999,1.0000007865397607,0.9999935966654613,-1.0000601575635173,-3.323688808062179e-05,0.0,1.673160706597278e-05,2.1830897988271673e-05,-1.8054729883434077e-05,-9.569741696584366e-05,-0.9999999999999999,0.9999274965590186,0.9999642449288972,-0.9999412811936532,-2.528978489879259e-05,-1.783363385337276e-05,0.0,-6.406503174840209e-05,-2.1938420824054066e-05,-2.0664658617155596e-05,-1.0
136,1,124,89,-1.09449064713319,-0.5151791288238838,-0.6806816404338686,98,-0.9278424234113782,-0.4957590661817787,-0.3265988680899922,57,-1.123546082384685,-0.01117135932548013,-0.5123287472680079,15,19,20,12,1.560751484275258e-06,18.95269762531433,0.9998202556950343,0.9999565666761574,-0.9999713907790377,4.40287201789344e-05,6.35174126386164e-05,-3.71573372477591e-05,-0.00015264371675014683,4.20088776738112e-05,-2.302352926566597e-05,-1.0,1.0000487937960632,1.0000549501922096,-1.0000609587398703,6.412939848468243e-05,-2.6198138406433167e-05,-4.875899693677503e-05,7.338484917438932e-05,5.910117730105866e-05,-0.00010256881125167064,-1.0,1.0000678508483223,1.0000429015301535,-1.0000110210800093,5.220479843094554e-05,-7.738356190636466e-05,-5.1687953305621e-05,8.159690449820466e-05,4.43758895413536e-05,-0.00010266447074472008,-1.0,0.9999274965590186,0.9999642449288972,-0.9999412811936532,-2.528978489879259e-05,-1.783363385337276e-05,0.0,-6.406503174840209e-05,-2.1938420824054066e-05,-2.0664658617155596e-05,-1.0
137,1,124,58,-0.7641490753106788,0.848673526235189,0.5515195773917105,78,-0.9550073560382009,0.318118986710433,0.1149447102148726,77,-1.105480721628453,0.4670533027696381,0.6634946676164523,17,23,14,12,2.5698636022530863e-06,23.704796008679775,1.0002404130625895,1.0001511789563537,-0.9999666152255832,-0.0002465346028736996,0.0003813508369236223,-0.000245385406566774,0.00028349535201429844,-0.0002002109889291751,0.00044155366306497556,-1.0,0.9999365650197629,0.9999217796595072,-0.9999270561028591,4.422243436395883e-05,0.0,-5.2626956565991775e-06,-4.7596823719498626e-05,7.393203559758103e-05,-5.768662183084358e-06,-0.9999999999999999,0.9999718398373053,0.9999946644836918,-0.9999634507627905,-5.80174812841356e-06,-8.597688955954765e-06,-8.152499801252288e-06,-1.6462746257055048e-05,0.0,-1.585244488695105e-05,-0.9999999999999999,1.000168137788777,1.000038081255283,-0.9999944119204824,-0.00010882633666866557,0.00021452499106110523,-9.030180342719613e-05,0.0001928940886071363,-5.974613401893479e-05,0.0002337863242070115,-1.0
138,1,124,58,-0.7641490753106788,0.848673526235189,0.5515195773917105,80,-0.6666765311436397,0.747038916947586,0.0500315989956792,78,-0.9550073560382009,0.318118986710433,0.1149447102148726,17,21,23,13,4.8165816558531915e-06,23.331153692279656,0.9999553240683466,0.9999192499680715,-0.9998623680473597,4.5233928376490984e-05,0.00012566834675685574,-8.00014427033603e-05,-1.2053517494339777e-05,7.855186388904422e-05,0.0001536015339882424,-1.0,0.9999365650197629,0.9999217796595072,-0.9999270561028591,4.422243436395883e-05,0.0,-5.2626956565991775e-06,-4.7596823719498626e-05,7.393203559758103e-05,-5.768662183084358e-06,-0.9999999999999999,0.999904709376103,0.9998665693366982,-0.9998996488723584,7.983082729837869e-05,0.0,1.0515971130388635e-05,-8.276563375190737e-05,0.00012621802424454958,-1.669421852934492e-05,-1.0,0.9999718398373053,0.9999946644836918,-0.9999634507627905,-5.80174812841356e-06,-8.597688955954765e-06,-8.152499801252288e-06,-1.6462746257055048e-05,0.0,-1.585244488695105e-05,-0.9999999999999999
139,1,124,58,-0.7641490753106788,0.848673526235189,0.5515195773917105,92,-0.3524280125755555,1.048334193275976,0.4724547103485364,80,-0.6666765311436397,0.747038916947586,0.0500315989956792,17,18,21,13,5.875057157656016e-06,22.74909835906662,0.9998705954706472,0.9998393408971975,-0.9998435066783545,4.0040035502840234e-05,5.669431789922863e-05,-0.00010246597757806861,-6.510438805146162e-05,0.00014311769464020542,0.0001283384880370973,-1.0,0.9999365650197629,0.9999217796595072,-0.9999270561028591,4.422243436395883e-05,0.0,-5.2626956565991775e-06,-4.7596823719498626e-05,7.393203559758103e-05,-5.768662183084358e-06,-0.9999999999999999,0.9999085033166552,0.9998320377039366,-0.9999018101474653,4.182607973750502e-05,0.0,1.6546761217581933e-05,-4.2833601557414085e-05,0.00016445085626010404,-1.93696484768325e-05,-1.0,0.999904709376103,0.9998665693366982,-0.9998996488723584,7.983082729837869e-05,0.0,1.0515971130388635e-05,-8.276563375190737e-05,0.00012621802424454958,-1.669421852934492e-05,-1.0
140,1,124,59,0.1296853735845833,1.110370930514059,-0.4997418421919214,70,0.08505433376768094,1.01769680880581,0.2072205850734612,69,0.5846848734706532,0.8121765678949672,0.03836682062020624,19,21,22,14,3.6901578104320265e-06,23.083391651891446,0.999940061259155,0.9999181163381975,-0.9999301030342629,-4.0264375415746924e-05,-6.766390784735104e-06,1.0307779849814121e-05,3.152023720234479e-05,7.838482669578579e-05,-5.629398604766203e-06,-1.0,0.9999536040644036,0.999923513876555,-0.9999467988522178,-8.977668517303403e-06,5.3786031202518305e-06,1.2275612577106403e-05,1.2766108764305651e-05,7.259264759966805e-05,-1.28371132056042e-05,-0.9999999999999999,0.9999462077473311,0.9998975755525124,-0.9999365721852856,-1.408228510187504e-05,0.0,0.0,1.4297251201648669e-05,9.891599931212068e-05,0.0,-1.0,1.000017233536659,1.0000236876199926,-1.000006826376932,1.1416057845362713e-05,0.0,0.0,-1.7628481313031302e-05,-2.716057880618412e-05,5.504080977680466e-06,-1.0
141,1,124,69,0.5846848734706532,0.8121765678949672,0.03836682062020624,75,0.6172089564672828,0.9648512601822398,-0.5584697078287724,59,0.1296853735845833,1.110370930514059,-0.4997418421919214,22,17,19,14,5.512429762211113e-06,22.943956716109142,0.9999608722019944,0.9999586180217371,-0.999937681289371,0.0,2.4863801796152834e-05,7.194120513748462e-05,5.102029037655459e-06,2.9846533022587207e-05,-8.493530329739963e-05,-0.9999999999999999,1.000017233536659,1.0000236876199926,-1.000006826376932,1.1416057845362713e-05,0.0,0.0,-1.7628481313031302e-05,-2.716057880618412e-05,5.504080977680466e-06,-1.0,1.0000253396967724,1.0000458559283973,-1.0000103889384016,2.4710731653424592e-05,0.0,1.6023204721036492e-05,-2.7730277860662827e-05,-4.9502300973586285e-05,-1.187612145721226e-05,-1.0,0.9999536040644036,0.999923513876555,-0.9999467988522178,-8.977668517303403e-06,5.3786031202518305e-06,1.2275612577106403e-05,1.2766108764305651e-05,7.259264759966805e-05,-1.28371132056042e-05,-0.9999999999999999
142,1,124,59,0.1296853735845833,1.110370930514059,-0.4997418421919214,74,-0.3108938164815122,0.9727283873919721,-0.2070141537894317,70,0.08505433376768094,1.01769680880581,0.2072205850734612,19,21,21,13,6.917760861924194e-07,22.456560581747,0.9997849120468048,0.9995784219225811,-0.9997648483950021,-5.0408097298614275e-06,0.0,-2.6119020637602696e-05,0.0,0.0004193610287865101,2.8455986280006793e-05,-1.0,0.9999536040644036,0.999923513876555,-0.9999467988522178,-8.977668517303403e-06,5.3786031202518305e-06,1.2275612577106403e-05,1.2766108764305651e-05,7.259264759966805e-05,-1.28371132056042e-05,-0.9999999999999999,0.9999221318427943,0.9998675548340576,-0.9999164097692493,4.441107232571113e-05,0.0,3.4421335814652305e-05,-4.366331106682515e-05,0.0001292389017460837,-4.117512911046124e-05,-1.0,0.9999462077473311,0.9998975755525124,-0.9999365721852856,-1.408228510187504e-05,0.0,0.0,1.4297251201648669e-05,9.891599931212068e-05,0.0,-1.0
143,1,124,59,0.1296853735845833,1.110370930514059,-0.4997418421919214,90,-0.3870134471718175,1.127909639221211,-0.6495809287038505,74,-0.3108938164815122,0.9727283873919721,-0.2070141537894317,19,15,21,12,3.189248167556613e-06,21.32686761161637,1.0000146530034928,1.0000840980902215,-1.000011114341185,6.017707655577411e-06,0.0,9.253099835616657e-05,-6.504344720774114e-06,-8.576106673785768e-05,-9.106118406896622e-05,-1.0,0.9999536040644036,0.999923513876555,-0.9999467988522178,-8.977668517303403e-06,5.3786031202518305e-06,1.2275612577106403e-05,1.2766108764305651e-05,7.259264759966805e-05,-1.28371132056042e-05,-0.9999999999999999,1.0000664082179211,1.0002271416979176,-1.000066034229139,-2.805747391987288e-05,-1.0387988677902738e-05,0.00016166238283603975,2.5876741893810004e-05,-0.00023063693635542418,-0.0001686417914515527,-0.9999999999999999,0.9999221318427943,0.9998675548340576,-0.9999164097692493,4.441107232571113e-05,0.0,3.4421335814652305e-05,-4.366331106682515e-05,0.0001292389017460837,-4.117512911046124e-05,-1.0
144,1,124,60,0.561468175522937,-1.003415303066981,0.5675318573883511,72,0.1619017602560758,-1.005634023776848,0.1936842585631996,71,0.6187944743065977,-0.7871345968366408,0.04965972633302125,17,20,21,13,4.510035349292174e-06,22.312860152896008,0.9998099666026921,0.9998461691514975,-0.9998008642864097,0.00018074619642444547,0.0,0.00012842449405588347,0.00018607228992578996,-0.00015456138829849216,0.00011482711119260554,-1.0,0.9999774599836364,0.9999867991527123,-0.9999738174678411,7.801534618446581e-06,-5.588537100138406e-06,2.8989271301361273e-05,1.1431270583099354e-05,-1.1221491578121394e-05,2.797175652149092e-05,-1.0,0.9999920890296907,0.9999941868886641,-0.9999786310138634,9.437679153122314e-06,0.0,2.465461291066584e-05,0.0,0.0,2.313026937866994e-05,-1.0,0.9999793484137678,0.9999840812698503,-0.9999795904032982,1.722744967591131e-05,0.0,0.0,1.9440627079039997e-05,-1.2465233680093588e-05,0.0,-1.0
145,1,124,71,0.6187944743065977,-0.7871345968366408,0.04965972633302125,76,0.953732970984591,-0.6571513806848519,0.5843434289076155,60,0.561468175522937,-1.003415303066981,0.5675318573883511,21,18,17,13,4.863408999744578e-06,23.794605106980676,0.9998362829247107,0.9998246249641717,-0.9998249150112014,8.124312940414079e-05,-7.218582523368903e-05,9.290251441082677e-05,0.00012200287865876298,-0.00014944235276667892,0.00013466895212486255,-1.0,0.9999793484137678,0.9999840812698503,-0.9999795904032982,1.722744967591131e-05,0.0,0.0,1.9440627079039997e-05,-1.2465233680093588e-05,0.0,-1.0,1.0000134874632394,1.000002365154751,-0.9999978189455266,-9.391368924526806e-06,-1.2471716320487336e-05,9.496653028584414e-06,-1.9420957712592825e-05,0.0,1.7404810277597038e-05,-1.0,0.9999774599836364,0.9999867991527123,-0.9999738174678411,7.801534618446581e-06,-5.588537100138406e-06,2.8989271301361273e-05,1.1431270583099354e-05,-1.1221491578121394e-05,2.797175652149092e-05,-1.0
146,1,124,60,0.561468175522937,-1.003415303066981,0.5675318573883511,85,0.0827039703451797,-1.164872047328807,0.6031311409568825,72,0.1619017602560758,-1.005634023776848,0.1936842585631996,17,15,20,12,2.2237538150893243e-06,19.47616979599554,0.9999619814027735,0.9999988788169828,-0.9999466497526622,-1.5687687097040902e-05,-9.234094141679432e-06,0.00012270787458025598,-6.74255553682665e-06,0.0,0.00011490379773767502,-1.0,0.9999774599836364,0.9999867991527123,-0.9999738174678411,7.801534618446581e-06,-5.588537100138406e-06,2.8989271301361273e-05,1.1431270583099354e-05,-1.1221491578121394e-05,2.797175652149092e-05,-1.0,1.0000208991973323,1.000120399769517,-1.0000056802588877,-1.5419812364176985e-05,0.0,0.00013075222341081495,-2.133173281201758e-05,0.0001209835572779349,0.00012234304321105804,-1.0,0.9999920890296907,0.9999941868886641,-0.9999786310138634,9.437679153122314e-06,0.0,2.465461291066584e-05,0.0,0.0,2.313026937866994e-05,-1.0
147,1,124,69,0.5846848734706532,0.8121765678949672,0.03836682062020624,70,0.08505433376768094,1.01769680880581,0.2072205850734612,61,0.513060729835223,1.040128052893537,0.5874522085368186,22,21,16,13,2.6065138689634892e-06,22.157620135371662,0.9998945239628511,0.9998648475005506,-0.9998771883049762,-8.208108534335513e-05,-5.059001399473292e-06,-4.3606571116975586e-05,7.594880107694817e-05,0.00013134189530639303,4.7941397089821894e-05,-1.0,1.000017233536659,1.0000236876199926,-1.000006826376932,1.1416057845362713e-05,0.0,0.0,-1.7628481313031302e-05,-2.716057880618412e-05,5.504080977680466e-06,-1.0,0.9999462077473311,0.9998975755525124,-0.9999365721852856,-1.408228510187504e-05,0.0,0.0,1.4297251201648669e-05,9.891599931212068e-05,0.0,-1.0,1.0000363522952562,1.0000503719466411,-1.0000135960643124,3.97192533189586e-05,-1.4083319661216355e-05,-3.253122651105732e-05,-4.545362337216698e-05,-5.422120384046167e-05,3.4906244607786406e-05,-1.0
148,1,124,61,0.513060729835223,1.040128052893537,0.5874522085368186,86,0.9372206614148298,0.6871071432701713,0.5920309866979356,69,0.5846848734706532,0.8121765678949672,0.03836682062020624,16,18,22,13,2.5952024015341024e-06,23.989759200912108,0.9998589733847838,0.9998568618788584,-0.9998551938184379,-6.488565707917197e-05,-4.786755773613065e-05,-7.410244191733614e-05,0.00010554900734467732,0.00012140198646760975,9.715738854731923e-05,-0.9999999999999999,1.0000363522952562,1.0000503719466411,-1.0000135960643124,3.97192533189586e-05,-1.4083319661216355e-05,-3.253122651105732e-05,-4.545362337216698e-05,-5.422120384046167e-05,3.4906244607786406e-05,-1.0,1.0000093587173062,1.000011179100298,-1.0000003771537664,5.618713827810689e-06,5.629570211008237e-06,0.0,-1.2385716262313382e-05,-1.2903456427635441e-05,-8.723710077252186e-06,-0.9999999999999999,1.000017233536659,1.0000236876199926,-1.000006826376932,1.1416057845362713e-05,0.0,0.0,-1.7628481313031302e-05,-2.716057880618412e-05,5.504080977680466e-06,-1.0
149,1,124,70,0.08505433376768094,1.01769680880581,0.2072205850734612,84,0.0601851518055463,1.181330274937081,0.6317907906377616,61,0.513060729835223,1.040128052893537,0.5874522085368186,21,14,16,11,1.6926492889535183e-06,21.103035412686026,1.000118931263624,1.0002141986598505,-1.0001082344651218,9.13506834401832e-05,-8.660851467987804e-06,-7.120555214315762e-05,-9.491840115326516e-05,-0.00021649887272315034,7.933332731158979e-05,-1.0,0.9999462077473311,0.9998975755525124,-0.9999365721852856,-1.408228510187504e-05,0.0,0.0,1.4297251201648669e-05,9.891599931212068e-05,0.0,-1.0,0.9999551861966107,0.9999786893811681,-0.9999578538628402,-1.3801144230478281e-05,5.410232756000159e-06,-8.629736025312834e-05,8.681885582670637e-06,1.7654832011605137e-05,9.588224076078838e-05,-0.9999999999999999,1.0000363522952562,1.0000503719466411,-1.0000135960643124,3.97192533189586e-05,-1.4083319661216355e-05,-3.253122651105732e-05,-4.545362337216698e-05,-5.422120384046167e-05,3.4906244607786406e-05,-1.0
150,1,124,67,0.9435108795500186,-0.3861000609521474,0.198209565386026,71,0.6187944743065977,-0.7871345968366408,0.04965972633302125,62,0.9186682465944731,-0.4726717205783777,-0.2595369998076418,19,21,21,12,3.6009072837961398e-06,18.693597468926257,1.000226418327981,1.0000908267376225,-1.0000579059382901,-7.05890991014943e-05,3.0242865374104392e-05,-6.726113226428746e-06,-0.00023079223011196362,6.76167172681145e-05,-1.7430997405669013e-05,-1.0,1.0000083734193495,0.9999953366992953,-0.9999891903233745,0.0,-1.9752067438979053e-05,0.0,-1.3292978854225881e-05,-6.381036207932545e-06,2.0878573877357197e-05,-1.0,0.9999793484137678,0.9999840812698503,-0.9999795904032982,1.722744967591131e-05,0.0,0.0,1.9440627079039997e-05,-1.2465233680093588e-05,0.0,-1.0,1.0000110883695137,0.9999967615465783,-0.9999885027685652,0.0,1.073479077476078e-05,-5.107876805479758e-06,-1.641240413908499e-05,0.0,-7.182990497285221e-06,-1.0
151,1,124,71,0.6187944743065977,-0.7871345968366408,0.04965972633302125,73,0.6677475701322538,-0.9232427414351967,-0.5461381875131003,62,0.9186682465944731,-0.4726717205783777,-0.2595369998076418,21,18,21,14,5.037291990639403e-06,23.151266004233698,1.0001847739698237,1.0001744307977487,-1.0000809366906318,-0.00014275182082590366,8.364997391861504e-05,-8.19211219869065e-05,-0.000196784599296157,0.0001802397773938012,-0.00013363161578862283,-1.0,0.9999793484137678,0.9999840812698503,-0.9999795904032982,1.722744967591131e-05,0.0,0.0,1.9440627079039997e-05,-1.2465233680093588e-05,0.0,-1.0,1.000051642227525,1.0000584503069498,-1.0000226022273204,-3.6433308283130145e-05,9.181572869247954e-06,-1.4748516609244964e-05,-5.217286457266001e-05,5.9653346666135915e-05,-1.2651593282961744e-05,-1.0,1.0000110883695137,0.9999967615465783,-0.9999885027685652,0.0,1.073479077476078e-05,-5.107876805479758e-06,-1.641240413908499e-05,0.0,-7.182990497285221e-06,-1.0
152,1,124,73,0.6677475701322538,-0.9232427414351967,-0.5461381875131003,94,1.009019431653466,-0.6440057348966833,-0.6579215275936805,62,0.9186682465944731,-0.4726717205783777,-0.2595369998076418,18,16,21,12,2.308663336725303e-06,21.53749668646102,1.0001176082013732,1.000153396605571,-1.0000751948568616,-0.00011828841037210926,4.227947475092301e-05,-5.487987865878845e-05,-0.0001256028599503015,0.00015979583560682964,-7.615571831765162e-05,-1.0,1.000051642227525,1.0000584503069498,-1.0000226022273204,-3.6433308283130145e-05,9.181572869247954e-06,-1.4748516609244964e-05,-5.217286457266001e-05,5.9653346666135915e-05,-1.2651593282961744e-05,-1.0,1.0000073650927694,0.9999873875837622,-0.9999892334771262,0.0,2.446533345209768e-05,0.0,-1.035233176423003e-05,0.0,-2.5674307523210058e-05,-1.0,1.0000110883695137,0.9999967615465783,-0.9999885027685652,0.0,1.073479077476078e-05,-5.107876805479758e-06,-1.641240413908499e-05,0.0,-7.182990497285221e-06,-1.0
153,1,124,63,0.9389809664955179,0.4538765498850675,-0.2961087926404495,69,0.5846848734706532,0.8121765678949672,0.03836682062020624,68,0.9123619916611873,0.4827813145134819,0.2558751202195692,20,22,19,12,8.589333910791197e-07,19.706874009660275,1.0001576066505227,1.0001377537945615,-1.000057031899229,9.515298080608216e-05,1.2027115876990398e-05,1.0539939104781268e-05,-0.0001602037915139769,-0.00013603041429890587,-1.569594440002978e-05,-1.0,0.9999981369957047,0.9999932735728753,-0.9999844011093199,-7.518448699650537e-06,0.0,0.0,0.0,5.2986350515157285e-06,5.46394693809418e-06,-1.0,1.000017233536659,1.0000236876199926,-1.000006826376932,1.1416057845362713e-05,0.0,0.0,-1.7628481313031302e-05,-2.716057880618412e-05,5.504080977680466e-06,-1.0,1.000002992807738,0.9999991400685576,-0.999989473858628,0.0,-1.0088282165196816e-05,0.0,-8.040182061809887e-06,0.0,1.0126062326023802e-05,-0.9999999999999999
154,1,124,63,0.9389809664955179,0.4538765498850675,-0.2961087926404495,75,0.6172089564672828,0.9648512601822398,-0.5584697078287724,69,0.5846848734706532,0.8121765678949672,0.03836682062020624,20,17,22,13,3.0655703429083303e-06,23.320549830410798,1.0002118935861226,1.0002171317147983,-1.000115945980101,0.0001693663295318473,8.792611667755354e-05,8.706976664391738e-05,-0.00022171666595710492,-0.00021887811666092548,-0.00014002364332432507,-1.0,0.9999981369957047,0.9999932735728753,-0.9999844011093199,-7.518448699650537e-06,0.0,0.0,0.0,5.2986350515157285e-06,5.46394693809418e-06,-1.0,1.0000253396967724,1.0000458559283973,-1.0000103889384016,2.4710731653424592e-05,0.0,1.6023204721036492e-05,-2.7730277860662827e-05,-4.9502300973586285e-05,-1.187612145721226e-05,-1.0,1.000017233536659,1.0000236876199926,-1.000006826376932,1.1416057845362713e-05,0.0,0.0,-1.7628481313031302e-05,-2.716057880618412e-05,5.504080977680466e-06,-1.0
155,1,124,63,0.9389809664955179,0.4538765498850675,-0.2961087926404495,93,0.9628982178054021,0.7086763570223045,-0.6552798975848086,75,0.6172089564672828,0.9648512601822398,-0.5584697078287724,20,15,17,11,1.6326893996776448e-06,21.764867559541834,1.0000856765779211,1.0001327916736327,-1.000071964629557,8.660280233011146e-05,1.2889637864790396e-05,3.950935745765877e-05,-9.219435310590737e-05,-0.00013255976308369625,-4.8489874028823854e-05,-1.0,0.9999981369957047,0.9999932735728753,-0.9999844011093199,-7.518448699650537e-06,0.0,0.0,0.0,5.2986350515157285e-06,5.46394693809418e-06,-1.0,0.9999860369622323,0.9999730410200843,-0.9999832580755694,-8.373376963191621e-06,2.4729457037438138e-05,0.0,8.679745857454989e-06,1.1442216689289126e-05,-3.5510887325495385e-05,-1.0,1.0000253396967724,1.0000458559283973,-1.0000103889384016,2.4710731653424592e-05,0.0,1.6023204721036492e-05,-2.7730277860662827e-05,-4.9502300973586285e-05,-1.187612145721226e-05,-1.0
156,1,124,64,-0.7775617789721692,0.851899125927731,-0.574750244590517,80,-0.6666765311436397,0.747038916947586,0.0500315989956792,74,-0.3108938164815122,0.9727283873919721,-0.2070141537894317,16,21,21,13,9.694987770370034e-07,22.026735507676335,1.0006207871950192,1.0009605957162233,-1.0005021552799425,-0.000495165225129635,-0.00011542052555030673,0.0003652905407451173,0.0005348994454255813,-0.0009617646155710117,-0.0004072382558208977,-1.0,0.9999908902307252,0.999992330193465,-0.9999795807571482,-2.981788739425393e-05,-3.0927647119618894e-05,7.473485211457253e-05,2.0381143414813913e-05,0.0,-9.132048731206352e-05,-1.0,0.999904709376103,0.9998665693366982,-0.9998996488723584,7.983082729837869e-05,0.0,1.0515971130388635e-05,-8.276563375190737e-05,0.00012621802424454958,-1.669421852934492e-05,-1.0,0.9999221318427943,0.9998675548340576,-0.9999164097692493,4.441107232571113e-05,0.0,3.4421335814652305e-05,-4.366331106682515e-05,0.0001292389017460837,-4.117512911046124e-05,-1.0
157,1,124,74,-0.3108938164815122,0.9727283873919721,-0.2070141537894317,90,-0.3870134471718175,1.127909639221211,-0.6495809287038505,64,-0.7775617789721692,0.851899125927731,-0.574750244590517,21,15,16,12,2.367526335311787e-06,21.534360428982687,1.0001351956778177,1.0002753237669566,-1.0001243584765056,-7.659116014081368e-05,-6.590048763721775e-06,0.0001345888663481218,8.502090305004319e-05,-0.0002755313274189169,-0.00013956972454318598,-0.9999999999999999,0.9999221318427943,0.9998675548340576,-0.9999164097692493,4.441107232571113e-05,0.0,3.4421335814652305e-05,-4.366331106682515e-05,0.0001292389017460837,-4.117512911046124e-05,-1.0,1.0000664082179211,1.0002271416979176,-1.000066034229139,-2.805747391987288e-05,-1.0387988677902738e-05,0.00016166238283603975,2.5876741893810004e-05,-0.00023063693635542418,-0.0001686417914515527,-0.9999999999999999,0.9999908902307252,0.999992330193465,-0.9999795807571482,-2.981788739425393e-05,-3.0927647119618894e-05,7.473485211457253e-05,2.0381143414813913e-05,0.0,-9.132048731206352e-05,-1.0
158,1,124,64,-0.7775617789721692,0.851899125927731,-0.574750244590517,81,-0.9420999838729532,0.4863703578529333,-0.3522970386209994,80,-0.6666765311436397,0.747038916947586,0.0500315989956792,16,19,21,12,1.6532495010768145e-06,21.51504700609784,0.9993540063255916,0.9992834716356664,-0.9994400492136556,0.0004451064001460813,-3.389716299041157e-05,6.660216986352218e-05,-0.0005803724684162108,0.0006707171290143339,-8.523869003655506e-05,-1.0,0.9999908902307252,0.999992330193465,-0.9999795807571482,-2.981788739425393e-05,-3.0927647119618894e-05,7.473485211457253e-05,2.0381143414813913e-05,0.0,-9.132048731206352e-05,-1.0,1.0000451034501248,1.000016133217087,-1.0000018173819527,-3.8917779130932914e-05,-4.159070600635233e-05,3.5282410774572084e-05,5.792095721569959e-05,-1.9483535189305755e-05,-5.9826308114132955e-05,-0.9999999999999999,0.999904709376103,0.9998665693366982,-0.9998996488723584,7.983082729837869e-05,0.0,1.0515971130388635e-05,-8.276563375190737e-05,0.00012621802424454958,-1.669421852934492e-05,-1.0
159,1,124,64,-0.7775617789721692,0.851899125927731,-0.574750244590517,97,-1.120215639933406,0.504849841518076,-0.7139979505224818,81,-0.9420999838729532,0.4863703578529333,-0.3522970386209994,16,15,19,11,6.441433551995779e-06,19.800672350390652,1.0004221624444745,1.000106441446073,-1.0001047798886287,-0.0002581542338113925,-0.00033335007542095995,0.0001747774033065719,0.00047501948591498883,-0.00012180811623185461,-0.00042571383757396085,-0.9999999999999999,0.9999908902307252,0.999992330193465,-0.9999795807571482,-2.981788739425393e-05,-3.0927647119618894e-05,7.473485211457253e-05,2.0381143414813913e-05,0.0,-9.132048731206352e-05,-1.0,1.0000007865397607,0.9999935966654613,-1.0000601575635173,-3.323688808062179e-05,0.0,1.673160706597278e-05,2.1830897988271673e-05,-1.8054729883434077e-05,-9.569741696584366e-05,-0.9999999999999999,1.0000451034501248,1.000016133217087,-1.0000018173819527,-3.8917779130932914e-05,-4.159070600635233e-05,3.5282410774572084e-05,5.792095721569959e-05,-1.9483535189305755e-05,-5.9826308114132955e-05,-0.9999999999999999
160,1,124,77,-1.105480721628453,0.4670533027696381,0.6634946676164523,78,-0.9550073560382009,0.318118986710433,0.1149447102148726,65,-1.14200287365251,-2.903051906457502e-15,0.5515195773916695,14,23,16,12,3.859021737939727e-06,21.235916275470164,1.0003225662385362,1.0000754524633526,-1.0000255321000617,-6.628325875171752e-05,0.00034573100143146703,-8.788348553283315e-05,0.00035410855680472885,-2.735827106730951e-05,0.00037832518141328044,-1.0,1.000168137788777,1.000038081255283,-0.9999944119204824,-0.00010882633666866557,0.00021452499106110523,-9.030180342719613e-05,0.0001928940886071363,-5.974613401893479e-05,0.0002337863242070115,-1.0,0.9999718398373053,0.9999946644836918,-0.9999634507627905,-5.80174812841356e-06,-8.597688955954765e-06,-8.152499801252288e-06,-1.6462746257055048e-05,0.0,-1.585244488695105e-05,-0.9999999999999999,1.0000805508640147,1.0000289482426963,-0.9999948708110578,-2.1204468390377122e-05,5.650726886106908e-05,0.0,9.417245276370665e-05,-1.97641481039763e-05,4.715228020908672e-05,-1.0
161,1,124,78,-0.9550073560382009,0.318118986710433,0.1149447102148726,79,-0.9635460954523173,-0.2816808469641151,0.0879359225645589,65,-1.14200287365251,-2.903051906457502e-15,0.5515195773916695,23,24,16,14,7.946836122152412e-06,23.84333348174859,1.0000941307500937,1.0000100290946456,-0.9999413378489709,-4.238832539447382e-05,0.00015173119058834415,-5.9414124335391645e-06,0.0001193806916943201,-3.43318484157524e-05,0.00015706955808330374,-1.0,0.9999718398373053,0.9999946644836918,-0.9999634507627905,-5.80174812841356e-06,-8.597688955954765e-06,-8.152499801252288e-06,-1.6462746257055048e-05,0.0,-1.585244488695105e-05,-0.9999999999999999,0.9999008334596157,0.9999588699341823,-0.9999248105863249,-3.4824187997958486e-05,-2.387326052187039e-05,0.0,-8.828548086205688e-05,-2.6188249737081046e-05,-3.517311413366798e-05,-1.0,1.0000805508640147,1.0000289482426963,-0.9999948708110578,-2.1204468390377122e-05,5.650726886106908e-05,0.0,9.417245276370665e-05,-1.97641481039763e-05,4.715228020908672e-05,-1.0
162,1,124,79,-0.9635460954523173,-0.2816808469641151,0.0879359225645589,82,-1.106419942795557,-0.4585908698044805,0.6591419510487269,65,-1.14200287365251,-2.903051906457502e-15,0.5515195773916695,24,15,16,12,5.45116978423188e-06,21.295998655268424,1.000584620313285,1.0002241528459206,-1.0001652354147483,9.247845296199635e-05,0.000373408762996655,9.630008007441281e-05,0.0006201550714086642,5.8073406911557595e-05,0.00041563755785215364,-1.0,0.9999008334596157,0.9999588699341823,-0.9999248105863249,-3.4824187997958486e-05,-2.387326052187039e-05,0.0,-8.828548086205688e-05,-2.6188249737081046e-05,-3.517311413366798e-05,-1.0,1.0000526085475192,1.0000044308002867,-0.9999652330190301,5.58341967616116e-05,0.00011238447179433945,6.314517633477266e-05,7.34703099938304e-05,2.155075965488239e-05,0.00012270787981654452,-1.0,1.0000805508640147,1.0000289482426963,-0.9999948708110578,-2.1204468390377122e-05,5.650726886106908e-05,0.0,9.417245276370665e-05,-1.97641481039763e-05,4.715228020908672e-05,-1.0
163,1,124,66,-0.7641490753106939,-0.8486735262352161,-0.5515195773917724,88,-0.2288504988153238,-0.9882287459778948,-0.1702043816405359,83,-0.6643379353158823,-0.7475939738762019,-0.01543673589701356,17,21,22,14,5.478365675548602e-07,22.991472772276516,0.9999826466920924,0.9999753662311551,-0.9999730104174215,2.7637007585205152e-05,-2.3498882483850966e-05,-6.819850685497371e-05,2.045680607432043e-05,-2.3004943962278954e-05,-7.882748583596767e-05,-1.0,1.000022589102593,1.0000506697074643,-1.0000139048336214,6.334377139906594e-05,-3.212276271948476e-05,-8.451733172968118e-05,5.269770124949288e-05,5.223739734496274e-05,-0.00010159199862693204,-1.0,0.9999202959302812,0.9998724720221159,-0.999918500531555,-2.645257190384784e-05,0.0,-3.191159747123588e-05,-3.0138352064005307e-05,-0.0001276464170111518,-3.555831053174607e-05,-1.0,0.9999285279916192,0.9999147456530163,-0.9999284546281084,-5.6060296250209635e-05,0.0,0.0,-5.9305546659493235e-05,-8.245740233695745e-05,-6.248620768044186e-06,-1.0
164,1,124,83,-0.6643379353158823,-0.7475939738762019,-0.01543673589701356,98,-0.9278424234113782,-0.4957590661817787,-0.3265988680899922,66,-0.7641490753106939,-0.8486735262352161,-0.5515195773917724,22,19,17,12,1.3734204381554704e-06,21.720260274338123,1.0000391136573357,1.0000217626068413,-0.999999571987787,5.9443468148276147e-05,-7.008938429010862e-05,-9.560918067282772e-05,6.981668802754092e-05,2.3020017095189173e-05,-0.0001353292026761832,-0.9999999999999999,0.9999285279916192,0.9999147456530163,-0.9999284546281084,-5.6060296250209635e-05,0.0,0.0,-5.9305546659493235e-05,-8.245740233695745e-05,-6.248620768044186e-06,-1.0,1.0000678508483223,1.0000429015301535,-1.0000110210800093,5.220479843094554e-05,-7.738356190636466e-05,-5.1687953305621e-05,8.159690449820466e-05,4.43758895413536e-05,-0.00010266447074472008,-1.0,1.000022589102593,1.0000506697074643,-1.0000139048336214,6.334377139906594e-05,-3.212276271948476e-05,-8.451733172968118e-05,5.269770124949288e-05,5.223739734496274e-05,-0.00010159199862693204,-1.0
165,1,124,87,-0.3539245748820679,-1.158613730231049,-0.6838559122085073,88,-0.2288504988153238,-0.9882287459778948,-0.1702043816405359,66,-0.7641490753106939,-0.8486735262352161,-0.5515195773917724,15,21,17,13,2.9495803706147683e-06,21.13653768428202,0.9999839902821022,1.000049523743724,-1.0000240529152553,0.0,1.7049494583577e-05,-4.488609491879765e-05,-1.1867009006533636e-05,5.059082415610234e-05,-6.331004285694384e-05,-1.0,0.9999998021482235,1.0000220600969247,-1.000017106725286,0.0,5.619948412253488e-06,-2.4211616700727556e-05,0.0,2.1887461742175554e-05,-3.897385266664727e-05,-1.0,0.9999202959302812,0.9998724720221159,-0.999918500531555,-2.645257190384784e-05,0.0,-3.191159747123588e-05,-3.0138352064005307e-05,-0.0001276464170111518,-3.555831053174607e-05,-1.0,1.000022589102593,1.0000506697074643,-1.0000139048336214,6.334377139906594e-05,-3.212276271948476e-05,-8.451733172968118e-05,5.269770124949288e-05,5.223739734496274e-05,-0.00010159199862693204,-1.0
166,1,124,66,-0.7641490753106939,-0.8486735262352161,-0.5515195773917724,98,-0.9278424234113782,-0.4957590661817787,-0.3265988680899922,89,-1.09449064713319,-0.5151791288238838,-0.6806816404338686,17,19,15,11,1.2803762790003503e-06,19.972834210342917,1.000244813643934,1.0001508045756347,-1.000094561918537,0.0001906603895442554,-0.00017104219451061299,-0.00014207933264733134,0.00028005444323549335,0.0001513668488519323,-0.00025232156433238243,-1.0,1.000022589102593,1.0000506697074643,-1.0000139048336214,6.334377139906594e-05,-3.212276271948476e-05,-8.451733172968118e-05,5.269770124949288e-05,5.223739734496274e-05,-0.00010159199862693204,-1.0,1.0000678508483223,1.0000429015301535,-1.0000110210800093,5.220479843094554e-05,-7.738356190636466e-05,-5.1687953305621e-05,8.159690449820466e-05,4.43758895413536e-05,-0.00010266447074472008,-1.0,1.0000487937960632,1.0000549501922096,-1.0000609587398703,6.412939848468243e-05,-2.6198138406433167e-05,-4.875899693677503e-05,7.338484917438932e-05,5.910117730105866e-05,-0.00010256881125167064,-1.0
167,1,124,67,0.9435108795500186,-0.3861000609521474,0.198209565386026,76,0.953732970984591,-0.6571513806848519,0.5843434289076155,71,0.6187944743065977,-0.7871345968366408,0.04965972633302125,19,18,21,12,3.38801500654462e-06,21.845084371556688,0.999795179518608,0.999709232885044,-0.9997436562333593,0.00022107394319433848,-0.00010924667805937817,0.0,0.00020195800705660865,-0.00028206661339455757,8.038335288942458e-05,-1.0,1.0000083734193495,0.9999953366992953,-0.9999891903233745,0.0,-1.9752067438979053e-05,0.0,-1.3292978854225881e-05,-6.381036207932545e-06,2.0878573877357197e-05,-1.0,1.0000134874632394,1.000002365154751,-0.9999978189455266,-9.391368924526806e-06,-1.2471716320487336e-05,9.496653028584414e-06,-1.9420957712592825e-05,0.0,1.7404810277597038e-05,-1.0,0.9999793484137678,0.9999840812698503,-0.9999795904032982,1.722744967591131e-05,0.0,0.0,1.9440627079039997e-05,-1.2465233680093588e-05,0.0,-1.0
168,1,124,69,0.5846848734706532,0.8121765678949672,0.03836682062020624,86,0.9372206614148298,0.6871071432701713,0.5920309866979356,68,0.9123619916611873,0.4827813145134819,0.2558751202195692,22,18,19,12,2.9899655961118654e-06,22.623758889338028,0.9998593599155148,0.9998596204312453,-0.9998396243592792,-0.00010776964791634416,-5.8232879905122194e-05,-2.9877741079450185e-05,0.0001282292244827834,0.00012621929780588068,6.665991381216494e-05,-1.0,1.000017233536659,1.0000236876199926,-1.000006826376932,1.1416057845362713e-05,0.0,0.0,-1.7628481313031302e-05,-2.716057880618412e-05,5.504080977680466e-06,-1.0,1.0000093587173062,1.000011179100298,-1.0000003771537664,5.618713827810689e-06,5.629570211008237e-06,0.0,-1.2385716262313382e-05,-1.2903456427635441e-05,-8.723710077252186e-06,-0.9999999999999999,1.000002992807738,0.9999991400685576,-0.999989473858628,0.0,-1.0088282165196816e-05,0.0,-8.040182061809887e-06,0.0,1.0126062326023802e-05,-0.9999999999999999
169,1,124,74,-0.3108938164815122,0.9727283873919721,-0.2070141537894317,92,-0.3524280125755555,1.048334193275976,0.4724547103485364,70,0.08505433376768094,1.01769680880581,0.2072205850734612,21,18,21,13,3.3685071687550305e-07,22.38677673360626,0.9997885680429293,0.999601316560179,-0.9997814079493244,2.546752928195781e-05,0.0,2.482916249400949e-05,-2.874137586766637e-05,0.00039735463953441007,-2.31200613673254e-05,-1.0,0.9999221318427943,0.9998675548340576,-0.9999164097692493,4.441107232571113e-05,0.0,3.4421335814652305e-05,-4.366331106682515e-05,0.0001292389017460837,-4.117512911046124e-05,-1.0,0.9999085033166552,0.9998320377039366,-0.9999018101474653,4.182607973750502e-05,0.0,1.6546761217581933e-05,-4.2833601557414085e-05,0.00016445085626010404,-1.93696484768325e-05,-1.0,0.9999462077473311,0.9998975755525124,-0.9999365721852856,-1.408228510187504e-05,0.0,0.0,1.4297251201648669e-05,9.891599931212068e-05,0.0,-1.0
170,1,124,70,0.08505433376768094,1.01769680880581,0.2072205850734612,92,-0.3524280125755555,1.048334193275976,0.4724547103485364,84,0.0601851518055463,1.181330274937081,0.6317907906377616,21,18,14,12,2.6278037044136227e-06,21.221270361065734,0.9998603196215822,0.9997388196025869,-0.9998498695442934,-1.610362278992564e-05,6.1162259250080366e-06,-1.310723242435087e-05,8.377829397255561e-06,0.0002594637466419954,1.1881021771285931e-05,-1.0,0.9999462077473311,0.9998975755525124,-0.9999365721852856,-1.408228510187504e-05,0.0,0.0,1.4297251201648669e-05,9.891599931212068e-05,0.0,-1.0,0.9999085033166552,0.9998320377039366,-0.9999018101474653,4.182607973750502e-05,0.0,1.6546761217581933e-05,-4.2833601557414085e-05,0.00016445085626010404,-1.93696484768325e-05,-1.0,0.9999551861966107,0.9999786893811681,-0.9999578538628402,-1.3801144230478281e-05,5.410232756000159e-06,-8.629736025312834e-05,8.681885582670637e-06,1.7654832011605137e-05,9.588224076078838e-05,-0.9999999999999999
171,1,124,72,0.1619017602560758,-1.005634023776848,0.1936842585631996,96,0.2663719476991596,-0.985632238444232,-0.2059721226478465,71,0.6187944743065977,-0.7871345968366408,0.04965972633302125,20,19,21,12,4.303754010726024e-06,19.3622441157591,0.9999853183258454,1.0000947586691646,-0.9999911043529967,5.9953712403132505e-05,2.445358434492563e-05,-5.324492813541592e-06,5.275163778749309e-05,9.389784251103557e-05,-1.3763749643402684e-05,-1.0,0.9999920890296907,0.9999941868886641,-0.9999786310138634,9.437679153122314e-06,0.0,2.465461291066584e-05,0.0,0.0,2.313026937866994e-05,-1.0,0.9999851789630133,0.9999748841997129,-0.9999735741365793,0.0,1.1343315667416073e-05,-1.1902345613671094e-05,0.0,-2.1144287200931222e-05,-1.4321241609389302e-05,-1.0,0.9999793484137678,0.9999840812698503,-0.9999795904032982,1.722744967591131e-05,0.0,0.0,1.9440627079039997e-05,-1.2465233680093588e-05,0.0,-1.0
172,1,124,71,0.6187944743065977,-0.7871345968366408,0.04965972633302125,96,0.2663719476991596,-0.985632238444232,-0.2059721226478465,73,0.6677475701322538,-0.9232427414351967,-0.5461381875131003,21,19,18,13,4.826991689355076e-06,22.275433668249192,0.9999075358078608,0.9998889855135685,-0.9998677711888994,8.573011880212746e-05,4.894783066088261e-05,-0.00010011636115243753,7.389452254277845e-05,-0.00010700402658072638,-0.0001270796969316551,-0.9999999999999999,0.9999793484137678,0.9999840812698503,-0.9999795904032982,1.722744967591131e-05,0.0,0.0,1.9440627079039997e-05,-1.2465233680093588e-05,0.0,-1.0,0.9999851789630133,0.9999748841997129,-0.9999735741365793,0.0,1.1343315667416073e-05,-1.1902345613671094e-05,0.0,-2.1144287200931222e-05,-1.4321241609389302e-05,-1.0,1.000051642227525,1.0000584503069498,-1.0000226022273204,-3.6433308283130145e-05,9.181572869247954e-06,-1.4748516609244964e-05,-5.217286457266001e-05,5.9653346666135915e-05,-1.2651593282961744e-05,-1.0
173,1,124,85,0.0827039703451797,-1.164872047328807,0.6031311409568825,95,-0.3380141410835955,-0.9830621577804749,0.283997290589435,72,0.1619017602560758,-1.005634023776848,0.1936842585631996,15,20,20,12,1.9017479591099118e-06,19.49619048264077,1.0001172551539865,1.0003470896775088,-1.000107229964649,-9.000224551691783e-05,-2.47129514041504e-05,0.00018603038379566135,-7.142742841528151e-05,0.00034705214671656244,0.00016873266628746105,-1.0,1.0000208991973323,1.000120399769517,-1.0000056802588877,-1.5419812364176985e-05,0.0,0.00013075222341081495,-2.133173281201758e-05,0.0001209835572779349,0.00012234304321105804,-1.0,0.9999077086460864,0.9998419657083727,-0.9999027742853797,-2.7116122062401845e-05,9.132290257125247e-06,1.1761833620221917e-05,-3.5692733042429264e-05,-0.00015652705546360284,1.240521617724583e-05,-1.0,0.9999920890296907,0.9999941868886641,-0.9999786310138634,9.437679153122314e-06,0.0,2.465461291066584e-05,0.0,0.0,2.313026937866994e-05,-1.0
174,1,124,72,0.1619017602560758,-1.005634023776848,0.1936842585631996,95,-0.3380141410835955,-0.9830621577804749,0.283997290589435,88,-0.2288504988153238,-0.9882287459778948,-0.1702043816405359,20,20,21,13,3.3029430356323886e-06,19.861418918079174,0.9998698630883689,0.9997675445999386,-0.9998534981574905,-9.689388653792594e-05,0.0,-4.2924734654548e-05,-8.464882488674251e-05,-0.00023188144736644616,-5.512441598973182e-05,-0.9999999999999999,0.9999920890296907,0.9999941868886641,-0.9999786310138634,9.437679153122314e-06,0.0,2.465461291066584e-05,0.0,0.0,2.313026937866994e-05,-1.0,0.9999077086460864,0.9998419657083727,-0.9999027742853797,-2.7116122062401845e-05,9.132290257125247e-06,1.1761833620221917e-05,-3.5692733042429264e-05,-0.00015652705546360284,1.240521617724583e-05,-1.0,0.9999202959302812,0.9998724720221159,-0.999918500531555,-2.645257190384784e-05,0.0,-3.191159747123588e-05,-3.0138352064005307e-05,-0.0001276464170111518,-3.555831053174607e-05,-1.0
175,1,124,88,-0.2288504988153238,-0.9882287459778948,-0.1702043816405359,96,0.2663719476991596,-0.985632238444232,-0.2059721226478465,72,0.1619017602560758,-1.005634023776848,0.1936842585631996,21,19,20,12,1.0058953515690305e-06,19.702350660927802,0.9998080980054806,0.9996342228343232,-0.9997974240060762,-5.4177741894709295e-05,8.38870513137083e-06,9.166283717323295e-06,-5.318810527302243e-05,-0.0003658810858164007,6.855281021088898e-06,-1.0,0.9999202959302812,0.9998724720221159,-0.999918500531555,-2.645257190384784e-05,0.0,-3.191159747123588e-05,-3.0138352064005307e-05,-0.0001276464170111518,-3.555831053174607e-05,-1.0,0.9999851789630133,0.9999748841997129,-0.9999735741365793,0.0,1.1343315667416073e-05,-1.1902345613671094e-05,0.0,-2.1144287200931222e-05,-1.4321241609389302e-05,-1.0,0.9999920890296907,0.9999941868886641,-0.9999786310138634,9.437679153122314e-06,0.0,2.465461291066584e-05,0.0,0.0,2.313026937866994e-05,-1.0
176,1,124,80,-0.6666765311436397,0.747038916947586,0.0500315989956792,92,-0.3524280125755555,1.048334193275976,0.4724547103485364,74,-0.3108938164815122,0.9727283873919721,-0.2070141537894317,21,18,21,13,6.409803397389169e-06,22.543681036325665,0.9998409502809404,0.9998097396899049,-0.9998559118933212,8.719304444750757e-05,0.0,0.0,-9.846043007170073e-05,0.00018657690946011094,-5.159378248279504e-06,-1.0,0.999904709376103,0.9998665693366982,-0.9998996488723584,7.983082729837869e-05,0.0,1.0515971130388635e-05,-8.276563375190737e-05,0.00012621802424454958,-1.669421852934492e-05,-1.0,0.9999085033166552,0.9998320377039366,-0.9999018101474653,4.182607973750502e-05,0.0,1.6546761217581933e-05,-4.2833601557414085e-05,0.00016445085626010404,-1.93696484768325e-05,-1.0,0.9999221318427943,0.9998675548340576,-0.9999164097692493,4.441107232571113e-05,0.0,3.4421335814652305e-05,-4.366331106682515e-05,0.0001292389017460837,-4.117512911046124e-05,-1.0
177,1,124,80,-0.6666765311436397,0.747038916947586,0.0500315989956792,81,-0.9420999838729532,0.4863703578529333,-0.3522970386209994,78,-0.9550073560382009,0.318118986710433,0.1149447102148726,21,19,23,12,4.659362688785862e-06,20.873830949789188,1.000024126081235,0.9999700603070852,-0.9998959300016383,1.3375441019665364e-05,0.0,7.3884699851135e-06,5.069450846406358e-05,3.5960027697056394e-05,-2.968061376351766e-05,-1.0,0.999904709376103,0.9998665693366982,-0.9998996488723584,7.983082729837869e-05,0.0,1.0515971130388635e-05,-8.276563375190737e-05,0.00012621802424454958,-1.669421852934492e-05,-1.0,1.0000451034501248,1.000016133217087,-1.0000018173819527,-3.8917779130932914e-05,-4.159070600635233e-05,3.5282410774572084e-05,5.792095721569959e-05,-1.9483535189305755e-05,-5.9826308114132955e-05,-0.9999999999999999,0.9999718398373053,0.9999946644836918,-0.9999634507627905,-5.80174812841356e-06,-8.597688955954765e-06,-8.152499801252288e-06,-1.6462746257055048e-05,0.0,-1.585244488695105e-05,-0.9999999999999999
178,1,124,79,-0.9635460954523173,-0.2816808469641151,0.0879359225645589,98,-0.9278424234113782,-0.4957590661817787,-0.3265988680899922,83,-0.6643379353158823,-0.7475939738762019,-0.01543673589701356,24,19,22,12,4.3063570940304885e-06,20.821908929452285,0.9996562838776307,0.9998318170142999,-0.9997326037897678,-0.00013178624148581908,-9.946305029018779e-05,-4.1523415281961904e-05,-0.0003163131173905692,-0.00012701494392066873,-0.00013649069574028162,-1.0,0.9999008334596157,0.9999588699341823,-0.9999248105863249,-3.4824187997958486e-05,-2.387326052187039e-05,0.0,-8.828548086205688e-05,-2.6188249737081046e-05,-3.517311413366798e-05,-1.0,1.0000678508483223,1.0000429015301535,-1.0000110210800093,5.220479843094554e-05,-7.738356190636466e-05,-5.1687953305621e-05,8.159690449820466e-05,4.43758895413536e-05,-0.00010266447074472008,-1.0,0.9999285279916192,0.9999147456530163,-0.9999284546281084,-5.6060296250209635e-05,0.0,0.0,-5.9305546659493235e-05,-8.245740233695745e-05,-6.248620768044186e-06,-1.0
179,1,124,88,-0.2288504988153238,-0.9882287459778948,-0.1702043816405359,95,-0.3380141410835955,-0.9830621577804749,0.283997290589435,83,-0.6643379353158823,-0.7475939738762019,-0.01543673589701356,21,20,22,13,3.064404265895604e-06,20.3764375200235,0.9999983921008465,0.9999446472651843,-0.9999608772906029,4.045203779569104e-05,-1.9892011581824518e-05,-7.148259045834975e-05,4.7915828209469746e-05,-5.154249659679829e-05,-9.331051891963313e-05,-1.0,0.9999202959302812,0.9998724720221159,-0.999918500531555,-2.645257190384784e-05,0.0,-3.191159747123588e-05,-3.0138352064005307e-05,-0.0001276464170111518,-3.555831053174607e-05,-1.0,0.9999077086460864,0.9998419657083727,-0.9999027742853797,-2.7116122062401845e-05,9.132290257125247e-06,1.1761833620221917e-05,-3.5692733042429264e-05,-0.00015652705546360284,1.240521617724583e-05,-1.0,0.9999285279916192,0.9999147456530163,-0.9999284546281084,-5.6060296250209635e-05,0.0,0.0,-5.9305546659493235e-05,-8.245740233695745e-05,-6.248620768044186e-06,-1.0
180,1,124,91,-0.3794475162804287,-1.147561853798758,0.6788855216485307,95,-0.3380141410835955,-0.9830621577804749,0.283997290589435,85,0.0827039703451797,-1.164872047328807,0.6031311409568825,14,20,15,11,3.483481759269935e-06,18.869955489721548,1.0000952914754029,1.0002937105827086,-1.0000344739357305,4.673199065672905e-05,2.3205679055544033e-05,0.00025226771552261574,3.490850081180401e-05,0.0003027354737142329,0.00023860483808452358,-1.0,0.9999651802797083,0.9999718694678134,-0.9999497447663321,2.6752761999610218e-05,2.4177604813541012e-05,8.1032288224112e-05,1.4036124495062343e-05,-2.5999842284104015e-05,8.144001890122137e-05,-1.0,0.9999077086460864,0.9998419657083727,-0.9999027742853797,-2.7116122062401845e-05,9.132290257125247e-06,1.1761833620221917e-05,-3.5692733042429264e-05,-0.00015652705546360284,1.240521617724583e-05,-1.0,1.0000208991973323,1.000120399769517,-1.0000056802588877,-1.5419812364176985e-05,0.0,0.00013075222341081495,-2.133173281201758e-05,0.0001209835572779349,0.00012234304321105804,-1.0
