iter,V_plic_pl,V_present_quadric_patch,plic_pl_error_percent,present_quadric_patch_error_percent,V_evrard_type_paraboloid,V_thinc_qq,V_strobl_sphere_overlap,evrard_type_paraboloid_error_percent,thinc_qq_error_percent,strobl_sphere_overlap_error_percent
0,4.157037377940852e-09,4.188790204786475e-09,0.7580429,2.053738e-12,4.164728264134824e-09,4.175687716258646e-09,4.193378630108572e-09,0.5744365192620632,0.3127988723992728,0.10954058565500518
1,4.157037381868398e-09,4.188790207145726e-09,0.7580428,5.632501e-08,4.164585389873836e-09,4.175394711024312e-09,4.192576539067985e-09,0.5778473909935943,0.31979385710868885,0.09039207256713747
2,4.157037389091568e-09,4.188790211313134e-09,0.7580426,1.558145e-07,4.164570518822203e-09,4.175363731303943e-09,4.192547815641934e-09,0.5782024112000502,0.3205334434535281,0.08970635128135174
3,4.157037390504475e-09,4.188790211591609e-09,0.7580426,1.624627e-07,4.164551959879134e-09,4.1753234660675225e-09,4.192508687755789e-09,0.5786454733292515,0.32149470516519835,0.08877224180745717
4,4.157037379219529e-09,4.18879020372198e-09,0.7580429,2.54109e-08,4.1645316095926986e-09,4.1752765734279245e-09,4.192460154302758e-09,0.5791313006311749,0.3226141844731975,0.08761359096416166
5,4.157037347974727e-09,4.188790183415529e-09,0.7580436,5.101917e-07,4.164511469083171e-09,4.175225936555488e-09,4.192403403211108e-09,0.5796121198783288,0.32382305075584455,0.08625875844986788
6,4.157037290378247e-09,4.1887901472023705e-09,0.758045,1.374717e-06,4.164493426988374e-09,4.175174405189041e-09,4.192339776006119e-09,0.5800428431639295,0.32505327150999647,0.08473977082150205
7,4.1570372017942365e-09,4.1887900930251465e-09,0.7580471,2.668103e-06,4.164479065007071e-09,4.175124559668889e-09,4.1922707286892845e-09,0.580385710211474,0.32624324564847557,0.08309138755429231
8,4.157037080017608e-09,4.188790020658096e-09,0.75805,4.395739e-06,4.164469507083955e-09,4.175078521172772e-09,4.1921977903441e-09,0.580613888817918,0.3273423337829049,0.08135011282772414
9,4.157036925682064e-09,4.188789931914126e-09,0.7580537,6.514345e-06,4.164465326928287e-09,4.17503782495777e-09,4.1921225207829515e-09,0.5807136826835354,0.32831388435029973,0.07955318441956247
10,4.157036742383706e-09,4.188789830631344e-09,0.7580581,8.932294e-06,4.164472544988579e-09,4.174975409841306e-09,4.191971130528828e-09,0.5805413641872751,0.3298039354966432,0.0759390083276069
11,4.157036536534951e-09,4.188789722455561e-09,0.758063,1.15148e-05,4.164472544988579e-09,4.174975409841306e-09,4.191971130528828e-09,0.5805413641872751,0.3298039354966432,0.0759390083276069
12,4.15703631698861e-09,4.188789614453857e-09,0.7580682,1.409315e-05,4.164482407917914e-09,4.1749536804822684e-09,4.191897914343706e-09,0.5803059040937227,0.3303226857317965,0.07419110066112575
13,4.157036094485538e-09,4.188789514606205e-09,0.7580735,1.647684e-05,4.16449480498755e-09,4.174937476327089e-09,4.191828104522688e-09,0.5800099458568694,0.3307095314411027,0.07252451394742611
14,4.157035880983925e-09,4.188789431227993e-09,0.7580786,1.846735e-05,4.164508275456635e-09,4.174925829015492e-09,4.191762833323447e-09,0.5796883620957762,0.33098759052326754,0.07096627884730813
15,4.157035688926278e-09,4.188789372377535e-09,0.7580832,1.98723e-05,4.164521363548092e-09,4.174917664179496e-09,4.191703056862507e-09,0.5793759069281201,0.33118251162452245,0.06953922096144793
16,4.157035530495065e-09,4.188789345300219e-09,0.758087,2.051872e-05,4.164532765153534e-09,4.174911951540673e-09,4.191649537034808e-09,0.5791037136483264,0.33131889083053423,0.06826152919168262
17,4.157035416901911e-09,4.188789355955385e-09,0.7580897,2.026435e-05,4.1645414454160535e-09,4.174907827413111e-09,4.191602829511135e-09,0.5788964876452265,0.3314173471236476,0.06714646920087254
18,4.157035357750979e-09,4.188789408663305e-09,0.7580911,1.900604e-05,4.164546717160795e-09,4.1749046786626275e-09,4.191563277911984e-09,0.5787706340100853,0.3314925180042489,0.06620224432405583
19,4.157035360513079e-09,4.188789505897718e-09,0.7580911,1.668474e-05,4.164548275620485e-09,4.174902182931923e-09,4.191531014075844e-09,0.5787334285255958,0.3315520991859766,0.06543200197332702
20,4.157035430142808e-09,4.188789648234769e-09,0.7580894,1.328669e-05,4.164540859682458e-09,4.174899259810865e-09,4.191487860182145e-09,0.5789104710047849,0.3316218835608246,0.06440177864896067
21,4.157035568864955e-09,4.188789834453086e-09,0.7580861,8.841056e-06,4.164540859682458e-09,4.174899259810865e-09,4.191487860182145e-09,0.5789104710047849,0.3316218835608246,0.06440177864896067
22,4.157035776146594e-09,4.188790061764229e-09,0.7580811,3.414403e-06,4.164532937350507e-09,4.174899436547826e-09,4.1914762563625415e-09,0.579099602748405,0.3316176642766876,0.0641247578616606
23,4.157036048857654e-09,4.188790326140059e-09,0.7580746,2.897105e-06,4.1645232412842855e-09,4.174901320034514e-09,4.191470549706779e-09,0.5793310792785624,0.3315726993441916,0.06398852149069052
24,4.157036381606849e-09,4.188790622695893e-09,0.7580667,9.976854e-06,4.1645126570409495e-09,4.1749053965563245e-09,4.191470003921951e-09,0.5795837594754347,0.3314753795546759,0.06397549183771474
25,4.1570367672224535e-09,4.1887909460866506e-09,0.7580575,1.769724e-05,4.16450204582608e-09,4.174912070021105e-09,4.191473775893188e-09,0.5798370835702341,0.3313160623185795,0.06406554101784509
26,4.157037197332175e-09,4.188791290877488e-09,0.7580472,2.592852e-05,4.1644921659190295e-09,4.1749215924210685e-09,4.191480943812703e-09,0.5800729489768954,0.33108873176492776,0.06423666249120775
27,4.157037662985889e-09,4.188791651859238e-09,0.7580361,3.454632e-05,4.16448361347867e-09,4.174934015466715e-09,4.1914905360771814e-09,0.5802771234506963,0.33079215339649926,0.06446566093729476
28,4.157038155260955e-09,4.188792024290238e-09,0.7580243,4.343745e-05,4.16447678590998e-09,4.174949166521646e-09,4.19150156008657e-09,0.5804401196466524,0.33043044860369025,0.06472883977531692
29,4.157038665793716e-09,4.188792404057396e-09,0.7580122,5.250373e-05,4.164471868244227e-09,4.174966649022115e-09,4.191513030124259e-09,0.5805575202686113,0.330013084648611,0.06500266675468122
30,4.15703918719154e-09,4.188792787758634e-09,0.7579997,6.166392e-05,4.164467503804202e-09,4.17500605645612e-09,4.191533554702241e-09,0.5806617135991747,0.3290723014611297,0.06549265496078513
31,4.157039713296501e-09,4.188793172715362e-09,0.7579871,7.085409e-05,4.164467503804202e-09,4.17500605645612e-09,4.191533554702241e-09,0.5806617135991747,0.3290723014611297,0.06549265496078513
32,4.157040239291472e-09,4.188793556926885e-09,0.7579746,8.002646e-05,4.164467516669403e-09,4.175026357663952e-09,4.191540895721727e-09,0.5806614064651379,0.3285876458245591,0.06566790889156635
33,4.157040761658514e-09,4.188793938979891e-09,0.7579621,8.91473e-05,4.164468443094844e-09,4.175045857198016e-09,4.1915452941779656e-09,0.5806392896868783,0.32812212873940666,0.06577291429941264
34,4.157041278016785e-09,4.188794317926071e-09,0.7579498,9.819398e-05,4.164469800962529e-09,4.175063659698083e-09,4.191546136803549e-09,0.5806068729837587,0.3276971253566617,0.06579303050342791
35,4.157041786878673e-09,4.1887946931408225e-09,0.7579376,0.0001071516,4.164471110411888e-09,4.175078945150957e-09,4.191542929333028e-09,0.5805756121830182,0.327332212049315,0.06571645778520177
36,4.157042287368289e-09,4.1887950641762705e-09,0.7579257,0.0001160094,4.164471937304892e-09,4.175091020765262e-09,4.191535302295671e-09,0.5805558715666809,0.32704392799318865,0.06553437568072566
37,4.157042778946554e-09,4.188795430622466e-09,0.757914,0.0001247576,4.164471929271022e-09,4.175099362491295e-09,4.191523012830415e-09,0.5805560633612017,0.32684478395336714,0.06524098630919327
38,4.157043261179049e-09,4.188795791990873e-09,0.7579025,0.0001333847,4.164470842440826e-09,4.175103644087708e-09,4.19150594270582e-09,0.5805820095208915,0.32674256836836585,0.06483346710291867
39,4.1570437335733464e-09,4.1887961476332905e-09,0.7578912,0.000141875,4.164468557697819e-09,4.17510375247911e-09,4.191484092843988e-09,0.5806365537423932,0.3267399807142435,0.06431184007546716
40,4.157044195497768e-09,4.188796496706454e-09,0.7578801,0.0001502085,4.164460562136239e-09,4.175092056361279e-09,4.191426599258541e-09,0.5808274337146235,0.32701920495940884,0.06293928182747414
41,4.157044646180287e-09,4.1887968381874465e-09,0.7578694,0.0001583608,4.164460562136239e-09,4.175092056361279e-09,4.191426599258541e-09,0.5808274337146235,0.32701920495940884,0.06293928182747414
42,4.157045084773939e-09,4.188797170938419e-09,0.7578589,0.0001663046,4.164455229459281e-09,4.1750810334762446e-09,4.191391463288133e-09,0.5809547419992864,0.3272823569554679,0.06210047232184866
43,4.157045510465966e-09,4.1887974938119225e-09,0.7578488,0.0001740127,4.164449413509638e-09,4.175067337828373e-09,4.191352534862231e-09,0.581093587569455,0.32760931646410313,0.06117112461048286
44,4.157045922603995e-09,4.188797805781932e-09,0.7578389,0.0001814604,4.1644434896403876e-09,4.175051679780715e-09,4.191310237240375e-09,0.581235009530473,0.32798312481670366,0.06016134327057102
45,4.157046320812819e-09,4.188798106081666e-09,0.7578294,0.0001886295,4.164437845192995e-09,4.1750348108195965e-09,4.191265032531734e-09,0.5813697607859989,0.32838584159872425,0.059082160345889576
46,4.157046705080033e-09,4.188798394328298e-09,0.7578202,0.0001955109,4.164432840020494e-09,4.175017469948227e-09,4.191217405368129e-09,0.5814892504776815,0.32879982440811667,0.05794514556891412
47,4.157047075797362e-09,4.188798670616734e-09,0.7578114,0.0002021068,4.1644287688480194e-09,4.17500033244118e-09,4.191167847110575e-09,0.5815864425612153,0.3292089522519381,0.056762029319805875
48,4.157047433752633e-09,4.1887989355692104e-09,0.7578028,0.0002084321,4.1644258292291765e-09,4.174983965338004e-09,4.191116841019484e-09,0.5816566207916631,0.3295996880581261,0.05554434859105728
49,4.157047780076879e-09,4.188799190333336e-09,0.7577946,0.0002145141,4.1644240986154564e-09,4.174968793725233e-09,4.191064848760189e-09,0.5816979361508835,0.32996188363320206,0.0543031248306566
50,4.157048116156947e-09,4.188799436527496e-09,0.7577865,0.0002203916,4.1644239217241555e-09,4.174942925517111e-09,4.190959575123681e-09,0.5817021591196242,0.3305794416119369,0.05178990188653531
51,4.157048443527718e-09,4.188799676137998e-09,0.7577787,0.0002261119,4.1644239217241555e-09,4.174942925517111e-09,4.190959575123681e-09,0.5817021591196242,0.3305794416119369,0.05178990188653531
52,4.157048763758126e-09,4.1887999113768215e-09,0.7577711,0.0002317278,4.164425000296514e-09,4.174932272810453e-09,4.190907011811387e-09,0.581676410101264,0.33083375625021366,0.050535045239998105
53,4.157049078343448e-09,4.188800144511945e-09,0.7577636,0.0002372935,4.164426384092633e-09,4.174922944005418e-09,4.190854884549926e-09,0.5816433744023852,0.33105646506538355,0.049290598540293946
54,4.157049388612154e-09,4.1888003776843905e-09,0.7577562,0.0002428601,4.164427655941651e-09,4.174914675305846e-09,4.190803408070972e-09,0.5816130112436831,0.33125386572687265,0.048061688128526396
55,4.157049695652411e-09,4.188800612727397e-09,0.7577488,0.0002484713,4.164428401899399e-09,4.1749071651776545e-09,4.190752734048785e-09,0.5815952028142413,0.331433156830606,0.04685193496090686
56,4.157050000259805e-09,4.188800851003629e-09,0.7577416,0.0002541597,4.164428257322577e-09,4.17490012330343e-09,4.190702951133824e-09,0.5815986543316223,0.33160126919431565,0.04566345541127251
57,4.1570503029062345e-09,4.188801093275908e-09,0.7577343,0.0002599435,4.1644269483139194e-09,4.174893315526765e-09,4.190654086701106e-09,0.5816299046113781,0.3317637928904808,0.04449690301001694
58,4.157050603729385e-09,4.188801339625132e-09,0.7577272,0.0002658247,4.1644243235930494e-09,4.174886599362232e-09,4.190606110115125e-09,0.5816925652064822,0.3319241295080931,0.043351546388272516
59,4.157050902542266e-09,4.188801589425658e-09,0.75772,0.0002717882,4.164420372880705e-09,4.1748799457631635e-09,4.1905589372964175e-09,0.5817868815162336,0.3320829724852532,0.042225378296750854
60,4.157051198862613e-09,4.1888018413832836e-09,0.757713,0.0002778033,4.164409156295858e-09,4.174867292539295e-09,4.190466434081425e-09,0.5820546577546765,0.33238504595396134,0.04001702670905453
61,4.157051491961493e-09,4.188802093634319e-09,0.757706,0.0002838253,4.164409156295858e-09,4.174867292539295e-09,4.190466434081425e-09,0.5820546577546765,0.33238504595396134,0.04001702670905453
62,4.157051780929313e-09,4.188802343897127e-09,0.7576991,0.0002897999,4.164402517638891e-09,4.174861766933874e-09,4.1904207229900706e-09,0.5822131440154454,0.3325169600664016,0.03892575478757975
63,4.157052064754958e-09,4.188802589660668e-09,0.7576923,0.0002956671,4.164395738701446e-09,4.174857185692099e-09,4.190375068809298e-09,0.5823749792259416,0.3326263291575062,0.03783584150617112
64,4.1570523424113e-09,4.188802828389573e-09,0.7576857,0.0003013663,4.1643892588295146e-09,4.1748538615951696e-09,4.1903292180851945e-09,0.5825296747732208,0.33270568612615364,0.03674123609835393
65,4.157052612938118e-09,4.188803057722832e-09,0.7576792,0.0003068413,4.164383483272104e-09,4.174852054841133e-09,4.190282905776186e-09,0.5826675560498653,0.3327488192015442,0.03563561116265547
66,4.157052875512335e-09,4.188803275644066e-09,0.7576729,0.0003120437,4.1643787393516255e-09,4.174851930521107e-09,4.190235862640942e-09,0.5827808088089403,0.33275178712353726,0.034512539035763866
67,4.157053129496164e-09,4.188803480605333e-09,0.7576669,0.0003169368,4.164375242103626e-09,4.174853526333051e-09,4.190187822275207e-09,0.5828642994548873,0.3327136899196545,0.03336565978455918
68,4.157053374456404e-09,4.188803671593021e-09,0.757661,0.0003214963,4.1643730732629235e-09,4.1748567346195195e-09,4.190138527676067e-09,0.5829160767126769,0.3326370977221167,0.032188837916427515
69,4.157053610152295e-09,4.188803848132192e-09,0.7576554,0.0003257109,4.1643721757971515e-09,4.174861301035506e-09,4.19008773723728e-09,0.5829375021297575,0.3325280825706504,0.03097630550721708
70,4.157053836494478e-09,4.188804010233737e-09,0.75765,0.0003295808,4.1643733492828055e-09,4.174872865407415e-09,4.189980810835607e-09,0.5829094872233865,0.33225200352767836,0.028423625701223455
71,4.15705405348223e-09,4.188804158295311e-09,0.7576448,0.0003331155,4.1643733492828055e-09,4.174872865407415e-09,4.189980810835607e-09,0.5829094872233865,0.33225200352767836,0.028423625701223455
72,4.157054261130056e-09,4.1888042929716564e-09,0.7576398,0.0003363306,4.1643747729348535e-09,4.174878831976102e-09,4.18992431333686e-09,0.5828755000342838,0.33210956219270765,0.02707484727153437
73,4.157054459396605e-09,4.188804415031844e-09,0.7576351,0.0003392446,4.1643762503078296e-09,4.174884183893304e-09,4.189865604039332e-09,0.5828402303524934,0.33198179458104893,0.025673266035479994
74,4.157054648127192e-09,4.188804525220635e-09,0.7576306,0.0003418752,4.164377412297048e-09,4.174888403575023e-09,4.1898045843137244e-09,0.582812489903309,0.3318810571004838,0.024216527391992492
75,4.157054827019929e-09,4.188804624138705e-09,0.7576263,0.0003442367,4.164377944465207e-09,4.174891056017215e-09,4.189741192108558e-09,0.5827997853243457,0.33181773470756437,0.022703149971132656
76,4.157054995619468e-09,4.1888047121528136e-09,0.7576223,0.0003463379,4.164377617676464e-09,4.17489182370468e-09,4.189675402816048e-09,0.5828075868309156,0.33179940751934045,0.021132546305300377
77,4.1570551533381385e-09,4.1888047893426994e-09,0.7576185,0.0003481806,4.164376307395829e-09,4.17489052874732e-09,4.189607229372211e-09,0.5828388674768885,0.3318303223490849,0.01950502521917373
78,4.157055299499407e-09,4.188804855487146e-09,0.7576151,0.0003497597,4.1643740001100094e-09,4.174887140541753e-09,4.189536721607997e-09,0.5828939498683948,0.33191120979871264,0.017821776339013537
79,4.157055433395057e-09,4.188804910087626e-09,0.7576119,0.0003510632,4.164370786991034e-09,4.174881769057724e-09,4.189463964874514e-09,0.5829706574335493,0.33203944453394985,0.01608483727246595
80,4.157055554345901e-09,4.188804952424496e-09,0.757609,0.0003520739,4.164362418514498e-09,4.174866093477671e-09,4.189312210448719e-09,0.5831704400945731,0.3324136714416497,0.012461967222251489
81,4.157055661756451e-09,4.188804981637945e-09,0.7576064,0.0003527713,4.164362418514498e-09,4.174866093477671e-09,4.189312210448719e-09,0.5831704400945731,0.3324136714416497,0.012461967222251489
82,4.157055755155719e-09,4.188804996823913e-09,0.7576042,0.0003531339,4.164357774493858e-09,4.174856494503724e-09,4.189233539237749e-09,0.5832813079206841,0.33264283006448436,0.010583830406516021
83,4.157055834219563e-09,4.18880499713419e-09,0.7576023,0.0003531413,4.164353186093528e-09,4.174846252191682e-09,4.189153264820873e-09,0.5833908479096814,0.33288734725300795,0.008667419869088658
84,4.157055898773414e-09,4.188804981869869e-09,0.7576008,0.0003527769,4.164348897293899e-09,4.174835758935625e-09,4.189071606847017e-09,0.5834932354588213,0.3331378552885954,0.006717979341779695
85,4.157055948777026e-09,4.188804950558412e-09,0.7575996,0.0003520294,4.164345102067015e-09,4.174825368363633e-09,4.18898879935584e-09,0.5835838398266258,0.33338591192271333,0.004741096109888857
86,4.15705598429568e-09,4.1888049030067496e-09,0.7575987,0.0003508942,4.164341929779733e-09,4.1748153756945e-09,4.188905085656996e-09,0.5836595726069124,0.33362446932579803,0.0027425787635586337
87,4.15705600546278e-09,4.1888048393257315e-09,0.7575982,0.0003493739,4.164339439068094e-09,4.17480600694407e-09,4.188820712956394e-09,0.583719033967275,0.33384813176702044,0.0007283289091428652
88,4.157056012439683e-09,4.1888047599246546e-09,0.757598,0.0003474783,4.164337619866875e-09,4.174797416766049e-09,4.188735926824337e-09,0.5837624641972529,0.3340532071611391,0.0012957908942349318
89,4.15705600537785e-09,4.188804665477917e-09,0.7575982,0.0003452236,4.164336402345899e-09,4.174789693700518e-09,4.188650965611802e-09,0.5837915303695038,0.33423758176940127,0.0033240904361324162
90,4.157055984387416e-09,4.18880455686871e-09,0.7575987,0.0003426307,4.164335280706176e-09,4.17477694007476e-09,4.188481402297498e-09,0.5838183075454377,0.3345420521566499,0.00737211638192052
91,4.15705594951538e-09,4.188804435116615e-09,0.7575995,0.0003397241,4.164335280706176e-09,4.17477694007476e-09,4.188481402297498e-09,0.5838183075454377,0.3345420521566499,0.00737211638192052
92,4.157055900735084e-09,4.188804301296861e-09,0.7576007,0.0003365294,4.164335075425529e-09,4.17477186630797e-09,4.18839719212638e-09,0.5838232082599027,0.33466317941635587,0.00938248613073273
93,4.157055837947682e-09,4.1888041564588875e-09,0.7576022,0.0003330716,4.164334902796682e-09,4.174767601830375e-09,4.188313581093683e-09,0.5838273294700439,0.33476498631970286,0.011378552503343664
94,4.157055760994978e-09,4.188804001550867e-09,0.757604,0.0003293735,4.164334627993226e-09,4.1747640971833866e-09,4.18823069410089e-09,0.5838338899192986,0.334848653603504,0.013357333696484685
95,4.157055669681866e-09,4.188803837355358e-09,0.7576062,0.0003254536,4.164334143095474e-09,4.174761308956874e-09,4.188148620892322e-09,0.5838454660004319,0.3349152176082947,0.01531668722234651
96,4.157055563805183e-09,4.188803664439607e-09,0.7576087,0.0003213256,4.164333372677265e-09,4.174759203851382e-09,4.188067413458098e-09,0.5838638583803484,0.3349654733000062,0.017255371908229452
97,4.157055443185255e-09,4.1888034831224695e-09,0.7576116,0.0003169969,4.164332275715433e-09,4.174757759366333e-09,4.187987084317462e-09,0.5838900464150434,0.33499995784037606,0.01917308887920474
98,4.157055307695238e-09,4.188803293458641e-09,0.7576149,0.000312469,4.1643308444340155e-09,4.174756961805274e-09,4.187907605764595e-09,0.583924215741931,0.3350189982081208,0.02107049956300021
99,4.157055157283652e-09,4.188803095239897e-09,0.7576185,0.0003077369,4.16432910088867e-09,4.1747568024825075e-09,4.187828910138906e-09,0.5839658398209703,0.3350228017589947,0.022949219237214127
100,4.157054991985724e-09,4.1888028880122524e-09,0.7576224,0.0003027897,4.164324884573305e-09,4.1747583605744065e-09,4.187673406338898e-09,0.5840664969357587,0.33498560505486774,0.026661599003343885
101,4.157054811920768e-09,4.188802671107372e-09,0.7576267,0.0002976115,4.164324884573305e-09,4.1747583605744065e-09,4.187673406338898e-09,0.5840664969357587,0.33498560505486774,0.026661599003343885
102,4.157054617274462e-09,4.188802443685847e-09,0.7576313,0.0002921822,4.164322558354499e-09,4.174760043346431e-09,4.187596280444842e-09,0.584122031319019,0.3349454318319972,0.028502844095249842
103,4.157054408267536e-09,4.188802204789457e-09,0.7576363,0.000286479,4.16432020152856e-09,4.174762286990751e-09,4.187519309982337e-09,0.584178296393749,0.3348918687693965,0.030340378532211377
104,4.1570541851142905e-09,4.188801953398935e-09,0.7576417,0.0002804775,4.164317904662988e-09,4.174765041704418e-09,4.187442268589196e-09,0.5842331300201558,0.33482610482485436,0.032179606313368136
105,4.157053947976866e-09,4.188801688493443e-09,0.7576473,0.0002741533,4.1643157555577974e-09,4.1747682401261335e-09,4.187364913242007e-09,0.5842844361273023,0.33474974813093494,0.03402632919532529
106,4.1570536969220214e-09,4.188801409107858e-09,0.7576533,0.0002674835,4.164313834158013e-09,4.174771795904597e-09,4.187286991120914e-09,0.5843303061683005,0.33466486017309105,0.03588658280755928
107,4.157053431887903e-09,4.18880111438426e-09,0.7576596,0.0002604475,4.164312207686601e-09,4.174775602902622e-09,4.187208246959569e-09,0.5843691353130565,0.3345739747899811,0.03776646118519446
108,4.157053152667016e-09,4.188800803614637e-09,0.7576663,0.0002530284,4.164310926162746e-09,4.1747795351171904e-09,4.187128430683121e-09,0.5843997294414932,0.3344801000821023,0.03967193442558787
109,4.157052858910437e-09,4.188800476272637e-09,0.7576733,0.0002452137,4.164310018607615e-09,4.1747834475188955e-09,4.187047305121366e-09,0.5844213957242655,0.3343866983714931,0.04160866455024301
110,4.157052550155257e-09,4.188800132033305e-09,0.7576807,0.0002369956,4.164309321874848e-09,4.174790551623389e-09,4.186880286990952e-09,0.5844380289938598,0.3342171003695444,0.0455959287064611
111,4.157052225874376e-09,4.188799770780608e-09,0.7576884,0.0002283713,4.164309321874848e-09,4.174790551623389e-09,4.186880286990952e-09,0.5844380289938598,0.3342171003695444,0.0455959287064611
112,4.1570518855447e-09,4.1887993926035686e-09,0.7576966,0.000219343,4.164309469614554e-09,4.174793384850586e-09,4.1867940505763946e-09,0.5844345019681879,0.3341494620525346,0.047654671454152385
113,4.157051528726951e-09,4.1887989977824354e-09,0.7577051,0.0002099173,4.164309868895833e-09,4.174795494162449e-09,4.18670582955063e-09,0.584424969829792,0.3340991059411226,0.0497607933044191
114,4.1570511551481275e-09,4.188798586766892e-09,0.757714,0.000200105,4.164310439041396e-09,4.1747967045829105e-09,4.1866155539309984e-09,0.5844113586070979,0.33407020928116254,0.05191596497017011
115,4.157050764776891e-09,4.188798160148681e-09,0.7577233,0.0001899203,4.164311090311867e-09,4.174796860242267e-09,4.186523202131782e-09,0.5843958106698844,0.33406649318776144,0.05412070177248661
116,4.157050357882256e-09,4.188797718631263e-09,0.757733,0.0001793798,4.164311732091231e-09,4.174795835352993e-09,4.186428803259695e-09,0.5843804893161539,0.3340909606168617,0.056374308839719105
117,4.1570499350674955e-09,4.188797262999239e-09,0.7577431,0.0001685024,4.164312281483175e-09,4.174793544737898e-09,4.186332438005791e-09,0.5843673735496203,0.3341456450241421,0.05867485981488295
118,4.1570494972740954e-09,4.1887967940902686e-09,0.7577536,0.000157308,4.164312671344415e-09,4.174789952805008e-09,4.186234238079881e-09,0.5843580662981025,0.33423139610534597,0.06101921035786121
119,4.157049045753729e-09,4.188796312771912e-09,0.7577644,0.0001458174,4.164312856781233e-09,4.174785079886647e-09,4.1861343841788515e-09,0.5843536393201738,0.3343477284620018,0.06340304664824312
120,4.1570485820105854e-09,4.188795819925308e-09,0.7577754,0.0001340516,4.164312567793734e-09,4.174771864785097e-09,4.1859306600623184e-09,0.5843605383885158,0.3346632157722808,0.06826660167423307
121,4.157048107719614e-09,4.188795316436771e-09,0.7577867,0.0001220317,4.164312567793734e-09,4.174771864785097e-09,4.1859306600623184e-09,0.5843605383885158,0.3346632157722808,0.06826660167423307
122,4.157047624629495e-09,4.188794803197284e-09,0.7577983,0.000109779,4.164312136884353e-09,4.174763847444016e-09,4.185827358425675e-09,0.5843708255922252,0.3348546156917956,0.07073274658943188
123,4.1570471344607155e-09,4.1887942811087e-09,0.75781,9.731503e-05,4.164311581593604e-09,4.174755183698357e-09,4.1857235268692365e-09,0.5843840821823614,0.33506144738389887,0.07321154240784328
124,4.1570466388094346e-09,4.188793751094292e-09,0.7578218,8.466186e-05,4.164310970154681e-09,4.174746133822046e-09,4.185619514337115e-09,0.584398679211408,0.3352774972662949,0.07569465870243598
125,4.157046139066745e-09,4.188793214110469e-09,0.7578337,7.184232e-05,4.164310375147251e-09,4.17473697291299e-09,4.1855156809156385e-09,0.5844128839674573,0.3354961978602178,0.07817349904535793
126,4.1570456363606934e-09,4.188792671156102e-09,0.7578457,5.888024e-05,4.164309864321083e-09,4.174727975430346e-09,4.185412388916843e-09,0.5844250790439153,0.3357109969359271,0.08063941387387027
127,4.157045131525097e-09,4.188792123276051e-09,0.7578578,4.580057e-05,4.16430949224721e-09,4.174719400486124e-09,4.185309993855956e-09,0.5844339616533105,0.3359157086498827,0.08308391588713823
128,4.1570446250962054e-09,4.188791571556318e-09,0.7578699,3.262923e-05,4.164309293866342e-09,4.174711479224035e-09,4.1852088355935366e-09,0.5844386976476852,0.3361048148524446,0.08549889151193017
129,4.157044117334986e-09,4.18879101710945e-09,0.757882,1.939278e-05,4.164309280743287e-09,4.1747044053198916e-09,4.185109229906809e-09,0.5844390109375455,0.336273691874143,0.08787680212233549
130,4.15704360827048e-09,4.188790461050351e-09,0.7578942,6.117851e-06,4.164309739272108e-09,4.174693356589476e-09,4.184915773391584e-09,0.5844280643682785,0.33653746088321546,0.09249523622306051
131,4.1570430977580735e-09,4.188789904464187e-09,0.7579064,7.169664e-06,4.164309739272108e-09,4.174693356589476e-09,4.184915773391584e-09,0.5844280643682785,0.33653746088321546,0.09249523622306051
132,4.157042585545967e-09,4.188789348369387e-09,0.7579186,2.044545e-05,4.164310127285399e-09,4.174689549707227e-09,4.184822368764469e-09,0.5844188012332883,0.33662834350236903,0.09472510743999583
133,4.1570420713433184e-09,4.188788793679544e-09,0.7579309,3.368769e-05,4.164310545934791e-09,4.174686932691009e-09,4.1847313989768896e-09,0.5844088067152714,0.33669082016247,0.09689685114479603
134,4.1570415548843076e-09,4.188788241168411e-09,0.7579432,4.687793e-05,4.164310936176399e-09,4.174685497916467e-09,4.184642964331336e-09,0.5843994903831304,0.3367250728815543,0.09900807279185704
135,4.157041035983003e-09,4.18878769144183e-09,0.7579556,6.000168e-05,4.1643112465956506e-09,4.174685213436469e-09,4.18455711180194e-09,0.5843920796693852,0.33673186434124314,0.10105765095640344
136,4.157040514575983e-09,4.188787144919722e-09,0.757968,7.304894e-05,4.164311440235558e-09,4.174686029947309e-09,4.184473835049122e-09,0.5843874568571142,0.3367123715807916,0.10304573698476036
137,4.15703999074982e-09,4.188786601830091e-09,0.7579805,8.601425e-05,4.164311499285058e-09,4.174687886396581e-09,4.184393075951337e-09,0.5843860471541461,0.3366680521190505,0.10497371842657767
138,4.157039464752685e-09,4.1887860622156965e-09,0.7579931,9.889659e-05,4.164311427065011e-09,4.1746907136054915e-09,4.1843147275944084e-09,0.5843877712807762,0.3366005574780684,0.10684414766981765
139,4.157038936989489e-09,4.188785525952679e-09,0.7580057,0.0001116989,4.164311247135892e-09,4.174694435656976e-09,4.184238638613406e-09,0.5843920667720675,0.33651170004422937,0.10866063828602188
140,4.1570384080021075e-09,4.188784992779284e-09,0.7580183,0.0001244275,4.164310736213966e-09,4.1747042212222915e-09,4.184092445387486e-09,0.584404264134573,0.3362780868806014,0.11215074446877087
141,4.1570378784364e-09,4.1887844623318735e-09,0.758031,0.000137091,4.164310736213966e-09,4.1747042212222915e-09,4.184092445387486e-09,0.584404264134573,0.3362780868806014,0.11215074446877087
142,4.1570373489996184e-09,4.1887839341849206e-09,0.7580436,0.0001496996,4.164310512003465e-09,4.174710085930876e-09,4.18402187102814e-09,0.5844096167660083,0.3361380772764551,0.11383558319060677
143,4.157036820412304e-09,4.188783407891496e-09,0.7580562,0.0001622639,4.164310379568554e-09,4.174716441850608e-09,4.183952631191995e-09,0.5844127784166103,0.3359863408699571,0.11548856251779782
144,4.157036293359442e-09,4.188782883021007e-09,0.7580688,0.0001747943,4.164310381806836e-09,4.174723149811445e-09,4.1838844527818e-09,0.5844127249815618,0.3358262001011818,0.11711620216699975
145,4.157035768445955e-09,4.188782359191544e-09,0.7580813,0.0001872998,4.164310547009831e-09,4.174730052680284e-09,4.183817062488814e-09,0.5844087810505743,0.3356614062465932,0.11872502690376634
146,4.157035246161355e-09,4.1887818360949825e-09,0.7580938,0.0001997878,4.164310885866672e-09,4.174736977264463e-09,4.183750195047849e-09,0.5844006914393921,0.33549609397645336,0.12032136946798626
147,4.157034726857234e-09,4.188781313513981e-09,0.7581062,0.0002122635,4.164311390799285e-09,4.174743738553977e-09,4.183683601093383e-09,0.5843886370611995,0.33533468007926653,0.12191118302299735
148,4.157034210740124e-09,4.188780791330968e-09,0.7581185,0.0002247297,4.164312037583233e-09,4.174750146102671e-09,4.183617054393809e-09,0.5843731962318428,0.33518171112211587,0.12349986845054248
149,4.157033697880711e-09,4.188780269530074e-09,0.7581308,0.0002371868,4.1643127889085954e-09,4.174756012055416e-09,4.183550358265202e-09,0.5843552596600392,0.3350416718158009,0.1250921212334703
150,4.1570331882382166e-09,4.188779748193559e-09,0.7581429,0.0002496328,4.16431442077229e-09,4.174765434477977e-09,4.1834159101394265e-09,0.5843163017840318,0.33481672804683454,0.12830183380446603
151,4.157032681697407e-09,4.188779227494679e-09,0.758155,0.0002620635,4.16431442077229e-09,4.174765434477977e-09,4.1834159101394265e-09,0.5843163017840318,0.33481672804683454,0.12830183380446603
152,4.157032178114482e-09,4.188778707688904e-09,0.758167,0.000274473,4.164315208217261e-09,4.1747687081882005e-09,4.1833479556020685e-09,0.5842975029200991,0.334738573972189,0.1299241288833723
153,4.157031677366662e-09,4.18877818910523e-09,0.758179,0.0002868533,4.164315924292818e-09,4.174770889605541e-09,4.1832794514283315e-09,0.5842804078754136,0.33468649646929155,0.1315595455642722
154,4.157031179400781e-09,4.188777672138806e-09,0.7581909,0.0002991949,4.164316542849046e-09,4.174771926928899e-09,4.183210406307427e-09,0.5842656409332219,0.33466173219828554,0.1332078764075242
155,4.157030684275933e-09,4.1887771572456195e-09,0.7582027,0.0003114871,4.164317050843969e-09,4.17477181010997e-09,4.183140872801042e-09,0.5842535134477558,0.33466452104477545,0.13486786659527364
156,4.157030192196221e-09,4.188776644939388e-09,0.7582144,0.0003237175,4.164317448574427e-09,4.174770570202546e-09,4.1830709453619516e-09,0.584244018332493,0.3346941216541052,0.13653726123362453
157,4.157029703531009e-09,4.18877613579031e-09,0.7582261,0.0003358725,4.164317748363363e-09,4.174768276309416e-09,4.183000757240563e-09,0.5842368613988389,0.33474888431870375,0.13821287920342545
158,4.157029218821119e-09,4.188775630425046e-09,0.7582377,0.0003479372,4.164317972016378e-09,4.1747650305370016e-09,4.182930476407913e-09,0.5842315220764169,0.3348263714272821,0.1398907104915429
159,4.1570287387712065e-09,4.1887751295270124e-09,0.7582491,0.0003598953,4.164318147471796e-09,4.174760961503727e-09,4.182860300649095e-09,0.5842273333868571,0.33492351244116025,0.1415660333267265
160,4.157028264229675e-09,4.188774633836134e-09,0.7582605,0.0003717291,4.164318474248417e-09,4.174750956563006e-09,4.182721170732602e-09,0.5842195321696669,0.33516236280683676,0.1448875154179958
161,4.1570277961584965e-09,4.1887741441472045e-09,0.7582717,0.0003834195,4.164318474248417e-09,4.174750956563006e-09,4.182721170732602e-09,0.5842195321696669,0.33516236280683676,0.1448875154179958
162,4.15702733559625e-09,4.188773661306196e-09,0.7582826,0.0003949465,4.1643186800068965e-09,4.174745344064593e-09,4.18265270903121e-09,0.5842146200478119,0.33529635133666497,0.14652191814633792
163,4.157026883617615e-09,4.188773186204108e-09,0.7582934,0.0004062887,4.164318941140127e-09,4.1747395414671595e-09,4.182585324642595e-09,0.5842083859511402,0.3354348781463083,0.14813060192664082
164,4.157026441292938e-09,4.188772719768137e-09,0.758304,0.0004174241,4.164319268651866e-09,4.174733703291899e-09,4.182519274600521e-09,0.5842005671843229,0.335574254314013,0.14970743052976868
165,4.157026009650752e-09,4.188772262950226e-09,0.7583143,0.0004283298,4.164319665394933e-09,4.174727972378759e-09,4.18245480925372e-09,0.5841910956412744,0.3357110697872139,0.15124642731999277
166,4.15702558964582e-09,4.188771816713297e-09,0.7583243,0.0004389829,4.164320126499015e-09,4.174722476788065e-09,4.182392166740061e-09,0.58418008759219,0.33584226735083766,0.15274190717447392
167,4.157025182134293e-09,4.188771382015649e-09,0.7583341,0.0004493606,4.164320640461489e-09,4.174717327782174e-09,4.182331568044977e-09,0.5841678176419475,0.3359651908117724,0.15418859445460448
168,4.157024787857136e-09,4.188770959794203e-09,0.7583435,0.0004594403,4.164321190692427e-09,4.1747126187313945e-09,4.182273212758072e-09,0.5841546818458978,0.3360776111180924,0.15558172430956657
169,4.1570244074319464e-09,4.188770550947437e-09,0.7583526,0.0004692008,4.164321757298197e-09,4.174708424769618e-09,4.182217275612113e-09,0.5841411551295338,0.33617773458027095,0.15691712530185284
170,4.1570240413527745e-09,4.188770156318832e-09,0.7583613,0.0004786219,4.16432285439326e-09,4.17470179329124e-09,4.182113215528758e-09,0.5841149639141906,0.3363360494648433,0.1594013767985261
171,4.157023689997145e-09,4.18876977668175e-09,0.7583697,0.0004876851,4.16432285439326e-09,4.17470179329124e-09,4.182113215528758e-09,0.5841149639141906,0.3363360494648433,0.1594013767985261
172,4.1570233536389996e-09,4.188769412726488e-09,0.7583777,0.0004963739,4.164323344378066e-09,4.174699418961993e-09,4.182065298516376e-09,0.5841032663886072,0.3363927324002721,0.16054531120533697
173,4.1570230324657376e-09,4.188769065050137e-09,0.7583854,0.000504674,4.164323772460226e-09,4.174697688248969e-09,4.182020210562396e-09,0.584093046679838,0.3364340501301975,0.16162170681780913
174,4.1570227265980135e-09,4.18876873414972e-09,0.7583927,0.0005125737,4.164324126135059e-09,4.174696595499623e-09,4.181977979984823e-09,0.5840846033151376,0.33646013759919896,0.16262988759337946
175,4.157022436109987e-09,4.188768420418774e-09,0.7583996,0.0005200635,4.1643243973994146e-09,4.174696122638466e-09,4.181938607146993e-09,0.5840781273556841,0.336471426327783,0.1635698448580058
176,4.1570221610486374e-09,4.188768124147426e-09,0.7584062,0.0005271364,4.164324583043728e-09,4.174696240651419e-09,4.1819020665553715e-09,0.5840736954241587,0.33646860897605885,0.16444218722501094
177,4.157021901450275e-09,4.188767845525779e-09,0.7584124,0.000533788,4.164324684639873e-09,4.174696911066107e-09,4.181868309488788e-09,0.5840712699948547,0.33645260400433474,0.1652480778266631
178,4.1570216573529366e-09,4.188767584650299e-09,0.7584182,0.000540016,4.164324708230612e-09,4.1746980873795556e-09,4.181837267049416e-09,0.5840707068074557,0.33642452158933867,0.165989161477423
179,4.157021428804064e-09,4.188767341532779e-09,0.7584237,0.00054582,4.164324663731432e-09,4.174699716376279e-09,4.181808853521682e-09,0.5840717691471315,0.3363856321572169,0.1666674844858553
180,4.157021215862808e-09,4.188767116111398e-09,0.7584287,0.0005512015,4.164324424095858e-09,4.174704092865012e-09,4.181759507637138e-09,0.5840774900250391,0.33628115118492213,0.16784553070281893
181,4.157021018597544e-09,4.18876690826332e-09,0.7584335,0.0005561635,4.164324424095858e-09,4.174704092865012e-09,4.181759507637138e-09,0.5840774900250391,0.33628115118492213,0.16784553070281893
182,4.157020837079391e-09,4.188766717818247e-09,0.7584378,0.0005607101,4.164324259333905e-09,4.174706710105719e-09,4.18173835201833e-09,0.5840814234269256,0.33621866916557164,0.16835058389893978
183,4.157020671373266e-09,4.188766544572321e-09,0.7584417,0.000564846,4.164324084653792e-09,4.1747095211216105e-09,4.181719385879106e-09,0.5840855936074466,0.33615156110442707,0.16880336712026417
184,4.157020521528099e-09,4.188766388301741e-09,0.7584453,0.0005685767,4.164323912977686e-09,4.174712453774372e-09,4.1817024927683554e-09,0.5840896920725756,0.33608154917692906,0.1692066604322875
185,4.157020387568154e-09,4.18876624877549e-09,0.7584485,0.0005719076,4.164323754141525e-09,4.174715434422398e-09,4.181687559972616e-09,0.5840934840065979,0.33601039144688216,0.1695631546706958
186,4.1570202694872125e-09,4.188766125766625e-09,0.7584513,0.0005748443,4.164323614031623e-09,4.174718388797187e-09,4.181674481181859e-09,0.5840968288841177,0.3359398609441746,0.16987538780050238
187,4.157020167246665e-09,4.188766019061661e-09,0.7584538,0.0005773916,4.164323494093976e-09,4.1747212430829054e-09,4.181663158777935e-09,0.5840996921845408,0.3358717198920033,0.17014569028333387
188,4.157020080778435e-09,4.18876592846776e-09,0.7584558,0.0005795544,4.16432339128783e-09,4.174723925257125e-09,4.181653505717093e-09,0.5841021465004821,0.33580768769920655,0.1703761401356755
189,4.157020009992532e-09,4.188765853817576e-09,0.7584575,0.0005813366,4.164323298497703e-09,4.174726366682581e-09,4.181645446994405e-09,0.5841043617015828,0.33574940295978795,0.17056852796830296
190,4.157019954788536e-09,4.188765794971822e-09,0.7584588,0.0005827414,4.1643230994727606e-09,4.174730280569649e-09,4.181633878606268e-09,0.5841091130720977,0.33565596578874296,0.17084470289164153
191,4.1570199150696965e-09,4.188765751819798e-09,0.7584598,0.0005837716,4.1643230994727606e-09,4.174730280569649e-09,4.181633878606268e-09,0.5841091130720977,0.33565596578874296,0.17084470289164153
192,4.157019890757876e-09,4.188765724278254e-09,0.7584604,0.0005844291,4.164322967664027e-09,4.17473164924639e-09,4.181630286524763e-09,0.584112259773816,0.33562329103841726,0.17093045752075703
193,4.157019881807561e-09,4.188765712289086e-09,0.7584606,0.0005847153,4.164322797468475e-09,4.174732573101826e-09,4.181628124102797e-09,0.584116322893321,0.3356012356145194,0.17098208154250585
194,4.157019888216773e-09,4.188765715816335e-09,0.7584604,0.0005846311,4.164322578324845e-09,4.174733027146637e-09,4.1816273844560464e-09,0.5841215545621249,0.3355903960931165,0.170999739307977
195,4.157019910034072e-09,4.188765734843003e-09,0.7584599,0.0005841769,4.164322302526147e-09,4.174732998966788e-09,4.181628073460548e-09,0.5841281387710371,0.33559106883745515,0.170983290537137
196,4.1570199473599896e-09,4.188765769367997e-09,0.758459,0.0005833526,4.164321965751119e-09,4.174732488827375e-09,4.1816302088205935e-09,0.5841361786826045,0.3356032475188423,0.17093231257116218
197,4.15702000034309e-09,4.188765819403507e-09,0.7584578,0.0005821581,4.1643215671233484e-09,4.174731509116441e-09,4.181633818943685e-09,0.5841456952196203,0.33562663639453694,0.17084612723089077
198,4.157020069170873e-09,4.188765884972847e-09,0.7584561,0.0005805928,4.16432110881523e-09,4.174730083173353e-09,4.1816389416656505e-09,0.5841566365200023,0.3356606782781828,0.17072383125245263
199,4.157020154056108e-09,4.188765966108757e-09,0.7584541,0.0005786558,4.164320595266489e-09,4.174728243597669e-09,4.181645622864972e-09,0.5841688965930872,0.3357045949126872,0.1705643293677779
200,4.157020255220311e-09,4.188766062851941e-09,0.7584517,0.0005763462,4.164319425270963e-09,4.174723487998267e-09,4.181663875625791e-09,0.5841968281788065,0.33581812648551973,0.17012857680137192
201,4.157020372875627e-09,4.1887661752496115e-09,0.7584489,0.0005736629,4.164319425270963e-09,4.174723487998267e-09,4.181663875625791e-09,0.5841968281788065,0.33581812648551973,0.17012857680137192
202,4.157020507206731e-09,4.188766303353745e-09,0.7584457,0.0005706047,4.164318779507059e-09,4.174720664811498e-09,4.181675565845486e-09,0.5842122446563971,0.33588552510494085,0.16984949336383348
203,4.157020658354375e-09,4.188766447218759e-09,0.7584421,0.0005671701,4.164318098064615e-09,4.1747176097634124e-09,4.181689048842931e-09,0.5842285128964234,0.33595845900557486,0.16952761051017456
204,4.1570208264015625e-09,4.1887666068984336e-09,0.758438,0.0005633581,4.164317382056828e-09,4.174714371712499e-09,4.181704388394052e-09,0.5842456063231977,0.33603576177689387,0.16916140570230653
205,4.1570210113634306e-09,4.188766782441977e-09,0.7584336,0.0005591673,4.164316630529311e-09,4.174710998356816e-09,4.1817216474468214e-09,0.5842635477210885,0.33611629471165894,0.1687493761681068
206,4.157021213181049e-09,4.1887669738892926e-09,0.7584288,0.0005545968,4.1643158409061325e-09,4.17470753580128e-09,4.181740886758647e-09,0.5842823985858892,0.336198957136065,0.16829007143128902
207,4.157021431719569e-09,4.18876718126563e-09,0.7584236,0.0005496461,4.164315009780612e-09,4.1747040285291145e-09,4.181762163605626e-09,0.5843022402461253,0.3362826870913455,0.1677821241257892
208,4.157021666770382e-09,4.1887674045759456e-09,0.758418,0.0005443149,4.164314133927388e-09,4.174700519654113e-09,4.181785530572926e-09,0.5843231497016349,0.3363664553115203,0.16722427887316116
209,4.157021918056785e-09,4.188767643799367e-09,0.758412,0.0005386039,4.164313211365809e-09,4.174697051283121e-09,4.181811034434973e-09,0.5843451742369749,0.3364492565696937,0.16661541901624435
210,4.15702218524272e-09,4.188767898884212e-09,0.7584056,0.0005325142,4.1643112297872785e-09,4.174690400865977e-09,4.1818686048631074e-09,0.5843924809397107,0.3366080235840155,0.16524102628421727
211,4.157022467944014e-09,4.188768169743969e-09,0.7583989,0.0005260479,4.1643112297872785e-09,4.174690400865977e-09,4.1818686048631074e-09,0.5843924809397107,0.3366080235840155,0.16524102628421727
212,4.157022765740961e-09,4.188768456254566e-09,0.7583917,0.000519208,4.164310179979841e-09,4.17468729916073e-09,4.181900727268255e-09,0.5844175432461602,0.3366820713423279,0.16447416034973222
213,4.157023078191857e-09,4.188768758253132e-09,0.7583843,0.0005119983,4.164309101939583e-09,4.174684397549195e-09,4.181935096771216e-09,0.5844432795615375,0.33675134221513403,0.16365364890655154
214,4.1570234048464384e-09,4.188769075538267e-09,0.7583765,0.0005044236,4.164308006969366e-09,4.1746817309518325e-09,4.181971718030871e-09,0.584469420049923,0.33681500253785485,0.16277938073209466
215,4.157023745258349e-09,4.188769407871676e-09,0.7583684,0.0004964898,4.164306907569368e-09,4.174679329841409e-09,4.182010585549484e-09,0.584495666291547,0.3368723248267819,0.16185148707516037
216,4.157024098995881e-09,4.1887697549808785e-09,0.7583599,0.0004882031,4.164305816136738e-09,4.174677218576565e-09,4.182051683436149e-09,0.5845217223262689,0.3369227275621976,0.16087034730315392
217,4.157024465650072e-09,4.1887701165625644e-09,0.7583512,0.000479571,4.164304743573751e-09,4.174675413743251e-09,4.1820949853362875e-09,0.5845473278814397,0.33696581478369675,0.159836590585303
218,4.1570248448397695e-09,4.188770492286144e-09,0.7583421,0.0004706013,4.164303697989093e-09,4.174673922719848e-09,4.182140454536673e-09,0.5845722893764579,0.3370014103454339,0.15875109338533994
219,4.157025236213043e-09,4.188770881797021e-09,0.7583328,0.0004613024,4.164302683661559e-09,4.1746727426502505e-09,4.182188044251606e-09,0.5845965046625926,0.337029582431872,0.15761497262954396
220,4.157025639445127e-09,4.1887712847192115e-09,0.7583231,0.0004516833,4.164300743439181e-09,4.1746712506718506e-09,4.182289350728743e-09,0.5846428240599247,0.3370652007924726,0.15519645863900935
221,4.1570260542329905e-09,4.188771700657025e-09,0.7583132,0.0004417535,4.164300743439181e-09,4.1746712506718506e-09,4.182289350728743e-09,0.5846428240599247,0.3370652007924726,0.15519645863900935
222,4.157026480287359e-09,4.1887721291957025e-09,0.7583031,0.0004315229,4.164299803733003e-09,4.174670881052979e-09,4.182342928710799e-09,0.5846652578924085,0.33707402479303805,0.15391737853625104
223,4.1570269173227625e-09,4.188772569901069e-09,0.7582926,0.0004210019,4.164298868885167e-09,4.1746707093767054e-09,4.1823983514866705e-09,0.5846875757405223,0.3370781232621759,0.15259425722527298
224,4.1570273650472864e-09,4.188773022318365e-09,0.7582819,0.0004102012,4.164297924339718e-09,4.174670687847334e-09,4.182455532556929e-09,0.584710125102098,0.3370786372380586,0.15122915972782824
225,4.157027823152395e-09,4.1887734859706314e-09,0.758271,0.0003991323,4.164296954863221e-09,4.174670765024325e-09,4.18251438077222e-09,0.5847332696486096,0.3370767947731189,0.1498242620744839
226,4.157028291304513e-09,4.188773960356996e-09,0.7582598,0.0003878072,4.164295946093088e-09,4.1746708883828715e-09,4.1825748017415165e-09,0.5847573522615792,0.3370738498047504,0.14838181768498637
227,4.1570287691385685e-09,4.1887744449513515e-09,0.7582484,0.0003762383,4.164294885993112e-09,4.174671006822647e-09,4.182636699321714e-09,0.5847826602842751,0.33707102226338453,0.1469041218069159
228,4.15702925625438e-09,4.188774939201793e-09,0.7582368,0.000364439,4.164293766062726e-09,4.174671072944563e-09,4.182699977156507e-09,0.5848093966528065,0.33706944371892755,0.1453934747775886
229,4.157029752215874e-09,4.188775442531182e-09,0.758225,0.0003524229,4.164292582180744e-09,4.174671044929126e-09,4.182764540226843e-09,0.5848376597532389,0.33707011253821706,0.14385214500980975
230,4.157030256552737e-09,4.188775954339081e-09,0.7582129,0.0003402044,4.164290029944214e-09,4.174670574849091e-09,4.18289715776245e-09,0.5848985899121748,0.3370813348724079,0.14068613455993112
231,4.15703076876455e-09,4.18877647400515e-09,0.7582007,0.0003277983,4.164290029944214e-09,4.174670574849091e-09,4.18289715776245e-09,0.5848985899121748,0.3370813348724079,0.14068613455993112
232,4.157031288326513e-09,4.188777000893981e-09,0.7581883,0.0003152197,4.1642886766147714e-09,4.174670086726802e-09,4.182965042220179e-09,0.5849308982727459,0.3370929879336711,0.13906551250893115
233,4.1570318146961555e-09,4.188777534361214e-09,0.7581757,0.0003024841,4.164287288048288e-09,4.17466941243056e-09,4.183033874457312e-09,0.5849640478556919,0.337109085570674,0.137422263891361
234,4.157032347320786e-09,4.188778073760638e-09,0.758163,0.0002896069,4.1642858795572406e-09,4.174668548102634e-09,4.18310358708881e-09,0.5849976731025681,0.33712971987994833,0.13575799740653763
235,4.157032885644737e-09,4.188778618451882e-09,0.7581501,0.0002766034,4.1642844674982546e-09,4.174667496255945e-09,4.183174121453195e-09,0.5850313835277021,0.3371548308699454,0.1340741134940826
236,4.1570334291162095e-09,4.188779167808282e-09,0.7581372,0.0002634884,4.164283068016675e-09,4.174666264723616e-09,4.183245428195061e-09,0.5850647936893829,0.3371842315386018,0.1323717904275278
237,4.157033977193534e-09,4.188779721224438e-09,0.7581241,0.0002502766,4.1642816958908915e-09,4.174664865557706e-09,4.183317467591961e-09,0.5850975507795225,0.3372176341642285,0.13065197651042626
238,4.157034529350045e-09,4.188780278122993e-09,0.7581109,0.0002369816,4.164280363567408e-09,4.1746633139769365e-09,4.183390209614273e-09,0.5851293576597465,0.33725467542658016,0.1289153886472071
239,4.15703508507787e-09,4.188780837960256e-09,0.7580976,0.0002236165,4.164279080455088e-09,4.1746616274376056e-09,4.183463633713785e-09,0.5851599897099847,0.33729493858726645,0.12716251739029644
240,4.157035643890161e-09,4.188781400230285e-09,0.7580843,0.0002101933,4.164276682089313e-09,4.174657926063344e-09,4.1836124902316084e-09,0.585217246475264,0.33738330238876335,0.12360882979683303
241,4.15703620532168e-09,4.188781964467207e-09,0.7580709,0.0001967231,4.164276682089313e-09,4.174657926063344e-09,4.1836124902316084e-09,0.585217246475264,0.33738330238876335,0.12360882979683303
242,4.157036768927831e-09,4.18878253024563e-09,0.7580574,0.0001832162,4.16427556814554e-09,4.17465595129804e-09,4.183687923398506e-09,0.5852438399239186,0.33743044643770626,0.1218079955891049
243,4.1570373342820645e-09,4.188783097179118e-09,0.7580439,0.0001696816,4.164274506561053e-09,4.17465392100825e-09,4.183764037997512e-09,0.58526918338673,0.33747891603609587,0.1199908933881149
244,4.1570379009720415e-09,4.188783664916817e-09,0.7580304,0.0001561279,4.164273490731549e-09,4.174651855634825e-09,4.1838408489617e-09,0.5852934345297509,0.33752822319459114,0.11815716669299596
245,4.1570384685948906e-09,4.188784233138451e-09,0.7580169,0.0001425626,4.164272512240398e-09,4.174649775498578e-09,4.1839183745292115e-09,0.5853167942852746,0.3375778827894871,0.1163063801001756
246,4.157039036751939e-09,4.188784801547967e-09,0.7580033,0.0001289928,4.164271561601925e-09,4.174647700706499e-09,4.183996634681803e-09,0.5853394891070829,0.33762741480178343,0.11443805658036307
247,4.1570396050434755e-09,4.188785369866199e-09,0.7579897,0.0001154252,4.164270629009368e-09,4.174645651041079e-09,4.184075649546654e-09,0.5853617531143768,0.3376763469592591,0.11255171563254161
248,4.157040173064124e-09,4.188785937823008e-09,0.7579762,0.0001018662,4.1642697050447116e-09,4.174643645815207e-09,4.184155437811335e-09,0.5853838111457321,0.3377242182006943,0.11064691112383788
249,4.157040740399077e-09,4.188786505149295e-09,0.7579626,8.832233e-05,4.1642687813087495e-09,4.174641703670557e-09,4.184236015202259e-09,0.5854058637174024,0.33777058348888506,0.10872326761379153
250,4.157041306621527e-09,4.1887870715693725e-09,0.7579491,7.480005e-05,4.164266909021695e-09,4.1746380782245115e-09,4.184399577154745e-09,0.5854505612783457,0.33785713463774275,0.10481851362780338
251,4.1570418712916006e-09,4.188787636794077e-09,0.7579356,6.13063e-05,4.164266909021695e-09,4.1746380782245115e-09,4.184399577154745e-09,0.5854505612783457,0.33785713463774275,0.10481851362780338
252,4.157042433956217e-09,4.18878820051498e-09,0.7579222,4.784846e-05,4.164265952798773e-09,4.1746364262376265e-09,4.184482566487231e-09,0.5854733894190615,0.3378965729195445,0.10283728925444503
253,4.157042994150472e-09,4.188788762399972e-09,0.7579088,3.443444e-05,4.164264981807553e-09,4.174634899193148e-09,4.184566352598888e-09,0.5854965701269064,0.33793302842111045,0.10083704317955103
254,4.157043551399448e-09,4.188789322090397e-09,0.7578955,2.107281e-05,4.164263997811952e-09,4.174633507492763e-09,4.18465091892631e-09,0.5855200612914995,0.3379662528204351,0.09881817082530889
255,4.157044105220819e-09,4.188789879199828e-09,0.7578823,7.772807e-06,4.164263004620887e-09,4.174632258694386e-09,4.1847362405117845e-09,0.5855437719816081,0.33799606568563967,0.09678126801319493
256,4.157044655127586e-09,4.1887904333144854e-09,0.7578692,5.455706e-06,4.164262007781157e-09,4.174631157136016e-09,4.184822283980952e-09,0.5855675697771711,0.3380223634545871,0.09472713149737369
257,4.157045200630914e-09,4.188790983995178e-09,0.7578561,1.860224e-05,4.164261014176475e-09,4.174630203619484e-09,4.184909007798896e-09,0.5855912903416727,0.33804512698499595,0.0926567528509365
258,4.157045741242728e-09,4.188791530780635e-09,0.7578432,3.165578e-05,4.1642600315609045e-09,4.17462939518912e-09,4.184996362796462e-09,0.5856147485604546,0.3380644268382745,0.09057130590097333
259,4.157046276478235e-09,4.18879207319195e-09,0.7578305,4.46049e-05,4.164259068065217e-09,4.174628725034647e-09,4.185084292946471e-09,0.5856377503256573,0.3380804255978355,0.08847212819787093
260,4.157046805858101e-09,4.1887926107379065e-09,0.7578178,5.743786e-05,4.164257229981652e-09,4.17462775350479e-09,4.1852616264885944e-09,0.5856816313384285,0.3381036191647078,0.08423860172712484
261,4.157047328910366e-09,4.188793142920835e-09,0.7578053,7.014279e-05,4.164257229981652e-09,4.17462775350479e-09,4.1852616264885944e-09,0.5856816313384285,0.3381036191647078,0.08423860172712484
262,4.157047845172066e-09,4.188793669242714e-09,0.757793,8.27078e-05,4.164256369448797e-09,4.174627420552894e-09,4.185350893430334e-09,0.5857021750470628,0.33811156780570173,0.08210751047224255
263,4.1570483541907295e-09,4.188794189211209e-09,0.7577809,9.512114e-05,4.164255555536332e-09,4.174627163712556e-09,4.185440465397563e-09,0.5857216057758732,0.3381176994171257,0.07996913727019477
264,4.1570488555254104e-09,4.188794702345356e-09,0.7577689,0.0001073713,4.164254792378676e-09,4.174626961174157e-09,4.185530270194125e-09,0.5857398248228742,0.33812253466523046,0.07782520567726492
265,4.1570493487478574e-09,4.188795208180679e-09,0.7577571,0.0001194472,4.1642540828082454e-09,4.174626790183596e-09,4.185620236715594e-09,0.5857567645690919,0.33812661676417916,0.07567741318657456
266,4.1570498334432726e-09,4.188795706273559e-09,0.7577455,0.0001313383,4.1642534284518795e-09,4.174626628029728e-09,4.185710296401375e-09,0.5857723861766191,0.33813048790260886,0.07352739656177283
267,4.157050309211444e-09,4.188796196204737e-09,0.7577342,0.0001430346,4.164252829913298e-09,4.174626453077861e-09,4.1858003845950435e-09,0.5857866752326965,0.33813466457079,0.07137669936129434
268,4.1570507756677586e-09,4.188796677581914e-09,0.7577231,0.0001545266,4.164252287014026e-09,4.174626245782093e-09,4.185890441768393e-09,0.5857996359981198,0.3381396133927093,0.06922674271637033
269,4.157051232444671e-09,4.188797150041479e-09,0.7577122,0.0001658058,4.164251799053598e-09,4.174625989618302e-09,4.1859804145707705e-09,0.5858112851952351,0.3381457288527463,0.06707880028004376
270,4.157051679193549e-09,4.188797613249412e-09,0.7577015,0.000176864,4.164250983983957e-09,4.174625284261742e-09,4.1861599293681914e-09,0.5858307435495886,0.33816256800021305,0.0627932001748926
271,4.157052115586905e-09,4.1887980669015e-09,0.7576911,0.0001876942,4.164250983983957e-09,4.174625284261742e-09,4.1861599293681914e-09,0.5858307435495886,0.33816256800021305,0.0627932001748926
272,4.15705254132108e-09,4.188798510722973e-09,0.7576809,0.0001982896,4.164250654854528e-09,4.174624823277797e-09,4.186249401947754e-09,0.585838600935906,0.338173573181252,0.06065719967860208
273,4.157052956119174e-09,4.188798944467706e-09,0.757671,0.0002086445,4.16425037682175e-09,4.174624290361009e-09,4.186338651785576e-09,0.5858452384795496,0.3381862956324176,0.058526516749682456
274,4.157053359733852e-09,4.188799367917098e-09,0.7576614,0.0002187536,4.164250149150227e-09,4.1746236917770514e-09,4.186427664187764e-09,0.5858506737368016,0.3382005857717629,0.056401502178976756
275,4.1570537519501025e-09,4.188799780878707e-09,0.757652,0.0002286124,4.16424997113989e-09,4.174623038299768e-09,4.186516431982234e-09,0.5858549234205686,0.338216186392732,0.05428232718738741
276,4.157054132587039e-09,4.188800183184714e-09,0.7576429,0.0002382167,4.164249842008346e-09,4.174622344697885e-09,4.186604954875614e-09,0.5858580062090858,0.33823274491796673,0.052168998778655315
277,4.157054501499061e-09,4.1888005746902134e-09,0.7576341,0.0002475632,4.164249760761042e-09,4.174621629082442e-09,4.186693238599601e-09,0.5858599458456009,0.3382498289782336,0.05006138011858399
278,4.157054858575544e-09,4.188800955271345e-09,0.7576256,0.0002566489,4.164249726080468e-09,4.174620912163882e-09,4.186781293877653e-09,0.5858607737833111,0.33826694414813135,0.04795921520349598
279,4.157055203739267e-09,4.188801324823225e-09,0.7576173,0.0002654713,4.164249736258527e-09,4.1746202164669705e-09,4.186869135246868e-09,0.5858605308000573,0.33828355268848637,0.04586215698570333
280,4.157055536943344e-09,4.188801683257669e-09,0.7576094,0.0002740283,4.164249882465481e-09,4.1746189832823286e-09,4.187044245718972e-09,0.5858570403661347,0.338312992803213,0.041681702402335825
281,4.1570558581668196e-09,4.188802030500668e-09,0.7576017,0.0002823181,4.164249882465481e-09,4.1746189832823286e-09,4.187044245718972e-09,0.5858570403661347,0.338312992803213,0.041681702402335825
282,4.157056167409069e-09,4.188802366489668e-09,0.7575943,0.0002903393,4.16425001346776e-09,4.174618493134535e-09,4.187131551155116e-09,0.5858539129171061,0.33832469421984035,0.03959743864417302
283,4.157056464683466e-09,4.188802691170661e-09,0.7575872,0.0002980905,4.1642501796174645e-09,4.174618117617613e-09,4.187218712648241e-09,0.5858499463850853,0.33833365902599877,0.03751661127245543
284,4.1570567500106064e-09,4.188803004495196e-09,0.7575804,0.0003055705,4.164250378583821e-09,4.174617877743502e-09,4.187305743977231e-09,0.5858451964132056,0.33833938559856674,0.03543889134055099
285,4.157057023411627e-09,4.188803306417418e-09,0.7575739,0.0003127784,4.164250608528489e-09,4.174617792573529e-09,4.187392654971509e-09,0.5858397068886276,0.3383414188818894,0.03336404418829578
286,4.157057284902152e-09,4.188803596891277e-09,0.7575677,0.000319713,4.1642508683178905e-09,4.174617878819563e-09,4.187479450487871e-09,0.5858335048735186,0.3383393599095012,0.03129195386822783
287,4.1570575344871215e-09,4.18880387586808e-09,0.7575617,0.000326373,4.164251157679059e-09,4.1746181504828245e-09,4.187566129558234e-09,0.5858265968844687,0.3383328744268639,0.02922264349159604
288,4.1570577721569755e-09,4.188804143294505e-09,0.757556,0.0003327574,4.164251477275207e-09,4.1746186185228455e-09,4.1876526847324405e-09,0.5858189670884598,0.33832170079442786,0.027156290917814085
289,4.157057997885268e-09,4.188804399111259e-09,0.7575506,0.0003388645,4.164251828687016e-09,4.174619290547167e-09,4.1877391016330915e-09,0.5858105777494946,0.33830565739552465,0.02509323938202221
290,4.157058211627567e-09,4.188804643252423e-09,0.7575455,0.000344693,4.164252637080814e-09,4.174621258569311e-09,4.1879114273560225e-09,0.5857912787691536,0.33825867432768386,0.020979265788070096
291,4.157058413321644e-09,4.188804875645575e-09,0.7575407,0.000350241,4.164252637080814e-09,4.174621258569311e-09,4.1879114273560225e-09,0.5857912787691536,0.33825867432768386,0.020979265788070096
292,4.1570586028884345e-09,4.188805096212659e-09,0.7575362,0.0003555066,4.164253100339772e-09,4.17462255069677e-09,4.18799727190417e-09,0.5857802192761987,0.3382278270568416,0.018929878161788736
293,4.157058780233483e-09,4.1888053048715415e-09,0.757532,0.000360488,4.164253607376812e-09,4.174624038774542e-09,4.188082850288439e-09,0.5857681146584951,0.3381923018168771,0.01688684473006813
294,4.15705894524845e-09,4.188805501538157e-09,0.757528,0.000365183,4.164254161174235e-09,4.1746257104986805e-09,4.188168114557976e-09,0.5857548937189037,0.3381523923428639,0.014851310235175382
295,4.157059097812768e-09,4.188805686129064e-09,0.7575244,0.0003695898,4.164254764090903e-09,4.1746275495303696e-09,4.188253011698393e-09,0.5857405001437065,0.3381084886952913,0.012824540302406852
296,4.1570592377951985e-09,4.1888058585642695e-09,0.757521,0.0003737064,4.164255417614843e-09,4.174629535783418e-09,4.188337484573547e-09,0.5857248984088805,0.33806107039664873,0.01080789895671044
297,4.157059365055946e-09,4.188806018770111e-09,0.757518,0.0003775311,4.164256122196571e-09,4.174631645863311e-09,4.188421472980366e-09,0.5857080777591571,0.3380106959498572,0.008802823440577435
298,4.157059479449668e-09,4.1888061666820514e-09,0.7575153,0.0003810622,4.164256877177108e-09,4.174633853669281e-09,4.188504914782534e-09,0.5856900539265065,0.33795798846484665,0.006810797149248855
299,4.157059580830145e-09,4.188806302247237e-09,0.7575128,0.0003842986,4.164257680818272e-09,4.1746361311356564e-09,4.1885877470891295e-09,0.5856708684069454,0.3379036179601317,0.004833321492883089
300,4.1570596690571135e-09,4.188806425426696e-09,0.7575107,0.0003872393,4.16425942257994e-09,4.174640778193108e-09,4.1887513349779266e-09,0.5856292869100741,0.3377926776355029,0.0009279483230804274
301,4.157059744005444e-09,4.188806536197149e-09,0.757509,0.0003898837,4.16425942257994e-09,4.174640778193108e-09,4.1887513349779266e-09,0.5856292869100741,0.3377926776355029,0.0009279483230804274
302,4.1570598055764485e-09,4.188806634552371e-09,0.7575075,0.0003922318,4.164260353367656e-09,4.174643089912002e-09,4.1888319715349314e-09,0.5856070659901678,0.3377374894121431,0.0009971076731047613
303,4.157059853710429e-09,4.188806720504161e-09,0.7575063,0.0003942837,4.164261318730756e-09,4.1746453574865086e-09,4.188911762668646e-09,0.585584019643779,0.3376833550584085,0.0029019806749444182
304,4.157059888399187e-09,4.188806794082951e-09,0.7575055,0.0003960403,4.1642623147589496e-09,4.174647556828753e-09,4.188990658558379e-09,0.5855602412222146,0.3376308496299548,0.004785481301046502
305,4.157059909696587e-09,4.188806855338134e-09,0.757505,0.0003975026,4.1642633379874165e-09,4.174649667324272e-09,4.189068614776819e-09,0.5855358134419516,0.3375804652608037,0.006646548927455617
306,4.157059917725391e-09,4.1888069043382e-09,0.7575048,0.0003986724,4.164264385642262e-09,4.174651672482574e-09,4.1891455929087795e-09,0.5855108025248498,0.3375325956325008,0.008484266459184611
307,4.1570599126787354e-09,4.18880694117077e-09,0.7575049,0.0003995517,4.1642654558213674e-09,4.174653560417122e-09,4.189221561006229e-09,0.5854852538806596,0.33748752451516506,0.01029787119314673
308,4.157059894815285e-09,4.188806965942595e-09,0.7575054,0.0004001431,4.164266547596644e-09,4.1746553241300185e-09,4.189296493874053e-09,0.5854591896658591,0.3374454189713134,0.01208676164027889
309,4.1570598644481574e-09,4.1888069787795996e-09,0.7575061,0.0004004496,4.1642676610328236e-09,4.174656961595267e-09,4.189370373183595e-09,0.5854326083350893,0.3374063273680402,0.013850500236140371
310,4.157059821928764e-09,4.1888069798269814e-09,0.7575071,0.0004004746,4.1642699576565146e-09,4.174659873669409e-09,4.189514931669334e-09,0.5853777804831624,0.3373368067188857,0.01730157987184095
311,4.157059767628159e-09,4.188806969249408e-09,0.7575084,0.0004002221,4.1642699576565146e-09,4.174659873669409e-09,4.189514931669334e-09,0.5853777804831624,0.3373368067188857,0.01730157987184095
312,4.1570597019190206e-09,4.188806947231276e-09,0.75751,0.0003996964,4.164271145015633e-09,4.174661167163845e-09,4.189585607260945e-09,0.5853494343722322,0.33730592681388716,0.018988835335964644
313,4.157059625162207e-09,4.188806913976989e-09,0.7575118,0.0003989025,4.164272361945232e-09,4.174662371133995e-09,4.18965522127792e-09,0.5853203823180686,0.33727718414378854,0.020650747572469468
314,4.1570595377003375e-09,4.1888068697112135e-09,0.7575139,0.0003978458,4.1642736112892035e-09,4.174663503411086e-09,4.189723785957816e-09,0.5852905564277602,0.3372501530193965,0.022287608731515994
315,4.1570594398602235e-09,4.188806814679005e-09,0.7575162,0.000396532,4.164274895729817e-09,4.174664583907538e-09,4.189791318003152e-09,0.5852598926668565,0.33722435806669365,0.023899817556364052
316,4.1570593319624536e-09,4.188806749145751e-09,0.7575188,0.0003949675,4.1642762175442e-09,4.174665633845796e-09,4.189857837825204e-09,0.585228336672908,0.33719929263714027,0.0254878613303427
317,4.157059214334521e-09,4.188806673396819e-09,0.7575216,0.0003931591,4.164277578393864e-09,4.174666675000859e-09,4.189923368744222e-09,0.5851958487802917,0.33717443689091775,0.027052296783404386
318,4.157059087321975e-09,4.188806587736865e-09,0.7575246,0.0003911141,4.164278979163722e-09,4.17466772898087e-09,4.189987936169335e-09,0.58516240786323,0.33714927497161035,0.028593730513819086
319,4.1570589512925386e-09,4.188806492488714e-09,0.7575279,0.0003888403,4.164280419856408e-09,4.174668816577283e-09,4.1900515667811675e-09,0.5851280138588668,0.3371233105198275,0.03011279947458103
320,4.157058806631472e-09,4.188806387991822e-09,0.7575313,0.0003863456,4.1642834164110775e-09,4.1746711684117405e-09,4.190176125923804e-09,0.5850564763856794,0.3370671646079434,0.033086429963257696
321,4.157058653731389e-09,4.188806274600296e-09,0.757535,0.0003836385,4.1642834164110775e-09,4.1746711684117405e-09,4.190176125923804e-09,0.5850564763856794,0.3370671646079434,0.033086429963257696
322,4.157058492983899e-09,4.188806152680524e-09,0.7575388,0.0003807279,4.1642849677791926e-09,4.174672465563701e-09,4.190237107258891e-09,0.5850194402000697,0.3370361973859754,0.03454225210058849
323,4.157058324781605e-09,4.1888060226084745e-09,0.7575428,0.0003776227,4.164286550280185e-09,4.174673861544475e-09,4.190297256080649e-09,0.5849816607717669,0.3370028707998863,0.03597819944616661
324,4.157058149533365e-09,4.18880588476677e-09,0.757547,0.000374332,4.164288159991636e-09,4.174675366622289e-09,4.190356594612534e-09,0.5849432317415952,0.33696693971380837,0.03739480254596759
325,4.157057967686561e-09,4.1888057395416565e-09,0.7575514,0.000370865,4.1642897926256474e-09,4.174676988381427e-09,4.190415142525686e-09,0.5849042554756263,0.33692822306631326,0.038792531013845805
326,4.15705777973991e-09,4.1888055873199924e-09,0.7575558,0.0003672309,4.164291443721784e-09,4.1746787317377764e-09,4.190472916598652e-09,0.5848648384588814,0.3368866034992183,0.040171785408111456
327,4.157057586228714e-09,4.188805428486406e-09,0.7575605,0.0003634391,4.164293108836582e-09,4.174680599015938e-09,4.190529930478568e-09,0.5848250867712423,0.3368420255167856,0.04153289153013608
328,4.157057387677884e-09,4.188805263420728e-09,0.7575652,0.0003594984,4.164294783715544e-09,4.174682590080888e-09,4.190586194541709e-09,0.5847851019813577,0.33679449234245595,0.042876097095223276
329,4.157057184544417e-09,4.18880509249584e-09,0.7575701,0.0003554179,4.164296464439263e-09,4.174684702505089e-09,4.1906417158511116e-09,0.5847449776581907,0.33674406192944273,0.04420157072098461
330,4.1570569771940254e-09,4.1888049160759816e-09,0.757575,0.0003512062,4.164299830059884e-09,4.17468927143446e-09,4.1907505422659895e-09,0.5846646293844252,0.33663498677532994,0.046799610001002946
331,4.157056765940577e-09,4.188804734515604e-09,0.75758,0.0003468717,4.164299830059884e-09,4.17468927143446e-09,4.1907505422659895e-09,0.5846646293844252,0.33663498677532994,0.046799610001002946
332,4.157056551115856e-09,4.188804548158757e-09,0.7575852,0.0003424228,4.164301509632531e-09,4.174691713444999e-09,4.1908038457705466e-09,0.584624532541065,0.33657668806808255,0.048072137436160046
333,4.157056333095268e-09,4.188804357339018e-09,0.7575904,0.0003378673,4.1643031844545085e-09,4.174694248278483e-09,4.190856403792738e-09,0.5845845491115844,0.3365161733762531,0.049326867790793046
334,4.157056112259036e-09,4.188804162379893e-09,0.7575957,0.000333213,4.164304853290067e-09,4.174696865221762e-09,4.190908209066554e-09,0.5845447085973402,0.33645369845744566,0.050563627601692605
335,4.15705588895175e-09,4.18880396359564e-09,0.757601,0.0003284674,4.164306515432372e-09,4.174699552605292e-09,4.1909592523453775e-09,0.5845050278727336,0.3363895419015405,0.05178219612215881
336,4.157055663484573e-09,4.1888037612924065e-09,0.7576064,0.0003236377,4.164308170657538e-09,4.17470229804783e-09,4.191009522789988e-09,0.5844655122826778,0.33632399928889517,0.052982314584834295
337,4.157055436140733e-09,4.188803555769627e-09,0.7576118,0.0003187312,4.164309819169539e-09,4.174705088700429e-09,4.191059008372993e-09,0.5844261569576211,0.33625737736556766,0.05416369585690012
338,4.1570552071502905e-09,4.188803347321533e-09,0.7576173,0.0003137549,4.164311461541862e-09,4.174707911490773e-09,4.191107696288535e-09,0.5843869482065747,0.33618998821006835,0.055326034220984054
339,4.1570549766697296e-09,4.188803136238768e-09,0.7576228,0.0003087157,4.164313098655666e-09,4.174710753354151e-09,4.191155573357208e-09,0.5843478649934339,0.33612214371944776,0.05646901504200752
340,4.157054744802274e-09,4.188802922809972e-09,0.7576283,0.0003036204,4.16431636175448e-09,4.174716443352966e-09,4.1912488426893695e-09,0.5842699642475312,0.3359863050038092,0.05869565632985997
341,4.157054511640933e-09,4.1888027073233355e-09,0.7576339,0.0002984761,4.16431636175448e-09,4.174716443352966e-09,4.1912488426893695e-09,0.5842699642475312,0.3359863050038092,0.05869565632985997
342,4.15705427729961e-09,4.18880249006806e-09,0.7576395,0.0002932895,4.164317990380061e-09,4.17471926719722e-09,4.191294210123049e-09,0.584231083675769,0.3359188906880819,0.05977872402868681
343,4.1570540419233575e-09,4.18880227133571e-09,0.7576451,0.0002880676,4.16431961883008e-09,4.1747220617968695e-09,4.19133871769372e-09,0.5841922072952522,0.33585217453585015,0.06084126401027227
344,4.157053805689192e-09,4.188802051421451e-09,0.7576507,0.0002828176,4.164321248260301e-09,4.174724816698476e-09,4.191382355671644e-09,0.5841533075141464,0.3357864061045812,0.06188304399424129
345,4.1570535688073146e-09,4.18880183062514e-09,0.7576564,0.0002775465,4.164322879514854e-09,4.174727522201416e-09,4.191425115844088e-09,0.5841143641803035,0.3357218169796178,0.06290386791603539
346,4.157053331523182e-09,4.18880160925226e-09,0.757662,0.0002722616,4.164324512965268e-09,4.174730169323687e-09,4.191466991694232e-09,0.5840753684241617,0.3356586215904598,0.0639035801980363
347,4.157053094116465e-09,4.188801387614691e-09,0.7576677,0.0002669704,4.16432614834301e-09,4.174732749744171e-09,4.191507978534653e-09,0.584036326656445,0.3355970185891587,0.06488206893623709
348,4.157052856895633e-09,4.188801166031242e-09,0.7576734,0.0002616804,4.1643277845868735e-09,4.174735255723838e-09,4.191548073595519e-09,0.5839972642115935,0.33553719273148214,0.06583926800579766
349,4.157052620190522e-09,4.1888009448279545e-09,0.757679,0.0002563996,4.1643294197145645e-09,4.174737680033091e-09,4.191587276068171e-09,0.5839582284134025,0.3354793166112961,0.06677515810140142
350,4.157052384346045e-09,4.188800724338073e-09,0.7576847,0.0002511358,4.164332673662513e-09,4.174742256999341e-09,4.191663009781132e-09,0.58388054612831,0.3353700495908408,0.0685831673178518
351,4.157052149718585e-09,4.188800504901686e-09,0.7576903,0.0002458971,4.164332673662513e-09,4.174742256999341e-09,4.191663009781132e-09,0.58388054612831,0.3353700495908408,0.0685831673178518
352,4.157051916674849e-09,4.188800286864975e-09,0.7576958,0.0002406919,4.1643342835105804e-09,4.174744397514724e-09,4.191699549008516e-09,0.5838421138366835,0.3353189485502414,0.06945547711610421
353,4.157051685591424e-09,4.188800070579057e-09,0.7577013,0.0002355285,4.164335874500362e-09,4.1747464322460095e-09,4.191735211425002e-09,0.5838041317534554,0.3352703729189491,0.07030685459604122
354,4.157051456853509e-09,4.188799856398432e-09,0.7577068,0.0002304153,4.1643374402549e-09,4.174748356802594e-09,4.19177000524116e-09,0.5837667521173,0.3352244275149028,0.07113749577064088
355,4.1570512308524945e-09,4.188799644679063e-09,0.7577122,0.0002253608,4.164338974107591e-09,4.174750167848167e-09,4.191803940060173e-09,0.5837301340816505,0.3351811919866307,0.07194762989897269
356,4.157051007982099e-09,4.188799435776171e-09,0.7577175,0.0002203736,4.164340469460591e-09,4.174751863386536e-09,4.1918370266701605e-09,0.5836944351583908,0.335140713989745,0.07273751452841427
357,4.157050788633759e-09,4.188799230041821e-09,0.7577227,0.0002154621,4.164341920172191e-09,4.174753443058284e-09,4.19186927681307e-09,0.5836598019700708,0.335103002104665,0.07350742997734308
358,4.157050573191842e-09,4.18879902782244e-09,0.7577279,0.0002106345,4.164343320941212e-09,4.174754908420646e-09,4.191900702933589e-09,0.5836263610730134,0.3350680191551554,0.07425767334074855
359,4.157050362028877e-09,4.188798829456391e-09,0.7577329,0.0002058988,4.164344667655546e-09,4.174756263165467e-09,4.191931317913432e-09,0.5835942106365354,0.33503567700492376,0.07498855214694573
360,4.1570501555010785e-09,4.1887986352717454e-09,0.7577379,0.000201263,4.1643471899831355e-09,4.1747586669195536e-09,4.191990166488259e-09,0.5835339945009301,0.33497829160320064,0.07639345838359257
361,4.157049953944464e-09,4.188798445584366e-09,0.7577427,0.0001967346,4.1643471899831355e-09,4.1747586669195536e-09,4.191990166488259e-09,0.5835339945009301,0.33497829160320064,0.07639345838359257
362,4.157049757671732e-09,4.188798260696413e-09,0.7577474,0.0001923207,4.164348365297072e-09,4.1747597345655845e-09,4.192018425503184e-09,0.5835059359475281,0.3349528034317064,0.07706809267043156
363,4.1570495669702866e-09,4.188798080895333e-09,0.7577519,0.0001880283,4.164349485948346e-09,4.174760728479948e-09,4.192045923648124e-09,0.5834791823690655,0.3349290754741027,0.07772456252440076
364,4.157049382101667e-09,4.188797906453334e-09,0.7577563,0.0001838638,4.164350555713453e-09,4.174761662441726e-09,4.1920726717646245e-09,0.5834536436083522,0.33490677877907754,0.07836312676830846
365,4.157049203302403e-09,4.188797737627354e-09,0.7577606,0.0001798333,4.1643515795075934e-09,4.174762551211768e-09,4.192098679465014e-09,0.5834292023236352,0.3348855609572487,0.07898401487963132
366,4.157049030786302e-09,4.188797574659423e-09,0.7577647,0.0001759428,4.164352562998214e-09,4.174763409932427e-09,4.192123954890523e-09,0.5834057232145642,0.33486506051161635,0.07958742121589618
367,4.157048864747987e-09,4.188797417777341e-09,0.7577687,0.0001721975,4.164353512173754e-09,4.174764253495556e-09,4.1921485044945245e-09,0.5833830633177192,0.33484492192533044,0.08017349984006966
368,4.157048705367142e-09,4.188797267195533e-09,0.7577725,0.0001686026,4.164354432904729e-09,4.174765095915966e-09,4.192172332854478e-09,0.5833610824848218,0.3348248106194808,0.08074236003092834
369,4.157048552813085e-09,4.188797123115968e-09,0.7577761,0.000165163,4.164355330534678e-09,4.174765949756462e-09,4.1921954425187005e-09,0.5833396531483003,0.33480442667913723,0.08129406262505502
370,4.1570484072493945e-09,4.188796985728984e-09,0.7577796,0.0001618831,4.164357073279057e-09,4.174767731919075e-09,4.192239505159923e-09,0.5832980481909458,0.3347618806807614,0.08234598069848602
371,4.157048268837847e-09,4.188796855213971e-09,0.7577829,0.0001587673,4.164357073279057e-09,4.174767731919075e-09,4.192239505159923e-09,0.5832980481909458,0.3347618806807614,0.08234598069848602
372,4.157048137741607e-09,4.188796731739768e-09,0.757786,0.0001558195,4.164357923861222e-09,4.174768674410319e-09,4.1922604522658014e-09,0.5832777420375355,0.3347393803597086,0.08284605601509643
373,4.157048014127283e-09,4.188796615464803e-09,0.757789,0.0001530437,4.164358762117825e-09,4.1747696563850414e-09,4.192280668923873e-09,0.5832577301352401,0.3347159374400518,0.08332869317482895
374,4.157047898165763e-09,4.188796506536944e-09,0.7577918,0.0001504432,4.1643595876889516e-09,4.1747706786158904e-09,4.19230014668711e-09,0.5832380210763867,0.3346915334761611,0.08379369051976918
375,4.157047790031782e-09,4.1887964050931114e-09,0.7577943,0.0001480214,4.164360399195474e-09,4.1747717395888014e-09,4.1923188750590135e-09,0.5832186477852225,0.3346662046136707,0.08424079746443537
376,4.157047689902376e-09,4.188796311258734e-09,0.7577967,0.0001457813,4.1643611944729275e-09,4.174772835791165e-09,4.192336841650506e-09,0.5831996619345501,0.33464003470994885,0.0846697182414219
377,4.1570475979544e-09,4.188796225147128e-09,0.7577989,0.0001437255,4.164361970840029e-09,4.174773962064703e-09,4.192354032378979e-09,0.5831811275352616,0.33461314690982263,0.0850801166531963
378,4.157047514361267e-09,4.188796146858913e-09,0.7578009,0.0001418565,4.164362725365695e-09,4.174775111983306e-09,4.192370431704923e-09,0.5831631145618503,0.33458569462534204,0.08547162172130116
379,4.157047439289456e-09,4.188796076481548e-09,0.7578027,0.0001401764,4.164363455113196e-09,4.1747762782169075e-09,4.192386022901011e-09,0.5831456931235662,0.33455785284898126,0.08584383411021015
380,4.157047372894798e-09,4.188796014089073e-09,0.7578043,0.0001386869,4.164364829610187e-09,4.174778627745765e-09,4.192414709841726e-09,0.5831128794249971,0.3345017619792353,0.08652868437275428
381,4.157047315319161e-09,4.18879595974212e-09,0.7578057,0.0001373894,4.164364829610187e-09,4.174778627745765e-09,4.192414709841726e-09,0.5831128794249971,0.3345017619792353,0.08652868437275428
382,4.157047266687534e-09,4.1887959134882095e-09,0.7578068,0.0001362852,4.164365469909003e-09,4.174779794596014e-09,4.1924277689287514e-09,0.5830975934167524,0.3344739054815015,0.08684044711061613
383,4.1570472271057654e-09,4.188795875362327e-09,0.7578078,0.000135375,4.164366076607274e-09,4.174780945246823e-09,4.192439947218973e-09,0.5830831095624436,0.3344464357168851,0.08713118237369928
384,4.157047196659232e-09,4.188795845387761e-09,0.7578085,0.0001346594,4.164366648437932e-09,4.174782071714939e-09,4.192451226709025e-09,0.5830694581110669,0.3344195432715586,0.08740046036330004
385,4.157047175412154e-09,4.188795823577123e-09,0.757809,0.0001341387,4.164367184410066e-09,4.174783166260409e-09,4.192461590082695e-09,0.5830566627188819,0.3343934129232488,0.08764786768530382
386,4.157047163407931e-09,4.1887958099334976e-09,0.7578093,0.000133813,4.164367683706014e-09,4.174784221414984e-09,4.192471020987103e-09,0.5830447429061567,0.3343682229633062,0.08787301394345494
387,4.1570471606700275e-09,4.188795804451611e-09,0.7578094,0.0001336822,4.164368145572303e-09,4.17478522998605e-09,4.192479504276844e-09,0.583033716660715,0.3343441451027064,0.08807553756784578
388,4.157047167203566e-09,4.188795807118966e-09,0.7578092,0.0001337458,4.164368569217257e-09,4.174786185062469e-09,4.192487026217886e-09,0.583023602882438,0.33432134433275174,0.088255110682612
389,4.157047182997317e-09,4.188795817916823e-09,0.7578088,0.0001340036,4.164368953729213e-09,4.174787080015457e-09,4.192493574646653e-09,0.583014423335658,0.3342999789039613,0.0884114429037684
390,4.157047208025835e-09,4.188795836821004e-09,0.7578082,0.0001344549,4.164369600770809e-09,4.174788664528984e-09,4.19250371076545e-09,0.5829989763554148,0.3342621514299349,0.08865342491532716
391,4.157047242251726e-09,4.188795863802427e-09,0.7578074,0.0001350991,4.164369600770809e-09,4.174788664528984e-09,4.19250371076545e-09,0.5829989763554148,0.3342621514299349,0.08865342491532716
392,4.157047285627675e-09,4.188795898827361e-09,0.7578064,0.0001359352,4.164369860466068e-09,4.174789342384587e-09,4.192507282696415e-09,0.5829927765877865,0.33424596881943575,0.08873869848573729
393,4.157047338098103e-09,4.188795941857382e-09,0.7578051,0.0001369625,4.164370075367392e-09,4.174789936766974e-09,4.19250984954982e-09,0.5829876461965927,0.3342317789851964,0.08879997759688746
394,4.157047399600408e-09,4.188795992849014e-09,0.7578037,0.0001381798,4.164370243570241e-09,4.1747904427692176e-09,4.192511407591987e-09,0.5829836306493457,0.3342196990714551,0.08883717311375623
395,4.15704747006553e-09,4.188796051753107e-09,0.757802,0.000139586,4.1643703630539696e-09,4.1747908559265486e-09,4.1925119545313705e-09,0.5829807781854522,0.33420983566672974,0.08885023032971516
396,4.1570475494180436e-09,4.1887961185139505e-09,0.7578001,0.0001411798,4.164370431750267e-09,4.174791172257593e-09,4.192511489332929e-09,0.5829791381821496,0.3342022838193267,0.0888391245349961
397,4.157047637575555e-09,4.188796193068208e-09,0.757798,0.0001429597,4.16437044762622e-09,4.1747913883065355e-09,4.1925100119997735e-09,0.5829787591716998,0.3341971260307522,0.08880385580384956
398,4.1570477344476495e-09,4.188796275343708e-09,0.7577957,0.0001449239,4.164370408776645e-09,4.174791501188163e-09,4.1925075233311164e-09,0.5829796866369787,0.33419443118040293,0.08874444321607593
399,4.1570478399345735e-09,4.188796365258186e-09,0.7577931,0.0001470704,4.164370313526219e-09,4.174791508641475e-09,4.1925040246662725e-09,0.5829819605733919,0.33419425324569213,0.08866091874545602
400,4.157047953925481e-09,4.188796462718048e-09,0.7577904,0.0001493971,4.164369948890459e-09,4.174791201636394e-09,4.192494003843928e-09,0.5829906656109363,0.334201582452118,0.08842168923396083
401,4.157048076296928e-09,4.188796567617249e-09,0.7577875,0.0001519014,4.164369948890459e-09,4.174791201636394e-09,4.192494003843928e-09,0.5829906656109363,0.334201582452118,0.08842168923396083
402,4.157048206911185e-09,4.188796679836359e-09,0.7577844,0.0001545804,4.164369678213328e-09,4.174790886219077e-09,4.192487484753525e-09,0.5829971275514543,0.33420911248587926,0.08826605741463764
403,4.157048345615041e-09,4.188796799241898e-09,0.7577811,0.000157431,4.164369348705248e-09,4.17479046351937e-09,4.192479961344939e-09,0.5830049939774187,0.3342192036980564,0.08808644926483584
404,4.157048492238828e-09,4.188796925685986e-09,0.7577776,0.0001604497,4.164368961193579e-09,4.174789935025782e-09,4.1924714339948155e-09,0.5830142451370616,0.3342318205530941,0.08788287377629511
405,4.157048646595857e-09,4.188797059006353e-09,0.7577739,0.0001636324,4.164368517122535e-09,4.174789302982815e-09,4.192461902318669e-09,0.5830248465523057,0.3342469094674625,0.08765532177008938
406,4.1570488084823636e-09,4.188797199026701e-09,0.75777,0.0001669752,4.164368018505083e-09,4.174788570333713e-09,4.1924513650693766e-09,0.5830367501671386,0.3342644001763803,0.08740376347337371
407,4.157048977677779e-09,4.188797345557401e-09,0.757766,0.0001704734,4.16436746782793e-09,4.174787740614262e-09,4.192439820082292e-09,0.5830498966157899,0.3342842082691743,0.08712814720900067
408,4.157049153945392e-09,4.188797498396486e-09,0.7577618,0.0001741221,4.164366867921599e-09,4.174786817826617e-09,4.192427264268013e-09,0.5830642183244876,0.33430623820144195,0.08682839922294701
409,4.15704933703338e-09,4.188797657330833e-09,0.7577574,0.0001779164,4.164366221800922e-09,4.174785806293469e-09,4.192413693651578e-09,0.5830796433194242,0.33433038677653254,0.08650442461998893
410,4.157049526675876e-09,4.1887978221374745e-09,0.7577529,0.0001818509,4.164364802907735e-09,4.174783535030621e-09,4.1923834882172235e-09,0.5831135168990879,0.3343846091829487,0.0857833229921221
411,4.157049722594298e-09,4.188797992584926e-09,0.7577482,0.00018592,4.164364802907735e-09,4.174783535030621e-09,4.1923834882172235e-09,0.5831135168990879,0.3343846091829487,0.0857833229921221
412,4.157049924498737e-09,4.18879816843443e-09,0.7577434,0.0001901181,4.1643640356417025e-09,4.174782284343422e-09,4.192366841948092e-09,0.5831318340263448,0.33441446714044354,0.08538592258968107
413,4.157050132089254e-09,4.188798349441057e-09,0.7577384,0.0001944393,4.164363232955943e-09,4.174780962858836e-09,4.192349158301952e-09,0.5831509967373069,0.33444601526105106,0.08496375663541234
414,4.157050345057124e-09,4.188798535354579e-09,0.7577333,0.0001988777,4.164362396707151e-09,4.174779574906273e-09,4.192330430768003e-09,0.5831709607066367,0.3344791501877316,0.08451666969541984
415,4.157050563086007e-09,4.188798725920107e-09,0.7577281,0.0002034271,4.164361528380797e-09,4.174778124809079e-09,4.192310652863706e-09,0.5831916904713511,0.33451376870819427,0.08404450701050001
416,4.157050785852881e-09,4.188798920878481e-09,0.7577228,0.0002080814,4.164360629165682e-09,4.1747766170063165e-09,4.192289818321958e-09,0.5832131576509212,0.3345497648476139,0.08354711896456264
417,4.157051013028819e-09,4.1887991199664475e-09,0.7577174,0.0002128342,4.164359700076469e-09,4.174775056210509e-09,4.192267921262632e-09,0.5832353380220381,0.3345870261028053,0.08302436517992297
418,4.157051244279694e-09,4.188799322916654e-09,0.7577119,0.0002176793,4.164358742096597e-09,4.174773447573317e-09,4.192244956338573e-09,0.5832582081068411,0.3346254294869214,0.08247611800267317
419,4.157051479266578e-09,4.188799529457537e-09,0.7577063,0.0002226101,4.164357756323717e-09,4.174771796841786e-09,4.1922209188479436e-09,0.5832817417008357,0.33466483779935136,0.08190226518468667
420,4.157051717646038e-09,4.188799739313148e-09,0.7577006,0.0002276201,4.1643557071025526e-09,4.174768395711624e-09,4.192169610977647e-09,0.5833306632525113,0.33474603380094453,0.08067738000810339
421,4.1570519590704734e-09,4.188799952202964e-09,0.7576948,0.0002327024,4.1643557071025526e-09,4.174768395711624e-09,4.192169610977647e-09,0.5833306632525113,0.33474603380094453,0.08067738000810339
422,4.157052203188361e-09,4.1888001678417435e-09,0.757689,0.0002378504,4.164354647384672e-09,4.174766660536659e-09,4.19214233484747e-09,0.5833559621533511,0.33478745805187105,0.0800262103661931
423,4.15705244964453e-09,4.188800385939404e-09,0.7576831,0.0002430571,4.164353567365247e-09,4.174764913609802e-09,4.192113974561722e-09,0.5833817457178782,0.3348291628585595,0.07934915841653746
424,4.157052698080485e-09,4.188800606200961e-09,0.7576772,0.0002483155,4.164352469762859e-09,4.17476316409053e-09,4.19208452880865e-09,0.5834079490447077,0.33487092955456904,0.07864619284338119
425,4.157052948134987e-09,4.188800828326482e-09,0.7576712,0.0002536183,4.1643513574905676e-09,4.174761421411736e-09,4.1920539966628526e-09,0.5834345025897034,0.33491253294622464,0.07791729155434678
426,4.157053199444635e-09,4.188801052011055e-09,0.7576652,0.0002589584,4.164350233523534e-09,4.17475969501759e-09,4.192022377391673e-09,0.5834613353260877,0.3349537475705351,0.0771624370585755
427,4.157053451644512e-09,4.188801276944731e-09,0.7576592,0.0002643283,4.164349100758891e-09,4.174757994069883e-09,4.191989670233655e-09,0.5834883780899421,0.33499435470584565,0.07638161117760137
428,4.157053704369011e-09,4.188801502812409e-09,0.7576531,0.0002697205,4.164347961884208e-09,4.1747563271692975e-09,4.191955874157272e-09,0.5835155667202349,0.33503414902602846,0.07557478928558303
429,4.157053957252621e-09,4.1888017292936964e-09,0.7576471,0.0002751273,4.164346819272376e-09,4.17475470209636e-09,4.191920987611351e-09,0.5835428445684094,0.33507294478466365,0.07474193435097494
430,4.15705420993055e-09,4.188801956062699e-09,0.7576411,0.0002805411,4.164344530363756e-09,4.174751603193869e-09,4.191847932836384e-09,0.5835974882365742,0.33514692563210724,0.07299788006812
431,4.1570544620394935e-09,4.188802182787794e-09,0.757635,0.0002859537,4.164344530363756e-09,4.174751603193869e-09,4.191847932836384e-09,0.5835974882365742,0.33514692563210724,0.07299788006812
432,4.157054713218085e-09,4.1888024091314075e-09,0.7576291,0.0002913573,4.164343386785613e-09,4.174750139106405e-09,4.1918097567586464e-09,0.5836247891537183,0.3351818781456514,0.07208649334614216
433,4.157054963107287e-09,4.1888026347498206e-09,0.7576231,0.0002967435,4.164342244946383e-09,4.174748736145661e-09,4.191770474130284e-09,0.5836520485573691,0.3352153713662704,0.07114868967390721
434,4.157055211350575e-09,4.188802859293071e-09,0.7576172,0.0003021041,4.164341105292696e-09,4.1747473957070764e-09,4.191730077522263e-09,0.5836792557850311,0.33524737198025745,0.07018429169631268
435,4.157055457593976e-09,4.188803082404955e-09,0.7576113,0.0003074305,4.164339968012971e-09,4.174746117777121e-09,4.191688557910755e-09,0.5837064063385045,0.33527788031066164,0.06919308398528763
436,4.157055701485925e-09,4.188803303723177e-09,0.7576055,0.0003127141,4.164338833105993e-09,4.1747449009754295e-09,4.1916459046546256e-09,0.5837335002468378,0.3353069293112523,0.06817481250250307
437,4.157055942676902e-09,4.188803522879658e-09,0.7575997,0.0003179461,4.1643377004452765e-09,4.174743742616618e-09,4.191602105532518e-09,0.5837605405296186,0.3353345830908688,0.06712918548453312
438,4.157056180818952e-09,4.188803739501015e-09,0.757594,0.0003231175,4.164336569834648e-09,4.174742638793991e-09,4.191557146841848e-09,0.5837875318701597,0.3353609349149753,0.0660558758062732
439,4.15705641556505e-09,4.188803953209194e-09,0.7575884,0.0003282194,4.164335441055642e-09,4.174741584486106e-09,4.191511013557299e-09,0.5838144794839293,0.33538610466169105,0.06495452476471578
440,4.1570566465683505e-09,4.188804163622273e-09,0.7575829,0.0003332427,4.164333188247297e-09,4.174739599539232e-09,4.19141515783874e-09,0.5838682613215229,0.33543349177769616,0.06266613804986607
441,4.157056873481442e-09,4.188804370355415e-09,0.7575775,0.000338178,4.164333188247297e-09,4.174739599539232e-09,4.19141515783874e-09,0.5838682613215229,0.33543349177769616,0.06266613804986607
442,4.157057095955631e-09,4.188804573021936e-09,0.7575722,0.0003430164,4.1643320640203715e-09,4.174738654538472e-09,4.191365400933591e-09,0.5838951002623686,0.3354560520090168,0.06147827943874828
443,4.157057313640354e-09,4.188804771234523e-09,0.757567,0.0003477483,4.164330941301946e-09,4.174737730696152e-09,4.191314401151137e-09,0.5839219031904416,0.3354781071197986,0.06026074931763077
444,4.157057526182874e-09,4.188804964606541e-09,0.7575619,0.0003523648,4.16432982032938e-09,4.1747368197643e-09,4.191262141003157e-09,0.5839486644391816,0.3354998540158625,0.05901313018596922
445,4.157057733228126e-09,4.188805152753452e-09,0.757557,0.0003568564,4.164328701532475e-09,4.17473591344731e-09,4.19120860358112e-09,0.5839753737478365,0.3355214907402082,0.057735018382334045
446,4.157057934418986e-09,4.188805335294294e-09,0.7575522,0.0003612143,4.164327585559115e-09,4.174735003619047e-09,4.191153772947734e-09,0.5840020156493287,0.3355432112900301,0.05642603343190099
447,4.157058129396867e-09,4.18880551185323e-09,0.7575475,0.0003654293,4.164326473283976e-09,4.1747340825265836e-09,4.1910976345211915e-09,0.5840285692622953,0.33556520075281426,0.05508582721965037
448,4.157058317802605e-09,4.1888056820610925e-09,0.757543,0.0003694927,4.1643253658051985e-09,4.174733142972922e-09,4.191040175441177e-09,0.5840550083705706,0.3355876309442375,0.053714092728174
449,4.1570584992777316e-09,4.188805845556932e-09,0.7575387,0.0003733959,4.16432426442275e-09,4.174732178475216e-09,4.190981384907726e-09,0.5840813019397024,0.3356106566308692,0.05231057212731025
450,4.157058673465974e-09,4.188806001989477e-09,0.7575345,0.0003771304,4.164322085926077e-09,4.1747301530297675e-09,4.190859778351326e-09,0.5841333097168062,0.3356590105791347,0.049407429442801305
451,4.1570588400151005e-09,4.1888061510184915e-09,0.7575305,0.0003806882,4.164322085926077e-09,4.1747301530297675e-09,4.190859778351326e-09,0.5841333097168062,0.3356590105791347,0.049407429442801305
452,4.157058998578828e-09,4.188806292315973e-09,0.7575267,0.0003840615,4.1643210120446495e-09,4.174729083699495e-09,4.190796953525205e-09,0.5841589467474303,0.33568453895893224,0.047907597198884065
453,4.157059148818872e-09,4.188806425567162e-09,0.7575232,0.0003872426,4.164319950622533e-09,4.1747279727838085e-09,4.190732780004177e-09,0.5841842863339095,0.3357110601173654,0.04637556723580793
454,4.157059290406987e-09,4.188806550471331e-09,0.7575198,0.0003902245,4.164318903300315e-09,4.1747268187634465e-09,4.190667260873512e-09,0.5842092893101143,0.3357386103241219,0.04481141320895746
455,4.157059423026795e-09,4.1888066667423605e-09,0.7575166,0.0003930002,4.1643178716659725e-09,4.174725621240356e-09,4.190600402348294e-09,0.5842339177658741,0.33576719908202596,0.043215283492503705
456,4.157059546375418e-09,4.1888067741090995e-09,0.7575137,0.0003955634,4.16431685724495e-09,4.1747243809475365e-09,4.190532213762678e-09,0.584258135283889,0.33579680889198427,0.04158740092302266
457,4.15705966016471e-09,4.188806872315534e-09,0.757511,0.0003979079,4.164315861503371e-09,4.174723099745181e-09,4.190462707506171e-09,0.5842819068630495,0.3358273953451867,0.039928061278188695
458,4.157059764122077e-09,4.188806961120795e-09,0.7575085,0.000400028,4.164314885862833e-09,4.174721780604762e-09,4.190391898911754e-09,0.5843051985651941,0.3358588875029297,0.03823763060596703
459,4.157059857990956e-09,4.1888070402990566e-09,0.7575062,0.0004019183,4.164313931718744e-09,4.1747204275665114e-09,4.190319806100322e-09,0.5843279770774057,0.3358911889117945,0.03651654151084296
460,4.1570599415307886e-09,4.188807109639329e-09,0.7575042,0.0004035736,4.164312093466545e-09,4.17471764090397e-09,4.190171853056893e-09,0.5843718621160369,0.3359577155795263,0.032984422779758354
461,4.1570600145168185e-09,4.188807168945213e-09,0.7575025,0.0004049895,4.164312093466545e-09,4.17471764090397e-09,4.190171853056893e-09,0.5843718621160369,0.3359577155795263,0.032984422779758354
462,4.157060076739445e-09,4.188807218034612e-09,0.757501,0.0004061614,4.164311212127153e-09,4.174716219993415e-09,4.190096041114245e-09,0.584392902544157,0.33599163732029835,0.03117454596709022
463,4.157060128003654e-09,4.188807256739427e-09,0.7574998,0.0004070854,4.164310357799301e-09,4.174714790339047e-09,4.1900190410156374e-09,0.5844132981192433,0.3360257678042432,0.02933630402028789
464,4.157060168128164e-09,4.188807284905249e-09,0.7574988,0.0004077578,4.164309531791958e-09,4.1747133598010536e-09,4.1899408813908665e-09,0.5844330175920105,0.33605991938317964,0.027470380425412076
465,4.157060196944736e-09,4.188807302391019e-09,0.7574981,0.0004081752,4.164308735325626e-09,4.174711936522109e-09,4.189861592158491e-09,0.584452031825068,0.3360938976651015,0.02557748943543694
466,4.157060214297665e-09,4.1888073090686905e-09,0.7574977,0.0004083347,4.164307969494114e-09,4.174710528739564e-09,4.189781204243327e-09,0.584470314705668,0.33612750599772573,0.023658369325951622
467,4.157060220043357e-09,4.188807304822862e-09,0.7574976,0.0004082333,4.1643072352327445e-09,4.174709144605967e-09,4.189699749300171e-09,0.5844878439046409,0.3361605497533009,0.02171377579958008
468,4.157060214050419e-09,4.188807289550388e-09,0.7574977,0.0004078687,4.164306533295352e-09,4.1747077920265675e-09,4.1896172594489605e-09,0.5845046014255134,0.3361928402079014,0.01974447566331114
469,4.157060196199865e-09,4.188807263159964e-09,0.7574982,0.0004072387,4.164305864246716e-09,4.174706478520221e-09,4.189533767025555e-09,0.5845205737851391,0.3362241978620853,0.01775124087895721
470,4.157060166385583e-09,4.188807225571711e-09,0.7574989,0.0004063413,4.1643046261811056e-09,4.174703996227065e-09,4.1893639035318045e-09,0.5845501304244083,0.3362834582459796,0.013696048676768078
471,4.157060124515072e-09,4.1888071767167386e-09,0.7574999,0.000405175,4.1643046261811056e-09,4.174703996227065e-09,4.1893639035318045e-09,0.5845501304244083,0.3362834582459796,0.013696048676768078
472,4.157060070510038e-09,4.188807116536699e-09,0.7575012,0.0004037383,4.164304057468747e-09,4.174702839675386e-09,4.189277596262203e-09,0.5845637074318638,0.33631106888346857,0.011635614389485497
473,4.157060004307114e-09,4.1888070449833705e-09,0.7575027,0.0004020301,4.164303522315158e-09,4.1747017465682835e-09,4.189190413683977e-09,0.5845764832827103,0.336337164893276,0.009554283648060609
474,4.157059925858427e-09,4.188806962018223e-09,0.7575046,0.0004000494,4.164303020634202e-09,4.1747007213195396e-09,4.18910238625097e-09,0.5845884600333122,0.336361640904099,0.007452783484458448
475,4.1570598351319054e-09,4.188806867612004e-09,0.7575068,0.0003977957,4.164302552295815e-09,4.1746997676285345e-09,4.189013543631977e-09,0.5845996407887244,0.33638440859974555,0.005331822188960068
476,4.1570597321114504e-09,4.1888067617443235e-09,0.7575092,0.0003952683,4.164302117147456e-09,4.174698888483945e-09,4.188923914640838e-09,0.5846100291905604,0.336405396630804,0.0031920876413423084
477,4.157059616796872e-09,4.188806644403257e-09,0.757512,0.0003924669,4.16430171502724e-09,4.174698086172801e-09,4.1888335271961395e-09,0.5846196291035801,0.3364245503984867,0.0010342463487606867
478,4.15705948920354e-09,4.1888065155849346e-09,0.757515,0.0003893916,4.1643013457735176e-09,4.174697362302342e-09,4.188742408309e-09,0.5846284443868565,0.33644183153274404,0.0011410568458221735
479,4.1570593493619934e-09,4.188806375293153e-09,0.7575184,0.0003860424,4.164301009234027e-09,4.17469671783755e-09,4.188650584099034e-09,0.5846364786753676,0.33645721699634074,0.0033331983825693762
480,4.157059197317261e-09,4.188806223538997e-09,0.757522,0.0003824195,4.164300433804482e-09,4.174695668092508e-09,4.1884649200077745e-09,0.5846502160438543,0.3364822778131981,0.007765602064363553
481,4.157059033128248e-09,4.188806060340511e-09,0.7575259,0.0003785235,4.164300433804482e-09,4.174695668092508e-09,4.1884649200077745e-09,0.5846502160438543,0.3364822778131981,0.007765602064363553
482,4.157058856866841e-09,4.188805885722412e-09,0.7575301,0.0003743548,4.1643001947812834e-09,4.174695262070023e-09,4.188371128406754e-09,0.5846559223023845,0.3364919708860132,0.01000471160280726
483,4.157058668617037e-09,4.188805699715903e-09,0.7575346,0.0003699142,4.1642999882557895e-09,4.174694934146466e-09,4.188276728241071e-09,0.584660852735369,0.3364997994842727,0.012258349552377232
484,4.157058468473707e-09,4.188805502358576e-09,0.7575394,0.0003652026,4.16429981439308e-09,4.174694683140945e-09,4.188181742258337e-09,0.5846650034018228,0.3365057917996803,0.014525972853848976
485,4.157058256541361e-09,4.1888052936944645e-09,0.7575445,0.0003602211,4.16429967350325e-09,4.174694507728538e-09,4.188086192884618e-09,0.58466836689875,0.3365099794624303,0.016807046124357874
486,4.157058032932697e-09,4.188805073774218e-09,0.7575498,0.0003549709,4.16429956606268e-09,4.1746944065339124e-09,4.187990102372077e-09,0.5846709318534177,0.3365123953061681,0.019101038132631552
487,4.157057797767353e-09,4.188804842655437e-09,0.7575554,0.0003494534,4.164299492725668e-09,4.174694378208309e-09,4.187893492952236e-09,0.5846726826456067,0.3365130715301316,0.02140741814017631
488,4.157057551170883e-09,4.188804600403136e-09,0.7575613,0.00034367,4.164299454322475e-09,4.174694421487237e-09,4.187796386990685e-09,0.5846735994543146,0.3365120383218431,0.02372565220784623
489,4.157057293274002e-09,4.188804347090327e-09,0.7575675,0.0003376226,4.164299451840888e-09,4.174694535223869e-09,4.187698807138617e-09,0.5846736586978285,0.33650932305976533,0.026055199578282114
490,4.157057024212704e-09,4.188804082798706e-09,0.7575739,0.0003313131,4.164299559183532e-09,4.174694970105623e-09,4.187502318654102e-09,0.5846710960809862,0.3364989410226417,0.03074601661395913
491,4.157056744128515e-09,4.188803807619388e-09,0.7575806,0.0003247437,4.164299559183532e-09,4.174694970105623e-09,4.187502318654102e-09,0.5846710960809862,0.3364989410226417,0.03074601661395913
492,4.1570564531693535e-09,4.1888035216536716e-09,0.7575875,0.0003179168,4.164299671433532e-09,4.174695289521479e-09,4.187403457998419e-09,0.5846684163096172,0.33649131553077444,0.033106140918343276
493,4.157056151490183e-09,4.188803225013793e-09,0.7575947,0.000310835,4.164299824349309e-09,4.174695675859368e-09,4.187304219628689e-09,0.58466476571435,0.33648209239306587,0.03547528248137869
494,4.1570558392534804e-09,4.188802917823635e-09,0.7576022,0.0003035014,4.1643000190544915e-09,4.174696128311424e-09,4.187204629533846e-09,0.5846601174705206,0.3364712908958947,0.03785282086297525
495,4.157055516629537e-09,4.188802600219363e-09,0.7576099,0.0002959192,4.164300256539554e-09,4.174696645988535e-09,4.187104714636433e-09,0.5846544479322761,0.3364589322652179,0.04023811333473077
496,4.157055183796697e-09,4.18880227234997e-09,0.7576178,0.0002880919,4.164300537614967e-09,4.1746972278585005e-09,4.187004502833888e-09,0.5846477377510727,0.33644504114303003,0.042630493894413105
497,4.157054840942047e-09,4.188801934377707e-09,0.757626,0.0002800234,4.1643008628701545e-09,4.174697872681767e-09,4.186904023018272e-09,0.5846399728554468,0.3364296471214866,0.04502927279484448
498,4.157054488262622e-09,4.1888015864783895e-09,0.7576344,0.0002717179,4.164301232638936e-09,4.1746985789548486e-09,4.186803305075307e-09,0.5846311452760451,0.3364127860936711,0.0474337365669863
499,4.157054125966636e-09,4.188801228841574e-09,0.7576431,0.0002631799,4.164301646971738e-09,4.174699344855828e-09,4.186702379864598e-09,0.5846212538090018,0.3363945015546578,0.04984314849202247
500,4.157053754273828e-09,4.188800861670609e-09,0.7576519,0.0002544144,4.164302607986993e-09,4.17470104638328e-09,4.186500035719518e-09,0.5845983112597849,0.3363538805789291,0.05467375912629912
501,4.157053373414796e-09,4.188800485182545e-09,0.757661,0.0002454264,4.164302607986993e-09,4.17470104638328e-09,4.186500035719518e-09,0.5845983112597849,0.3363538805789291,0.05467375912629912
502,4.15705298363071e-09,4.188800099607934e-09,0.7576703,0.0002362215,4.164303153185746e-09,4.174701976391303e-09,4.186398682986785e-09,0.5845852955982953,0.33633167827284177,0.057093377387859794
503,4.1570525851748255e-09,4.188799705190498e-09,0.7576799,0.0002268054,4.164303739971118e-09,4.174702954749159e-09,4.186297255265111e-09,0.5845712871294376,0.3363083216995063,0.059514785878497095
504,4.1570521783132985e-09,4.188799302186709e-09,0.7576896,0.0002171844,4.164304366781697e-09,4.174703977538935e-09,4.18619578753019e-09,0.5845563231291323,0.336283904392222,0.061937149615053144
505,4.157051763324366e-09,4.188798890865273e-09,0.7576995,0.0002073649,4.164305031751611e-09,4.174705040421616e-09,4.186094315388002e-09,0.5845404481417954,0.33625852993731664,0.06435961856736104
506,4.157051340526582e-09,4.1887984715065534e-09,0.7577096,0.0001973534,4.1643057327406804e-09,4.174706138674446e-09,4.185992875014062e-09,0.5845237132604834,0.33623231108233065,0.06678132910859877
507,4.157050909926827e-09,4.18879804440194e-09,0.7577199,0.000187157,4.164306467373385e-09,4.174707267251961e-09,4.185891503100472e-09,0.5845061751965497,0.33620536827879105,0.06920140527938476
508,4.157050471912238e-09,4.188797609853198e-09,0.7577303,0.0001767829,4.164307233088759e-09,4.1747084208630235e-09,4.185790236813888e-09,0.584487895088516,0.33617782784334554,0.0716189597911475
509,4.157050031784467e-09,4.1887971681718025e-09,0.7577408,0.0001662386,4.164308027194738e-09,4.174709594061777e-09,4.185689113765634e-09,0.5844689372047418,0.3361498197862113,0.07403309473966131
510,4.157049583987977e-09,4.188796719678281e-09,0.7577515,0.0001555316,4.164309689508036e-09,4.174711977298194e-09,4.18548744996669e-09,0.5844292523979949,0.3360929242077779,0.07884746330635597
511,4.157049151432934e-09,4.188796264701584e-09,0.7577618,0.0001446698,4.164309689508036e-09,4.174711977298194e-09,4.18548744996669e-09,0.5844292523979949,0.3360929242077779,0.07884746330635597
512,4.1570486811169955e-09,4.188795803578472e-09,0.7577731,0.0001336613,4.164310552200421e-09,4.174713176622166e-09,4.1853869865782146e-09,0.5844086571343712,0.33606429245699776,0.08124585003770142
513,4.157048213100846e-09,4.188795336652941e-09,0.7577842,0.0001225143,4.1643114323587465e-09,4.1747143743227174e-09,4.1852868211820105e-09,0.5843876449021411,0.33603569946252804,0.08363712272759623
514,4.157047739518047e-09,4.188794864275687e-09,0.7577955,0.0001112371,4.16431232747054e-09,4.174715565768046e-09,4.185186993613157e-09,0.5843662756821499,0.33600725580051544,0.08602033038357142
515,4.157047260712792e-09,4.188794386803595e-09,0.757807,9.983831e-05,4.164313235191794e-09,4.1747167467868236e-09,4.185087544224258e-09,0.5843446054334709,0.3359790610540584,0.08839450965818504
516,4.157046777549513e-09,4.188793904599261e-09,0.7578185,8.832653e-05,4.164314153375168e-09,4.1747179137503064e-09,4.184988513922441e-09,0.5843226854200747,0.3359512018530522,0.09075868396569765
517,4.157046290466802e-09,4.188793418030545e-09,0.7578301,7.671055e-05,4.164315080091168e-09,4.174719063640232e-09,4.184889944205404e-09,0.5843005617052551,0.3359237502531971,0.09311186262153615
518,4.157045799625626e-09,4.188792927470156e-09,0.7578418,6.499929e-05,4.164316013644971e-09,4.174720194108233e-09,4.184791877192462e-09,0.5842782747498857,0.33589676231765514,0.09545304010113127
519,4.157045305179128e-09,4.188792433295251e-09,0.7578537,5.320173e-05,4.164316952589197e-09,4.17472130352407e-09,4.184694355647561e-09,0.5842558591076572,0.33587027696549543,0.09778119549048347
520,4.157044807403504e-09,4.1887919358870896e-09,0.7578655,4.132699e-05,4.16431884214108e-09,4.174723456454705e-09,4.1845011232921865e-09,0.5842107493792933,0.3358188795325812,0.1023942781689511
521,4.157044306687467e-09,4.188791435630703e-09,0.7578775,2.938424e-05,4.16431884214108e-09,4.174723456454705e-09,4.1845011232921865e-09,0.5842107493792933,0.3358188795325812,0.1023942781689511
522,4.157043803466066e-09,4.1887909329146124e-09,0.7578895,1.738278e-05,4.164319791145887e-09,4.174724500533914e-09,4.1844055012570935e-09,0.5841880935583879,0.335793953977527,0.10467708610198427
523,4.157043298168152e-09,4.188790428130574e-09,0.7579016,5.33195e-06,4.164320742328418e-09,4.174725524684045e-09,4.184310602181423e-09,0.584165385748147,0.33576950419414514,0.10694263465016336
524,4.1570427911990506e-09,4.188789921673378e-09,0.7579137,6.758825e-06,4.164321695512033e-09,4.1747265310809135e-09,4.184216471895551e-09,0.5841426301655469,0.3357454782386972,0.10918982969383342
525,4.15704228294792e-09,4.1887894139406546e-09,0.7579258,1.888005e-05,4.1643226507394585e-09,4.1747275225870055e-09,4.184123156685385e-09,0.5841198257905709,0.33572180777434857,0.11141756623836137
526,4.157041773802809e-09,4.188788905332728e-09,0.757938,3.102217e-05,4.164323608243337e-09,4.174728502685137e-09,4.184030703194008e-09,0.5840969670692789,0.33569840965499564,0.1136247307621907
527,4.1570412641615475e-09,4.188788396252459e-09,0.7579501,4.317557e-05,4.164324568407654e-09,4.174729475388865e-09,4.183939158305314e-09,0.5840740448346922,0.33567518806403646,0.11581020399475933
528,4.157040754435101e-09,4.1887878871051035e-09,0.7579623,5.533056e-05,4.164325531724126e-09,4.1747304451407244e-09,4.183848569010911e-09,0.5840510473479592,0.33565203694372614,0.11797286409406696
529,4.157040245044769e-09,4.188787378298139e-09,0.7579745,6.747744e-05,4.164326498741493e-09,4.174731416694259e-09,4.1837589822631124e-09,0.5840279615088568,0.33562884281160194,0.12011159015621745
530,4.1570397364172426e-09,4.188786870241071e-09,0.7579866,7.960641e-05,4.164328446043702e-09,4.174733385004408e-09,4.1835830030600735e-09,0.5839814730929996,0.33558185286814196,0.12431278416297079
531,4.1570392289805785e-09,4.188786363345187e-09,0.7579987,9.170765e-05,4.164328446043702e-09,4.174733385004408e-09,4.1835830030600735e-09,0.5839814730929996,0.33558185286814196,0.12431278416297079
532,4.157038723162722e-09,4.188785858023253e-09,0.7580108,0.0001037713,4.164329427238292e-09,4.17473439165358e-09,4.183496702847047e-09,0.5839580487976478,0.33555782088937613,0.1263730499869289
533,4.15703821939261e-09,4.188785354689155e-09,0.7580228,0.0001157875,4.164330413856248e-09,4.174735419623976e-09,4.183411589319488e-09,0.5839344950289339,0.33553327990390514,0.1284049857821881
534,4.157037718102697e-09,4.188784853757462e-09,0.7580348,0.0001277464,4.164331405970686e-09,4.1747364732660434e-09,4.18332770673678e-09,0.583910810041398,0.335508126052412,0.130407534933769
535,4.157037219731365e-09,4.188784355642918e-09,0.7580467,0.000139638,4.164332403435965e-09,4.174737556475885e-09,4.1832450983077974e-09,0.5838869973119397,0.33548226632229905,0.13237966590581712
536,4.157036724724167e-09,4.188783860759888e-09,0.7580585,0.0001514525,4.164333405863274e-09,4.174738672593464e-09,4.183163806030943e-09,0.5838630661227449,0.33545562097783316,0.134320376060312
537,4.15703623353343e-09,4.1887833695217155e-09,0.7580702,0.0001631799,4.164334412605291e-09,4.174739824312558e-09,4.183083870543967e-09,0.5838390319274821,0.33542812570981706,0.13622869524240033
538,4.157035746616482e-09,4.188782882340053e-09,0.7580818,0.0001748105,4.164335422749405e-09,4.174741013608895e-09,4.183005330986217e-09,0.5838149165131343,0.33539973335119133,0.13810368906902315
539,4.157035264433064e-09,4.188782399624133e-09,0.7580934,0.0001863345,4.1643364351202655e-09,4.174742241685887e-09,4.182928224875218e-09,0.5837907479391363,0.3353704151726272,0.13994446187524032
540,4.157034787442575e-09,4.1887819217800215e-09,0.7581047,0.0001977422,4.1643384605948896e-09,4.1747448149285254e-09,4.1827784543239905e-09,0.5837423932943574,0.3353089835297698,0.14351997040886164
541,4.157034316101738e-09,4.1887814492098516e-09,0.758116,0.000209024,4.1643384605948896e-09,4.1747448149285254e-09,4.1827784543239905e-09,0.5837423932943574,0.3353089835297698,0.14351997040886164
542,4.157033850862743e-09,4.188780982311047e-09,0.7581271,0.0002201704,4.1643394701652455e-09,4.174746158395155e-09,4.182705855924398e-09,0.5837182915774756,0.33527691062652903,0.14525312953221625
543,4.157033392171938e-09,4.188780521475564e-09,0.7581381,0.000231172,4.1643404749525974e-09,4.174747537260876e-09,4.182634822924651e-09,0.5836943040464027,0.3352439926322235,0.14694891748707672
544,4.15703294046891e-09,4.18878006708914e-09,0.7581488,0.0002420197,4.164341472769641e-09,4.174748948671218e-09,4.182565383464579e-09,0.5836704829191892,0.3352102976923148,0.14860666248448762
545,4.1570324961854525e-09,4.188779619530593e-09,0.7581594,0.0002527044,4.1643424613316805e-09,4.174750389042227e-09,4.182497563681384e-09,0.5836468827389152,0.33517591136743147,0.15022574054472135
546,4.1570320597446855e-09,4.1887791791711466e-09,0.7581699,0.0002632172,4.164343438301121e-09,4.174751854126247e-09,4.182431387710738e-09,0.5836235593115514,0.33514093506285103,0.15180557547105342
547,4.157031631559787e-09,4.188778746373823e-09,0.7581801,0.0002735494,4.164344401334279e-09,4.174753339085433e-09,4.182366877705948e-09,0.5836005685884496,0.33510548427364034,0.1533456383922331
548,4.1570312120326585e-09,4.18877832149289e-09,0.7581901,0.0002836927,4.164345348128141e-09,4.174754838579763e-09,4.182304053875259e-09,0.5835779655499582,0.3350696864834248,0.15484544687195093
549,4.157030801552418e-09,4.188777904873391e-09,0.7581999,0.0002936388,4.1643462764657236e-09,4.174756346859624e-09,4.182242934536407e-09,0.5835558031226875,0.33503367895411146,0.1563045636064724
550,4.157030400494151e-09,4.188777496850745e-09,0.7582095,0.0003033796,4.1643480695927474e-09,4.174759365337069e-09,4.182125873597325e-09,0.5835129953682714,0.3349616181132176,0.15909918767116293
551,4.157030009217689e-09,4.1887770977504455e-09,0.7582188,0.0003129074,4.1643480695927474e-09,4.174759365337069e-09,4.182125873597325e-09,0.5835129953682714,0.3349616181132176,0.15909918767116293
552,4.157029628066896e-09,4.188776707887835e-09,0.7582279,0.0003222147,4.164348930748251e-09,4.174760862908648e-09,4.1820699599019556e-09,0.5834924367949962,0.33492586622529447,0.16043402882184643
553,4.157029257369346e-09,4.188776327567994e-09,0.7582368,0.0003312942,4.164349766242295e-09,4.1747623442229744e-09,4.182015806726805e-09,0.5834724908439408,0.3348905024506995,0.16172684064825374
554,4.15702889743651e-09,4.188775957085713e-09,0.7582454,0.0003401388,4.164350574844384e-09,4.174763803030383e-09,4.181963424313118e-09,0.5834531868910257,0.33485567598918686,0.16297737865866033
555,4.157028548564265e-09,4.1887755967255625e-09,0.7582537,0.0003487418,4.164351355591378e-09,4.1747652332866765e-09,4.181912821658307e-09,0.5834345479295086,0.33482153113533464,0.1641854280556706
556,4.157028211033895e-09,4.188775246762067e-09,0.7582617,0.0003570965,4.164352107792821e-09,4.1747666292459865e-09,4.181864006665486e-09,0.5834165904428302,0.33478820506165324,0.1653508001663272
557,4.157027885113196e-09,4.188774907459948e-09,0.7582695,0.0003651968,4.164352831028659e-09,4.174767985541057e-09,4.18181698630023e-09,0.583399324459039,0.3347558259019339,0.16647332869980513
558,4.157027571057708e-09,4.1887745790744626e-09,0.758277,0.0003730364,4.164353525137323e-09,4.174769297258212e-09,4.181771766752037e-09,0.5833827538353116,0.33472451096157446,0.1675528658927033
559,4.157027269111954e-09,4.188774261851794e-09,0.7582842,0.0003806095,4.16435419019373e-09,4.1747705599961136e-09,4.181728353598675e-09,0.5833668767831188,0.3346943653147372,0.16858927858561448
560,4.157026979510659e-09,4.1887739560295e-09,0.7582911,0.0003879105,4.164355434446334e-09,4.1747729237561455e-09,4.1816469667052985e-09,0.5833371724402635,0.33463793470073194,0.17053224754317747
561,4.15702670247964e-09,4.1887736618369894e-09,0.7582978,0.0003949338,4.164355434446334e-09,4.1747729237561455e-09,4.1816469667052985e-09,0.5833371724402635,0.33463793470073194,0.17053224754317747
562,4.1570264382366965e-09,4.188773379496018e-09,0.7583041,0.0004016742,4.164356014666106e-09,4.174774018886162e-09,4.181609002513866e-09,0.583323320713533,0.3346117903974095,0.1714385758522319
563,4.157026186992168e-09,4.188773109221157e-09,0.7583101,0.0004081266,4.1643565677863225e-09,4.174775053274745e-09,4.181572864111913e-09,0.5833101159410475,0.3345870961890101,0.17230131664815945
564,4.1570259489493545e-09,4.188772851220245e-09,0.7583157,0.0004142859,4.1643570944731255e-09,4.174776025499525e-09,4.181538556358058e-09,0.5832975422198237,0.3345638860320803,0.17312035394001418
565,4.157025724304636e-09,4.188772605694767e-09,0.7583211,0.0004201474,4.1643575953611785e-09,4.174776934722365e-09,4.181506084367562e-09,0.5832855843983883,0.33454217993567775,0.17389556560993696
566,4.157025513247562e-09,4.188772372840171e-09,0.7583262,0.0004257064,4.164358071000533e-09,4.174777780660265e-09,4.181475453609619e-09,0.5832742293452381,0.3345219846559297,0.17462682109053565
567,4.157025315960597e-09,4.188772152846067e-09,0.7583309,0.0004309583,4.164358521814161e-09,4.174778563551794e-09,4.181446669982577e-09,0.5832634669626362,0.3345032944974054,0.17531397956910827
568,4.157025132618869e-09,4.188771945896322e-09,0.7583352,0.0004358989,4.164358948061339e-09,4.174779284115877e-09,4.181419739866182e-09,0.583253291060833,0.33448609229707416,0.1759568887404511
569,4.157024963389616e-09,4.188771752169024e-09,0.7583393,0.0004405238,4.164359349810575e-09,4.17477994350849e-09,4.181394670148529e-09,0.5832437000043024,0.3344703504579872,0.17655538416342664
570,4.157024808431568e-09,4.188771571836329e-09,0.758343,0.0004448289,4.1643600790687595e-09,4.174781085354104e-09,4.181350141979069e-09,0.5832262902475824,0.3344430909019452,0.17761841590487823
571,4.157024667894237e-09,4.1887714050641406e-09,0.7583463,0.0004488103,4.1643600790687595e-09,4.174781085354104e-09,4.181350141979069e-09,0.5832262902475824,0.3344430909019452,0.17761841590487823
572,4.157024541917092e-09,4.188771252011698e-09,0.7583493,0.0004524642,4.1643604056974985e-09,4.174781571933944e-09,4.181330699715575e-09,0.5832184925608274,0.3344314746639311,0.17808256575587997
573,4.157024430628493e-09,4.188771112831022e-09,0.758352,0.0004557869,4.164360706098385e-09,4.174782005518559e-09,4.181313150095077e-09,0.5832113210179265,0.3344211235937234,0.17850153208361721
574,4.157024334144862e-09,4.188770987666269e-09,0.7583543,0.0004587749,4.164360979409354e-09,4.174782388830494e-09,4.18129750202389e-09,0.583204796199173,0.33441197269534695,0.17887510226550435
575,4.15702425256955e-09,4.188770876652988e-09,0.7583562,0.0004614252,4.1643612246570954e-09,4.1747827247801635e-09,4.181283764529635e-09,0.5831989413406198,0.3344039524877584,0.1792030607829677
576,4.157024185991921e-09,4.18877077991732e-09,0.7583578,0.0004637346,4.164361440794992e-09,4.174783016421341e-09,4.181271946615823e-09,0.5831937814284208,0.33439699006749807,0.1794851926929937
577,4.157024134486365e-09,4.18877069757516e-09,0.7583591,0.0004657004,4.164361626745183e-09,4.174783266900297e-09,4.181262057100896e-09,0.583189342194612,0.33439101032290347,0.17972128747081131
578,4.157024098111541e-09,4.18877062973129e-09,0.7583599,0.00046732,4.164361781435238e-09,4.174783479406371e-09,4.181254104444601e-09,0.5831856492415873,0.3343859371140998,0.17991114315480955
579,4.157024076909565e-09,4.188770576478527e-09,0.7583604,0.0004685913,4.164361903835034e-09,4.174783657112274e-09,4.181248096566458e-09,0.5831827271616965,0.33438169469815676,0.18005457068041875
580,4.157024070905585e-09,4.188770537896894e-09,0.7583606,0.0004695124,4.1643620480323355e-09,4.17478392038243e-09,4.1812419430136025e-09,0.5831792847046974,0.3343754095861548,0.1802014759335908
581,4.157024080107285e-09,4.188770514052839e-09,0.7583604,0.0004700816,4.1643620480323355e-09,4.17478392038243e-09,4.1812419430136025e-09,0.5831792847046974,0.3343754095861548,0.1802014759335908
582,4.157024104504814e-09,4.188770504998523e-09,0.7583598,0.0004702978,4.164362068228319e-09,4.174784011676946e-09,4.181241808823305e-09,0.5831788025611048,0.33437323009012176,0.18020467949095742
583,4.157024144070758e-09,4.188770510771186e-09,0.7583588,0.00047016,4.164362052965735e-09,4.174784079511095e-09,4.181243642034434e-09,0.5831791669284605,0.3343716106691067,0.1801609147990336
584,4.1570241987603415e-09,4.188770531392609e-09,0.7583575,0.0004696677,4.164362001776374e-09,4.174784126091509e-09,4.1812474451836266e-09,0.583180388984432,0.3343704986436392,0.18007012130003153
585,4.157024268511817e-09,4.18877056686867e-09,0.7583559,0.0004688208,4.164361914340202e-09,4.174784153270255e-09,4.1812532192652805e-09,0.5831824763692809,0.334369849798869,0.1799322752544756
586,4.157024353247008e-09,4.188770617189025e-09,0.7583538,0.0004676194,4.164361790489197e-09,4.174784162514819e-09,4.181260963618186e-09,0.5831854330942341,0.3343696291011626,0.1797473924475753
587,4.15702445287206e-09,4.1887706823268826e-09,0.7583515,0.0004660644,4.164361630207589e-09,4.174784154884477e-09,4.181270675836708e-09,0.5831892595357577,0.33436981126217036,0.17951553030965023
588,4.157024567278297e-09,4.188770762238908e-09,0.7583487,0.0004641566,4.164361433632768e-09,4.174784131017209e-09,4.181282351708122e-09,0.5831939524139332,0.334370381051212,0.17923678941208146
589,4.157024696343052e-09,4.188770856865228e-09,0.7583457,0.0004618976,4.164361201053498e-09,4.174784091137742e-09,4.1812959851776005e-09,0.5831995048349934,0.33437133310337036,0.1789113143032417
590,4.1570248399308546e-09,4.188770966129555e-09,0.7583422,0.0004592891,4.164360629771444e-09,4.1747839622637474e-09,4.181329091465762e-09,0.5832131431894251,0.33437440974335103,0.1781209598919934
591,4.157024997894386e-09,4.188771089939405e-09,0.7583385,0.0004563334,4.164360629771444e-09,4.1747839622637474e-09,4.181329091465762e-09,0.5832131431894251,0.33437440974335103,0.1781209598919934
592,4.157025170075628e-09,4.188771228186422e-09,0.7583343,0.000453033,4.164360292362928e-09,4.174783871835333e-09,4.1813485430369696e-09,0.5832211982243847,0.33437656856272324,0.17765658783570315
593,4.157025356306905e-09,4.1887713807467825e-09,0.7583299,0.0004493908,4.164359921519931e-09,4.174783762607522e-09,4.181369909829975e-09,0.583230051448815,0.33437917618463103,0.17714649322697043
594,4.157025556411806e-09,4.188771547481677e-09,0.7583251,0.0004454103,4.164359518189303e-09,4.174783633160738e-09,4.1813931770033665e-09,0.5832396802582864,0.3343822664989534,0.176591030378424
595,4.1570257702061475e-09,4.18877172823786e-09,0.75832,0.0004410951,4.1643590834081544e-09,4.174783481888513e-09,4.181418328212546e-09,0.5832500598936224,0.33438587785731566,0.17599058948856827
596,4.157025997498496e-09,4.188771922848238e-09,0.7583146,0.0004364491,4.164358618279766e-09,4.174783307046896e-09,4.181445345737429e-09,0.583261164015947,0.33439005189345355,0.17534559359328536
597,4.157026238090876e-09,4.188772131132496e-09,0.7583088,0.0004314767,4.1643581239476415e-09,4.174783106810948e-09,4.1814742106229935e-09,0.5832729653261229,0.33439483217459876,0.17465649521038243
598,4.157026491778922e-09,4.188772352897748e-09,0.7583028,0.0004261824,4.164357601565398e-09,4.174782879326515e-09,4.181504902826524e-09,0.5832854362835609,0.33440026296538483,0.173923772824441
599,4.15702675835194e-09,4.188772587939163e-09,0.7582964,0.0004205712,4.1643570522685145e-09,4.17478262275855e-09,4.181537401368789e-09,0.5832985497806941,0.3344063880743775,0.17314792727772754
600,4.157027037592788e-09,4.188772836040592e-09,0.7582898,0.0004146483,4.16435587719885e-09,4.1747820154141295e-09,4.181607729764943e-09,0.5833266025025263,0.3344208873543731,0.17146896049457566
601,4.157027329277381e-09,4.1887730969751535e-09,0.7582828,0.0004084189,4.16435587719885e-09,4.1747820154141295e-09,4.181607729764943e-09,0.5833266025025263,0.3344208873543731,0.17146896049457566
602,4.157027633174177e-09,4.188773370505765e-09,0.7582755,0.0004018888,4.164355253348857e-09,4.1747816614783e-09,4.181645514300322e-09,0.5833414958240443,0.33442933694989796,0.17056692115789202
603,4.157027949043314e-09,4.188773656385612e-09,0.758268,0.000395064,4.164354606390192e-09,4.17478127222137e-09,4.1816850147990225e-09,0.583356940824484,0.3344386297745765,0.16962391621446893
604,4.1570282766358125e-09,4.1887739543585505e-09,0.7582602,0.0003879504,4.164353936995791e-09,4.1747808465629345e-09,4.181726207701123e-09,0.583372921438656,0.334448791621188,0.16864050811603265
605,4.157028615692572e-09,4.188774264159422e-09,0.7582521,0.0003805544,4.1643532457134394e-09,4.1747803836897284e-09,4.181769069270795e-09,0.5833894245891457,0.3344598419050032,0.1676172635137301
606,4.157028965943531e-09,4.188774585514292e-09,0.7582437,0.0003728827,4.164352532973558e-09,4.174779883084853e-09,4.181813575671832e-09,0.5834064400004293,0.3344717929660657,0.16655475145508492
607,4.157029327106687e-09,4.188774918140614e-09,0.7582351,0.0003649418,4.164351799104804e-09,4.174779344562647e-09,4.181859703022673e-09,0.5834239598263979,0.3344846492367376,0.16545354207037513
608,4.1570296988874305e-09,4.188775261747314e-09,0.7582262,0.0003567388,4.164351044358449e-09,4.1747787682928775e-09,4.181907427432315e-09,0.5834419780683784,0.334498406664085,0.16431420571527666
609,4.157030080977926e-09,4.188775616034815e-09,0.7582171,0.0003482808,4.16435026893886e-09,4.174778154821628e-09,4.181956725016495e-09,0.5834604898474588,0.3345130522113532,0.1631373125845629
610,4.157030473056711e-09,4.188775980695017e-09,0.7582077,0.0003395752,4.164348656871422e-09,4.1747768204347875e-09,4.182059944173278e-09,0.5834989751226668,0.33454490835060585,0.1606731367310103
611,4.1570308747885684e-09,4.188776355411244e-09,0.7581982,0.0003306295,4.164348656871422e-09,4.1747768204347875e-09,4.182059944173278e-09,0.5834989751226668,0.33454490835060585,0.1606731367310103
612,4.157031285824597e-09,4.188776739858172e-09,0.7581883,0.0003214515,4.164347820720454e-09,4.174776102603164e-09,4.1821138179060024e-09,0.5835189367566199,0.3345620453182882,0.15938699610111634
613,4.157031705802508e-09,4.188777133701779e-09,0.7581783,0.0003120492,4.164346964964085e-09,4.174775353728145e-09,4.182169169052067e-09,0.5835393664350554,0.33457992339244036,0.15806558482581412
614,4.157032134347224e-09,4.188777536599303e-09,0.7581681,0.0003024307,4.164346090113957e-09,4.174774576316358e-09,4.1822259734164e-09,0.5835602519434052,0.3345984827317526,0.15670948051989486
615,4.157032571071595e-09,4.188777948199261e-09,0.7581577,0.0002926045,4.164345196841222e-09,4.174773773219935e-09,4.182284206586587e-09,0.583581577259095,0.33461765524656956,0.15531926598682047
616,4.157033015577446e-09,4.18877836814152e-09,0.758147,0.0002825791,4.164344285996133e-09,4.174772947592905e-09,4.182343843865095e-09,0.5836033220838455,0.334637365640017,0.15389553083675347
617,4.157033467456577e-09,4.188778796057448e-09,0.7581363,0.0002723633,4.164343358620447e-09,4.174772102846009e-09,4.182404860200655e-09,0.5836254615475194,0.33465753248664865,0.1524388731247092
618,4.157033926292096e-09,4.188779231570148e-09,0.7581253,0.0002619662,4.164342415950925e-09,4.174771242587234e-09,4.182467230122833e-09,0.5836479661246483,0.33467806965209274,0.15094990091246333
619,4.157034391659688e-09,4.1887796742947905e-09,0.7581142,0.000251397,4.164341459414811e-09,4.1747703705598195e-09,4.182530927680348e-09,0.5836708017422744,0.33469888777312606,0.14942923374125977
620,4.157034863129021e-09,4.18878012383903e-09,0.7581029,0.0002406649,4.164339511312018e-09,4.174768606434636e-09,4.182662199184658e-09,0.5837173092706337,0.33474100315959693,0.1462953574215532
621,4.157035340265053e-09,4.188780579803522e-09,0.7580915,0.0002297795,4.164339511312018e-09,4.174768606434636e-09,4.182662199184658e-09,0.5837173092706337,0.33474100315959693,0.1462953574215532
622,4.157035822629484e-09,4.188781041782524e-09,0.75808,0.0002187506,4.1643385233915085e-09,4.174767721872371e-09,4.182729718399543e-09,0.5837408941355107,0.3347621205281545,0.14468345490115025
623,4.157036309782013e-09,4.188781509364575e-09,0.7580684,0.0002075879,4.1643375288363435e-09,4.174766840471175e-09,4.182798455736122e-09,0.5837646373911138,0.3347831624317275,0.14304247186744
624,4.157036801281526e-09,4.188781982133238e-09,0.7580567,0.0001963014,4.1643365296878785e-09,4.174765965605917e-09,4.182868382267067e-09,0.5837884903036776,0.3348040483012784,0.14137309890945524
625,4.157037296687235e-09,4.1887824596678906e-09,0.7580448,0.0001849011,4.1643355280076055e-09,4.17476510038271e-09,4.1829394684451895e-09,0.5838124036587038,0.3348247039838257,0.1396760414143995
626,4.157037795559706e-09,4.188782941544558e-09,0.7580329,0.0001733971,4.164334525839827e-09,4.174764247588692e-09,4.183011684128709e-09,0.5838363286520669,0.33484506294133287,0.13795201896426312
627,4.157038297461689e-09,4.188783427336748e-09,0.758021,0.0001617997,4.164333525173552e-09,4.174763409653505e-09,4.183084998620431e-09,0.5838602177996812,0.33486506717038844,0.136201764400602
628,4.157038801958805e-09,4.188783916616309e-09,0.7580089,0.000150119,4.164332527910181e-09,4.174762588621406e-09,4.183159380721215e-09,0.583884025708937,0.3348846678679332,0.13442602254800115
629,4.157039308620161e-09,4.188784408954251e-09,0.7579968,0.0001383653,4.164331535834072e-09,4.174761786134678e-09,4.183234798794253e-09,0.5839077097814338,0.33490382582735473,0.13262554867961626
630,4.157039817018777e-09,4.188784903921548e-09,0.7579847,0.0001265488,4.1643295736689346e-09,4.174760241373511e-09,4.183388614585699e-09,0.5839545530235518,0.33494070428369993,0.12895346714949324
631,4.157040326731902e-09,4.188785401089902e-09,0.7579725,0.0001146798,4.1643295736689346e-09,4.174760241373511e-09,4.183388614585699e-09,0.5839545530235518,0.33494070428369993,0.12895346714949324
632,4.157040837341192e-09,4.1887859000324485e-09,0.7579603,0.0001027684,4.164328606398929e-09,4.174759500437806e-09,4.183466947565673e-09,0.5839776448939501,0.33495839282070544,0.12708340500399468
633,4.157041348432825e-09,4.188786400324414e-09,0.7579481,9.082484e-05,4.164327649947234e-09,4.174758780789487e-09,4.183546187228139e-09,0.584000478496227,0.3349755731587765,0.12519169740842906
634,4.15704185959753e-09,4.188786901543703e-09,0.7579359,7.885911e-05,4.1643267053282144e-09,4.174758082314725e-09,4.183626301028095e-09,0.5840230296141635,0.33499224801544325,0.1232791213175031
635,4.157042370430561e-09,4.188787403271437e-09,0.7579237,6.688124e-05,4.164325773420174e-09,4.174757404680907e-09,4.183707256527154e-09,0.584045277279843,0.33500842533118813,0.12134645114065064
636,4.157042880531578e-09,4.188787905092422e-09,0.7579115,5.490115e-05,4.1643248549880036e-09,4.174756747404666e-09,4.183789021491083e-09,0.5840672032328079,0.3350241166456105,0.11939445641348863
637,4.157043389504603e-09,4.188788406595575e-09,0.7578994,4.292864e-05,4.164323950711187e-09,4.174756109921305e-09,4.183871563983154e-09,0.5840887912516073,0.3350393354398032,0.1174238995692545
638,4.157043896957838e-09,4.1887889073742995e-09,0.7578873,3.097343e-05,4.164323061216214e-09,4.1747554916573425e-09,4.183954852453179e-09,0.5841100263798731,0.3350540954046761,0.11543553381320684
639,4.157044402503681e-09,4.188789407026824e-09,0.7578752,1.904511e-05,4.164322187109397e-09,4.174754892100621e-09,4.184038855818684e-09,0.584130894142977,0.33506840876706084,0.11343010118472596
640,4.157044905758543e-09,4.188789905156518e-09,0.7578632,7.153136e-06,4.164320487584072e-09,4.174753747760681e-09,4.184208885681196e-09,0.5841714673214449,0.33509572787076747,0.10937093722092853
641,4.15704540634291e-09,4.188790401372185e-09,0.7578512,4.69314e-06,4.164320487584072e-09,4.174753747760681e-09,4.184208885681196e-09,0.5841714673214449,0.33509572787076747,0.10937093722092853
642,4.1570459038813285e-09,4.1887908952883625e-09,0.7578394,1.648452e-05,4.164319663566014e-09,4.174753202823831e-09,4.184294852972407e-09,0.5841911393035112,0.33510873727976953,0.10731861931986694
643,4.1570463980025014e-09,4.188791386525609e-09,0.7578276,2.821195e-05,4.1643188577854065e-09,4.17475267637246e-09,4.184381416848006e-09,0.5842103758985139,0.3351213053804649,0.10525205901564193
644,4.157046888339521e-09,4.188791874710815e-09,0.7578159,3.986651e-05,4.164318071178886e-09,4.174752169025035e-09,4.184468549484693e-09,0.5842291547459244,0.3351334174080559,0.10317192054063729
645,4.15704737453015e-09,4.18879235947752e-09,0.7578043,5.143946e-05,4.164317304797247e-09,4.174751681710181e-09,4.1845562238255395e-09,0.5842474507598444,0.33514505119322874,0.1010788498314312
646,4.157047856217166e-09,4.188792840466262e-09,0.7577928,6.292222e-05,4.164316559804618e-09,4.174751215665139e-09,4.184644413594923e-09,0.584265236148753,0.335156177199042,0.09897347417229503
647,4.15704833304896e-09,4.188793317324939e-09,0.7577814,7.430638e-05,4.164315837467917e-09,4.174750772417701e-09,4.184733093303753e-09,0.5842824806672481,0.33516675895217185,0.09685640207046811
648,4.157048804680042e-09,4.188793789709192e-09,0.7577701,8.558373e-05,4.164315139141972e-09,4.174750353757836e-09,4.184822238246528e-09,0.5842991519711452,0.3351767537202116,0.09472822332632068
649,4.157049270771797e-09,4.188794257282814e-09,0.757759,9.674623e-05,4.164314466245672e-09,4.174749961695876e-09,4.184911824490219e-09,0.5843152161869953,0.3351861135100449,0.09258950929885869
650,4.157049730993216e-09,4.18879471971816e-09,0.757748,0.0001077861,4.164313202573341e-09,4.1747492662168e-09,4.185092228897122e-09,0.584345384141675,0.33520271684995967,0.0882826713317385
651,4.157050185021758e-09,4.188795176696565e-09,0.7577372,0.0001186956,4.164313202573341e-09,4.1747492662168e-09,4.185092228897122e-09,0.584345384141675,0.33520271684995967,0.0882826713317385
652,4.157050632544049e-09,4.18879562790877e-09,0.7577265,0.0001294675,4.164312614698425e-09,4.174748967463659e-09,4.185183002866877e-09,0.584359418621502,0.33520984905583584,0.08611560243314595
653,4.1570510732568366e-09,4.188796073055319e-09,0.757716,0.0001400946,4.16431205799331e-09,4.174748704520506e-09,4.185274129689059e-09,0.5843727089771475,0.3352161263612236,0.08394010980337267
654,4.157051506867531e-09,4.18879651184695e-09,0.7577056,0.00015057,4.164311533757033e-09,4.1747484796999e-09,4.185365588920752e-09,0.5843852241963559,0.33522149355782926,0.08175668148106924
655,4.157051933095004e-09,4.188796944004953e-09,0.7576954,0.000160887,4.164311043179967e-09,4.174748295209977e-09,4.185457360714795e-09,0.584396935861117,0.33522589793032104,0.0795657912823148
656,4.1570523516699765e-09,4.188797369261494e-09,0.7576854,0.0001710392,4.164310587324275e-09,4.174748153112141e-09,4.185549425781067e-09,0.5844078186141232,0.33522929026627424,0.07736789972481915
657,4.157052762335468e-09,4.188797787359898e-09,0.7576756,0.0001810206,4.1643101671096616e-09,4.174748055280972e-09,4.185641765347015e-09,0.5844178504990571,0.3352316258133912,0.07516345497029228
658,4.157053164847021e-09,4.188798198054891e-09,0.757666,0.0001908252,4.164309783304691e-09,4.174748003378594e-09,4.1857343611185274e-09,0.584427013167802,0.3352328648913964,0.07295289375844102
659,4.15705355897272e-09,4.188798601112792e-09,0.7576566,0.0002004475,4.1643094365246516e-09,4.174747998834246e-09,4.185827195241507e-09,0.5844352919314104,0.3352329733797011,0.07073664232447668
660,4.157053944493227e-09,4.188798996311652e-09,0.7576474,0.0002098822,4.164308855756337e-09,4.174748136317688e-09,4.186013509106538e-09,0.5844491567536246,0.3352296912042891,0.06628872643654407
661,4.1570543212015725e-09,4.188799383441362e-09,0.7576384,0.0002191242,4.164308855756337e-09,4.174748136317688e-09,4.186013509106538e-09,0.5844491567536246,0.3352296912042891,0.06628872643654407
662,4.157054688902886e-09,4.1887997623037005e-09,0.7576296,0.0002281689,4.1643086222800685e-09,4.17474827998601e-09,4.186106955016469e-09,0.5844547305889536,0.3352262613757458,0.06405786966495765
663,4.157055047414098e-09,4.188800132712352e-09,0.7576211,0.0002370118,4.164308426878153e-09,4.1747484743089764e-09,4.1862005715489595e-09,0.5844593954660677,0.33522162225665536,0.061822939579801
664,4.157055396563626e-09,4.1888004944928825e-09,0.7576127,0.0002456486,4.164308269520409e-09,4.174748719544173e-09,4.186294342531629e-09,0.5844631521054738,0.3352157676975925,0.05958432226823163
665,4.157055736190952e-09,4.188800847482685e-09,0.7576046,0.0002540757,4.164308150090204e-09,4.174749015754611e-09,4.186388252039165e-09,0.5844660032916064,0.3352086961942729,0.05734239791909079
666,4.157056066146308e-09,4.188801191530907e-09,0.7575968,0.0002622892,4.1643080684004274e-09,4.174749362832414e-09,4.186482284368405e-09,0.5844679534913657,0.33520041032208425,0.05509754141773705
667,4.157056386290414e-09,4.188801526498343e-09,0.7575891,0.000270286,4.164308024207459e-09,4.174749760522051e-09,4.186576424016284e-09,0.5844690085207803,0.33519091618135965,0.05285012287261303
668,4.157056696494257e-09,4.188801852257324e-09,0.7575817,0.0002780629,4.164308017225115e-09,4.174750208444643e-09,4.186670655659442e-09,0.5844691752119657,0.335180222817157,0.050600508101961456
669,4.157056996638808e-09,4.188802168691587e-09,0.7575745,0.0002856172,4.164308047134776e-09,4.174750706123086e-09,4.186764964136214e-09,0.5844684611713955,0.3351683416195082,0.0483490590639057
670,4.1570572866150486e-09,4.188802475696142e-09,0.7575676,0.0002929464,4.164308216250284e-09,4.174751848482076e-09,4.186953751655101e-09,0.5844644238360401,0.33514106980750713,0.043842089040157316
671,4.1570575663239194e-09,4.188802773177124e-09,0.7575609,0.0003000482,4.164308216250284e-09,4.174751848482076e-09,4.186953751655101e-09,0.5844644238360401,0.33514106980750713,0.043842089040157316
672,4.157057835676315e-09,4.188803061051651e-09,0.7575545,0.0003069207,4.164308354732611e-09,4.174752491921113e-09,4.1870482010428284e-09,0.5844611178140027,0.3351257088320131,0.04158727600084333
673,4.157058094593324e-09,4.18880333924768e-09,0.7575483,0.0003135622,4.164308528668857e-09,4.174753182672954e-09,4.187142667930013e-09,0.5844569653920175,0.3351092183465121,0.03933204519275499
674,4.157058343006248e-09,4.18880360770385e-09,0.7575424,0.0003199711,4.164308737681546e-09,4.174753920097029e-09,4.187237137748447e-09,0.5844519755816114,0.3350916136435138,0.037076744406243575
675,4.157058580857015e-09,4.188803866369335e-09,0.7575367,0.0003261463,4.164308981390355e-09,4.174754703576756e-09,4.187331596014426e-09,0.5844461574623805,0.33507290944281143,0.03482171941427732
676,4.157058808098324e-09,4.188804115203698e-09,0.7575313,0.0003320868,4.164309259412125e-09,4.174755532534231e-09,4.1874260283196274e-09,0.5844395201815167,0.3350531195408454,0.03256731419021663
677,4.157059024693965e-09,4.188804354176731e-09,0.7575261,0.0003377918,4.164309571360717e-09,4.174756406442545e-09,4.187520420322261e-09,0.5844320729574607,0.33503225651664353,0.030313871119092374
678,4.15705923061913e-09,4.188804583268309e-09,0.7575212,0.000343261,4.164309916845474e-09,4.174757324836772e-09,4.187614757738041e-09,0.5844238251164352,0.3350103314695153,0.02806173121311023
679,4.157059425860587e-09,4.188804802468232e-09,0.7575165,0.000348494,4.164310295469726e-09,4.174758287319732e-09,4.187709026331528e-09,0.5844147861282466,0.33498735388139234,0.025811234318347497
680,4.157059610416995e-09,4.188805011776062e-09,0.7575121,0.0003534908,4.1643111505019175e-09,4.1747603433342675e-09,4.187897300297549e-09,0.5843943737382777,0.33493827014994254,0.02131652446618452
681,4.157059784299018e-09,4.188805211200973e-09,0.757508,0.0003582518,4.1643111505019175e-09,4.1747603433342675e-09,4.187897300297549e-09,0.5843943737382777,0.33493827014994254,0.02131652446618452
682,4.157059947529451e-09,4.188805400761575e-09,0.7575041,0.0003627772,4.164311626058135e-09,4.1747614364403535e-09,4.1879912773570455e-09,0.584383020669868,0.33491217416440483,0.019072987432763786
683,4.157060100143213e-09,4.188805580485742e-09,0.7575004,0.0003670678,4.16431213304179e-09,4.174762572776941e-09,4.1880851289463185e-09,0.5843709173266471,0.33488504612667525,0.016832445780289494
684,4.157060242187345e-09,4.188805750410439e-09,0.7574971,0.0003711244,4.164312670972706e-09,4.174763752290544e-09,4.188178840921663e-09,0.584358075172009,0.33485688731360624,0.01459523716484314
685,4.15706037372082e-09,4.188805910581531e-09,0.7574939,0.0003749482,4.164313239338897e-09,4.174764974972185e-09,4.188272399120928e-09,0.5843445064286973,0.3348276979395568,0.012361699682875097
686,4.157060494814393e-09,4.1888060610535845e-09,0.757491,0.0003785405,4.1643138375914505e-09,4.174766240842302e-09,4.188365789348762e-09,0.5843302242010229,0.3347974775166061,0.01013217222344044
687,4.157060605550322e-09,4.188806201889664e-09,0.7574884,0.0003819027,4.164314465138689e-09,4.174767549929037e-09,4.1884589973601316e-09,0.5843152426142613,0.33476622537288553,0.007906994861647781
688,4.157060706021996e-09,4.188806333161109e-09,0.757486,0.0003850366,4.16431512134111e-09,4.174768902250521e-09,4.1885520088427e-09,0.5842995769354282,0.33473394107555,0.005686509279379406
689,4.1570607963335666e-09,4.1888064549473075e-09,0.7574838,0.000387944,4.164315805506771e-09,4.174770297791269e-09,4.188644809398451e-09,0.5842832436833917,0.3347006249943119,0.003471059203961828
690,4.15706087659959e-09,4.1888065673354465e-09,0.7574819,0.0003906271,4.164317254681287e-09,4.1747732181582835e-09,4.188829719590752e-09,0.5842486471902583,0.3346309063674036,0.0009433464659431807
691,4.157060946944461e-09,4.18880667042026e-09,0.7574802,0.0003930881,4.164317254681287e-09,4.1747732181582835e-09,4.188829719590752e-09,0.5842486471902583,0.3346309063674036,0.0009433464659431807
692,4.157061007502041e-09,4.188806764303762e-09,0.7574788,0.0003953294,4.164318018022244e-09,4.174774742572265e-09,4.188921799823393e-09,0.5842304237672743,0.3345945136643328,0.003141600093826631
693,4.15706105841508e-09,4.188806849094964e-09,0.7574776,0.0003973536,4.164318805991792e-09,4.174776309336086e-09,4.189013610280641e-09,0.5842116123799819,0.33455710993332616,0.005333413308613868
694,4.157061099834722e-09,4.188806924909599e-09,0.7574766,0.0003991635,4.164319617617041e-09,4.174777917917017e-09,4.1891051358347826e-09,0.5841922362544416,0.334518707892335,0.00751842496273669
695,4.157061131920086e-09,4.1888069918698204e-09,0.7574758,0.0004007621,4.164320451875905e-09,4.174779567616123e-09,4.189196361153048e-09,0.5841723197911367,0.3344793242272317,0.009696269013304976
696,4.157061154837704e-09,4.188807050103926e-09,0.7574753,0.0004021523,4.164321307703816e-09,4.174781257552073e-09,4.189287270680534e-09,0.5841518884047612,0.3344389799782479,0.011866574114321167
697,4.157061168761109e-09,4.188807099746056e-09,0.7574749,0.0004033375,4.1643221840008275e-09,4.174782986647181e-09,4.1893778486257056e-09,0.5841309683546088,0.33439770087321347,0.014028963270704376
698,4.157061173870364e-09,4.1888071409359245e-09,0.7574748,0.0004043208,4.164323079640075e-09,4.174784753616769e-09,4.189468078948431e-09,0.5841095865425958,0.33435551758158805,0.016183053552485074
699,4.157061170351795e-09,4.188807173818543e-09,0.7574749,0.0004051058,4.164323993476471e-09,4.1747865569617315e-09,4.189557945351872e-09,0.5840877703056563,0.33431246589185254,0.01832845590131926
700,4.157061158397516e-09,4.188807198543974e-09,0.7574752,0.0004056961,4.1643258711253886e-09,4.174790265694131e-09,4.189736519911846e-09,0.5840429447396555,0.33422392642775073,0.022591609490869774
701,4.1570611382052756e-09,4.188807215267091e-09,0.7574757,0.0004060953,4.1643258711253886e-09,4.174790265694131e-09,4.189736519911846e-09,0.5840429447396555,0.33422392642775073,0.022591609490869774
702,4.157061109978201e-09,4.188807224147375e-09,0.7574763,0.0004063073,4.1643268326383236e-09,4.174792166996094e-09,4.189825194180401e-09,0.5840199903091879,0.3341785361868916,0.02470855171569627
703,4.1570610739246425e-09,4.1888072253487316e-09,0.7574772,0.000406336,4.164327807765778e-09,4.174794096513155e-09,4.18991343677162e-09,0.5839967108560119,0.33413247236019433,0.02681518840325059
704,4.157061030258074e-09,4.188807219039334e-09,0.7574782,0.0004061854,4.164328795401478e-09,4.174796051687992e-09,4.190001230148636e-09,0.5839731327904696,0.3340857959991931,0.028911100891678483
705,4.157060979196984e-09,4.188807205391493e-09,0.7574795,0.0004058596,4.164329794467628e-09,4.174798029779608e-09,4.190088556574299e-09,0.5839492818430371,0.3340385725404097,0.03099586573770724
706,4.1570609209649025e-09,4.1888071845815735e-09,0.7574809,0.0004053628,4.164330803920363e-09,4.174800027880492e-09,4.190175398141503e-09,0.5839251829341485,0.33399087139553424,0.033069055440667426
707,4.157060855790295e-09,4.1888071567899154e-09,0.7574824,0.0004046993,4.164331822752107e-09,4.174802042936687e-09,4.190261736809184e-09,0.5839008601178965,0.33394276547243007,0.03513023930186378
708,4.157060783906584e-09,4.1888071222008014e-09,0.7574841,0.0004038735,4.1643328499949785e-09,4.174804071774732e-09,4.190347554444964e-09,0.5838763365007906,0.3338943305318991,0.03717898444269622
709,4.157060705552153e-09,4.188807081002436e-09,0.757486,0.00040289,4.164333884721956e-09,4.174806111126599e-09,4.1904328328720074e-09,0.5838516342138146,0.33384564459235444,0.03921485692315722
710,4.15706062097015e-09,4.188807033386953e-09,0.757488,0.0004017532,4.164335973127e-09,4.174810208020566e-09,4.190601699491776e-09,0.5838017772159153,0.3337478384534273,0.043246250512060005
711,4.1570605304085985e-09,4.188806979550439e-09,0.7574902,0.000400468,4.164335973127e-09,4.174810208020566e-09,4.190601699491776e-09,0.5838017772159153,0.3337478384534273,0.043246250512060005
712,4.157060434120121e-09,4.188806919692967e-09,0.7574925,0.000399039,4.164337025156623e-09,4.174812258846376e-09,4.190685251602062e-09,0.5837766618587031,0.33369887859365005,0.04524091021572574
713,4.1570603323618125e-09,4.18880685401864e-09,0.7574949,0.0003974711,4.164338081370909e-09,4.174814306824828e-09,4.1907681924604496e-09,0.5837514466000236,0.33364998670956547,0.04722097735523099
714,4.157060225395033e-09,4.188806782735637e-09,0.7574975,0.0003957694,4.164339141041672e-09,4.174816348718513e-09,4.19085050452388e-09,0.5837261488240202,0.3336012400885742,0.04918603312089185
715,4.157060113485151e-09,4.188806706056259e-09,0.7575001,0.0003939388,4.164340203474793e-09,4.174818381404116e-09,4.190932170561605e-09,0.5837007851015753,0.3335527132943662,0.05113566615888389
716,4.157059996901175e-09,4.188806624196963e-09,0.7575029,0.0003919846,4.164341268007479e-09,4.17482040190774e-09,4.191013173716533e-09,0.583675371255715,0.33350447732346566,0.053069474035814225
717,4.157059875915403e-09,4.188806537378389e-09,0.7575058,0.0003899119,4.164342334004794e-09,4.174822407439622e-09,4.191093497563948e-09,0.5836499224444289,0.3334565987765875,0.054987064640457044
718,4.1570597508030555e-09,4.188806445825372e-09,0.7575088,0.0003877262,4.1643434008557295e-09,4.174824395424091e-09,4.191173126166327e-09,0.583624453254432,0.33340913914332426,0.05688805749245879
719,4.157059621841802e-09,4.188806349766925e-09,0.7575119,0.000385433,4.164344467969306e-09,4.17482636352921e-09,4.191252044122764e-09,0.5835989777943528,0.3333621540945937,0.05877208492230944
720,4.157059489311304e-09,4.188806249436203e-09,0.757515,0.0003830378,4.164346600690593e-09,4.1748302321242694e-09,4.19140768942612e-09,0.5835480628240913,0.3332697981906139,0.06248784283203474
721,4.157059353492746e-09,4.188806145070438e-09,0.7575183,0.0003805463,4.164346600690593e-09,4.1748302321242694e-09,4.19140768942612e-09,0.5835480628240913,0.3332697981906139,0.06248784283203474
722,4.15705921466838e-09,4.1888060369108384e-09,0.7575216,0.0003779641,4.1643476651729625e-09,4.174832129357995e-09,4.191484389001348e-09,0.5835226501794505,0.33322450507176393,0.0643189103116303
723,4.157059073120988e-09,4.188805925202456e-09,0.757525,0.0003752973,4.164348727656964e-09,4.174834000221951e-09,4.19156032243129e-09,0.583497285242338,0.3331798414848043,0.06613168741981332
724,4.157058929133548e-09,4.18880581019401e-09,0.7575284,0.0003725517,4.164349787578548e-09,4.17483584386293e-09,4.1916354774764725e-09,0.5834719814784238,0.33313582779853246,0.06792588196066829
725,4.157058782988699e-09,4.188805692137687e-09,0.7575319,0.0003697333,4.1643508443655685e-09,4.174837659739533e-09,4.191709842560757e-09,0.5834467525467061,0.3330924769379324,0.06970121757425991
726,4.1570586349684e-09,4.188805571288879e-09,0.7575354,0.0003668482,4.164351897431838e-09,4.174839447614675e-09,4.1917834067574965e-09,0.5834216124413762,0.33304979456294875,0.0714574334061194
727,4.1570584853535605e-09,4.188805447905901e-09,0.757539,0.0003639027,4.164352946175393e-09,4.174841207543668e-09,4.191856159765202e-09,0.5833965755332501,0.3330077793531462,0.07319428352629329
728,4.15705833442371e-09,4.1888053222496525e-09,0.7575426,0.0003609029,4.164353989974166e-09,4.174842939855966e-09,4.191928091872175e-09,0.5833716566731058,0.3329664234433592,0.07491153608505964
729,4.15705818245668e-09,4.188805194583256e-09,0.7575462,0.000357855,4.164355028184861e-09,4.174844645130854e-09,4.191999193911394e-09,0.5833468712185014,0.33292571300420853,0.0766089722359003
730,4.157058029728326e-09,4.188805065171646e-09,0.7575499,0.0003547656,4.1643570851529035e-09,4.174847977981568e-09,4.192138873504424e-09,0.5832977647237335,0.33284614705435195,0.07994357688786406
731,4.157057876512287e-09,4.1888049342811275e-09,0.7575535,0.0003516408,4.1643570851529035e-09,4.174847977981568e-09,4.192138873504424e-09,0.5832977647237335,0.33284614705435195,0.07994357688786406
732,4.157057723079705e-09,4.188804802178914e-09,0.7575572,0.0003484871,4.164358102507175e-09,4.17484960771325e-09,4.1922074349120796e-09,0.5832734771795659,0.3328072400763748,0.08158035992792356
733,4.157057569699015e-09,4.188804669132622e-09,0.7575609,0.0003453108,4.164359111469179e-09,4.174851214650783e-09,4.192275133811028e-09,0.5832493899860096,0.3327688772686353,0.08319655208934705
734,4.157057416635666e-09,4.188804535409758e-09,0.7575645,0.0003421184,4.164360111283584e-09,4.174852800161815e-09,4.192341962778308e-09,0.5832255211753007,0.3327310259809223,0.08479197616199836
735,4.157057264151859e-09,4.188804401277181e-09,0.7575682,0.0003389163,4.1643611011774166e-09,4.1748543656623366e-09,4.192407914499261e-09,0.5832018892008096,0.33269365240896204,0.08636645752125946
736,4.157057112506282e-09,4.188804267000553e-09,0.7575718,0.0003357106,4.1643620803627485e-09,4.174855912574669e-09,4.192472981678219e-09,0.5831785128729419,0.33265672259733364,0.08791982199589478
737,4.157056961953845e-09,4.188804132843796e-09,0.7575754,0.0003325079,4.164363048039942e-09,4.17485744229193e-09,4.192537156949001e-09,0.5831554112816478,0.33262020328778125,0.08945189373127484
738,4.157056812745313e-09,4.188803999068521e-09,0.7575789,0.0003293142,4.164364003400815e-09,4.174858956138326e-09,4.19260043278541e-09,0.5831326037208302,0.3325840628672315,0.09096249305269866
739,4.157056665127045e-09,4.188803865933492e-09,0.7575825,0.0003261359,4.164364945631977e-09,4.1748604553336775e-09,4.192662801414655e-09,0.5831101096088006,0.33254827221460526,0.09245143439842479
740,4.157056519340551e-09,4.188803733694078e-09,0.7575859,0.0003229789,4.164366787451061e-09,4.174863413940196e-09,4.192784784229814e-09,0.5830661394170699,0.33247764068679864,0.0953635595991479
741,4.157056375622225e-09,4.188803602601728e-09,0.7575894,0.0003198493,4.164366787451061e-09,4.174863413940196e-09,4.192784784229814e-09,0.5830661394170699,0.33247764068679864,0.0953635595991479
742,4.157056234202908e-09,4.18880347290346e-09,0.7575927,0.000316753,4.164367685419724e-09,4.174864874992322e-09,4.192844380910856e-09,0.5830447019943493,0.33244276063660194,0.09678632555610348
743,4.1570560953075675e-09,4.188803344841383e-09,0.7575961,0.0003136957,4.164368567027889e-09,4.174866324628725e-09,4.1929030352374015e-09,0.583023655149739,0.33240815311671135,0.09818659445662058
744,4.157055959154895e-09,4.1888032186522235e-09,0.7575993,0.0003106832,4.164369431489279e-09,4.174867763128664e-09,4.192960737067152e-09,0.5830030176542479,0.3323738114603174,0.09956412417114881
745,4.1570558259569806e-09,4.1888030945669044e-09,0.7576025,0.0003077208,4.1643702780324866e-09,4.174869190527039e-09,4.1930174756066295e-09,0.5829828079238452,0.3323397348342542,0.10091865702440603
746,4.157055695918967e-09,4.18880297281014e-09,0.7576056,0.0003048141,4.1643711059032895e-09,4.174870606610294e-09,4.193073239372493e-09,0.5829630439642652,0.3323059283367687,0.10224991887178879
747,4.157055569238845e-09,4.188802853600072e-09,0.7576086,0.0003019682,4.164371914367332e-09,4.174872010910599e-09,4.19312801616288e-09,0.582943743306968,0.33227240313650386,0.10355761841531934
748,4.157055446107122e-09,4.188802737147931e-09,0.7576116,0.0002991881,4.16437270271194e-09,4.1748734027144415e-09,4.193181793038355e-09,0.582924922965772,0.33223917626730237,0.1048414467487033
749,4.157055326706702e-09,4.188802623657742e-09,0.7576144,0.0002964787,4.164373470248338e-09,4.17487478106416e-09,4.193234556313149e-09,0.582906599384011,0.3322062705916541,0.10610107714828267
750,4.157055211212696e-09,4.188802513326062e-09,0.7576172,0.0002938447,4.164374940267652e-09,4.1748774924536495e-09,4.193336983601806e-09,0.582871505257972,0.33214154093566667,0.10854634854286076
751,4.157055099792351e-09,4.188802406341749e-09,0.7576198,0.0002912907,4.164374940267652e-09,4.1748774924536495e-09,4.193336983601806e-09,0.582871505257972,0.33214154093566667,0.10854634854286076
752,4.157054992605079e-09,4.188802302885775e-09,0.7576224,0.0002888208,4.164375641504142e-09,4.174878822509944e-09,4.193386616567962e-09,0.5828547644699313,0.3321097881805869,0.10973124832846584
753,4.157054889802334e-09,4.188802203131061e-09,0.7576248,0.0002864394,4.164376319440484e-09,4.174880133189219e-09,4.1934351738848415e-09,0.5828385799319397,0.3320784980177689,0.11089046887916687
754,4.157054791527861e-09,4.188802107242352e-09,0.7576272,0.0002841502,4.164376973523633e-09,4.174881422591999e-09,4.193482638329668e-09,0.5828229648469861,0.33204771579387027,0.11202359903144588
755,4.157054697917603e-09,4.188802015376117e-09,0.7576294,0.0002819571,4.164377603229411e-09,4.17488268870396e-09,4.1935289920680276e-09,0.5828079317288926,0.3320174895972889,0.11313021302006195
756,4.1570546090999194e-09,4.18880192768048e-09,0.7576315,0.0002798635,4.164378208061577e-09,4.174883929423645e-09,4.193574216701795e-09,0.5827934924245488,0.33198786959666193,0.11420987162210179
757,4.157054525195705e-09,4.188801844295174e-09,0.7576335,0.0002778728,4.164378787552127e-09,4.174885142590648e-09,4.193618293321041e-09,0.582779658106725,0.331958907367872,0.11526212339627254
758,4.157054446318526e-09,4.1888017653515184e-09,0.7576354,0.0002759882,4.164379341260167e-09,4.1748863260149025e-09,4.193661202560183e-09,0.5827664393009874,0.3319306551948867,0.11628650602334106
759,4.15705437257474e-09,4.188801690972414e-09,0.7576372,0.0002742125,4.164379868772329e-09,4.174887477505716e-09,4.193702924656765e-09,0.582753845875765,0.3319031653766623,0.11728254770940989
760,4.157054304063608e-09,4.1888016212723606e-09,0.7576388,0.0002725485,4.164380843686082e-09,4.174889676073846e-09,4.19378272675385e-09,0.5827305715243312,0.33185067842881116,0.11918768244244733
761,4.1570542408774075e-09,4.1888015563574785e-09,0.7576403,0.0002709988,4.164380843686082e-09,4.174889676073846e-09,4.19378272675385e-09,0.5827305715243312,0.33185067842881116,0.11918768244244733
762,4.1570541831014755e-09,4.188801496325554e-09,0.7576417,0.0002695656,4.1643812903916305e-09,4.174890718996884e-09,4.193820765795844e-09,0.5827199072149155,0.3318257804753069,0.12009579767700232
763,4.157054130814211e-09,4.188801441266076e-09,0.757643,0.0002682512,4.164381709508572e-09,4.174891721721726e-09,4.193857535901441e-09,0.5827099015349698,0.3318018421830215,0.12097361928658473
764,4.157054084087071e-09,4.188801391260306e-09,0.7576441,0.0002670574,4.164382100754354e-09,4.174892682418863e-09,4.193893016242302e-09,0.582700561229938,0.3317789072282914,0.1218206500311651
765,4.157054042984521e-09,4.188801346381321e-09,0.7576451,0.000265986,4.16438246387328e-09,4.174893599389219e-09,4.193927185956572e-09,0.5826918924041422,0.3317570161735712,0.12263639187068413
766,4.157054007563851e-09,4.188801306694083e-09,0.7576459,0.0002650385,4.164382798636929e-09,4.174894471078609e-09,4.193960024204671e-09,0.5826839005107112,0.3317362061222873,0.12342034729680333
767,4.157053977875053e-09,4.1888012722554985e-09,0.7576466,0.0002642164,4.164383104846355e-09,4.1748952960856604e-09,4.193991510221922e-09,0.5826765902991518,0.331716510529736,0.12417202058935817
768,4.157053953960661e-09,4.18880124311448e-09,0.7576472,0.0002635207,4.164383382331987e-09,4.1748960731717825e-09,4.194021623369045e-09,0.5826699658176582,0.3316979589651064,0.124890919021863
769,4.15705393585546e-09,4.188801219312007e-09,0.7576476,0.0002629524,4.1643836309560416e-09,4.174896801263295e-09,4.194050343178369e-09,0.5826640303555688,0.33168057706061094,0.12557655396466463
770,4.157053923586279e-09,4.188801200881182e-09,0.7576479,0.0002625124,4.164384041231017e-09,4.174898107006579e-09,4.1941035220299755e-09,0.5826542357620125,0.3316494047359184,0.12684610552982242
771,4.157053917171686e-09,4.188801187847298e-09,0.7576481,0.0002622013,4.164384041231017e-09,4.174898107006579e-09,4.1941035220299755e-09,0.5826542357620125,0.3316494047359184,0.12684610552982242
772,4.157053916621788e-09,4.188801180227879e-09,0.7576481,0.0002620194,4.164384202773009e-09,4.174898683342765e-09,4.194127941371844e-09,0.5826503792310326,0.33163564572298637,0.12742907437463927
773,4.157053921937905e-09,4.188801178032742e-09,0.7576479,0.000261967,4.164384335237179e-09,4.174899208044474e-09,4.1941508880463355e-09,0.5826472168819226,0.33162311939238315,0.1279768858755644
774,4.157053933112432e-09,4.188801181264043e-09,0.7576477,0.0002620441,4.1643844386577104e-09,4.174899680841283e-09,4.194172343035155e-09,0.582644747898598,0.3316118321999953,0.1284890860042465
775,4.157053950128503e-09,4.188801189916324e-09,0.7576473,0.0002622507,4.164384513105357e-09,4.174900101606769e-09,4.194192287707129e-09,0.5826429705919579,0.33160178716394895,0.12896522997421528
776,4.157053972960001e-09,4.188801203976563e-09,0.7576467,0.0002625863,4.16438455868737e-09,4.17490047034276e-09,4.19421070384508e-09,0.5826418824015438,0.3315929842406022,0.12940488288233903
777,4.1570540015712985e-09,4.188801223424212e-09,0.757646,0.0002630506,4.1643845755476124e-09,4.1749007871751246e-09,4.19422757367017e-09,0.5826414798929129,0.3315854204250597,0.12980762029017065
778,4.157054035917297e-09,4.188801248231247e-09,0.7576452,0.0002636428,4.16438456386573e-09,4.174901052337328e-09,4.194242879865053e-09,0.5826417587773073,0.3315790901437523,0.13017302877650205
779,4.157054075943392e-09,4.188801278362206e-09,0.7576443,0.0002643621,4.164384523858885e-09,4.174901266164552e-09,4.194256605595062e-09,0.5826427138703805,0.3315739853948028,0.1305007064432748
780,4.15705412158552e-09,4.188801313774233e-09,0.7576432,0.0002652075,4.164384359916633e-09,4.174901541594423e-09,4.194279250856091e-09,0.5826466277033611,0.3315674099909771,0.1310413222278331
781,4.157054172770304e-09,4.188801354417125e-09,0.757642,0.0002661778,4.164384359916633e-09,4.174901541594423e-09,4.194279250856091e-09,0.5826466277033611,0.3315674099909771,0.1310413222278331
782,4.15705422941522e-09,4.188801400233376e-09,0.7576406,0.0002672716,4.164384236595174e-09,4.174901604285285e-09,4.19428813930878e-09,0.5826495717863117,0.33156591335690533,0.13125351840511396
783,4.157054291428798e-09,4.188801451158222e-09,0.7576391,0.0002684874,4.164384086177395e-09,4.174901617802626e-09,4.194295385176231e-09,0.5826531627462749,0.33156559065415075,0.13142650074838585
784,4.157054358710911e-09,4.188801507119699e-09,0.7576375,0.0002698233,4.16438390906222e-09,4.1749015828583695e-09,4.194300974323379e-09,0.5826573910596126,0.3315664248868253,0.1315599318078298
785,4.15705443115303e-09,4.188801568038689e-09,0.7576358,0.0002712777,4.164383705685104e-09,4.174901500225854e-09,4.194304893207032e-09,0.5826622463306179,0.3315683975928299,0.13165348826354284
786,4.157054508638629e-09,4.188801633828989e-09,0.7576339,0.0002728483,4.16438347652042e-09,4.174901370735964e-09,4.194307128892119e-09,0.5826677172344455,0.33157148893623317,0.1317068613134578
787,4.157054591043418e-09,4.188801704397368e-09,0.757632,0.000274533,4.164383222079364e-09,4.1749011952774035e-09,4.1943076690665485e-09,0.5826737915672301,0.33157567770081364,0.13171975702804742
788,4.157054678235781e-09,4.188801779643644e-09,0.7576299,0.0002763294,4.164382942911752e-09,4.174900974797873e-09,4.1943065020561786e-09,0.5826804562030373,0.33158094126188076,0.13169189670769468
789,4.157054770077088e-09,4.188801859460754e-09,0.7576277,0.0002782349,4.164382639604569e-09,4.174900710303986e-09,4.194303616838325e-09,0.5826876971286586,0.33158725558830837,0.13162301720520855
790,4.157054866421996e-09,4.18880194373484e-09,0.7576254,0.0002802468,4.164381963100806e-09,4.1749000536080135e-09,4.194292651021874e-09,0.5827038474663409,0.33160293304983224,0.13136122762122174
791,4.157054967118824e-09,4.1888020323453346e-09,0.757623,0.0002823622,4.164381963100806e-09,4.1749000536080135e-09,4.194292651021874e-09,0.5827038474663409,0.33160293304983224,0.13136122762122174
792,4.1570550720098e-09,4.188802125165053e-09,0.7576205,0.0002845781,4.1643815912550235e-09,4.1748996637334105e-09,4.194284551743255e-09,0.5827127246304863,0.3316122406203707,0.13116787158706317
793,4.15705518093136e-09,4.188802222060292e-09,0.7576179,0.0002868913,4.164381197966302e-09,4.1748992345014886e-09,4.194274696915732e-09,0.5827221137070999,0.33162248777768644,0.13093260491003061
794,4.1570552937143396e-09,4.1888023228909274e-09,0.7576152,0.0002892984,4.1643807839850206e-09,4.174898767243017e-09,4.1942630789371325e-09,0.5827319967821938,0.33163364275200985,0.13065524610159707
795,4.157055410184208e-09,4.188802427510522e-09,0.7576124,0.000291796,4.164380350084258e-09,4.174898263354193e-09,4.1942496909109e-09,0.5827423553998696,0.33164567221156527,0.13033563051862804
796,4.15705553016123e-09,4.188802535766421e-09,0.7576096,0.0002943805,4.164379897058655e-09,4.17489772429994e-09,4.1942345266486935e-09,0.5827531705894711,0.3316585411839166,0.12997361042534905
797,4.1570556534605845e-09,4.188802647499866e-09,0.7576066,0.0002970479,4.164379425718199e-09,4.1748971516102415e-09,4.194217580670619e-09,0.5827644230140069,0.33167221314336987,0.12956905499893426
798,4.157055779892482e-09,4.188802762546093e-09,0.7576036,0.0002997944,4.16437893688563e-09,4.174896546878968e-09,4.194198848203368e-09,0.5827760930319593,0.3316866500390737,0.12912185028503514
799,4.157055909262226e-09,4.188802880734436e-09,0.7576005,0.000302616,4.164378431392472e-09,4.174895911761968e-09,4.1941783251758275e-09,0.5827881607921718,0.3317018123405769,0.12863189909300027
800,4.1570560413703226e-09,4.188803001888434e-09,0.7575973,0.0003055083,4.164377373781004e-09,4.174894557279462e-09,4.194131894624372e-09,0.5828134094061265,0.3317341482285066,0.12752345132679654
801,4.1570561760124465e-09,4.1888031258259175e-09,0.7575941,0.0003084671,4.164377373781004e-09,4.174894557279462e-09,4.194131894624372e-09,0.5828134094061265,0.3317341482285066,0.12752345132679654
802,4.157056312979473e-09,4.188803252359117e-09,0.7575909,0.0003114879,4.164376823350923e-09,4.174893841501696e-09,4.194105982398182e-09,0.5828265499563627,0.33175123616394037,0.12690484249411402
803,4.157056452057565e-09,4.188803381294757e-09,0.7575875,0.000314566,4.16437625963554e-09,4.174893102504517e-09,4.194078270183121e-09,0.5828400076698096,0.3317688784220492,0.12624326209246556
804,4.157056593028049e-09,4.188803512434155e-09,0.7575842,0.0003176967,4.164375683488006e-09,4.1748923421953406e-09,4.194048757275882e-09,0.5828537621790123,0.3317870294665998,0.125538693331653
805,4.15705673566752e-09,4.188803645573313e-09,0.7575808,0.0003208752,4.164375095768565e-09,4.174891562519921e-09,4.194017443604566e-09,0.5828677929471419,0.33180564284616176,0.12479113449520535
806,4.157056879747766e-09,4.188803780503036e-09,0.7575773,0.0003240964,4.16437449734719e-09,4.174890765455024e-09,4.193984329711092e-09,0.5828820792051196,0.3318246713689123,0.12400059852048834
807,4.157057025035819e-09,4.188803917009035e-09,0.7575739,0.0003273552,4.16437388910688e-09,4.174889953007366e-09,4.193949416732962e-09,0.5828965998729024,0.3318440671280118,0.123167112563371
808,4.157057171293907e-09,4.188804054872054e-09,0.7575704,0.0003306464,4.164373271948966e-09,4.174889127203006e-09,4.193912706384415e-09,0.5829113334328044,0.3318637817549048,0.12229071754829907
809,4.157057318279515e-09,4.188804193867998e-09,0.7575669,0.0003339647,4.164372646796273e-09,4.1748882900854265e-09,4.193874200938121e-09,0.5829262578540007,0.3318837664650155,0.12137146773124373
810,4.15705746574542e-09,4.188804333768098e-09,0.7575633,0.0003373046,4.164371376337186e-09,4.1748865901265385e-09,4.193791816524276e-09,0.5829565878305537,0.3319243499940275,0.11940468472667046
811,4.1570576134396995e-09,4.1888044743390674e-09,0.7575598,0.0003406605,4.164371376337186e-09,4.1748865901265385e-09,4.193791816524276e-09,0.5829565878305537,0.3319243499940275,0.11940468472667046
812,4.157057761105828e-09,4.1888046153433e-09,0.7575563,0.0003440267,4.164370733024586e-09,4.174885731388027e-09,4.193747944732913e-09,0.5829719457875857,0.3319448508658698,0.11835732285800245
813,4.1570579084827544e-09,4.188804756539081e-09,0.7575528,0.0003473975,4.164370085710226e-09,4.1748848695265346e-09,4.193702292165549e-09,0.5829873992796009,0.3319654262933843,0.1172674480938807
814,4.157058055305109e-09,4.18880489768083e-09,0.7575493,0.000350767,4.164369435478881e-09,4.174884006550568e-09,4.193654863634926e-09,0.5830029224095135,0.33198602832701773,0.11613517533005577
815,4.15705820130323e-09,4.18880503851936e-09,0.7575458,0.0003541293,4.164368783451899e-09,4.174883144432606e-09,4.1936056644233434e-09,0.583018488407103,0.33200660987729846,0.11496063067211433
816,4.157058346203484e-09,4.1888051788021694e-09,0.7575423,0.0003574783,4.164368130782757e-09,4.174882285098394e-09,4.1935547002753326e-09,0.5830340697351175,0.33202712497042847,0.11374395126065484
817,4.15705848972848e-09,4.188805318273759e-09,0.7575389,0.0003608079,4.164367478654241e-09,4.17488143041506e-09,4.193501977393587e-09,0.5830496381566513,0.33204752903203477,0.11248528517407055
818,4.157058631597329e-09,4.188805456675964e-09,0.7575355,0.000364112,4.164366828273855e-09,4.174880582180053e-09,4.193447502437463e-09,0.5830651648446455,0.3320677791511737,0.11118479139280663
819,4.1570587715260455e-09,4.188805593748325e-09,0.7575322,0.0003673844,4.164366180867037e-09,4.174879742109002e-09,4.193391282525325e-09,0.5830806205439355,0.3320878343702236,0.10984263985526527
820,4.157058909227874e-09,4.188805729228461e-09,0.7575289,0.0003706188,4.164364899917156e-09,4.1748780928555726e-09,4.193273638636371e-09,0.5831112009697521,0.3321272073955809,0.10703409888751529
821,4.157059044413825e-09,4.188805862852476e-09,0.7575257,0.0003738088,4.164364899917156e-09,4.1748780928555726e-09,4.193273638636371e-09,0.5831112009697521,0.3321272073955809,0.10703409888751529
822,4.157059176793059e-09,4.188805994355367e-09,0.7575225,0.0003769482,4.164364268844435e-09,4.174877286608974e-09,4.193212231255302e-09,0.5831262667211924,0.3321464551153081,0.10556810565160095
823,4.1570593060735425e-09,4.188806123471448e-09,0.7575194,0.0003800306,4.164363645668221e-09,4.174876494386572e-09,4.193149112136461e-09,0.583141143957438,0.33216536803201085,0.10406124768653259
824,4.157059431962577e-09,4.188806249934792e-09,0.7575164,0.0003830497,4.1643630315833944e-09,4.174875717368745e-09,4.193084290836778e-09,0.5831558041527766,0.3321839179662094,0.10251375314719918
825,4.157059554167393e-09,4.188806373479658e-09,0.7575135,0.0003859991,4.164362427755312e-09,4.174874956615817e-09,4.193017777450282e-09,0.5831702194863819,0.3322020796045537,0.10092586301080661
826,4.157059672395888e-09,4.188806493840934e-09,0.7575107,0.0003888725,4.164361835312702e-09,4.174874213068542e-09,4.192949582630226e-09,0.5831843630118665,0.3322198304881924,0.09929783160502392
827,4.157059786357248e-09,4.188806610754568e-09,0.7575079,0.0003916636,4.164361255342949e-09,4.174873487554906e-09,4.1928797176127924e-09,0.5831982087698216,0.33223715085040906,0.09762992717396611
828,4.157059895762635e-09,4.188806723958011e-09,0.7575053,0.0003943662,4.164360688887318e-09,4.174872780795235e-09,4.192808194241963e-09,0.5832117319018794,0.3322540234946812,0.09592243247184284
829,4.1570600003259345e-09,4.188806833190632e-09,0.7575028,0.0003969739,4.164360136938874e-09,4.1748720934122955e-09,4.192735024995414e-09,0.5832249087003577,0.3322704335535834,0.09417564538127188
830,4.157060099764332e-09,4.188806938194141e-09,0.7575005,0.0003994807,4.16435908029078e-09,4.1748707788479325e-09,4.19258380210726e-09,0.5832501343154463,0.3323018164660414,0.09056546485752189
831,4.157060193799107e-09,4.188807038712988e-09,0.7574982,0.0004018804,4.16435908029078e-09,4.1748707788479325e-09,4.19258380210726e-09,0.5832501343154463,0.3323018164660414,0.09056546485752189
832,4.157060282156227e-09,4.188807134494772e-09,0.7574961,0.000404167,4.164358577332845e-09,4.17487015254081e-09,4.192505776818532e-09,0.5832621415516785,0.33231676844719943,0.08870274829942038
833,4.157060364566961e-09,4.188807225290609e-09,0.7574941,0.0004063346,4.164358092370292e-09,4.174869547386483e-09,4.192426162407664e-09,0.5832737191798099,0.3323312154425755,0.08680209424478615
834,4.157060440768434e-09,4.188807310855518e-09,0.7574923,0.0004083773,4.164357626164091e-09,4.174868963731656e-09,4.1923449748927775e-09,0.5832848490330251,0.3323451491751899,0.08486388509804899
835,4.1570605105042804e-09,4.188807390948776e-09,0.7574907,0.0004102894,4.16435717943805e-09,4.174868401916621e-09,4.192262231065117e-09,0.5832955138316649,0.3323585615211852,0.08288852172066266
836,4.157060573525027e-09,4.18880746533427e-09,0.7574891,0.0004120652,4.164356752883467e-09,4.174867862292465e-09,4.192177948505876e-09,0.583305697072225,0.3323714440989596,0.08087642383272929
837,4.157060629588626e-09,4.188807533780837e-09,0.7574878,0.0004136993,4.16435634716322e-09,4.174867345236089e-09,4.192092145599415e-09,0.5833153829296457,0.33238378791067136,0.07882803032848505
838,4.157060678460827e-09,4.188807596062599e-09,0.7574866,0.0004151861,4.164355962917085e-09,4.174866851166743e-09,4.1920048415434285e-09,0.5833245561304142,0.3323955829474671,0.07674379951915478
839,4.1570607199155825e-09,4.188807651959278e-09,0.7574857,0.0004165206,4.164355600764581e-09,4.17486638055351e-09,4.191916056355545e-09,0.5833332018845746,0.33240681801082594,0.07462420929039858
840,4.157060753735423e-09,4.188807701256519e-09,0.7574848,0.0004176975,4.164354945137314e-09,4.174865511881132e-09,4.1917341267694705e-09,0.5833488538326473,0.33242755603624796,0.07028096035264093
841,4.157060779711698e-09,4.188807743746191e-09,0.7574842,0.0004187118,4.164354945137314e-09,4.174865511881132e-09,4.1917341267694705e-09,0.5833488538326473,0.33242755603624796,0.07028096035264093
842,4.157060797644886e-09,4.188807779226692e-09,0.7574838,0.0004195589,4.164354652825828e-09,4.1748651150831845e-09,4.1916410265153855e-09,0.5833558322553196,0.33243702888946286,0.06805835550653083
843,4.157060807344921e-09,4.18880780750324e-09,0.7574836,0.0004202339,4.164354384934932e-09,4.1748647442642776e-09,4.1915465334053455e-09,0.5833622276793654,0.3324458815387676,0.06580249867388281
844,4.157060808631304e-09,4.188807828388155e-09,0.7574835,0.0004207325,4.164354142010249e-09,4.174864400221314e-09,4.19145067152931e-09,0.58336802707899,0.33245409495951644,0.06351396496011621
845,4.157060801333467e-09,4.1888078417011445e-09,0.7574837,0.0004210503,4.164353924579308e-09,4.174864083805711e-09,4.191353465761526e-09,0.5833732178603352,0.33246164882560586,0.061193348194127174
846,4.1570607852908146e-09,4.1888078472695615e-09,0.7574841,0.0004211833,4.164353733147318e-09,4.174863795915268e-09,4.19125494174338e-09,0.5833777879624681,0.3324685217036714,0.05884126051896283
847,4.157060760353082e-09,4.188807844928669e-09,0.7574847,0.0004211274,4.1643535681924085e-09,4.1748635374784076e-09,4.191155125863449e-09,0.5833817259708498,0.3324746914292374,0.05645833191543297
848,4.157060726380353e-09,4.18880783452188e-09,0.7574855,0.0004208789,4.16435343015971e-09,4.174863309439447e-09,4.191054045235874e-09,0.5833850212587878,0.33248013545840005,0.054045209686029425
849,4.1570606832433324e-09,4.188807815900987e-09,0.7574865,0.0004204344,4.164353319454589e-09,4.1748631127397e-09,4.1909517276766556e-09,0.5833876641488699,0.33248483131895884,0.05160255788882495
850,4.1570606308234254e-09,4.1888077889263746e-09,0.7574878,0.0004197904,4.164353181409482e-09,4.174862816995182e-09,4.190743496388675e-09,0.5833909597330398,0.3324918916992522,0.04663140207055633
851,4.1570605690128505e-09,4.1888077534672204e-09,0.7574893,0.0004189439,4.164353181409482e-09,4.174862816995182e-09,4.190743496388675e-09,0.5833909597330398,0.3324918916992522,0.04663140207055633
852,4.1570604977147405e-09,4.188807709401657e-09,0.757491,0.0004178919,4.164353154620395e-09,4.174862719644167e-09,4.1906376415768426e-09,0.5833915992753831,0.33249421578354793,0.04410430458757081
853,4.157060416843222e-09,4.188807656616937e-09,0.7574929,0.0004166318,4.16435315624784e-09,4.1748626569791265e-09,4.1905306676163e-09,0.5833915604230012,0.3324957118011823,0.0415504893972076
854,4.157060326323396e-09,4.188807595009548e-09,0.7574951,0.000415161,4.1643531864001624e-09,4.1748626296324776e-09,4.190422605456163e-09,0.5833908405893292,0.332496364654336,0.03897069535515789
855,4.15706022609141e-09,4.188807524485324e-09,0.7574974,0.0004134774,4.164353245109697e-09,4.174862638120372e-09,4.190313486598373e-09,0.5833894390024382,0.3324961620207774,0.036365674514888584
856,4.1570601160943545e-09,4.188807444959524e-09,0.7575001,0.0004115788,4.16435333233154e-09,4.174862682825031e-09,4.19020334307592e-09,0.5833873567343201,0.33249509477566885,0.033736191607691146
857,4.157059996290253e-09,4.188807356356876e-09,0.7575029,0.0004094636,4.1643534479418235e-09,4.174862763985072e-09,4.190092207432293e-09,0.5833845967421011,0.33249315722241457,0.031083023552154053
858,4.157059866647887e-09,4.188807258611616e-09,0.757506,0.0004071301,4.164353591738526e-09,4.174862881685802e-09,4.189980112704067e-09,0.5833811638487091,0.33249034732445665,0.028406959038399373
859,4.157059727146823e-09,4.188807151667479e-09,0.7575094,0.000404577,4.1643537634440535e-09,4.174863035853088e-09,4.18986709240446e-09,0.5833770646811819,0.3324866668516237,0.025708798135562018
860,4.15705957777707e-09,4.188807035477694e-09,0.7575129,0.0004018032,4.164354189118404e-09,4.174863452484661e-09,4.189638411453274e-09,0.5833669024546287,0.3324767205054774,0.020249442569726578
861,4.157059418539038e-09,4.188806910004937e-09,0.7575167,0.0003988077,4.164354189118404e-09,4.174863452484661e-09,4.189638411453274e-09,0.5833669024546287,0.3324767205054774,0.020249442569726578
862,4.1570592494432515e-09,4.18880677522128e-09,0.7575208,0.00039559,4.164354442198109e-09,4.174863713999858e-09,4.189522820107603e-09,0.5833608606217177,0.33247047729003054,0.0174899024634123
863,4.157059070510199e-09,4.18880663110812e-09,0.757525,0.0003921495,4.164354721423592e-09,4.174864010096166e-09,4.189406441789015e-09,0.583354194604337,0.3324634085113698,0.014711574762599322
864,4.157058881770123e-09,4.188806477656098e-09,0.7575295,0.0003884861,4.164355026229241e-09,4.1748643399325295e-09,4.18928931224951e-09,0.5833469179054797,0.3324555342482221,0.011915312983457875
865,4.157058683262699e-09,4.188806314865017e-09,0.7575343,0.0003845998,4.16435535601718e-09,4.174864702541912e-09,4.189171467677196e-09,0.5833390447983892,0.3324468775868754,0.009101981053406162
866,4.157058475036963e-09,4.188806142743744e-09,0.7575392,0.0003804907,4.164355710168425e-09,4.174865096845443e-09,4.18905294469753e-09,0.583330590060205,0.33243746428347754,0.006272453340830314
867,4.157058257150972e-09,4.188805961310122e-09,0.7575444,0.0003761593,4.1643560880515765e-09,4.174865521667533e-09,4.1889337803769125e-09,0.5833215687644773,0.3324273224031309,0.0034276147408674753
868,4.157058029671681e-09,4.188805770590881e-09,0.7575499,0.0003716062,4.164356489033109e-09,4.174865975754538e-09,4.188814012227041e-09,0.583311996035526,0.3324164818744287,0.0005683607793170325
869,4.1570577926747224e-09,4.1888055706215485e-09,0.7575555,0.0003668323,4.164356912485629e-09,4.174866457790782e-09,4.188693678211081e-09,0.5833018868512637,0.3324049741067688,0.0023044022400036555
870,4.1570575462442515e-09,4.18880536144638e-09,0.7575614,0.0003618386,4.164357824369145e-09,4.1748675002449366e-09,4.1884514667313814e-09,0.5832801172358989,0.33238008734702623,0.008086775380174455
871,4.157057290472787e-09,4.188805143118286e-09,0.7575675,0.0003566264,4.164357824369145e-09,4.1748675002449366e-09,4.1884514667313814e-09,0.5832801172358989,0.33238008734702623,0.008086775380174455
872,4.1570570254611466e-09,4.18880491569878e-09,0.7575739,0.0003511972,4.164358311638844e-09,4.174868057882028e-09,4.1883296675135775e-09,0.5832684845287214,0.3323667747420895,0.010994517516907006
873,4.157056751318246e-09,4.188804679257928e-09,0.7575804,0.0003455526,4.164358819065692e-09,4.17486863793665e-09,4.188207458935592e-09,0.5832563706050562,0.33235292695804264,0.0139120324080994
874,4.157056468161091e-09,4.188804433874316e-09,0.7575872,0.0003396945,4.1643593461415016e-09,4.174869239040093e-09,4.188084881321787e-09,0.5832437875969863,0.33233857667039335,0.016838357380528267
875,4.157056176114694e-09,4.1888041796350275e-09,0.7575941,0.0003336249,4.16435989239069e-09,4.174869859856486e-09,4.187961975487229e-09,0.5832307468582082,0.3323237557707532,0.019772518046230435
876,4.157055875312072e-09,4.1888039166356285e-09,0.7576013,0.0003273463,4.164360457368605e-09,4.174870499095729e-09,4.187838782741375e-09,0.5832172590040208,0.33230849505794746,0.02271352821458715
877,4.157055565894139e-09,4.188803644980157e-09,0.7576087,0.000320861,4.1643610406606555e-09,4.174871155523359e-09,4.187715344889742e-09,0.5832033339320597,0.3322928240026254,0.025660389852394643
878,4.157055248009811e-09,4.188803364781123e-09,0.7576163,0.0003141717,4.164361641878826e-09,4.174871827969395e-09,4.187591704233966e-09,0.5831889809054939,0.3322767705360409,0.028612093082481832
879,4.157054921815884e-09,4.188803076159515e-09,0.7576241,0.0003072814,4.164362260659461e-09,4.1748725153362785e-09,4.187467903568963e-09,0.5831742086059879,0.3322603608604571,0.03156761625146391
880,4.157054587477137e-09,4.188802779244793e-09,0.7576321,0.0003001931,4.164363549545329e-09,4.174873930836414e-09,4.187219995824137e-09,0.583143438722449,0.33222656828393965,0.0374859777044454
881,4.1570542451663e-09,4.188802474174894e-09,0.7576402,0.0002929101,4.164363549545329e-09,4.174873930836414e-09,4.187219995824137e-09,0.583143438722449,0.33222656828393965,0.0374859777044454
882,4.157053895064086e-09,4.188802161096226e-09,0.7576486,0.0002854359,4.164364219004029e-09,4.1748746571826085e-09,4.187095976740852e-09,0.5831274565732459,0.3322092280458424,0.04044671522582196
883,4.157053537359153e-09,4.188801840163654e-09,0.7576571,0.0002777742,4.1643649047229645e-09,4.174875394882634e-09,4.186971973616646e-09,0.5831110862395249,0.3321916167550049,0.04340707175226505
884,4.157053172248116e-09,4.188801511540475e-09,0.7576658,0.0002699289,4.164365606393671e-09,4.174876143267052e-09,4.186848031578872e-09,0.5830943350853197,0.33217375039308467,0.046365969947544584
885,4.157052799935577e-09,4.188801175398382e-09,0.7576747,0.0002619041,4.164366323707197e-09,4.174876901759005e-09,4.186724196173292e-09,0.5830772104863149,0.33215564273154136,0.049322322486719375
886,4.15705242063404e-09,4.1888008319174154e-09,0.7576838,0.0002537041,4.164367056349661e-09,4.174877669872681e-09,4.186600513340766e-09,0.5830597199358509,0.33213730536828884,0.052275032612542245
887,4.157052034563881e-09,4.188800481285894e-09,0.757693,0.0002453334,4.164367804000418e-09,4.174878447214713e-09,4.186477029390703e-09,0.5830418710888023,0.3321187476942621,0.05522299476929489
888,4.1570516419533e-09,4.188800123700326e-09,0.7577024,0.0002367966,4.164368566328743e-09,4.174879233480252e-09,4.186353790971298e-09,0.5830236718406272,0.3320999769871982,0.05816509531338135
889,4.157051243038162e-09,4.188799759365308e-09,0.7577119,0.0002280988,4.1643693429920534e-09,4.174880028452021e-09,4.186230845036575e-09,0.5830051303698837,0.33208099843418826,0.06110021330000847
890,4.157050838061971e-09,4.188799388493394e-09,0.7577216,0.0002192449,4.164370937883288e-09,4.17488164405413e-09,4.185986019749068e-09,0.5829670551463314,0.3320424287749267,0.0669449865051077
891,4.157050427275666e-09,4.188799011304961e-09,0.7577314,0.0002102401,4.164370937883288e-09,4.17488164405413e-09,4.185986019749068e-09,0.5829670551463314,0.3320424287749267,0.0669449865051077
892,4.1570500109374956e-09,4.188798628028027e-09,0.7577413,0.0002010901,4.164371755351597e-09,4.174882464646321e-09,4.185864235496386e-09,0.5829475395280108,0.33202283857940906,0.06985237137585695
893,4.1570495893128055e-09,4.1887982388980795e-09,0.7577514,0.0001918003,4.164372585632784e-09,4.174883293856252e-09,4.1857429338427474e-09,0.582927718024741,0.33200304265051134,0.07274823504313441
894,4.157049162673836e-09,4.188797844157854e-09,0.7577616,0.0001823766,4.164373428301815e-09,4.174884131828274e-09,4.1856221626762754e-09,0.5829076007834891,0.33198303754208064,0.0756314342621838
895,4.157048731299489e-09,4.18879744405711e-09,0.7577719,0.0001728249,4.164374282913218e-09,4.174884978757842e-09,4.185501969933808e-09,0.5828871984391041,0.3319628185880039,0.07850082462529989
896,4.157048295475045e-09,4.1887970388523865e-09,0.7577823,0.0001631513,4.164375149000213e-09,4.174885834882718e-09,4.185382403548919e-09,0.5828665221351496,0.3319423801121241,0.08135526180270099
897,4.157047855491885e-09,4.188796628806728e-09,0.7577928,0.0001533622,4.1643760260736205e-09,4.174886700473753e-09,4.1852635113986294e-09,0.5828455835499113,0.33192171564832557,0.08419360281472103
898,4.157047411647219e-09,4.1887962141894e-09,0.7578034,0.0001434639,4.164376913620615e-09,4.174887575825381e-09,4.185145341246513e-09,0.5828243949261966,0.3319008181675511,0.08701470739000196
899,4.1570469642437115e-09,4.188795795275586e-09,0.757814,0.0001334631,4.164377811103745e-09,4.174888461243839e-09,4.185027940685767e-09,0.582802969094735,0.3318796803589076,0.08981743932467341
900,4.157046513589144e-09,4.188795372346063e-09,0.7578248,0.0001233664,4.1643796336038934e-09,4.1748902635070354e-09,4.184795637499379e-09,0.5827594601086175,0.33183665449443606,0.09536326938613637
901,4.1570460599960875e-09,4.1887949456868705e-09,0.7578356,0.0001131807,4.1643796336038934e-09,4.1748902635070354e-09,4.184795637499379e-09,0.5827594601086175,0.33183665449443606,0.09536326938613637
902,4.157045603781455e-09,4.1887945155889525e-09,0.7578465,0.0001029128,4.164380557418744e-09,4.174891180934094e-09,4.184680828664917e-09,0.5827374056536297,0.33181475253673587,0.09810412841342386
903,4.157045145266128e-09,4.188794082347802e-09,0.7578575,9.256996e-05,4.164381488765934e-09,4.174892109572662e-09,4.184566976878909e-09,0.5827151713772767,0.3317925829239683,0.10082213959186981
904,4.157044684774586e-09,4.188793646263078e-09,0.7578685,8.21592e-05,4.164382426980938e-09,4.17489304963884e-09,4.1844541279643416e-09,0.582692773143935,0.33177014049712344,0.10351620897826302
905,4.157044222634405e-09,4.188793207638228e-09,0.7578795,7.168781e-05,4.1643833713756075e-09,4.174894001303679e-09,4.184342327199882e-09,0.5826702273819503,0.33174742117261924,0.10618525562404539
906,4.1570437591758834e-09,4.18879276678009e-09,0.7578906,6.116309e-05,4.1643843212393555e-09,4.174894964684728e-09,4.184231619255216e-09,0.582647551055338,0.33172442214422004,0.10882821311901225
907,4.157043294731547e-09,4.188792323998507e-09,0.7579016,5.059246e-05,4.1643852758418665e-09,4.174895939840361e-09,4.184122048126606e-09,0.5826247615990914,0.33170114201832623,0.11144403112977924
908,4.15704282963573e-09,4.18879187960591e-09,0.7579128,3.998337e-05,4.1643862344348605e-09,4.174896926762708e-09,4.184013657072745e-09,0.5826018768770791,0.33167758098283506,0.11403167693112085
909,4.157042364224079e-09,4.188791433916935e-09,0.7579239,2.934333e-05,4.164387196255594e-09,4.174897925374743e-09,4.18390648855149e-09,0.5825789150984548,0.3316537408765927,0.1165901369163564
910,4.15704189883315e-09,4.188790987248008e-09,0.757935,1.86799e-05,4.164389126475783e-09,4.174899956986283e-09,4.183695984560505e-09,0.5825328344858051,0.3316052397237403,0.12161554952223767
911,4.157041433799928e-09,4.188790539916963e-09,0.7579461,8.000653e-06,4.164389126475783e-09,4.174899956986283e-09,4.183695984560505e-09,0.5825328344858051,0.3316052397237403,0.12161554952223767
912,4.157040969461375e-09,4.1887900922426436e-09,0.7579572,2.686784e-06,4.164390093306251e-09,4.174900989452581e-09,4.183592729448914e-09,0.582509753108587,0.3315805914064957,0.12408058373360877
913,4.157040506154017e-09,4.1887896445445266e-09,0.7579682,1.337479e-05,4.164391060233734e-09,4.174902032539435e-09,4.183490857470349e-09,0.582486669415325,0.3315556895421605,0.1265125980762952
914,4.1570400442135035e-09,4.188789197142352e-09,0.7579792,2.405573e-05,4.164392026472837e-09,4.17490308578344e-09,4.183390406178906e-09,0.5824636021558982,0.33153054519370884,0.12891069601226138
915,4.15703958397426e-09,4.188788750355762e-09,0.7579902,3.472197e-05,4.164392991244387e-09,4.174904148641058e-09,4.183291411984065e-09,0.5824405699317242,0.33150517133715224,0.13127400832920863
916,4.157039125769102e-09,4.188788304503965e-09,0.7580012,4.53659e-05,4.164393953777751e-09,4.1749052204920345e-09,4.183193910102942e-09,0.5824175911403081,0.33147958277998235,0.13360169428041954
917,4.157038669928814e-09,4.188787859905405e-09,0.7580121,5.597991e-05,4.164394913314032e-09,4.17490630064129e-09,4.18309793451647e-09,0.5823946838989777,0.33145379611598913,0.13589294263090065
918,4.157038216781969e-09,4.188787416877447e-09,0.7580229,6.655642e-05,4.164395869108231e-09,4.174907388319063e-09,4.183003517929963e-09,0.5823718659932834,0.33142782972188345,0.13814697259876477
919,4.157037766654555e-09,4.188786975736095e-09,0.7580336,7.70879e-05,4.16439682043113e-09,4.174908482685649e-09,4.18291069173768e-09,0.5823491548319936,0.3314017036441248,0.14036303470131176
920,4.157037319869765e-09,4.188786536795709e-09,0.7580443,8.756683e-05,4.164398706835015e-09,4.17491068779614e-09,4.182729929379836e-09,0.5823041202565644,0.33134906050891233,0.14467841811768395
921,4.15703687674781e-09,4.1887861003687596e-09,0.7580549,9.798575e-05,4.164398706835015e-09,4.17491068779614e-09,4.182729929379836e-09,0.5823041202565644,0.33134906050891233,0.14467841811768395
922,4.157036437605661e-09,4.188785666765584e-09,0.7580654,0.0001083373,4.1643996405490455e-09,4.174911796540088e-09,4.182642049198643e-09,0.5822818294760485,0.3313225911969218,0.14677640290317312
923,4.1570360027569875e-09,4.188785236294175e-09,0.7580757,0.000118614,4.164400567058241e-09,4.174912907982378e-09,4.182555871344915e-09,0.582259710698297,0.3312960574667673,0.14883374761405724
924,4.15703557251198e-09,4.188784809259977e-09,0.758086,0.0001288087,4.164401485727501e-09,4.174914020988281e-09,4.18247142030281e-09,0.5822377790852296,0.3312694864080849,0.15084986773409623
925,4.15703514717731e-09,4.188784385965711e-09,0.7580962,0.0001389141,4.1644023959397444e-09,4.1749151343785754e-09,4.182388719140192e-09,0.5822160493685671,0.3312429061727474,0.15282421255861045
926,4.157034727056038e-09,4.1887839667111975e-09,0.7581062,0.0001489231,4.164403297095377e-09,4.17491624693187e-09,4.1823077895097694e-09,0.5821945358625484,0.33121634591929494,0.15475626516726895
927,4.157034312447513e-09,4.188783551793214e-09,0.7581161,0.0001588285,4.16440418861098e-09,4.174917357392728e-09,4.182228651655444e-09,0.5821732524952904,0.3311898356191138,0.15664554227250743
928,4.157033903647406e-09,4.188783141505352e-09,0.7581258,0.0001686234,4.164405069917106e-09,4.174918464475032e-09,4.182151324423706e-09,0.5821522128613549,0.331163405975945,0.15849159394750698
929,4.157033500947655e-09,4.1887827361378845e-09,0.7581355,0.0001783008,4.164405940456721e-09,4.174919566866852e-09,4.182075825280094e-09,0.5821314302589137,0.3311370883098292,0.16029400323327822
930,4.157033104636387e-09,4.188782335977654e-09,0.7581449,0.000187854,4.1644076470530245e-09,4.174921752232922e-09,4.181930374344559e-09,0.5820906882732783,0.3310849165379599,0.1637663885384314
931,4.157032714997948e-09,4.1887819413079575e-09,0.7581542,0.000197276,4.1644076470530245e-09,4.174921752232922e-09,4.181930374344559e-09,0.5820906882732783,0.3310849165379599,0.1637663885384314
932,4.157032332312802e-09,4.188781552408438e-09,0.7581634,0.0002065603,4.164408482033167e-09,4.174922832497366e-09,4.181860450788432e-09,0.5820707545907214,0.3310591271240507,0.16543569047785373
933,4.157031956857508e-09,4.188781169554986e-09,0.7581723,0.0002157003,4.164409304087296e-09,4.174923902658728e-09,4.181792411853964e-09,0.5820511294939971,0.3310335789034441,0.1670600003893581
934,4.157031588904634e-09,4.188780793019632e-09,0.7581811,0.0002246894,4.1644101126784215e-09,4.174924961343292e-09,4.1817262684963485e-09,0.5820318258028151,0.3310083046712186,0.16863905673693083
935,4.157031228722674e-09,4.188780423070452e-09,0.7581897,0.0002335213,4.164410907265343e-09,4.174926007175837e-09,4.181662030472056e-09,0.5820128564373807,0.3309833372583341,0.17017262660201748
936,4.157030876575923e-09,4.1887800599714535e-09,0.7581981,0.0002421896,4.164411687297999e-09,4.1749270387798e-09,4.1815997063798915e-09,0.5819942345294339,0.33095870952784,0.17166050470327754
937,4.157030532724332e-09,4.188779703982476e-09,0.7582063,0.0002506882,4.164412452217463e-09,4.1749280547842526e-09,4.181539303703069e-09,0.5819759734223686,0.3309344542082068,0.17310251239212873
938,4.157030197423395e-09,4.188779355359072e-09,0.7582143,0.000259011,4.164413201450798e-09,4.174929053822137e-09,4.181480828853286e-09,0.5819580867940415,0.3309106039355655,0.1744984966005419
939,4.157029870923904e-09,4.188779014352387e-09,0.7582221,0.0002671519,4.164413934411558e-09,4.174930034535666e-09,4.1814242872153206e-09,0.581940588644845,0.33088719112467796,0.17584832877645418
940,4.157029553471758e-09,4.188778681209035e-09,0.7582297,0.0002751051,4.1644153490891105e-09,4.174931935600985e-09,4.1813170202506764e-09,0.5819068157060338,0.3308418065332773,0.17840913892449112
941,4.157029245307818e-09,4.188778356170957e-09,0.7582371,0.0002828649,4.1644153490891105e-09,4.174931935600985e-09,4.1813170202506764e-09,0.5819068157060338,0.3308418065332773,0.17840913892449112
942,4.1570289466675165e-09,4.188778039475277e-09,0.7582442,0.0002904254,4.164416029551978e-09,4.174932853288713e-09,4.181266300966069e-09,0.581890570851687,0.33081989835255293,0.1796199726527887
943,4.157028657780719e-09,4.18877773135415e-09,0.7582511,0.0002977813,4.1644166912345885e-09,4.174933747327043e-09,4.1812175270671324e-09,0.5818747743429586,0.3307985547596203,0.18078436371923767
944,4.157028378871384e-09,4.188777432034597e-09,0.7582577,0.000304927,4.1644173334723755e-09,4.174934616421574e-09,4.1811706994797375e-09,0.5818594420451931,0.330777806656031,0.1819022900202835
945,4.157028110157334e-09,4.188777141738331e-09,0.7582642,0.0003118573,4.1644179555887525e-09,4.174935459297595e-09,4.181125818369813e-09,0.5818445901107057,0.3307576844732679,0.18297374759467983
946,4.1570278518499086e-09,4.188776860681575e-09,0.7582703,0.000318567,4.1644185568989604e-09,4.1749362747019355e-09,4.181082883185235e-09,0.5818302348869163,0.33073821812854975,0.18399874962339735
947,4.1570276041537265e-09,4.18877658907488e-09,0.7582762,0.0003250512,4.164419136713478e-09,4.174937061404733e-09,4.181041892696148e-09,0.5818163928349318,0.33071943698271,0.18497732546709178
948,4.157027367266386e-09,4.1887763271229265e-09,0.7582819,0.0003313048,4.16441969434264e-09,4.174937818204574e-09,4.181002845034276e-09,0.5818030804192944,0.3307013697173673,0.18590951972754555
949,4.157027141378158e-09,4.18877607502433e-09,0.7582873,0.0003373232,4.164420229101986e-09,4.174938543930269e-09,4.180965737730776e-09,0.5817903139803153,0.33068404429260706,0.1867953913440823
950,4.1570269266717936e-09,4.188775832971437e-09,0.7582924,0.0003431018,4.1644212273325575e-09,4.17493989765427e-09,4.180897331538677e-09,0.5817664829808418,0.33065172651266456,0.18842846888567974
951,4.157026723322175e-09,4.18877560115012e-09,0.7582973,0.0003486361,4.1644212273325575e-09,4.17493989765427e-09,4.180897331538677e-09,0.5817664829808418,0.33065172651266456,0.18842846888567974
952,4.157026531496164e-09,4.188775379739579e-09,0.7583018,0.0003539219,4.164421689510578e-09,4.1749405234966164e-09,4.180866025031246e-09,0.5817554492933639,0.3306367856272022,0.189175856696962
953,4.157026351352366e-09,4.18877516891214e-09,0.7583061,0.0003589551,4.164422126244896e-09,4.174941113964457e-09,4.180836643711215e-09,0.5817450230295218,0.33062268924587,0.18987728404459
954,4.1570261830408805e-09,4.1887749688330535e-09,0.7583102,0.0003637316,4.164422536961901e-09,4.1749416680961514e-09,4.180809182627986e-09,0.5817352178832861,0.3306094603261235,0.19053286911537054
955,4.1570260267031815e-09,4.188774779660304e-09,0.7583139,0.0003682478,4.164422921127538e-09,4.174942184984936e-09,4.180783636430164e-09,0.5817260466042833,0.3305971205153503,0.19114273966445677
956,4.157025882471909e-09,4.188774601544427e-09,0.7583173,0.0003725,4.164423278251647e-09,4.174942663780392e-09,4.180759999394863e-09,0.5817175208942001,0.3305856901158189,0.191707032315695
957,4.157025750470795e-09,4.188774434628324e-09,0.7583205,0.0003764848,4.164423607892835e-09,4.1749431036936065e-09,4.180738265455658e-09,0.5817096512905103,0.3305751879614339,0.19222589189429795
958,4.15702563081444e-09,4.188774279047098e-09,0.7583233,0.000380199,4.164423909661681e-09,4.174943503997992e-09,4.180718428230138e-09,0.5817024470899932,0.3305656313981865,0.1926994707690957
959,4.157025523608316e-09,4.188774134927888e-09,0.7583259,0.0003836396,4.164424183223599e-09,4.174943864034557e-09,4.180700481046154e-09,0.5816959162802681,0.33055703615832327,0.19312792822594796
960,4.157025428948544e-09,4.1887740023897275e-09,0.7583282,0.0003868037,4.164424644678127e-09,4.1749444610139246e-09,4.180670228816211e-09,0.5816848998648864,0.33054278432573697,0.19385014701619488
961,4.157025346921948e-09,4.188773881543396e-09,0.7583301,0.0003896887,4.164424644678127e-09,4.1749444610139246e-09,4.180670228816211e-09,0.5816848998648864,0.33054278432573697,0.19385014701619488
962,4.157025277605824e-09,4.188773772491299e-09,0.7583318,0.0003922921,4.164424832192498e-09,4.174944696991354e-09,4.1806579092007395e-09,0.5816804232890425,0.3305371507795898,0.19414425617108264
963,4.1570252210679736e-09,4.188773675327341e-09,0.7583331,0.0003946118,4.164424990744621e-09,4.174944890773146e-09,4.180647450533291e-09,0.5816766381359303,0.3305325245800726,0.19439393846446507
964,4.157025177366583e-09,4.188773590136829e-09,0.7583342,0.0003966455,4.164425120291156e-09,4.174945042064121e-09,4.1806388450540615e-09,0.5816735454402195,0.3305289127740942,0.19459937914802844
965,4.1570251465501764e-09,4.1887735169963655e-09,0.7583349,0.0003983916,4.164425220845164e-09,4.174945150645428e-09,4.180632084849845e-09,0.5816711448900972,0.33052632058632503,0.1947607671356296
966,4.157025128657493e-09,4.188773455973762e-09,0.7583353,0.0003998484,4.164425292472848e-09,4.174945216375559e-09,4.180627161873601e-09,0.5816694349050935,0.33052475139504595,0.1948782945362286
967,4.157025123717497e-09,4.188773407127961e-09,0.7583355,0.0004010146,4.164425335291117e-09,4.174945239191301e-09,4.180624067960755e-09,0.5816684126942174,0.33052420670932003,0.19495215626466575
968,4.157025131749186e-09,4.188773370508961e-09,0.7583353,0.0004018888,4.1644253494646785e-09,4.174945219108522e-09,4.180622794845106e-09,0.5816680743253704,0.33052468615035113,0.1949825496619769
969,4.157025152761657e-09,4.188773346157743e-09,0.7583348,0.0004024701,4.164425335200994e-09,4.174945156222347e-09,4.180623334172058e-09,0.5816684148457452,0.33052618744719847,0.19496967417941374
970,4.157025186753904e-09,4.188773334106214e-09,0.7583339,0.0004027578,4.164425222389188e-09,4.174944902813055e-09,4.180629816363448e-09,0.5816711080292489,0.33053223714841495,0.19481492325914687
971,4.157025233714782e-09,4.188773334377146e-09,0.7583328,0.0004027514,4.164425222389188e-09,4.174944902813055e-09,4.180629816363448e-09,0.5816711080292489,0.33053223714841495,0.19481492325914687
972,4.1570252936229365e-09,4.188773346984111e-09,0.7583314,0.0004024504,4.1644251244399735e-09,4.1749447128768115e-09,4.180635742172423e-09,0.5816734463944896,0.3305367715422218,0.19467345499061806
973,4.157025366446748e-09,4.188773371931432e-09,0.7583297,0.0004018548,4.164424999243335e-09,4.174944481309348e-09,4.180643446325642e-09,0.5816764352440748,0.3305422998082008,0.1944895318805413
974,4.157025452144187e-09,4.188773409214119e-09,0.7583276,0.0004009648,4.164424847166676e-09,4.174944208604579e-09,4.180652920158799e-09,0.5816800658068636,0.33054881015499205,0.19426336077400094
975,4.157025550662787e-09,4.188773458817815e-09,0.7583253,0.0003997806,4.164424668598475e-09,4.174943895334058e-09,4.180664154955404e-09,0.5816843288086487,0.3305562889377763,0.19399514976185137
976,4.1570256619395865e-09,4.1887735207187345e-09,0.7583226,0.0003983028,4.1644244639439694e-09,4.174943542150715e-09,4.1806771419442535e-09,0.5816892145750793,0.3305647205690163,0.1936851082411639
977,4.157025785901057e-09,4.188773594883601e-09,0.7583196,0.0003965322,4.1644242336237525e-09,4.174943149788007e-09,4.180691872293945e-09,0.5816947130652315,0.33057408753867873,0.19333344704613284
978,4.157025922463096e-09,4.188773681269581e-09,0.7583164,0.0003944699,4.164423978070791e-09,4.174942719058267e-09,4.180708337105053e-09,0.5817008139427795,0.3305843704537682,0.19294037863488686
979,4.157026071530861e-09,4.188773779824219e-09,0.7583128,0.0003921171,4.164423697729077e-09,4.174942250854224e-09,4.18072652739975e-09,0.5817075066082226,0.3305955480019325,0.1925061173372999
980,4.15702623299889e-09,4.188773890485364e-09,0.758309,0.0003894752,4.16442306449984e-09,4.174941205992892e-09,4.180768048053935e-09,0.5817226238426927,0.3306204922288239,0.19151488473419792
981,4.157026406750995e-09,4.188774013181101e-09,0.7583048,0.0003865461,4.16442306449984e-09,4.174941205992892e-09,4.180768048053935e-09,0.5817226238426927,0.3306204922288239,0.19151488473419792
982,4.15702659266028e-09,4.18877414782967e-09,0.7583004,0.0003833316,4.164422712544124e-09,4.1749406315166445e-09,4.180791359934785e-09,0.5817310261664965,0.3306342068389886,0.19095835457369773
983,4.157026790589124e-09,4.188774294339399e-09,0.7582957,0.0003798339,4.164422337663414e-09,4.174940023926548e-09,4.180816360303612e-09,0.5817399757841947,0.3306487119840654,0.1903615147320041
984,4.1570270003891835e-09,4.188774452608625e-09,0.7582906,0.0003760555,4.164421940345011e-09,4.174939384506108e-09,4.180843039545832e-09,0.5817494610623676,0.33066397702263617,0.18972459474042536
985,4.15702722190145e-09,4.188774622525628e-09,0.7582854,0.0003719991,4.164421521087047e-09,4.1749387146113775e-09,4.1808713878554524e-09,0.5817594701089825,0.33067996958129026,0.18904782869975817
986,4.15702745495622e-09,4.188774803968553e-09,0.7582798,0.0003676674,4.164421080399333e-09,4.174938015671667e-09,4.1809013952095096e-09,0.5817699907531921,0.33069665553776023,0.1883314558906627
987,4.1570276993731925e-09,4.188774996805357e-09,0.758274,0.0003630638,4.1644206188046966e-09,4.174937289184678e-09,4.18093305134135e-09,0.5817810105134025,0.3307139991370765,0.18757572141142712
988,4.157027954961498e-09,4.188775200893744e-09,0.7582679,0.0003581916,4.164420136841909e-09,4.174936536712134e-09,4.180966345712468e-09,0.581792516527407,0.3307319630958144,0.1867808768503498
989,4.157028221519698e-09,4.1887754160811305e-09,0.7582615,0.0003530543,4.164419635066982e-09,4.174935759878264e-09,4.181001267483823e-09,0.581804495521402,0.3307505086383703,0.18594718097044363
990,4.157028498835953e-09,4.188775642204601e-09,0.7582549,0.000347656,4.164418574407125e-09,4.17493413989905e-09,4.181075948194703e-09,0.58182981691028,0.33078918279331154,0.18416431032691846
991,4.15702878668805e-09,4.188775879090897e-09,0.758248,0.0003420008,4.164418574407125e-09,4.17493413989905e-09,4.181075948194703e-09,0.58182981691028,0.33078918279331154,0.18416431032691846
992,4.157029084843471e-09,4.188776126556402e-09,0.7582409,0.000336093,4.164418016743667e-09,4.17493330026233e-09,4.181115683691937e-09,0.5818431301446677,0.3308092276434718,0.18321569520675596
993,4.157029393059587e-09,4.1887763844071725e-09,0.7582335,0.0003299373,4.164417441715067e-09,4.174932443268067e-09,4.181156999647695e-09,0.5818568579412731,0.3308296868744494,0.182229349418656
994,4.157029711083719e-09,4.188776652438958e-09,0.7582259,0.0003235385,4.164416850000234e-09,4.174931570762483e-09,4.181199883287518e-09,0.5818709840923696,0.3308505164109297,0.18120557793029737
995,4.157030038653336e-09,4.188776930437275e-09,0.7582181,0.0003169017,4.164416242308952e-09,4.174930684613766e-09,4.181244321367583e-09,0.581885491653077,0.33087167165322345,0.1801446969147321
996,4.1570303754962105e-09,4.188777218177476e-09,0.7582101,0.0003100325,4.164415619383573e-09,4.174929786707253e-09,4.1812903001505694e-09,0.5819003629010565,0.33089310759221696,0.17904703432628125
997,4.157030721330641e-09,4.188777515424881e-09,0.7582018,0.0003029362,4.16441498200003e-09,4.174928878931833e-09,4.181337805383242e-09,0.5819155793123009,0.33091477913402045,0.1779129304358892
998,4.157031075865687e-09,4.188777821934897e-09,0.7581934,0.0002956188,4.164414330969567e-09,4.174927963174233e-09,4.181386822277045e-09,0.5819311215197428,0.3309366412363246,0.17674273829434045
999,4.157031438801424e-09,4.188778137453206e-09,0.7581847,0.0002880864,4.164413667138772e-09,4.174927041307198e-09,4.1814373354912065e-09,0.5819469693126044,0.3309586491906514,0.17553682413554242
1000,4.157031809829304e-09,4.18877846171596e-09,0.7581758,0.0002803452,4.164412304642649e-09,4.17492518662033e-09,4.181542786677644e-09,0.5819794965115378,0.33100292657809033,0.17301936249908317
1001,4.157032188632447e-09,4.188778794450018e-09,0.7581668,0.0002724017,4.164412304642649e-09,4.17492518662033e-09,4.181542786677644e-09,0.5819794965115378,0.33100292657809033,0.17301936249908317
1002,4.157032574886072e-09,4.188779135373216e-09,0.7581576,0.0002642628,4.164411607849066e-09,4.1749242573968815e-09,4.181597691102019e-09,0.5819961312329867,0.3310251101538485,0.17170861591854902
1003,4.157032968257865e-09,4.188779484194674e-09,0.7581482,0.0002559353,4.164410901996559e-09,4.174923329239679e-09,4.181654024742123e-09,0.582012982220333,0.33104726827486486,0.1703637493258045
1004,4.157033368408506e-09,4.1887798406151285e-09,0.7581386,0.0002474264,4.164410188105457e-09,4.174922403816431e-09,4.181711769365212e-09,0.582030025114978,0.3310693611275091,0.16898519799556966
1005,4.157033774992141e-09,4.188780204327308e-09,0.7581289,0.0002387434,4.164409467226177e-09,4.174921482726631e-09,4.181770906162366e-09,0.5820472348401072,0.3310913505267261,0.1675734109577131
1006,4.157034187656954e-09,4.18878057501634e-09,0.7581191,0.0002298938,4.164408740437343e-09,4.174920567494673e-09,4.1818314157594225e-09,0.5820645856454378,0.3311132000802556,0.1661288507363086
1007,4.157034606045692e-09,4.188780952360189e-09,0.7581091,0.0002208854,4.164408008843073e-09,4.174919659561362e-09,4.1818932782328015e-09,0.5820820511720894,0.331134875391419,0.16465199297178668
1008,4.1570350297963055e-09,4.188781336030127e-09,0.758099,0.000211726,4.164407273569749e-09,4.174918760279877e-09,4.1819564731303315e-09,0.582099604529698,0.33115634415544803,0.16314332592377226
1009,4.1570354585425805e-09,4.188781725691237e-09,0.7580887,0.0002024235,4.164406535762345e-09,4.174917870908284e-09,4.182020979496456e-09,0.5821172183840153,0.3311775763382386,0.16160334986933916
1010,4.15703589191479e-09,4.188782121002941e-09,0.7580784,0.0001929861,4.164405057195005e-09,4.174916126438552e-09,4.182153840482278e-09,0.5821525165791365,0.3312192224853857,0.15843152747368758
1011,4.157036329540378e-09,4.1887825216195586e-09,0.7580679,0.0001834221,4.164405057195005e-09,4.174916126438552e-09,4.182153840482278e-09,0.5821525165791365,0.3312192224853857,0.15843152747368758
1012,4.157036771044572e-09,4.188782927190888e-09,0.7580574,0.0001737398,4.164404318782598e-09,4.174915273356406e-09,4.1822221509692145e-09,0.5821701448768218,0.33123958832143474,0.15680073472454348
1013,4.157037216051167e-09,4.18878333736281e-09,0.7580468,0.0001639477,4.164403582522179e-09,4.174914434215893e-09,4.182291684742236e-09,0.5821877217995949,0.3312596213255345,0.15514073817131155
1014,4.15703766418312e-09,4.188783751777904e-09,0.7580361,0.0001540542,4.164402849590345e-09,4.174913609766187e-09,4.182362418871639e-09,0.5822052192582418,0.3312793036124296,0.1534520852203481
1015,4.157038115063296e-09,4.1887841700760905e-09,0.7580253,0.0001440681,4.164402121156216e-09,4.174912800657964e-09,4.182434330170715e-09,0.5822226093420851,0.33129861964841456,0.15173532941353246
1016,4.157038568315074e-09,4.188784591895284e-09,0.7580145,0.0001339979,4.16440139837754e-09,4.174912007443208e-09,4.182507395249415e-09,0.5822398644119564,0.3313175562558166,0.14999102914714915
1017,4.157039023563021e-09,4.1887850168720414e-09,0.7580036,0.0001238523,4.1644006823963595e-09,4.174911230579399e-09,4.182581590571833e-09,0.5822569572035527,0.3313361025131129,0.148219746299576
1018,4.157039480433516e-09,4.188785444642237e-09,0.7579927,0.0001136401,4.16439997433453e-09,4.174910470437924e-09,4.182656892514565e-09,0.5822738609345883,0.33135424955409837,0.14642204483805982
1019,4.157039938555366e-09,4.188785874841724e-09,0.7579818,0.0001033698,4.164399275290084e-09,4.174909727306387e-09,4.182733277428248e-09,0.5822905493914252,0.33137199051271166,0.14459848934950367
1020,4.157040397560331e-09,4.188786307107003e-09,0.7579708,9.305024e-05,4.164397908504923e-09,4.174908292866969e-09,4.182889201811787e-09,0.5823231789836029,0.3314062352313009,0.1408760688911813
1021,4.157040857083727e-09,4.18878674107588e-09,0.7579598,8.269e-05,4.164397908504923e-09,4.174908292866969e-09,4.182889201811787e-09,0.5823231789836029,0.3314062352313009,0.1408760688911813
1022,4.157041316764945e-09,4.188787176388124e-09,0.7579489,7.229768e-05,4.164397242810494e-09,4.174907601799286e-09,4.182968694411717e-09,0.5823390712674635,0.3314227332569634,0.1389783228584817
1023,4.157041776247928e-09,4.188787612686108e-09,0.7579379,6.188184e-05,4.164396590220587e-09,4.174906928240835e-09,4.183049176367277e-09,0.5823546507038863,0.3314388132805153,0.13705695769991158
1024,4.157042235181644e-09,4.1887880496154336e-09,0.7579269,5.145092e-05,4.16439595166752e-09,4.174906272199253e-09,4.1831306248306315e-09,0.5823698950354445,0.3314544751196083,0.1351125188673992
1025,4.157042693220551e-09,4.18878848682555e-09,0.757916,4.101329e-05,4.164395328044403e-09,4.174905633653757e-09,4.18321301729655e-09,0.5823847829407018,0.33146971927041763,0.1331455436337222
1026,4.1570431500250265e-09,4.18878892397034e-09,0.7579051,3.057723e-05,4.1643947202034466e-09,4.1749050125672596e-09,4.183296331659167e-09,0.5823992940746174,0.33148454661834154,0.1311565597375737
1027,4.157043605261758e-09,4.188789360708695e-09,0.7578942,2.015087e-05,4.164394128955337e-09,4.174904408894691e-09,4.183380546265951e-09,0.5824134090834933,0.3314989582393413,0.12914608409503905
1028,4.157044058604161e-09,4.188789796705062e-09,0.7578834,9.742224e-06,4.1643935550694366e-09,4.1749038225951185e-09,4.183465639967956e-09,0.582427109600176,0.33151295511060125,0.12711462160003503
1029,4.157044509732769e-09,4.18879023162996e-09,0.7578726,6.408431e-07,4.1643929992728574e-09,4.174903253639342e-09,4.183551592166245e-09,0.5824403782661149,0.33152653792922737,0.12506266401592303
1030,4.157044958335564e-09,4.188790665160484e-09,0.7578619,1.099062e-05,4.164391944650273e-09,4.174902167754893e-09,4.1837259926560944e-09,0.5824655555257209,0.33155246151088974,0.12089915901035353
1031,4.157045404108403e-09,4.188791096980767e-09,0.7578513,2.129957e-05,4.164391944650273e-09,4.174902167754893e-09,4.1837259926560944e-09,0.5824655555257209,0.33155246151088974,0.12089915901035353
1032,4.157045846755303e-09,4.188791526782415e-09,0.7578407,3.156033e-05,4.1643914470736095e-09,4.1749016509053345e-09,4.183814402857602e-09,0.5824774342935605,0.33156480038519776,0.11878852092189818
1033,4.157046285988827e-09,4.1887919542649236e-09,0.7578302,4.176572e-05,4.164390970085978e-09,4.17490115156934e-09,4.1839035954353265e-09,0.5824888215344555,0.3315767211539578,0.11665920497710648
1034,4.157046721530426e-09,4.188792379136051e-09,0.7578198,5.190877e-05,4.164390514213914e-09,4.174900669893994e-09,4.1839935530776736e-09,0.5824997046783237,0.33158822030581087,0.11451162445984273
1035,4.157047153110673e-09,4.188792801112165e-09,0.7578095,6.198271e-05,4.16439007994531e-09,4.174900206078142e-09,4.184084259201582e-09,0.5825100720775667,0.33159929309363984,0.11234617526153412
1036,4.157047580469712e-09,4.188793219918563e-09,0.7577993,7.198098e-05,4.164389667731081e-09,4.174899760374498e-09,4.184175697963031e-09,0.5825199129673971,0.3316099334843518,0.11016323563031828
1037,4.157048003357443e-09,4.188793635289756e-09,0.7577892,8.189724e-05,4.164389277985234e-09,4.17489933308991e-09,4.184267854262073e-09,0.5825292174641018,0.33162013415249963,0.10796316605087992
1038,4.157048421533828e-09,4.188794046969727e-09,0.7577793,9.172537e-05,4.164388911085424e-09,4.17489892458895e-09,4.1843607137421025e-09,0.5825379765518683,0.33162988639455826,0.10574630926192734
1039,4.1570488347691146e-09,4.188794454712154e-09,0.7577694,0.0001014595,4.164388567373171e-09,4.174898535288416e-09,4.184454262783716e-09,0.582546182077475,0.3316391802602056,0.10351299040277796
1040,4.15704924284407e-09,4.188794858280603e-09,0.7577596,0.000111094,4.164387950694445e-09,4.174897816214043e-09,4.184643378682157e-09,0.582560904197601,0.33165634689634776,0.09899818089465434
1041,4.157049645550201e-09,4.188795257448701e-09,0.75775,0.0001206234,4.164387950694445e-09,4.174897816214043e-09,4.184643378682157e-09,0.582560904197601,0.33165634689634776,0.09899818089465434
1042,4.157050042689797e-09,4.1887956520002606e-09,0.7577406,0.0001300427,4.164387678226853e-09,4.174897487519519e-09,4.184738921852043e-09,0.5825674088822164,0.3316641939000707,0.09671725572975073
1043,4.157050434076163e-09,4.188796041729396e-09,0.7577312,0.0001393467,4.16438742994278e-09,4.174897180172551e-09,4.184835107159981e-09,0.5825733362278536,0.33167153126846677,0.0944210006480751
1044,4.157050819533568e-09,4.188796426440592e-09,0.757722,0.0001485311,4.164387205994713e-09,4.17489689480497e-09,4.1849319243907154e-09,0.5825786825941236,0.331678343917619,0.09210965952090581
1045,4.157051198897411e-09,4.188796805948757e-09,0.757713,0.0001575911,4.164387006493891e-09,4.174896632072023e-09,4.185029363919253e-09,0.5825834453254244,0.33168461620471723,0.08978346212801395
1046,4.157051572014023e-09,4.188797180079239e-09,0.757704,0.0001665229,4.164386831508949e-09,4.1748963926461164e-09,4.1851274166714605e-09,0.5825876227831888,0.33169033207719084,0.08744262509837415
1047,4.157051938740761e-09,4.188797548667817e-09,0.7576953,0.0001753223,4.1643866810640525e-09,4.174896177208706e-09,4.1852260740796495e-09,0.5825912143905337,0.3316954752665108,0.08508735297048589
1048,4.157052298945802e-09,4.188797911560667e-09,0.7576867,0.0001839857,4.1643865551373815e-09,4.174895986442335e-09,4.1853253280360546e-09,0.5825942206683582,0.3317000294781406,0.0827178393029916
1049,4.157052652508028e-09,4.1887982686142915e-09,0.7576782,0.0001925097,4.164386453659502e-09,4.174895821021216e-09,4.18542517084233e-09,0.5825966432742857,0.3317039786164603,0.08033426788035937
1050,4.157052999316867e-09,4.188798619695435e-09,0.75767,0.0002008912,4.164386323525427e-09,4.17489556882601e-09,4.185626593942226e-09,0.5825997499964753,0.3317099993335068,0.07552564558016
1051,4.15705333927204e-09,4.18879896468096e-09,0.7576619,0.0002091271,4.164386323525427e-09,4.17489556882601e-09,4.185626593942226e-09,0.5825997499964753,0.3317099993335068,0.07552564558016
1052,4.1570536722832805e-09,4.1887993034577085e-09,0.7576539,0.0002172148,4.164386294480523e-09,4.1748954832912436e-09,4.185728160403665e-09,0.5826004433924744,0.331712041325647,0.07310092492159477
1053,4.157053998270162e-09,4.188799635922324e-09,0.7576461,0.0002251518,4.164386289105397e-09,4.174895425565619e-09,4.185830287935879e-09,0.5826005717141631,0.33171341942342114,0.07066280968495012
1054,4.157054317161682e-09,4.188799961981073e-09,0.7576385,0.0002329359,4.164386307076851e-09,4.174895396170526e-09,4.185932970061298e-09,0.5826001426772975,0.3317141211795762,0.0682114545108065
1055,4.1570546288960795e-09,4.188800281549614e-09,0.7576311,0.000240565,4.164386348020195e-09,4.174895395578313e-09,4.186036200370564e-09,0.5825991652269541,0.33171413531760857,0.06574701241132744
1056,4.1570549334203795e-09,4.188800594552777e-09,0.7576238,0.0002480374,4.164386411510994e-09,4.174895424205996e-09,4.186139972462094e-09,0.5825976494957831,0.3317134518820224,0.06326963621303042
1057,4.157055230690158e-09,4.188800900924295e-09,0.7576167,0.0002553515,4.164386497076188e-09,4.1748954824123435e-09,4.186244279881498e-09,0.5825956067772515,0.3317120623078409,0.06077948000313188
1058,4.1570555206691804e-09,4.188801200606535e-09,0.7576098,0.0002625059,4.16438660419651e-09,4.1748955704953725e-09,4.1863491160613575e-09,0.5825930494679401,0.33170995948042126,0.05827670056720358
1059,4.157055803329043e-09,4.188801493550214e-09,0.757603,0.0002694994,4.164386732309585e-09,4.174895688688254e-09,4.186454474261346e-09,0.5825899909935699,0.33170713783322464,0.05576145881869279
1060,4.1570560786488605e-09,4.188801779714086e-09,0.7575965,0.000276331,4.164387049068202e-09,4.1748960160142804e-09,4.1866667285446085e-09,0.5825824289386141,0.33169932349995407,0.05069426106264136
1061,4.157056346614948e-09,4.18880205906464e-09,0.7575901,0.000283,4.164387049068202e-09,4.1748960160142804e-09,4.1866667285446085e-09,0.5825824289386141,0.33169932349995407,0.05069426106264136
1062,4.157056607220399e-09,4.188802331575769e-09,0.7575838,0.0002895058,4.164387236405515e-09,4.174896225288671e-09,4.186773609759571e-09,0.582577956589699,0.33169432744189864,0.04814266000989793
1063,4.157056860464898e-09,4.1888025972284506e-09,0.7575778,0.0002958478,4.16438744212821e-09,4.174896464955651e-09,4.186880983147415e-09,0.5825730453221399,0.3316886058142188,0.04557930919511567
1064,4.15705710635433e-09,4.188802856010408e-09,0.7575719,0.0003020257,4.164387665517765e-09,4.174896734923928e-09,4.186988840248303e-09,0.5825677122893503,0.3316821607963453,0.04300441058203829
1065,4.157057344900445e-09,4.188803107915789e-09,0.7575662,0.0003080395,4.16438790583936e-09,4.174897035041019e-09,4.187097172099695e-09,0.5825619750338881,0.33167499602856876,0.0404181781355273
1066,4.157057576120703e-09,4.188803352944832e-09,0.7575607,0.0003138892,4.164388162346853e-09,4.1748973650922615e-09,4.1872059691881575e-09,0.5825558513685548,0.33166711663555826,0.03782083897210954
1067,4.157057800037863e-09,4.188803591103549e-09,0.7575554,0.0003195748,4.164388434288381e-09,4.174897724804487e-09,4.1873152214046914e-09,0.5825493592428053,0.3316585291387422,0.0352126344263413
1068,4.157058016679798e-09,4.188803822403403e-09,0.7575502,0.0003250967,4.1643887209111e-09,4.174898113848168e-09,4.187424918002452e-09,0.5825425166294154,0.3316492414050041,0.032593821060240356
1069,4.1570582260793015e-09,4.188804046861019e-09,0.7575452,0.0003304552,4.164389021466395e-09,4.17489853183736e-09,4.187535047557842e-09,0.5825353414002915,0.33163926264810467,0.029964671592128525
1070,4.157058428273837e-09,4.18880426449788e-09,0.7575404,0.0003356509,4.164389661426437e-09,4.174899452842313e-09,4.187756556252807e-09,0.5825200634796874,0.33161727527446594,0.02467654103088809
1071,4.157058623305446e-09,4.188804475340061e-09,0.7575357,0.0003406844,4.164389661426437e-09,4.174899452842313e-09,4.187756556252807e-09,0.5825200634796874,0.33161727527446594,0.02467654103088809
1072,4.1570588112204926e-09,4.188804679417967e-09,0.7575312,0.0003455564,4.164389999392046e-09,4.174899954821475e-09,4.187867908858347e-09,0.5825119951450946,0.3316052914047188,0.022018193391223358
1073,4.157058992069694e-09,4.188804876766097e-09,0.7575269,0.0003502677,4.164390348418331e-09,4.174900483674845e-09,4.18797964130008e-09,0.5825036627563088,0.33159266596051357,0.01935077783038555
1074,4.157059165907909e-09,4.188805067422821e-09,0.7575228,0.0003548193,4.16439070783396e-09,4.1749010387553e-09,4.188091738308143e-09,0.5824950823402094,0.33157941439077976,0.016674658889528
1075,4.157059332794158e-09,4.188805251430183e-09,0.7575188,0.0003592122,4.1643910769901215e-09,4.174901619364352e-09,4.188204183777196e-09,0.5824862693860302,0.3315655533706866,0.01399022105531427
1076,4.1570594927915415e-09,4.188805428833724e-09,0.7575149,0.0003634474,4.164391455261848e-09,4.174902224751284e-09,4.188316960753603e-09,0.5824772388137645,0.33155110082227895,0.011297869066004173
1077,4.157059645967199e-09,4.1888055996823275e-09,0.7575113,0.0003675261,4.164391842048285e-09,4.174902854112613e-09,4.1884300514267325e-09,0.5824680049677663,0.33153607592731354,0.008598028119078772
1078,4.157059792392298e-09,4.18880576402808e-09,0.7575078,0.0003714495,4.164392236771905e-09,4.1749035065910066e-09,4.188543437124159e-09,0.5824585816354712,0.3315204991530686,0.00589114398587453
1079,4.157059932141953e-09,4.188805921926169e-09,0.7575045,0.0003752191,4.164392638878263e-09,4.1749041812736536e-09,4.188657098311156e-09,0.582448982053281,0.33150439229132544,0.003177683023629275
1080,4.157060065295243e-09,4.188806073434775e-09,0.7575013,0.0003788361,4.164393463125561e-09,4.174905593322998e-09,4.188885164727548e-09,0.5824293045985158,0.3314706820963681,0.002267001604671587
1081,4.157060191935095e-09,4.18880621861501e-09,0.7574983,0.000382302,4.164393463125561e-09,4.174905593322998e-09,4.188885164727548e-09,0.5824293045985158,0.3314706820963681,0.002267001604671587
1082,4.157060312148274e-09,4.18880635753086e-09,0.7574954,0.0003856184,4.164393884257089e-09,4.174906328583152e-09,4.188999526626123e-09,0.582419250823853,0.331453129053179,0.004997190823600152
1083,4.15706042602527e-09,4.188806490249142e-09,0.7574927,0.0003887868,4.1643943107480425e-09,4.174907081833852e-09,4.1891140773789085e-09,0.5824090691023482,0.3314351465173326,0.007731888604712909
1084,4.157060533660262e-09,4.188806616839486e-09,0.7574901,0.0003918089,4.164394742130747e-09,4.1749078518798926e-09,4.189228793268292e-09,0.5823987705988727,0.3314167630222626,0.01047052873170254
1085,4.1570606351510235e-09,4.188806737374323e-09,0.7574877,0.0003946865,4.164395177948342e-09,4.174908637470359e-09,4.189343649791861e-09,0.5823883662201977,0.33139800843137596,0.013212526252561238
1086,4.157060730598888e-09,4.188806851928885e-09,0.7574854,0.0003974213,4.164395617752395e-09,4.174909437301627e-09,4.189458621687626e-09,0.5823778666718485,0.3313789138663693,0.015957278081701207
1087,4.1570608201086084e-09,4.188806960581219e-09,0.7574833,0.0004000151,4.1643960611006925e-09,4.174910250019292e-09,4.189573682962464e-09,0.5823672825108883,0.33135951166131633,0.018704163679031074
1088,4.157060903788403e-09,4.188807063412208e-09,0.7574813,0.00040247,4.164396507555453e-09,4.1749110742229105e-09,4.18968880692279e-09,0.5823566241885934,0.33133983524931704,0.021452545782172813
1089,4.157060981749852e-09,4.18880716050559e-09,0.7574794,0.000404788,4.164396956682008e-09,4.174911908469422e-09,4.189803966208086e-09,0.5823459020818904,0.3313199190809013,0.024201771206827188
1090,4.157061054107845e-09,4.188807251947995e-09,0.7574777,0.000406971,4.1643978612185845e-09,4.174913601146849e-09,4.1900342781930904e-09,0.5823243078617891,0.3312795093839816,0.02970006483685025
1091,4.157061120980509e-09,4.188807337828971e-09,0.7574761,0.0004090213,4.1643978612185845e-09,4.174913601146849e-09,4.1900342781930904e-09,0.5823243078617891,0.3312795093839816,0.02970006483685025
1092,4.157061182489137e-09,4.188807418241024e-09,0.7574746,0.000410941,4.16439831576441e-09,4.174914456537821e-09,4.190149373167318e-09,0.5823134563795337,0.33125908842875945,0.03244775494786117
1093,4.157061238758005e-09,4.188807493279644e-09,0.7574733,0.0004127324,4.164398771252884e-09,4.174915315907701e-09,4.190264388095279e-09,0.5823025823932247,0.33123857248409827,0.035193534095010526
1094,4.1570612899142035e-09,4.188807563043339e-09,0.757472,0.0004143979,4.164399227252758e-09,4.17491617770564e-09,4.190379292849998e-09,0.5822916961981139,0.3312179985738025,0.037936683049748496
1095,4.1570613360874195e-09,4.188807627633659e-09,0.7574709,0.0004159398,4.16439968333379e-09,4.1749170403834805e-09,4.190494056873651e-09,0.5822808080655182,0.3311974036574185,0.0406764722977725
1096,4.157061377409655e-09,4.188807687155225e-09,0.75747,0.0004173608,4.164400139067072e-09,4.1749179024062995e-09,4.1906086492199375e-09,0.5822699282348234,0.3311768243785129,0.043412163050572286
1097,4.157061414014958e-09,4.18880774171574e-09,0.7574691,0.0004186633,4.1644005940268e-09,4.174918762262463e-09,4.190723038595878e-09,0.5822590668713818,0.3311562968247017,0.046143008243289964
1098,4.157061446039017e-09,4.188807791426002e-09,0.7574683,0.0004198501,4.164401047790541e-09,4.174919618471495e-09,4.190837193404079e-09,0.5822482340600353,0.3311358563397328,0.048868253543717606
1099,4.157061473618841e-09,4.188807836399907e-09,0.7574677,0.0004209238,4.164401499941027e-09,4.174920469596414e-09,4.190951081783265e-09,0.5822374397623027,0.33111553722903153,0.051587138319943694
1100,4.157061496892146e-09,4.188807876754447e-09,0.7574671,0.0004218872,4.164402397763489e-09,4.1749221511078274e-09,4.191177930731888e-09,0.5822160058298707,0.33107539410102815,0.05700275804623057
1101,4.157061515996591e-09,4.1888079126096904e-09,0.7574666,0.0004227431,4.164402397763489e-09,4.1749221511078274e-09,4.191177930731888e-09,0.5822160058298707,0.33107539410102815,0.05700275804623057
1102,4.157061531068361e-09,4.188807944088767e-09,0.7574663,0.0004234946,4.164402842635413e-09,4.1749229789101465e-09,4.191290826615004e-09,0.5822053852950153,0.3310556317763819,0.059697948724123484
1103,4.157061542239999e-09,4.1888079713178286e-09,0.757466,0.0004241447,4.164403284295472e-09,4.174923796474683e-09,4.191403326769365e-09,0.5821948414377782,0.33103611386079723,0.062383692073903665
1104,4.157061549636654e-09,4.188807994426006e-09,0.7574658,0.0004246964,4.164403722366708e-09,4.174924602702188e-09,4.1915153985871265e-09,0.5821843832573835,0.33101686659688134,0.06505920964060874
1105,4.157061553369918e-09,4.1888080135453575e-09,0.7574658,0.0004251528,4.164404156482155e-09,4.1749253965796276e-09,4.191627009412663e-09,0.5821740195144857,0.3309979141690799,0.06772372182862224
1106,4.1570615535281364e-09,4.1888080288108e-09,0.7574658,0.0004255172,4.164404586285478e-09,4.174926177187271e-09,4.191738126571267e-09,0.5821637587159842,0.3309792785343224,0.0703764485867335
1107,4.1570615501718106e-09,4.188808040360028e-09,0.7574658,0.000425793,4.1644050114308645e-09,4.174926943701142e-09,4.191848717394973e-09,0.5821536091175117,0.33096097936358965,0.07301661002475289
1108,4.157061543534444e-09,4.188808048333426e-09,0.7573881,0.0004259833,4.16440543158294e-09,4.174927695394466e-09,4.1919587492461925e-09,0.5821435787255665,0.3309430340073554,0.07564342697761829
1109,4.157061512240899e-09,4.1888080528739625e-09,0.7574667,0.0004260917,4.164405846416331e-09,4.174928431639949e-09,4.192068189538006e-09,0.5821336753078602,0.33092545744116264,0.07825612148995886
1110,4.15706149153334e-09,4.1888080541270724e-09,0.7574672,0.0004261216,4.164406658871799e-09,4.174929855771935e-09,4.192285165452349e-09,0.5821142793622853,0.33089145879439275,0.08343603988487998
1111,4.1570614847618626e-09,4.188808052240525e-09,0.7574674,0.0004260766,4.164406658871799e-09,4.174929855771935e-09,4.192285165452349e-09,0.5821142793622853,0.33089145879439275,0.08343603988487998
1112,4.157061467710513e-09,4.188808047364283e-09,0.7574678,0.0004259602,4.164407055887164e-09,4.174930542893567e-09,4.192392636299389e-09,0.5821048013186025,0.3308750549737598,0.086001717366593
1113,4.157061443155661e-09,4.188808039650338e-09,0.7574684,0.000425776,4.164407446369026e-09,4.174931213031386e-09,4.192499386056864e-09,0.582095479250825,0.33085905661179454,0.08855018010299157
1114,4.157061416144082e-09,4.188808029252546e-09,0.757469,0.0004255278,4.164407830031197e-09,4.174931866032342e-09,4.192605382599208e-09,0.5820863199911868,0.3308434673622947,0.09108066115268552
1115,4.157061389545595e-09,4.188808016326436e-09,0.7574697,0.0004252192,4.164408206592744e-09,4.174932501825504e-09,4.192710593915054e-09,0.5820773302464461,0.33082828891860694,0.09359239630060234
1116,4.157061363927766e-09,4.188808001029013e-09,0.7574703,0.000424854,4.164408575777411e-09,4.174933120419097e-09,4.192814988108321e-09,0.5820685166117489,0.3308135210844017,0.0960846240838959
1117,4.157061338551707e-09,4.188807983518552e-09,0.7574709,0.000424436,4.164408937312583e-09,4.174933721892577e-09,4.192918533396857e-09,0.5820598855952926,0.33079916196277537,0.09855658575954086
1118,4.157061312411247e-09,4.188807963954364e-09,0.7574715,0.0004239689,4.164409290928869e-09,4.174934306391343e-09,4.19302119810921e-09,0.5820514436282992,0.33078520808259443,0.10100752522735695
1119,4.157061284846425e-09,4.188807942496575e-09,0.7574722,0.0004234566,4.1644096363599025e-09,4.174934874116832e-09,4.193122950678932e-09,0.5820431970698332,0.3307716546349125,0.10343668889388954
1120,4.1570612556904344e-09,4.188807919305868e-09,0.7574729,0.000422903,4.164410301613395e-09,4.174935960308888e-09,4.193323593605942e-09,0.5820273153125656,0.3307457237096946,0.10822668593841071
1121,4.15706122513107e-09,4.188807894543241e-09,0.7574736,0.0004223118,4.164410301613395e-09,4.174935960308888e-09,4.193323593605942e-09,0.5820273153125656,0.3307457237096946,0.10822668593841071
1122,4.1570611934931815e-09,4.188807868369738e-09,0.7574743,0.000421687,4.164410620916281e-09,4.1749364794042175e-09,4.19342242128387e-09,0.5820196925176713,0.33073333122154425,0.1105860229568768
1123,4.1570611610732725e-09,4.188807840946183e-09,0.7574751,0.0004210323,4.164410930995114e-09,4.174936982969624e-09,4.1935202114395235e-09,0.5820122899308248,0.33072130948299777,0.11292059095558077
1124,4.157061128070437e-09,4.1888078124329045e-09,0.7574759,0.0004203516,4.1644112315988855e-09,4.174937471387179e-09,4.19361693289749e-09,0.5820051135443997,0.330709649372772,0.11522964567633495
1125,4.157061094597839e-09,4.18880778298946e-09,0.7574767,0.0004196487,4.164411522480865e-09,4.1749379450496e-09,4.193712554526855e-09,0.5819981692486751,0.33069834151543354,0.1175124439233267
1126,4.157061060735339e-09,4.1888077527743524e-09,0.7574775,0.0004189274,4.164411803399168e-09,4.174938404357911e-09,4.1938070452286335e-09,0.58199146281819,0.3306873763372055,0.11976824326297646
1127,4.157061026585713e-09,4.188807721944759e-09,0.7574783,0.0004181914,4.164412074119034e-09,4.174938849710877e-09,4.1939003739238036e-09,0.5819849998574578,0.3306767443183203,0.12199630173827065
1128,4.157060992310643e-09,4.1888076906562375e-09,0.7574792,0.0004174444,4.164412334412344e-09,4.1749392815008946e-09,4.193992509541465e-09,0.5819787858124194,0.330666436090967,0.12419587758611601
1129,4.157060958138441e-09,4.1888076590624686e-09,0.75748,0.0004166901,4.164412584059892e-09,4.1749397001055896e-09,4.194083421007841e-09,0.5819728259162168,0.3306564426400054,0.12636622897473748
1130,4.157060924347678e-09,4.188807627314966e-09,0.7574808,0.0004159322,4.164413050588832e-09,4.174940499172982e-09,4.19426144711772e-09,0.5819616883581856,0.3306373663112064,0.13061628928273164
1131,4.157060891236717e-09,4.1888075955628214e-09,0.7574816,0.0004151742,4.164413050588832e-09,4.174940499172982e-09,4.19426144711772e-09,0.5819616883581856,0.3306373663112064,0.13061628928273164
1132,4.157060859090127e-09,4.188807563952445e-09,0.7574823,0.0004144196,4.164413267082281e-09,4.174940880274836e-09,4.1943484995143735e-09,0.5819565199578077,0.33062826817460783,0.1326945121680467
1133,4.157060828151011e-09,4.188807532627309e-09,0.7574831,0.0004136717,4.164413472156614e-09,4.174941249461269e-09,4.194434203252795e-09,0.58195162416874,0.3306194544977497,0.13474053820972726
1134,4.1570607986043726e-09,4.1888075017277174e-09,0.7574838,0.0004129341,4.1644136656479415e-09,4.174941606964619e-09,4.19451852712035e-09,0.5819470049035513,0.33061091973395923,0.13675362226102786
1135,4.157060770573252e-09,4.188807471390567e-09,0.7574844,0.0004122098,4.164413847406188e-09,4.174941952976664e-09,4.194601439863194e-09,0.5819426657450469,0.3306026593048615,0.13873301819136377
1136,4.157060744125724e-09,4.188807441749137e-09,0.7574851,0.0004115022,4.164414017293884e-09,4.174942287643607e-09,4.194682910186546e-09,0.5819386099750612,0.33059466972010876,0.14067797889288686
1137,4.157060719289616e-09,4.188807412932876e-09,0.7574857,0.0004108142,4.164414175187569e-09,4.174942611063696e-09,4.194762906756926e-09,0.5819348405409847,0.3305869486342333,0.14258775633384319
1138,4.15706069607043e-09,4.188807385067216e-09,0.7574862,0.000410149,4.164414320976235e-09,4.1749429232867995e-09,4.1948413982072535e-09,0.5819313600929691,0.33057949485669885,0.14446160168035593
1139,4.1570606744685575e-09,4.188807358273394e-09,0.7574867,0.0004095093,4.164414454561872e-09,4.174943224310828e-09,4.194918353144084e-09,0.581928170970795,0.3305723084373875,0.1462987654691367
1140,4.157060654492841e-09,4.188807332668276e-09,0.7574872,0.0004088981,4.164414684789511e-09,4.174943792493109e-09,4.195067527833097e-09,0.581922674690781,0.3305587440845928,0.14986004884023296
1141,4.157060636168423e-09,4.188807308364215e-09,0.7574877,0.0004083178,4.164414684789511e-09,4.174943792493109e-09,4.195067527833097e-09,0.581922674690781,0.3305587440845928,0.14986004884023296
1142,4.157060619538967e-09,4.188807285468902e-09,0.7574881,0.0004077713,4.164414781292283e-09,4.174944059384548e-09,4.195139684767828e-09,0.5819203708567979,0.3305523725208178,0.15158266876636145
1143,4.157060604663939e-09,4.188807264085247e-09,0.7574884,0.0004072608,4.164414865310535e-09,4.174944314544268e-09,4.195210179586404e-09,0.5819183650687837,0.33054628103122297,0.1532656085921606
1144,4.157060591612585e-09,4.1888072443112565e-09,0.7574887,0.0004067887,4.164414936797134e-09,4.1749445577086804e-09,4.195278980961566e-09,0.5819166584519501,0.3305404759084817,0.15490812043443683
1145,4.15706058045674e-09,4.1888072262399335e-09,0.757489,0.0004063573,4.164414995712074e-09,4.1749447885654e-09,4.195346057636497e-09,0.5819152519613444,0.33053496461027027,0.1565094580916527
1146,4.157060571264034e-09,4.188807209959182e-09,0.7574892,0.0004059686,4.164415042021421e-09,4.174945006754871e-09,4.195411378449026e-09,0.5819141464071268,0.3305297557203454,0.15806887762177768
1147,4.157060564093187e-09,4.188807195551724e-09,0.7574894,0.0004056246,4.164415075696545e-09,4.174945211872445e-09,4.195474912358207e-09,0.5819133424727579,0.3305248588989781,0.1595856379767946
1148,4.157060558991841e-09,4.1888071830950315e-09,0.7574895,0.0004053273,4.1644150967126e-09,4.17494540347358e-09,4.1955366284731435e-09,0.5819128407514126,0.3305202847588208,0.16105900169087956
1149,4.157060555997056e-09,4.188807172661255e-09,0.7574896,0.0004050782,4.1644151050493736e-09,4.174945581077076e-09,4.195596496083572e-09,0.5819126417256005,0.3305160447876754,0.16248823561050596
1150,4.157060555138068e-09,4.188807164317168e-09,0.7574896,0.000404879,4.16441508361841e-09,4.174945892214756e-09,4.195710564045983e-09,0.5819131533521646,0.33050861692270844,0.16521140762041597
1151,4.1570605564401916e-09,4.188807158124119e-09,0.7574896,0.0004047311,4.16441508361841e-09,4.174945892214756e-09,4.195710564045983e-09,0.5819131533521646,0.33050861692270844,0.16521140762041597
1152,4.157060559929043e-09,4.188807154137986e-09,0.7574895,0.000404636,4.164415053825462e-09,4.174946024648918e-09,4.19576470417638e-09,0.5819138646064047,0.3305054552899778,0.16650390802625967
1153,4.157060565633951e-09,4.188807152409136e-09,0.7574893,0.0004045947,4.1644150113031965e-09,4.17494614090024e-09,4.195816875429926e-09,0.581914879750723,0.3305026799940919,0.16774940495964305
1154,4.1570605735899345e-09,4.188807152982399e-09,0.7574891,0.0004046084,4.164414956048013e-09,4.174946240386556e-09,4.195867048508081e-09,0.5819161988710608,0.33050030493324983,0.1689471989694163
1155,4.157060583837915e-09,4.188807155897028e-09,0.7574889,0.000404678,4.1644148880622626e-09,4.174946322527172e-09,4.195915194504099e-09,0.5819178219112957,0.33049834397050043,0.170096599957864
1156,4.157060596422975e-09,4.188807161186683e-09,0.7574886,0.0004048042,4.164414807353805e-09,4.1749463867464304e-09,4.1959612849411935e-09,0.5819197486837872,0.33049681084863003,0.17119692809179501
1157,4.1570606113910785e-09,4.18880716887941e-09,0.7574882,0.0004049879,4.164414713938773e-09,4.174946432485337e-09,4.196005291810857e-09,0.5819219788034,0.33049571891267143,0.17224751471734454
1158,4.157060628784936e-09,4.188807178997618e-09,0.7574878,0.0004052294,4.1644146078420386e-09,4.1749464592063495e-09,4.19604718761118e-09,0.5819245116763669,0.33049508099548663,0.17324770327475633
1159,4.15706064863934e-09,4.188807191558068e-09,0.7574874,0.0004055293,4.164414489099531e-09,4.174946466402135e-09,4.196086945384949e-09,0.5819273464449164,0.33049490920875957,0.17419685020801132
1160,4.157060670977011e-09,4.188807206571861e-09,0.7574868,0.0004058877,4.164414213885613e-09,4.174946420385089e-09,4.196159941973896e-09,0.5819339166932471,0.33049600778480914,0.17593951540197914
1161,4.1570606958053265e-09,4.1888072240444315e-09,0.7574862,0.0004063049,4.164414213885613e-09,4.174946420385089e-09,4.196159941973896e-09,0.5819339166932471,0.33049600778480914,0.17593951540197914
1162,4.1570607231143636e-09,4.188807243975537e-09,0.7574856,0.0004067807,4.164414057557089e-09,4.174946366375149e-09,4.1961931299351e-09,0.5819376487618482,0.33049729717714854,0.17673181961349518
1163,4.15706075287648e-09,4.188807266359263e-09,0.7574849,0.000407315,4.164413888871807e-09,4.174946291259761e-09,4.1962240782337185e-09,0.581941675826301,0.33049909042494385,0.177470655819307
1164,4.157060785047468e-09,4.188807291184015e-09,0.7574841,0.0004079077,4.164413707947304e-09,4.1749461947907105e-09,4.196252763188257e-09,0.581945995080666,0.3305013934538814,0.17815545866538102
1165,4.157060819568749e-09,4.188807318432531e-09,0.7574833,0.0004085582,4.164413514922424e-09,4.1749460767886945e-09,4.19627916187609e-09,0.5819506032102296,0.33050421054450435,0.17878568091434013
1166,4.157060856370667e-09,4.188807348081882e-09,0.7574824,0.000409266,4.164413309958777e-09,4.174945937151447e-09,4.196303252165107e-09,0.5819554963568669,0.3305075441382336,0.17936079420098264
1167,4.1570608953759065e-09,4.188807380103481e-09,0.7574815,0.0004100305,4.164413093242806e-09,4.174945775855262e-09,4.19632501274405e-09,0.5819606700695743,0.3305113948009924,0.17988028975648152
1168,4.15706093650291e-09,4.188807414463101e-09,0.7574805,0.0004108508,4.164412864984963e-09,4.174945592961283e-09,4.196344423150932e-09,0.5819661193241776,0.3305157610731259,0.18034367908688825
1169,4.157060979668606e-09,4.18880745112089e-09,0.7574795,0.0004117259,4.16441262542193e-09,4.174945388613951e-09,4.196361463799696e-09,0.5819718384703099,0.33052063950632865,0.18075049460953505
1170,4.157061024790205e-09,4.1888074900313885e-09,0.7574784,0.0004126548,4.1644121134583915e-09,4.174944916585984e-09,4.196388362007848e-09,0.5819840606994774,0.3305319083439648,0.18139264202768451
1171,4.157061071785981e-09,4.188807531143555e-09,0.7574773,0.0004136363,4.1644121134583915e-09,4.174944916585984e-09,4.196388362007848e-09,0.5819840606994774,0.3305319083439648,0.18139264202768451
1172,4.157061120574846e-09,4.1888075744007935e-09,0.7574761,0.000414669,4.164411841663092e-09,4.174944649640138e-09,4.196398184991409e-09,0.5819905493342867,0.3305382812065909,0.18162714848612035
1173,4.1570611710750715e-09,4.1888076197409815e-09,0.7574749,0.0004157514,4.164411559773522e-09,4.174944362711161e-09,4.196405569106109e-09,0.5819972789520683,0.33054513113134787,0.18180343123935314
1174,4.1570612232023964e-09,4.1888076670965074e-09,0.7574736,0.0004168819,4.164411268157974e-09,4.174944056388369e-09,4.196410499484183e-09,0.5820042407604529,0.33055244404931955,0.18192113534561913
1175,4.157061276867914e-09,4.188807716394308e-09,0.7574724,0.0004180588,4.16441096721104e-09,4.174943731348089e-09,4.196412962256026e-09,0.582011425339279,0.33056020381441126,0.1819799296925008
1176,4.1570613319760845e-09,4.18880776755591e-09,0.757471,0.0004192802,4.164410657352003e-09,4.174943388347272e-09,4.196412944563745e-09,0.5820188226788837,0.33056839235574137,0.18197950732041052
1177,4.157061388423287e-09,4.1888078204974804e-09,0.7574697,0.0004205441,4.1644103390246585e-09,4.174943028226896e-09,4.196410434573263e-09,0.5820264221844463,0.3305769895964392,0.18191958571155553
1178,4.157061446097218e-09,4.188807875129869e-09,0.7574683,0.0004218484,4.164410012695926e-09,4.174942651902017e-09,4.196405421484414e-09,0.582034212709066,0.3305859736911486,0.18179990703099538
1179,4.157061504876922e-09,4.188807931358677e-09,0.7574669,0.0004231907,4.164409678856336e-09,4.174942260363297e-09,4.19639789553957e-09,0.582042182542209,0.3305953209895539,0.1816202383324896
1180,4.1570615646339105e-09,4.188807989084309e-09,0.7574655,0.0004245688,4.164408990712097e-09,4.174941435936537e-09,4.196375271303729e-09,0.5820586107757857,0.3306150027286538,0.18108012448730873
1181,4.157061625233628e-09,4.188808048202041e-09,0.757464,0.0004259802,4.164408990712097e-09,4.174941435936537e-09,4.196375271303729e-09,0.5820586107757857,0.3306150027286538,0.18108012448730873
1182,4.157061686537345e-09,4.1888081086020956e-09,0.7574626,0.0004274221,4.164408637493394e-09,4.174941005348883e-09,4.1963601587650116e-09,0.5820670432511911,0.33062528225169835,0.18071933920138517
1183,4.157061748404035e-09,4.188808170169715e-09,0.7574611,0.0004288919,4.1644082789332405e-09,4.174940564136995e-09,4.196342504881569e-09,0.5820756032443061,0.33063581540963094,0.18029788377919095
1184,4.157061810691829e-09,4.1888082327852535e-09,0.7574596,0.0004303868,4.164407915621555e-09,4.174940113579442e-09,4.196322305184234e-09,0.5820842766718972,0.33064657167888617,0.17981565152721085
1185,4.157061873258863e-09,4.188808296324262e-09,0.7574581,0.0004319037,4.164407548166866e-09,4.174939654995675e-09,4.196299556267714e-09,0.5820930490064133,0.33065751955987954,0.17927256115009504
1186,4.157061935963307e-09,4.188808360657596e-09,0.7574566,0.0004334395,4.164407177193207e-09,4.174939189739735e-09,4.196274255790748e-09,0.582101905350156,0.33066862672728564,0.17866855675433213
1187,4.15706199866272e-09,4.188808425651514e-09,0.7574551,0.0004349911,4.164406803341399e-09,4.174938719194907e-09,4.1962464024749376e-09,0.5821108304046321,0.3306798601575869,0.17800360782042485
1188,4.157062061212708e-09,4.188808491167806e-09,0.7574536,0.0004365552,4.164406427266692e-09,4.174938244766935e-09,4.196215996103113e-09,0.5821198085269327,0.3306911862911216,0.17727770916380992
1189,4.157062123465112e-09,4.18880855706391e-09,0.7574521,0.0004381284,4.1644060496393224e-09,4.174937767876811e-09,4.196183037517445e-09,0.5821288237163045,0.33070257120420304,0.17649088088985346
1190,4.157062185266271e-09,4.188808623193055e-09,0.7574507,0.0004397071,4.164405292472646e-09,4.174936812436648e-09,4.196109472355996e-09,0.5821468997392015,0.3307253806579157,0.1747346420272753
1191,4.157062246455445e-09,4.188808689404401e-09,0.7574492,0.0004412877,4.164405292472646e-09,4.174936812436648e-09,4.196109472355996e-09,0.5821468997392015,0.3307253806579157,0.1747346420272753
1192,4.1570623068637764e-09,4.1888087555432025e-09,0.7574478,0.0004428667,4.164404914337457e-09,4.17493633675448e-09,4.1960688727393146e-09,0.5821559270518688,0.33073673673317583,0.17376539757489526
1193,4.157062366314177e-09,4.188808821450976e-09,0.7574463,0.0004444401,4.164404537457361e-09,4.1749358643317424e-09,4.1960257348217915e-09,0.5821649244014044,0.3307480149952584,0.1727355556536231
1194,4.157062424621761e-09,4.18880888696568e-09,0.757445,0.0004460042,4.16440416256056e-09,4.174935396576972e-09,4.195980064705068e-09,0.5821738744032702,0.33075918181783437,0.17164526192940088
1195,4.157062481595331e-09,4.188808951921903e-09,0.7574436,0.0004475549,4.164403790386828e-09,4.1749349348813694e-09,4.195931869535364e-09,0.5821827593966408,0.33077020398844226,0.17049468700566672
1196,4.157062537039085e-09,4.188809016151076e-09,0.7574423,0.0004490883,4.164403421682314e-09,4.1749344806072145e-09,4.195881157501959e-09,0.5821915615685167,0.3307810489850321,0.16928402638707885
1197,4.1570625907547865e-09,4.188809079481683e-09,0.757441,0.0004506002,4.164403057201069e-09,4.174934035090415e-09,4.195827937835551e-09,0.5822002629172907,0.330791684915163,0.16801350044029678
1198,4.1570626425436555e-09,4.188809141739495e-09,0.7574398,0.0004520865,4.164402697703315e-09,4.17493359962813e-09,4.195772220807679e-09,0.5822088452939795,0.330802080811445,0.1666833543802572
1199,4.157062692207851e-09,4.188809202747807e-09,0.7574386,0.0004535429,4.1644023439523115e-09,4.17493317547958e-09,4.19571401773016e-09,0.5822172904771072,0.33081220661218685,0.16529385825670584
1200,4.1570627395512635e-09,4.188809262327695e-09,0.7574374,0.0004549653,4.164401656763281e-09,4.1749323659352665e-09,4.1955902038776036e-09,0.582233695906765,0.3308315330590643,0.16233802025807323
1201,4.157062784379664e-09,4.188809320298282e-09,0.7574364,0.0004563492,4.164401656763281e-09,4.1749323659352665e-09,4.1955902038776036e-09,0.582233695906765,0.3308315330590643,0.16233802025807323
1202,4.15706282650002e-09,4.18880937647701e-09,0.7574354,0.0004576904,4.164401324862495e-09,4.1749319828231686e-09,4.19552462093331e-09,0.5822416194543762,0.330840679186686,0.16077234279304384
1203,4.157062865719675e-09,4.188809430679934e-09,0.7574344,0.0004589844,4.16440100178053e-09,4.1749316155846575e-09,4.19545660760469e-09,0.5822493324681326,0.3308494463603358,0.15914864417615576
1204,4.157062901845421e-09,4.188809482722016e-09,0.7574336,0.0004602268,4.164400688281094e-09,4.174931265225267e-09,4.19538618042117e-09,0.5822568167158746,0.330857810574658,0.1574673190183501
1205,4.157062934682937e-09,4.188809532417436e-09,0.7574328,0.0004614132,4.164400385121812e-09,4.174930932691961e-09,4.195313356963003e-09,0.5822640541106064,0.33086574922257667,0.15572878701731557
1206,4.157062964037128e-09,4.1888095795799e-09,0.7574321,0.0004625391,4.164400093052765e-09,4.174930618869613e-09,4.1952381558650045e-09,0.582271026745489,0.33087324117926187,0.15393349304645088
1207,4.157062989713243e-09,4.188809624022976e-09,0.7574315,0.0004636001,4.164399812814894e-09,4.174930324583895e-09,4.195160596820267e-09,0.582277716931853,0.3308802667332703,0.15208190724372836
1208,4.1570630115188265e-09,4.188809665560414e-09,0.7574309,0.0004645918,4.164399545136785e-09,4.174930050595758e-09,4.195080700584529e-09,0.5822841072759776,0.33088680771822143,0.15017452511590143
1209,4.157063029266153e-09,4.188809704006483e-09,0.7574305,0.0004655096,4.164399290734034e-09,4.174929797604814e-09,4.194998488980964e-09,0.5822901806942957,0.33089284743210917,0.1482118676528821
1210,4.157063042774583e-09,4.1888097391763144e-09,0.7574302,0.0004663492,4.1643988245322255e-09,4.174929357100658e-09,4.194827212326063e-09,0.582301310442632,0.3309033636941944,0.14412293871332213
1211,4.1570630518720775e-09,4.1888097708862386e-09,0.75743,0.0004671062,4.1643988245322255e-09,4.174929357100658e-09,4.194827212326063e-09,0.582301310442632,0.3309033636941944,0.14412293871332213
1212,4.1570630563954245e-09,4.188809798954129e-09,0.7574299,0.0004677763,4.164398614074848e-09,4.174929170677038e-09,4.1947381962981175e-09,0.5823063347424311,0.330907814230297,0.1419978375840293
1213,4.157063056188778e-09,4.188809823199745e-09,0.7574299,0.0004683551,4.164398419571548e-09,4.1749290074333e-09,4.194646962957525e-09,0.5823109781666702,0.3309117113874765,0.1398198020145163
1214,4.157063051100505e-09,4.188809843445075e-09,0.75743,0.0004688384,4.164398241636224e-09,4.174928867768255e-09,4.194553539529547e-09,0.5823152260596169,0.3309150456448198,0.1375894819600134
1215,4.157063040978908e-09,4.188809859514662e-09,0.7574302,0.0004692221,4.164398080856068e-09,4.1749287520256485e-09,4.194457954330975e-09,0.5823190644031062,0.3309178087960041,0.1353075534341537
1216,4.157063025667725e-09,4.188809871235948e-09,0.7574306,0.0004695019,4.164397937790076e-09,4.1749286604982965e-09,4.194360236772033e-09,0.5823224798520857,0.33091999385057824,0.13297471855427384
1217,4.157063005002458e-09,4.188809878439593e-09,0.7574311,0.0004696739,4.1643978129678084e-09,4.174928593429349e-09,4.194260417357786e-09,0.5823254597642169,0.3309215950037502,0.1305917055751818
1218,4.157062978808809e-09,4.18880988095979e-09,0.7574317,0.000469734,4.164397706886732e-09,4.1749285510183236e-09,4.19415852768797e-09,0.5823279922633641,0.3309226074924073,0.12815926888501047
1219,4.157062946903576e-09,4.188809878634574e-09,0.7574325,0.0004696785,4.16439762001117e-09,4.1749285334215615e-09,4.194054600455953e-09,0.582330066264633,0.33092302758415704,0.12567818898039468
1220,4.1570629090983935e-09,4.188809871306118e-09,0.7574334,0.0004695036,4.1643975055639024e-09,4.174928573115284e-09,4.193840769528477e-09,0.5823327984918916,0.3309220799663353,0.12057335161633281
1221,4.157062865205308e-09,4.188809858821015e-09,0.7574344,0.0004692055,4.1643975055639024e-09,4.174928573115284e-09,4.193840769528477e-09,0.5823327984918916,0.3309220799663353,0.12057335161633281
1222,4.157062815043006e-09,4.188809841030553e-09,0.7574356,0.0004687808,4.164397478745866e-09,4.174928630547319e-09,4.193730936654959e-09,0.5823334387253574,0.3309207088774957,0.11795128490618377
1223,4.157062758442046e-09,4.188809817790962e-09,0.757437,0.000468226,4.164397472639946e-09,4.1749287130842625e-09,4.193619207849047e-09,0.5823335844934531,0.3309187384531152,0.11528395614418094
1224,4.157062695248283e-09,4.1888097889636596e-09,0.7574385,0.0004675378,4.164397487530476e-09,4.17492882073601e-09,4.193505621197002e-09,0.5823332290082385,0.33091616845695476,0.11257227457284352
1225,4.1570626253245585e-09,4.188809754415474e-09,0.7574402,0.000466713,4.164397523663808e-09,4.174928953492839e-09,4.193390215835515e-09,0.5823323663884789,0.3309129991211261,0.1098171745118608
1226,4.157062548551807e-09,4.188809714018848e-09,0.757442,0.0004657486,4.164397581248586e-09,4.1749291113326e-09,4.193273031937391e-09,0.5823309916531678,0.330909230974388,0.10701961501628286
1227,4.1570624648320354e-09,4.188809667652026e-09,0.757444,0.0004646417,4.164397660454941e-09,4.174929294221917e-09,4.193154110694533e-09,0.5823291007407223,0.33090486481357106,0.10418057947035454
1228,4.157062374094694e-09,4.188809615199225e-09,0.7574462,0.0004633895,4.164397761414818e-09,4.1749295021208605e-09,4.193033494299546e-09,0.5823266905012016,0.3308999015918863,0.10130107514833121
1229,4.1570622763052406e-09,4.188809556550789e-09,0.7574485,0.0004619893,4.16439788422254e-09,4.174929734985155e-09,4.192911225923467e-09,0.5823237586828002,0.3308943423663571,0.0983821326828175
1230,4.15706217147104e-09,4.1888094916033136e-09,0.757451,0.0004604388,4.164398195569192e-09,4.174930275424918e-09,4.192661910659918e-09,0.5823163258290069,0.33088144031738725,0.09243016919551332
1231,4.157062059634792e-09,4.18880942025976e-09,0.7574537,0.0004587356,4.164398195569192e-09,4.174930275424918e-09,4.192661910659918e-09,0.5823163258290069,0.33088144031738725,0.09243016919551332
1232,4.157061940845609e-09,4.188809342429555e-09,0.7574565,0.0004568776,4.16439838410971e-09,4.1749305829109676e-09,4.1925349547803145e-09,0.5823118247557,0.33087409962868897,0.0893993208264831
1233,4.1570618151038625e-09,4.188809258028661e-09,0.7574595,0.0004548627,4.1643985945016905e-09,4.174930915184963e-09,4.192406528874886e-09,0.5823068020171369,0.3308661671713691,0.08633337817598143
1234,4.157061682291381e-09,4.188809166979631e-09,0.7574627,0.000452689,4.1643988266552515e-09,4.174931272209984e-09,4.192276680599447e-09,0.5823012597591186,0.3308576438268368,0.08323347894276308
1235,4.1570615421167555e-09,4.18880906921165e-09,0.757466,0.000450355,4.1643990804454445e-09,4.174931653951064e-09,4.192145458407896e-09,0.5822952009645617,0.33084853042985773,0.08010077987846739
1236,4.157061394112669e-09,4.188808964660556e-09,0.7574696,0.000447859,4.164399355712785e-09,4.17493206037709e-09,4.192012911513967e-09,0.5822886294408793,0.33083882772319384,0.07693645587443546
1237,4.157061237707672e-09,4.188808853268842e-09,0.7574733,0.0004451997,4.164399652263961e-09,4.174932491458854e-09,4.191879089850763e-09,0.5822815498030385,0.33082853640414855,0.07374169899566314
1238,4.157061072373974e-09,4.1888087349856434e-09,0.7574772,0.0004423759,4.164399969872535e-09,4.1749329471670515e-09,4.191744044028435e-09,0.582273967456873,0.3308176571723159,0.07051771747055956
1239,4.157060881295008e-09,4.188808609766711e-09,0.7572145,0.0004393865,4.164400308279722e-09,4.174933427471e-09,4.1916078252898225e-09,0.582265888580383,0.3308061907601696,0.06726573463177098
1240,4.157060829796523e-09,4.1888084775743665e-09,0.757483,0.0004362307,4.164401046297561e-09,4.1749344617207985e-09,4.191332076921855e-09,0.5822482697023059,0.33078149986500277,0.0606827272600484
1241,4.157060608805941e-09,4.18880833837745e-09,0.7574883,0.0004329076,4.164401046297561e-09,4.1749344617207985e-09,4.191332076921855e-09,0.5822482697023059,0.33078149986500277,0.0606827272600484
1242,4.157060409770698e-09,4.188808192151249e-09,0.7574931,0.0004294167,4.1644014452359036e-09,4.174935015574233e-09,4.191192652521216e-09,0.5822387457509199,0.33076827758823035,0.05735421487764584
1243,4.157060205307188e-09,4.188808038877412e-09,0.7574979,0.0004257576,4.164401863630514e-09,4.174935593833209e-09,4.191052265563147e-09,0.5822287573153647,0.33075447267205804,0.0540027231292939
1244,4.157059997286387e-09,4.188807878543868e-09,0.7575029,0.0004219299,4.164402301073364e-09,4.174936196417186e-09,4.19091096973802e-09,0.5822183141365794,0.3307400870392785,0.05062953377820812
1245,4.157059784893346e-09,4.1888077111447155e-09,0.757508,0.0004179335,4.164402757129799e-09,4.1749368232267625e-09,4.190768819074729e-09,0.5822074265911752,0.33072512306290713,0.04723593666922172
1246,4.157059566507722e-09,4.188807536680122e-09,0.7575132,0.0004137685,4.164403231339775e-09,4.174937474139499e-09,4.190625867888488e-09,0.5821961056619118,0.3307095836659663,0.043823228482561545
1247,4.157059340843414e-09,4.1888073551562e-09,0.7575186,0.0004094349,4.164403723218704e-09,4.174938149006705e-09,4.1904821707290176e-09,0.5821843629174765,0.33069347239820435,0.040392711496865706
1248,4.157059107281258e-09,4.188807166584891e-09,0.7575242,0.0004049331,4.164404232259411e-09,4.174938847649426e-09,4.190337782327696e-09,0.582172210465762,0.33067679353183105,0.03694569232753669
1249,4.157058865727249e-09,4.188806970983837e-09,0.7575299,0.0004002635,4.164404757933464e-09,4.1749395698569445e-09,4.190192757545767e-09,0.5821596609221709,0.3306595520973596,0.033483480690331746
1250,4.15705861633129e-09,4.188806768376247e-09,0.7575359,0.0003954266,4.164405856971589e-09,4.174941083943952e-09,4.189901018623288e-09,0.5821334233196359,0.3306234059326227,0.02651872694959476
1251,4.157058359276704e-09,4.188806558790774e-09,0.757542,0.0003904231,4.164405856971589e-09,4.174941083943952e-09,4.189901018623288e-09,0.5821334233196359,0.3306234059326227,0.02651872694959476
1252,4.157058094698381e-09,4.188806342261369e-09,0.7575483,0.0003852538,4.164406429188488e-09,4.174941875216201e-09,4.189754414390747e-09,0.5821197626474289,0.3306045156991619,0.02301880870654257
1253,4.157057822693786e-09,4.188806118827157e-09,0.7575548,0.0003799197,4.164407015748119e-09,4.174942688835903e-09,4.1896073934935325e-09,0.5821057595677184,0.3305850919595582,0.01950894332710907
1254,4.15705754336734e-09,4.188805888532307e-09,0.7575615,0.0003744219,4.1644076160435685e-09,4.1749435243956676e-09,4.189460010678746e-09,0.5820914285695087,0.33056514443954554,0.015990437802096396
1255,4.15705725686501e-09,4.188805651425896e-09,0.7575683,0.0003687614,4.164408229459051e-09,4.174944381446657e-09,4.189312320524622e-09,0.5820767843535763,0.3305446838543251,0.012464595090877882
1256,4.157056963380816e-09,4.188805407561787e-09,0.7575753,0.0003629395,4.164408855371597e-09,4.174945259496693e-09,4.189164377394966e-09,0.5820618417922242,0.33052372195380697,0.008932713033686977
1257,4.1570566631388776e-09,4.188805156998511e-09,0.7575825,0.0003569578,4.164409493153739e-09,4.174946158011248e-09,4.1890162353947975e-09,0.5820466158651618,0.3305022714988735,0.005396083292737474
1258,4.157056356363938e-09,4.188804899799145e-09,0.7575898,0.0003508176,4.164410142175971e-09,4.174947076414343e-09,4.188867948327882e-09,0.5820311216006974,0.33048034624003264,0.0018559903383087873
1259,4.157056043255444e-09,4.188804636031211e-09,0.7575973,0.0003445206,4.164410801809286e-09,4.174948014089237e-09,4.188719569656033e-09,0.5820153740152904,0.33045796090086893,0.0016862895228302011
1260,4.157055723974317e-09,4.188804365766571e-09,0.7576049,0.0003380685,4.164412150409414e-09,4.174949944601842e-09,4.188422749403549e-09,0.581983178558798,0.3304118733072866,0.008772351081713451
1261,4.15705539864468e-09,4.1888040890813325e-09,0.7576127,0.0003314631,4.164412150409414e-09,4.174949944601842e-09,4.188422749403549e-09,0.581983178558798,0.3304118733072866,0.008772351081713451
1262,4.157055067366623e-09,4.188803806055761e-09,0.7576206,0.0003247064,4.164412838141693e-09,4.174950936024559e-09,4.1882744126962205e-09,0.5819667601600403,0.33038820483338543,0.012313629113708601
1263,4.157054730233038e-09,4.1888035167742126e-09,0.7576286,0.0003178003,4.1644135340206105e-09,4.174951943896361e-09,4.188126194062546e-09,0.5819501472746071,0.33036414366647787,0.01585208834485005
1264,4.1570543873441925e-09,4.188803221325059e-09,0.7576368,0.000310747,4.164414237454224e-09,4.17495296743512e-09,4.187978144709886e-09,0.5819333540340933,0.33033970847853933,0.01938650628946105
1265,4.157054038815493e-09,4.188802919800631e-09,0.7576452,0.0003035486,4.1644149478643115e-09,4.174954005836499e-09,4.187830315299658e-09,0.5819163942425419,0.33031491847168604,0.022915673495282285
1266,4.157053684777942e-09,4.188802612297175e-09,0.7576536,0.0002962075,4.164415664688561e-09,4.174955058275473e-09,4.187682755920317e-09,0.5818992813241534,0.33028979334193853,0.026438394188543143
1267,4.157053325373021e-09,4.188802298914811e-09,0.7576622,0.000288726,4.164416387381049e-09,4.174956123911087e-09,4.187535516062309e-09,0.5818820283118711,0.3302643531656144,0.029953486871856255
1268,4.157052960745326e-09,4.188801979757504e-09,0.7576709,0.0002811067,4.16441711541497e-09,4.174957201891481e-09,4.187388644595077e-09,0.5818646477822941,0.3302386182793623,0.03345978487321721
1269,4.157052591036243e-09,4.188801654933048e-09,0.7576797,0.0002733521,4.164417848282421e-09,4.174958291356248e-09,4.187242189745803e-09,0.5818471518606729,0.33021260922392104,0.03695613685347543
1270,4.157052216380873e-09,4.188801324553051e-09,0.7576887,0.0002654649,4.16441932659071e-09,4.174960501281833e-09,4.186950719484821e-09,0.5818118598499301,0.330159851136816,0.04391447677341185
1271,4.1570518369086645e-09,4.188800988732934e-09,0.7576977,0.0002574478,4.16441932659071e-09,4.174960501281833e-09,4.186950719484821e-09,0.5818118598499301,0.330159851136816,0.04391447677341185
1272,4.1570514527471945e-09,4.188800647591937e-09,0.7577069,0.0002493036,4.164420071120767e-09,4.174961620019556e-09,4.186805797151503e-09,0.5817940855040903,0.33013314324101445,0.047374242630208924
1273,4.157051064027507e-09,4.1888003012531335e-09,0.7577162,0.0002410354,4.164420818663716e-09,4.174962746802408e-09,4.186661477562891e-09,0.5817762392307704,0.3301062432819091,0.050819619017112856
1274,4.157050670889314e-09,4.1887999498434414e-09,0.7577256,0.0002326461,4.164421568818342e-09,4.17496388079045e-09,4.186517805480011e-09,0.5817583306082502,0.3300791713115675,0.054249537343303136
1275,4.157050273484681e-09,4.188799593493656e-09,0.757735,0.0002241389,4.1644223212048196e-09,4.174965021159046e-09,4.18637482493118e-09,0.5817403687041983,0.33005194701672896,0.0576629465101608
1276,4.157049871979592e-09,4.1887992323384705e-09,0.7577446,0.0002155169,4.164423075464176e-09,4.174966167102502e-09,4.1862325792019744e-09,0.5817223620884495,0.3300245896318956,0.06105881315068685
1277,4.157049466553239e-09,4.188798866516514e-09,0.7577543,0.0002067836,4.1644238312580415e-09,4.174967317836082e-09,4.186091110827315e-09,0.5817043188390078,0.3299971178912869,0.06443612181842642
1278,4.157049057395565e-09,4.188798496170376e-09,0.7577641,0.0001979422,4.164424588267486e-09,4.174968472599745e-09,4.185950461583501e-09,0.5816862465697518,0.3299695499395216,0.06779387517769637
1279,4.15704864470404e-09,4.188798121446653e-09,0.7577739,0.0001889963,4.164425346192274e-09,4.174969630660349e-09,4.1858106724828404e-09,0.5816681524482673,0.3299419032790898,0.07113109413176605
1280,4.157048228680317e-09,4.188797742495978e-09,0.7577839,0.0001799496,4.164426863674003e-09,4.174971953890779e-09,4.185533834908043e-09,0.5816319252405338,0.32988644023805325,0.0777401044011514
1281,4.157047809527768e-09,4.188797359473052e-09,0.7577939,0.0001708056,4.164426863674003e-09,4.174971953890779e-09,4.185533834908043e-09,0.5816319252405338,0.32988644023805325,0.0777401044011514
1282,4.157047387449982e-09,4.188796972536682e-09,0.7578039,0.0001615681,4.164427622713937e-09,4.1749731177498325e-09,4.18539686459529e-09,0.5816138044969152,0.32985865514984253,0.0810100297508779
1283,4.157046962650451e-09,4.1887965818498045e-09,0.7578141,0.0001522412,4.16442838163248e-09,4.174974282287629e-09,4.185260910742553e-09,0.5815956866512793,0.3298308538578351,0.08425568890520316
1284,4.157046535333218e-09,4.188796187579518e-09,0.7578243,0.0001428287,4.1644291402054946e-09,4.174975446936595e-09,4.185126010481471e-09,0.5815775770545419,0.329803049911845,0.08747619541154554
1285,4.157046105703748e-09,4.188795789897095e-09,0.7578345,0.0001333347,4.164429898219682e-09,4.174976611165501e-09,4.184992200161129e-09,0.5815594807988089,0.32977525599406093,0.09067068149940956
1286,4.157045673969857e-09,4.188795388978003e-09,0.7578448,0.0001237635,4.164430655471877e-09,4.174977774480788e-09,4.184859515347584e-09,0.5815414027343184,0.32974748388731207,0.09383829809174056
1287,4.1570452403421725e-09,4.188794985001909e-09,0.7578552,0.0001141192,4.1644314117673484e-09,4.174978936426732e-09,4.184727990823528e-09,0.5815233475099044,0.3297197444712171,0.09697821481294223
1288,4.157044805033988e-09,4.188794578152674e-09,0.7578656,0.0001044064,4.164432166918274e-09,4.174980096585432e-09,4.1845976605885346e-09,0.5815053196095094,0.32969204772244126,0.10008961998297214
1289,4.157044368260612e-09,4.188794168618353e-09,0.757876,9.462952e-05,4.164432920742781e-09,4.174981254577151e-09,4.184468557859526e-09,0.581487323375032,0.3296644027065205,0.10317172060622389
1290,4.157043930238387e-09,4.188793756591172e-09,0.7578865,8.479309e-05,4.164434423705374e-09,4.1749835627229054e-09,4.184214163880219e-09,0.5814514427861499,0.32960929978559067,0.10924492950115793
1291,4.1570434911839465e-09,4.188793342267497e-09,0.757897,7.490184e-05,4.164434423705374e-09,4.1749835627229054e-09,4.184214163880219e-09,0.5814514427861499,0.32960929978559067,0.10924492950115793
1292,4.157043051313615e-09,4.1887929258478015e-09,0.7579075,6.496056e-05,4.1644351724965745e-09,4.174984712298558e-09,4.184088935159989e-09,0.5814335667130102,0.3295818556884558,0.11223454497740262
1293,4.157042610843674e-09,4.188792507536611e-09,0.757918,5.497411e-05,4.1644359192650655e-09,4.174985858546181e-09,4.183965059008811e-09,0.5814157389285078,0.32955449104217693,0.11519187024608776
1294,4.157042169991152e-09,4.188792087542447e-09,0.7579285,4.494749e-05,4.164436663838392e-09,4.17498700126084e-09,4.1838425647480206e-09,0.5813979635496969,0.32952721073919283,0.11811620531186233
1295,4.157041728975148e-09,4.188791666077755e-09,0.757939,3.488576e-05,4.164437406042912e-09,4.174988140265665e-09,4.183721480924561e-09,0.5813802447219687,0.3295000190019892,0.1210068686666722
1296,4.157041288018677e-09,4.188791243358818e-09,0.7579496,2.479409e-05,4.164438145702313e-09,4.174989275412503e-09,4.183601835312783e-09,0.5813625866544994,0.3294729193674191,0.12386319724673034
1297,4.157040847350334e-09,4.188790819605667e-09,0.7579601,1.467773e-05,4.164438882636669e-09,4.174990406578176e-09,4.183483654915952e-09,0.5813449936426623,0.329445914776179,0.12668454639655674
1298,4.157040407205759e-09,4.188790395041966e-09,0.7579706,4.542017e-06,4.164439616661886e-09,4.174991533661611e-09,4.183366965968872e-09,0.5813274700814179,0.3294190076411742,0.1294702898063591
1299,4.157039967828637e-09,4.1887899698949034e-09,0.7579811,5.607621e-06,4.164440347588561e-09,4.174992656583181e-09,4.1832517939392974e-09,0.5813100204924262,0.32939219986339613,0.1322198194782646
1300,4.15703952947092e-09,4.188789544395056e-09,0.7579915,1.576568e-05,4.1644417993587716e-09,4.174994889699044e-09,4.183026098682207e-09,0.5812753620316335,0.32933888814918155,0.13760789684801172
1301,4.1570390923924866e-09,4.18878911877625e-09,0.758002,2.592658e-05,4.1644417993587716e-09,4.174994889699044e-09,4.183026098682207e-09,0.5812753620316335,0.32933888814918155,0.13760789684801172
1302,4.157038656860105e-09,4.188788693275412e-09,0.7580124,3.608467e-05,4.164442519791571e-09,4.174995999804291e-09,4.1829156225750275e-09,0.581258162965445,0.3293123863385616,0.14024531963069056
1303,4.15703822314611e-09,4.1887882681324035e-09,0.7580227,4.623421e-05,4.164443236303548e-09,4.174997105562623e-09,4.182806757630581e-09,0.5812410575020075,0.3292859883029171,0.14284427873639768
1304,4.157037791526801e-09,4.188787843589853e-09,0.758033,5.636942e-05,4.164443948670295e-09,4.1749982069457095e-09,4.182699525514913e-09,0.5812240509986552,0.3292596947185402,0.14540425692641332
1305,4.157037362280848e-09,4.188787419892972e-09,0.7580433,6.648443e-05,4.164444656658732e-09,4.174999303924959e-09,4.182593947140888e-09,0.5812071490197348,0.3292335062680421,0.14792475494287077
1306,4.157036935687984e-09,4.1887869972893674e-09,0.7580535,7.657335e-05,4.164445360027746e-09,4.175000396470011e-09,4.182490042670777e-09,0.5811903573214401,0.3292074236761949,0.15040529144700585
1307,4.15703651202772e-09,4.188786576028843e-09,0.7580636,8.663021e-05,4.164446058527266e-09,4.17500148454206e-09,4.182387831519275e-09,0.5811736818737312,0.3291814478694517,0.1528454029470984
1308,4.157036091578508e-09,4.188786156363192e-09,0.7580736,9.664898e-05,4.164446751898201e-09,4.17500256809373e-09,4.182287332356414e-09,0.5811571288619738,0.32915557997879036,0.15524464372898092
1309,4.157035674617047e-09,4.188785738545986e-09,0.7580836,0.0001066236,4.164447439872704e-09,4.175003647063176e-09,4.1821885631109545e-09,0.581140704680541,0.3291298214806709,0.15760258577503442
1310,4.157035261417715e-09,4.188785322832359e-09,0.7580934,0.0001165481,4.164448798516371e-09,4.17500579092509e-09,4.181996282403227e-09,0.5811082694522095,0.32907864054752356,0.1621929495394493
1311,4.157034852252063e-09,4.188784909478778e-09,0.7581032,0.0001264162,4.164448798516371e-09,4.17500579092509e-09,4.181996282403227e-09,0.5811082694522095,0.32907864054752356,0.1621929495394493
1312,4.1570344473884426e-09,4.188784498742819e-09,0.7581129,0.0001362218,4.1644494686055546e-09,4.175006855599353e-09,4.181902803126304e-09,0.581092272251337,0.32905322332176307,0.16442460288928964
1313,4.157034047091535e-09,4.188784090882926e-09,0.7581224,0.0001459587,4.164450132138552e-09,4.175007915249355e-09,4.181811118146346e-09,0.5810764315678654,0.3290279260414016,0.1666134205544277
1314,4.157033651622048e-09,4.188783686158189e-09,0.7581319,0.0001556208,4.1644507888040424e-09,4.175008969701249e-09,4.181721241746792e-09,0.581060754834056,0.3290027528567281,0.16875906154287923
1315,4.157033261236411e-09,4.188783284828084e-09,0.7581412,0.0001652018,4.164451438282133e-09,4.175010018749689e-09,4.181633187496761e-09,0.5810452496867736,0.3289777086700156,0.17086120191577625
1316,4.157032876186705e-09,4.188782887152253e-09,0.7581504,0.0001746956,4.16445208024542e-09,4.1750110621572906e-09,4.181546968256961e-09,0.5810299239422102,0.3289527991483966,0.1729195346463502
1317,4.157032496720682e-09,4.188782493390243e-09,0.7581594,0.000184096,4.164452714358423e-09,4.175012099651269e-09,4.1814625961865085e-09,0.5810147856093719,0.32892803080413663,0.1749337694570548
1318,4.1570321230820795e-09,4.188782103801276e-09,0.7581684,0.0001933968,4.1644533402782685e-09,4.175013130922798e-09,4.181380082749508e-09,0.5809998428737679,0.32890341100989906,0.17690363266257353
1319,4.157031755511009e-09,4.1887817186439895e-09,0.7581771,0.0002025917,4.164453957654439e-09,4.1750141556241504e-09,4.181299438723037e-09,0.5809851041033742,0.3288789480670911,0.17882886697913783
1320,4.157031394244501e-09,4.188781338176203e-09,0.7581858,0.0002116747,4.1644551653397266e-09,4.175016183732524e-09,4.1811437986227615e-09,0.580956272740894,0.3288305305461699,0.18254450067445332
1321,4.157031039517081e-09,4.18878096265467e-09,0.7581942,0.0002206396,4.1644551653397266e-09,4.175016183732524e-09,4.1811437986227615e-09,0.580956272740894,0.3288305305461699,0.18254450067445332
1322,4.15703069156139e-09,4.188780592334831e-09,0.7582025,0.0002294804,4.164455754913912e-09,4.175017186246097e-09,4.181068820742682e-09,0.5809421976940112,0.3288065972975692,0.18433446571003237
1323,4.157030350608579e-09,4.188780227470573e-09,0.7582107,0.0002381909,4.164456334475058e-09,4.175018180402537e-09,4.180995748680041e-09,0.5809283616908187,0.32878286356082537,0.18607893270571374
1324,4.157030016888717e-09,4.188779868313987e-09,0.7582186,0.0002467651,4.164456903639662e-09,4.175019165653118e-09,4.18092458990923e-09,0.5809147738868026,0.328759342435806,0.18777772322356154
1325,4.157029690630877e-09,4.1887795151151254e-09,0.7582264,0.0002551971,4.164457462018822e-09,4.175020141409524e-09,4.180855351275098e-09,0.5809014435662807,0.3287360479675131,0.18943067385481688
1326,4.1570293720631964e-09,4.188779168121764e-09,0.758234,0.000263481,4.164458009217728e-09,4.1750211070423935e-09,4.180788039004655e-09,0.5808883801546677,0.3287129951808583,0.19103763594056977
1327,4.157029061412572e-09,4.1887788275791646e-09,0.7582414,0.0002716108,4.1644585448360585e-09,4.175022061885374e-09,4.180722658719262e-09,0.5808755932089351,0.32869019998382093,0.19259847528074042
1328,4.157028758904461e-09,4.188778493729837e-09,0.7582487,0.0002795809,4.1644590684690935e-09,4.175023005233693e-09,4.180659215447474e-09,0.5808630923910525,0.32866767920161166,0.1941130718273811
1329,4.157028464762372e-09,4.1887781668133045e-09,0.7582557,0.0002873854,4.164459579706835e-09,4.175023936347893e-09,4.180597713638633e-09,0.5808508874889976,0.3286454504874924,0.195581319360304
1330,4.1570281792073565e-09,4.1887778470658736e-09,0.7582625,0.0002950188,4.164460563336768e-09,4.1750257587514585e-09,4.1804805493942955e-09,0.580827405054095,0.32860194380713054,0.1983784096562902
1331,4.157027902457507e-09,4.1887775347203955e-09,0.7582691,0.0003024755,4.164460563336768e-09,4.1750257587514585e-09,4.1804805493942955e-09,0.580827405054095,0.32860194380713054,0.1983784096562902
1332,4.157027634727462e-09,4.188777230006047e-09,0.7582755,0.0003097501,4.164461034889715e-09,4.17502664840541e-09,4.180424893088688e-09,0.5808161475567273,0.3285807048835171,0.19970710607903494
1333,4.157027376227815e-09,4.188776933148087e-09,0.7582817,0.000316837,4.164461492369926e-09,4.175027522558792e-09,4.1803711905359306e-09,0.5808052260211859,0.3285598360087681,0.20098916008824108
1334,4.1570271271646005e-09,4.188776644367642e-09,0.7582876,0.0003237312,4.1644619353514884e-09,4.175028380334238e-09,4.180319443507281e-09,0.5807946506153907,0.328539358128426,0.20222452939822952
1335,4.157026887738839e-09,4.188776363881471e-09,0.7582933,0.0003304273,4.164462363406269e-09,4.175029220833729e-09,4.180269653285138e-09,0.580784431560263,0.328519292681128,0.2034131833939844
1336,4.1570266581459546e-09,4.188776091901747e-09,0.7582988,0.0003369203,4.1644627761062515e-09,4.175030043146422e-09,4.1802218206794355e-09,0.5807745790739208,0.3284996614116368,0.2045551027397583
1337,4.157026438575366e-09,4.188775828635824e-09,0.7583041,0.0003432053,4.1644631730227746e-09,4.175030846350525e-09,4.1801759460441906e-09,0.580765103389924,0.32848048632615173,0.20565027898402352
1338,4.157026229209936e-09,4.18877557428602e-09,0.7583091,0.0003492775,4.1644635537293055e-09,4.175031629519679e-09,4.180132029294533e-09,0.580756014690983,0.3284617895398194,0.2066987141529114
1339,4.157026030225593e-09,4.188775329049392e-09,0.7583138,0.0003551321,4.164463917800718e-09,4.175032391725091e-09,4.18009006992355e-09,0.5807473231262376,0.32844359322598193,0.20770042034805436
1340,4.1570258417909186e-09,4.188775093117515e-09,0.7583183,0.0003607645,4.164464594358987e-09,4.175033849553913e-09,4.180012019281976e-09,0.5807311714873148,0.3284087901264915,0.2095637421607479
1341,4.157025664066864e-09,4.188774866676259e-09,0.7583226,0.0003661704,4.164464594358987e-09,4.175033849553913e-09,4.180012019281976e-09,0.5807311714873148,0.3284087901264915,0.2095637421607479
1342,4.15702549720641e-09,4.188774649905571e-09,0.7583265,0.0003713454,4.16446490601904e-09,4.175034543357454e-09,4.1799759250410805e-09,0.5807237311516152,0.3283922267870378,0.21042542868909894
1343,4.157025341354449e-09,4.1887744429792594e-09,0.7583303,0.0003762854,4.164465199393575e-09,4.175035212567571e-09,4.179941782272107e-09,0.5807167273505053,0.32837625057232833,0.21124052725704154
1344,4.1570251966476605e-09,4.18877424606477e-09,0.7583337,0.0003809864,4.164465474089584e-09,4.175035856322839e-09,4.17990958861345e-09,0.5807101694663499,0.32836088204737174,0.21200909424377642
1345,4.157025063214416e-09,4.188774059322972e-09,0.7583369,0.0003854445,4.16446572972408e-09,4.175036473788895e-09,4.179879341382863e-09,0.5807040666423122,0.3283461411311179,0.21273119368318155
1346,4.1570249411748275e-09,4.188773882907953e-09,0.7583398,0.0003896561,4.164465965927401e-09,4.1750370641659035e-09,4.179851037594079e-09,0.5806984277033843,0.328332046918237,0.21340689686716396
1347,4.1570248306407585e-09,4.1887737169667955e-09,0.7583424,0.0003936177,4.16446618234386e-09,4.1750376266913546e-09,4.1798246739721305e-09,0.5806932611410034,0.32831861761231385,0.21403628197979846
1348,4.1570247317159105e-09,4.188773561639378e-09,0.7583448,0.0003973259,4.164466378633853e-09,4.175038160644439e-09,4.179800246969148e-09,0.5806885750626167,0.32830587042140347,0.21461943372022935
1349,4.15702464449591e-09,4.1887734170581625e-09,0.7583469,0.0004007775,4.164466554475801e-09,4.175038665353001e-09,4.1797777527796084e-09,0.5806843771453348,0.3282938213920336,0.21515644293864572
1350,4.157024569068329e-09,4.188773283347997e-09,0.7583487,0.0004039696,4.164466843629567e-09,4.175039584603834e-09,4.179738546415204e-09,0.5806774741076502,0.32827187589492607,0.21609242594299505
1351,4.157024505512751e-09,4.188773160625919e-09,0.7583502,0.0004068994,4.164466843629567e-09,4.175039584603834e-09,4.179738546415204e-09,0.5806774741076502,0.32827187589492607,0.21609242594299505
1352,4.157024453900549e-09,4.188773049000956e-09,0.7583514,0.0004095642,4.164466956403883e-09,4.175039998071365e-09,4.179721825467337e-09,0.5806747818191813,0.3282620050847171,0.21649160916893032
1353,4.1570244142946e-09,4.1887729485739505e-09,0.7583524,0.0004119617,4.164467047658711e-09,4.175040380151048e-09,4.179707019812817e-09,0.5806726032706324,0.328252883604185,0.21684506813430532
1354,4.157024386748724e-09,4.1887728594373655e-09,0.758353,0.0004140897,4.1644671171885006e-09,4.175040730461733e-09,4.179694124562282e-09,0.580670943369174,0.3282445205526143,0.2171529195640602
1355,4.157024371306799e-09,4.188772781675121e-09,0.7583534,0.0004159461,4.164467164815703e-09,4.17504104868807e-09,4.179683134646279e-09,0.580669806353465,0.3282369234584365,0.21741528448247796
1356,4.1570243680019324e-09,4.188772715362422e-09,0.7583535,0.0004175292,4.16446719039238e-09,4.175041334584777e-09,4.179674044825677e-09,0.5806691957552832,0.32823009817731336,0.21763228796456363
1357,4.157024376855341e-09,4.1887726605656034e-09,0.7583533,0.0004188374,4.164467193800775e-09,4.175041587975452e-09,4.179666849701723e-09,0.5806691143858408,0.3282240489205534,0.21780405889607304
1358,4.157024397875672e-09,4.188772617341973e-09,0.7583528,0.0004198693,4.164467174955677e-09,4.1750418087558e-09,4.179661543724865e-09,0.5806695642794247,0.3282187781779983,0.21793072976280703
1359,4.15702443105854e-09,4.188772585739685e-09,0.758352,0.0004206238,4.164467133803708e-09,4.175041996892525e-09,4.179658121203435e-09,0.5806705467103203,0.32821428674452374,0.21801243644332213
1360,4.157024476386865e-09,4.188772565797596e-09,0.7583509,0.0004210998,4.164466984534315e-09,4.175042275455434e-09,4.1796569030926065e-09,0.580674110254577,0.3282076365449359,0.21804151669726599
1361,4.157024533832031e-09,4.188772557545156e-09,0.7583495,0.0004212969,4.164466984534315e-09,4.175042275455434e-09,4.1796569030926065e-09,0.580674110254577,0.3282076365449359,0.21804151669726599
1362,4.1570246033556865e-09,4.1887725610022935e-09,0.7583479,0.0004212143,4.164466876479042e-09,4.1750423661667666e-09,4.1796590954727484e-09,0.5806766898841914,0.3282054709713914,0.21798917747675706
1363,4.157024684912486e-09,4.188772576179329e-09,0.7583459,0.000420852,4.164466746241869e-09,4.17504242480169e-09,4.1796631472587385e-09,0.5806797990676875,0.3282040711657035,0.21789244821145554
1364,4.15702477845298e-09,4.188772603076883e-09,0.7583437,0.0004202099,4.164466593939398e-09,4.1750424516706654e-09,4.179669052147122e-09,0.5806834350213418,0.328203429716168,0.21775147938525471
1365,4.157024883926395e-09,4.188772641685811e-09,0.7583412,0.0004192881,4.164466419721623e-09,4.1750424471459635e-09,4.1796768037270355e-09,0.5806875941643628,0.32820353773546995,0.2175664240462586
1366,4.157025001282474e-09,4.188772691987144e-09,0.7583384,0.0004180873,4.1644662237723195e-09,4.1750424116594784e-09,4.1796863954843956e-09,0.5806922721093932,0.3282043849128958,0.21733743770674094
1367,4.157025130471199e-09,4.188772753952049e-09,0.7583353,0.000416608,4.164466006307451e-09,4.1750423456993734e-09,4.179697820804975e-09,0.5806974637007012,0.32820595959440946,0.21706467826974404
1368,4.157025271439829e-09,4.188772827541796e-09,0.7583319,0.0004148512,4.164465767574972e-09,4.17504224980733e-09,4.179711072977133e-09,0.5807031630188207,0.3282082488483128,0.2167483059638922
1369,4.157025424126465e-09,4.1887729127077465e-09,0.7583283,0.000412818,4.164465507853755e-09,4.1750421245723145e-09,4.17972614519434e-09,0.5807093634061448,0.3282112386140823,0.2163884832831224
1370,4.157025588451449e-09,4.188773009391352e-09,0.7583244,0.0004105098,4.16446492670818e-09,4.175041788651584e-09,4.179761722074615e-09,0.5807232372347908,0.32821925813078545,0.21553914782978498
1371,4.157025764309683e-09,4.188773117524172e-09,0.7583202,0.0004079283,4.16446492670818e-09,4.175041788651584e-09,4.179761722074615e-09,0.5807232372347908,0.32821925813078545,0.21553914782978498
1372,4.157025951569569e-09,4.188773237027899e-09,0.7583157,0.0004050754,4.164464605985597e-09,4.1750415793516175e-09,4.17978221266678e-09,0.5807308939224474,0.328224254799433,0.21504997097530312
1373,4.157026150082363e-09,4.1887733678144066e-09,0.7583109,0.0004019531,4.164464265675799e-09,4.175041343472693e-09,4.179804495165141e-09,0.5807390182204379,0.32822988599395125,0.21451801551151725
1374,4.157026359699701e-09,4.1887735097858114e-09,0.7583059,0.0003985638,4.164463906194569e-09,4.175041081786009e-09,4.179828562314347e-09,0.5807476002026313,0.32823613330334744,0.2139434546471706
1375,4.157026580287572e-09,4.1887736628345444e-09,0.7583007,0.00039491,4.164463527981675e-09,4.175040795087407e-09,4.179854406773423e-09,0.5807566293703771,0.32824297772829236,0.21332646363514735
1376,4.157026811723563e-09,4.188773826843446e-09,0.7582952,0.0003909946,4.1644631314995825e-09,4.1750404841924816e-09,4.179882021116971e-09,0.5807660946831146,0.3282503997979261,0.2126672197437598
1377,4.157027053877976e-09,4.188774001685869e-09,0.7582894,0.0003868205,4.1644627172326044e-09,4.175040149933873e-09,4.179911397836378e-09,0.5807759845787125,0.32825837963439336,0.21196590222793665
1378,4.15702730659517e-09,4.188774187225803e-09,0.7582833,0.0003823911,4.164462285685277e-09,4.175039793159198e-09,4.179942529341266e-09,0.5807862870122728,0.3282668970023698,0.21122269229462554
1379,4.157027569690112e-09,4.188774383318011e-09,0.7582771,0.0003777097,4.16446183738231e-09,4.175039414726783e-09,4.1799754079608165e-09,0.5807969894572368,0.3282759314107815,0.21043777307109832
1380,4.157027842958192e-09,4.188774589808183e-09,0.7582705,0.0003727801,4.164460892702901e-09,4.175038596357988e-09,4.1800463754684005e-09,0.5808195420168777,0.32829546852662617,0.20874354862646244
1381,4.157028126185891e-09,4.188774806533103e-09,0.7582638,0.0003676062,4.164460892702901e-09,4.175038596357988e-09,4.1800463754684005e-09,0.5808195420168777,0.32829546852662617,0.20874354862646244
1382,4.157028419155357e-09,4.188775033320834e-09,0.7582568,0.0003621921,4.164460397468985e-09,4.175038158173211e-09,4.1800844486276475e-09,0.5808313648557394,0.3283059294176196,0.20783461890246965
1383,4.15702872164357e-09,4.1887752699909195e-09,0.7582496,0.000356542,4.164459887763971e-09,4.175037701828625e-09,4.180124237448194e-09,0.5808435331666176,0.32831682384211863,0.20688473078199748
1384,4.157029033419808e-09,4.188775516354594e-09,0.7582421,0.0003506605,4.164459364203297e-09,4.175037228208747e-09,4.1801657338837315e-09,0.5808560322570102,0.3283281306838243,0.20589407635652948
1385,4.157029354243565e-09,4.18877577221502e-09,0.7582345,0.0003445523,4.16445882741987e-09,4.1750367381986815e-09,4.180208929819422e-09,0.5808688470173681,0.32833982881243656,0.20486284935352933
1386,4.157029683863685e-09,4.1887760373675285e-09,0.7582266,0.0003382222,4.164458278064311e-09,4.1750362326880645e-09,4.180253817074267e-09,0.580881961915289,0.32835189698945916,0.20379124507998286
1387,4.157030022018687e-09,4.188776311599886e-09,0.7582185,0.0003316754,4.164457716804081e-09,4.1750357125649214e-09,4.1803003874035454e-09,0.5808953610162725,0.32836431401484384,0.20267946036406406
1388,4.157030368437713e-09,4.188776594692568e-09,0.7582102,0.0003249171,4.164457144324318e-09,4.1750351787225115e-09,4.180348632501728e-09,0.5809090279638937,0.3283770585636003,0.20152769348570268
1389,4.1570307228419295e-09,4.188776886419053e-09,0.7582018,0.0003179526,4.164456561327906e-09,4.175034632055335e-09,4.180398544005049e-09,0.5809229459780056,0.3283901092810972,0.2003361441151106
1390,4.157031084945854e-09,4.1887771865461295e-09,0.7581931,0.0003107876,4.164455366681801e-09,4.175033503842623e-09,4.18050333249692e-09,0.5809514660529413,0.32841704337560207,0.1978345031460352
1391,4.157031454458878e-09,4.188777494834218e-09,0.7581843,0.0003034278,4.164455366681801e-09,4.175033503842623e-09,4.18050333249692e-09,0.5809514660529413,0.32841704337560207,0.1978345031460352
1392,4.157031831086414e-09,4.18877781103771e-09,0.7581753,0.000295879,4.164454756523694e-09,4.175032924106301e-09,4.180558192491221e-09,0.580966032504749,0.32843088356079786,0.19652481725539328
1393,4.1570322145309296e-09,4.188778134905312e-09,0.7581662,0.0002881472,4.1644541388317e-09,4.175032335164412e-09,4.180614684907159e-09,0.5809807788148698,0.32844494351272474,0.19517616016883005
1394,4.157032604492712e-09,4.1887784661804154e-09,0.7581569,0.0002802386,4.164453514393052e-09,4.175031737934975e-09,4.180672801129341e-09,0.5809956861895059,0.328459201315291,0.19378873756372175
1395,4.157033000670368e-09,4.188778804601469e-09,0.7581474,0.0002721594,4.1644528840104405e-09,4.17503113334189e-09,4.180732532499262e-09,0.5810107354657993,0.3284736349119804,0.19236275614662424
1396,4.157033402761151e-09,4.188779149902373e-09,0.7581378,0.0002639159,4.164452248501114e-09,4.175030522315839e-09,4.180793870316829e-09,0.5810259071333953,0.3284882220844462,0.19089842361699672
1397,4.157033810460994e-09,4.188779501812869e-09,0.7581281,0.0002555147,4.164451608695067e-09,4.175029905793679e-09,4.180856805842038e-09,0.5810411813776499,0.3285029404668478,0.1893959486270355
1398,4.157034223464446e-09,4.18877986005896e-09,0.7581182,0.0002469622,4.16445096543444e-09,4.1750292847176765e-09,4.180921330295828e-09,0.581056538093928,0.32851776756421563,0.18785554076137345
1399,4.1570346414645845e-09,4.188780224363322e-09,0.7581082,0.000238265,4.164450319570158e-09,4.175028660035731e-09,4.180987434860927e-09,0.5810719569678755,0.32853268074713937,0.18627741051691796
1400,4.157035064152729e-09,4.188780594445733e-09,0.7580981,0.00022943,4.16444902347331e-09,4.175027403660819e-09,4.181124348864958e-09,0.5811028990009027,0.328562674488778,0.18300882943891034
1401,4.157035491218305e-09,4.188780970023504e-09,0.7580879,0.0002204637,4.16444902347331e-09,4.175027403660819e-09,4.181124348864958e-09,0.5811028990009027,0.328562674488778,0.18300882943891034
1402,4.157035922348713e-09,4.188781350811922e-09,0.7580777,0.0002113731,4.164448374971372e-09,4.17502677387715e-09,4.181195140476672e-09,0.5811183808442599,0.32857770946637355,0.18131880419885527
1403,4.1570363572293845e-09,4.188781736524685e-09,0.7580673,0.0002021649,4.16444772732239e-09,4.175026144299832e-09,4.181267476542781e-09,0.5811338423247834,0.32859273951772255,0.17959190782608536
1404,4.157036795543929e-09,4.188782126874351e-09,0.7580568,0.0001928459,4.164447081388594e-09,4.1750255158779345e-09,4.18134134804585e-09,0.5811492628582698,0.32860774198541287,0.1778283555960236
1405,4.157037236974424e-09,4.188782521572778e-09,0.7580463,0.0001834232,4.1644464380255475e-09,4.175024889554086e-09,4.181416745922346e-09,0.581164622019622,0.32862269436588476,0.17602836388458054
1406,4.157037681202022e-09,4.188782920331569e-09,0.7580357,0.0001739035,4.164445798078399e-09,4.1750242662597996e-09,4.181493661059422e-09,0.5811798996324219,0.32863757442088604,0.17419215024495255
1407,4.1570381279075835e-09,4.188783322862506e-09,0.758025,0.0001642938,4.164445162377595e-09,4.175023646914331e-09,4.181572084290235e-09,0.5811950758712046,0.3286523602048025,0.17231993351937253
1408,4.157038576772478e-09,4.188783728877989e-09,0.7580143,0.0001546009,4.164444531736239e-09,4.175023032419711e-09,4.18165200638912e-09,0.5812101313245895,0.3286670301832413,0.17041193395441565
1409,4.157039027479539e-09,4.188784138091457e-09,0.7580035,0.0001448317,4.164443906945556e-09,4.1750224236580685e-09,4.1817334180658546e-09,0.5812250471034185,0.3286815632969343,0.16846837333775064
1410,4.157039479714048e-09,4.188784550217813e-09,0.7579927,0.0001349929,4.164442677950845e-09,4.175021226740449e-09,4.181900672629549e-09,0.5812543871909258,0.3287101376002737,0.16447546475274524
1411,4.1570399331646866e-09,4.188784964973824e-09,0.7579819,0.0001250913,4.164442677950845e-09,4.175021226740449e-09,4.181900672629549e-09,0.5812543871909258,0.3287101376002737,0.16447546475274524
1412,4.1570403875245845e-09,4.188785382078521e-09,0.7579711,0.0001151337,4.164442075188458e-09,4.175020640215269e-09,4.181986496550831e-09,0.5812687770829215,0.32872413985752125,0.16242656955661883
1413,4.157040842492247e-09,4.1887858012535755e-09,0.7579602,0.0001051266,4.16444148115308e-09,4.175020062678222e-09,4.182073772101992e-09,0.581282958632934,0.3287379275389005,0.1603430192498601
1414,4.157041297772396e-09,4.188786222223671e-09,0.7579493,9.507668e-05,4.16444089647462e-09,4.1750194948565154e-09,4.182162489557254e-09,0.5812969168029987,0.3287514832836096,0.15822504601835247
1415,4.157041753076763e-09,4.188786644716845e-09,0.7579385,8.49904e-05,4.164440321741436e-09,4.1750189374379956e-09,4.1822526390759345e-09,0.5813106375470672,0.32876479067053077,0.15607288479104278
1416,4.157042208124805e-09,4.188787068464823e-09,0.7579276,7.487416e-05,4.164439757497395e-09,4.1750183910659426e-09,4.182344210691473e-09,0.5813241078813078,0.32877783434248137,0.1538867735020696
1417,4.157042662644264e-09,4.188787493203332e-09,0.7579167,6.473428e-05,4.164439204239983e-09,4.175017856337956e-09,4.18243719429991e-09,0.5813373159290911,0.32879060003281363,0.15166695336566782
1418,4.157043116371623e-09,4.1887879186723886e-09,0.7579059,5.457695e-05,4.164438662418294e-09,4.1750173338037605e-09,4.1825315796474e-09,0.5813502509691135,0.3288030746178443,0.14941366917439505
1419,4.157043569052495e-09,4.188788344616566e-09,0.7578951,4.440828e-05,4.164438132431176e-09,4.17501682396242e-09,4.182627356317243e-09,0.581362903479554,0.3288152461832657,0.14712716960863415
1420,4.157044020441906e-09,4.188788770785246e-09,0.7578843,3.423426e-05,4.164437109300595e-09,4.1750158440975736e-09,4.182823041061384e-09,0.5813873289229591,0.3288386387333546,0.14245554046099176
1421,4.157044470304379e-09,4.188789196932845e-09,0.7578736,2.406073e-05,4.164437109300595e-09,4.1750158440975736e-09,4.182823041061384e-09,0.5813873289229591,0.3288386387333546,0.14245554046099176
1422,4.157044918414041e-09,4.188789622819011e-09,0.7578629,1.389345e-05,4.164436616696304e-09,4.175015374810616e-09,4.182922927363239e-09,0.5813990889841394,0.3288498421342122,0.14007093065786969
1423,4.1570453645545316e-09,4.188790048208809e-09,0.7578522,3.738014e-06,4.164436137004944e-09,4.175014919690136e-09,4.1830241614127e-09,0.5814105407718136,0.32886070733532025,0.13765414575074134
1424,4.157045808518884e-09,4.188790472872872e-09,0.7578416,6.400093e-06,4.164435670365027e-09,4.175014478970714e-09,4.183126731764073e-09,0.5814216809792264,0.32887122873651004,0.1352054589853839
1425,4.157046250109268e-09,4.188790896587542e-09,0.7578311,1.651554e-05,4.164435216864171e-09,4.175014052833413e-09,4.1832306267194666e-09,0.581432507514665,0.3288814020151762,0.132725149628404
1426,4.157046689136782e-09,4.188791319134976e-09,0.7578206,2.660311e-05,4.1644347765388415e-09,4.175013641407934e-09,4.183335834312035e-09,0.5814430195075815,0.3288912240749924,0.13021350336720378
1427,4.157047125421071e-09,4.188791740303235e-09,0.7578102,3.665776e-05,4.164434349376752e-09,4.17501324477108e-09,4.1834423422889815e-09,0.5814532172512852,0.32890069308238506,0.12767081271573177
1428,4.1570475587900545e-09,4.188792159886353e-09,0.7577999,4.667457e-05,4.164433935317249e-09,4.175012862950293e-09,4.1835501380945046e-09,0.5814631021937801,0.32890980838223155,0.12509737742169633
1429,4.1570479890795186e-09,4.18879257768439e-09,0.7577896,5.664877e-05,4.16443353425474e-09,4.175012495924441e-09,4.183659208852376e-09,0.5814726768559111,0.32891857047902084,0.12249350488238793
1430,4.1570484161328345e-09,4.188792993503446e-09,0.7577794,6.657572e-05,4.164432770479329e-09,4.1750118059410144e-09,4.183881122010818e-09,0.5814909106507073,0.3289350426199597,0.11719571846692618
1431,4.157048839800509e-09,4.188793407155686e-09,0.7577693,7.645094e-05,4.164432770479329e-09,4.1750118059410144e-09,4.183881122010818e-09,0.5814909106507073,0.3289350426199597,0.11719571846692618
1432,4.157049259939888e-09,4.188793818459317e-09,0.7577592,8.627009e-05,4.164432407345134e-09,4.175011482715938e-09,4.183993936896244e-09,0.5814995798410416,0.3289427590502477,0.11450246146642942
1433,4.157049676414805e-09,4.188794227238572e-09,0.7577493,9.602897e-05,4.16443205637036e-09,4.175011173754403e-09,4.184107971667593e-09,0.5815079587465627,0.3289501349635772,0.11178008183476028
1434,4.157050089095088e-09,4.18879463332366e-09,0.7577394,0.0001057235,4.164431717255281e-09,4.175010878824611e-09,4.1842232115781e-09,0.5815160545227311,0.3289571758937259,0.1090289316249616
1435,4.157050497856192e-09,4.1887950365507186e-09,0.7577297,0.0001153499,4.164431389669591e-09,4.1750105976593024e-09,4.184339641452995e-09,0.581523875055013,0.3289638882210265,0.10624937310797665
1436,4.157050902578758e-09,4.188795436761741e-09,0.75772,0.0001249042,4.164431073256033e-09,4.175010329958592e-09,4.1844572456715555e-09,0.581531428872267,0.32897027910473114,0.10344177920112987
1437,4.1570513031480586e-09,4.188795833804497e-09,0.7577105,0.0001343829,4.164430767632752e-09,4.1750100753940586e-09,4.184576008149449e-09,0.5815387250906616,0.3289763563853015,0.10060653388953832
1438,4.157051699453626e-09,4.188796227532446e-09,0.757701,0.0001437825,4.164430472396968e-09,4.175009833610336e-09,4.184695912321256e-09,0.5815457733258188,0.3289821285464929,0.09774403264347453
1439,4.157052091388617e-09,4.188796617804633e-09,0.7576916,0.0001530995,4.164430187128424e-09,4.175009604229374e-09,4.1848169411232414e-09,0.5815525836106444,0.3289876046135762,0.09485468282960803
1440,4.1570524788494556e-09,4.18879700448559e-09,0.7576824,0.0001623309,4.164429644741141e-09,4.175009181061891e-09,4.185062301770648e-09,0.5815655321532254,0.3289977069930929,0.08899712884836378
1441,4.157052861735311e-09,4.188797387445216e-09,0.7576733,0.0001714733,4.164429644741141e-09,4.175009181061891e-09,4.185062301770648e-09,0.5815655321532254,0.3289977069930929,0.08899712884836378
1442,4.1570532399478076e-09,4.188797766558669e-09,0.7576642,0.000180524,4.164429386721782e-09,4.175008986427843e-09,4.185186596847594e-09,0.581571691911684,0.3290023535387178,0.0860298024636724
1443,4.157053613390624e-09,4.188798141706242e-09,0.7576553,0.00018948,4.164429136874581e-09,4.175008802507455e-09,4.185311942986342e-09,0.5815776565742377,0.3290067443145347,0.08303738382677762
1444,4.157053981969406e-09,4.18879851277324e-09,0.7576465,0.0001983386,4.164428894738572e-09,4.175008628848579e-09,4.1854383203879795e-09,0.5815834371456646,0.32901089011481377,0.08002034560192746
1445,4.1570543455914925e-09,4.188798879649863e-09,0.7576378,0.0002070971,4.164428659854082e-09,4.175008464993919e-09,4.185565708661518e-09,0.5815890445997989,0.32901480185669396,0.07697917458808477
1446,4.157054704165995e-09,4.188799242231082e-09,0.7576293,0.0002157531,4.16442843176531e-09,4.1750083104818536e-09,4.185694086810432e-09,0.5815944898181352,0.3290184905605343,0.0739143720403964
1447,4.157055057603832e-09,4.188799600416515e-09,0.7576208,0.0002243041,4.1644282100237524e-09,4.175008164850814e-09,4.185823433219721e-09,0.5815997835078771,0.3290219672455091,0.07082645397896492
1448,4.15705540581785e-09,4.188799954110319e-09,0.7576125,0.000232748,4.164427994190471e-09,4.1750080276416565e-09,4.185953725644283e-09,0.5816049361479275,0.32902524287285334,0.06771595146649821
1449,4.15705574872305e-09,4.188800303221067e-09,0.7576043,0.0002410824,4.164427783838562e-09,4.175007898397599e-09,4.186084941197637e-09,0.5816099579298435,0.329028328347443,0.0645834108774676
1450,4.157056086236809e-09,4.188800647661647e-09,0.7575963,0.0002493053,4.164427377945032e-09,4.175007662017894e-09,4.186350046878982e-09,0.5816196479240853,0.32903397149722535,0.05825447893328746
1451,4.157056418279228e-09,4.1888009873491516e-09,0.7575883,0.0002574147,4.164427377945032e-09,4.175007662017894e-09,4.186350046878982e-09,0.5816196479240853,0.32903397149722535,0.05825447893328746
1452,4.157056744773395e-09,4.188801322204783e-09,0.7575806,0.0002654088,4.164427181629579e-09,4.175007554011532e-09,4.186483887941517e-09,0.5816243346102994,0.3290365499591711,0.055059258929624245
1453,4.157057065645733e-09,4.188801652153764e-09,0.7575729,0.0002732858,4.1644269892516976e-09,4.1750074522336615e-09,4.186618553987093e-09,0.5816289272939154,0.3290389797268588,0.051844343906619905
1454,4.157057380826279e-09,4.188801977125251e-09,0.7575654,0.0002810439,4.164426800475074e-09,4.175007356280458e-09,4.1867540187913696e-09,0.5816334340038252,0.3290412704408515,0.04861035992428082
1455,4.1570576902490285e-09,4.188802297052256e-09,0.757558,0.0002886816,4.164426614986438e-09,4.175007265764815e-09,4.186890255443822e-09,0.581637862218835,0.329043431342655,0.04535794942405854
1456,4.157057993852142e-09,4.1888026118715856e-09,0.7575507,0.0002961973,4.1644264324959926e-09,4.17500718031533e-09,4.1870272363437925e-09,0.5816422188572973,0.32904547129884953,0.04208777132314394
1457,4.157058291578277e-09,4.188802921523769e-09,0.7575436,0.0003035897,4.164426252738525e-09,4.175007099579678e-09,4.187164933198362e-09,0.5816465102507291,0.3290473987205592,0.03880050106519851
1458,4.157058583374695e-09,4.188803225953017e-09,0.7575367,0.0003108575,4.164426075473465e-09,4.175007023223746e-09,4.187303317020955e-09,0.5816507421423107,0.3290492215841675,0.035496830653767124
1459,4.157058869193582e-09,4.188803525107164e-09,0.7575298,0.0003179992,4.1644259004855536e-09,4.175006950933475e-09,4.187442358131662e-09,0.5816549196709686,0.3290509473872602,0.03217746864445802
1460,4.157059148992169e-09,4.188803818937643e-09,0.7575232,0.0003250139,4.164425556604844e-09,4.175006817395012e-09,4.187722290038754e-09,0.5816631292181895,0.3290541353832354,0.025494586633022846
1461,4.157059422732978e-09,4.1888041073994514e-09,0.7575166,0.0003319004,4.164425556604844e-09,4.175006817395012e-09,4.187722290038754e-09,0.5816631292181895,0.3290541353832354,0.025494586633022846
1462,4.1570596903839266e-09,4.188804390451127e-09,0.7575102,0.0003386578,4.164425387406007e-09,4.175006755621505e-09,4.187863118025819e-09,0.5816671685428667,0.32905561011707257,0.022132566092966016
1463,4.157059951918626e-09,4.188804668054737e-09,0.757504,0.0003452851,4.164425219870926e-09,4.175006696862747e-09,4.188004477690956e-09,0.5816711681483069,0.3290570128790969,0.018757852673914617
1464,4.157060207316449e-09,4.188804940175869e-09,0.7574979,0.0003517815,4.164425053905452e-09,4.175006640907434e-09,4.188146335931608e-09,0.5816751302821486,0.32905834871380263,0.015371236641207889
1465,4.157060456562822e-09,4.188805206783624e-09,0.7574919,0.0003581463,4.164424889437911e-09,4.175006587565685e-09,4.188288658978193e-09,0.5816790566554718,0.32905962215424417,0.011973524184219249
1466,4.157060699649288e-09,4.188805467850631e-09,0.7574861,0.0003643788,4.164424726417186e-09,4.175006536666847e-09,4.1884314124032195e-09,0.5816829484886115,0.32906083727450486,0.008565537198778537
1467,4.157060936573725e-09,4.188805723353044e-09,0.7574805,0.0003704785,4.164424564811718e-09,4.175006488059402e-09,4.188574561131029e-09,0.581686806534954,0.3290619976917707,0.005148113054546658
1468,4.157061167340424e-09,4.1888059732705615e-09,0.757475,0.0003764448,4.164424404608626e-09,4.175006441610833e-09,4.188718069448982e-09,0.5816906311020664,0.32906310656966714,0.0017221043279901415
1469,4.157061391960125e-09,4.188806217586446e-09,0.7574696,0.0003822774,4.164424245811247e-09,4.175006397205855e-09,4.188861901019695e-09,0.581694422110228,0.3290641666604405,0.0017116214897433845
1470,4.157061610450114e-09,4.1888064562875345e-09,0.7574644,0.000387976,4.164423932522046e-09,4.175006314148166e-09,4.189150385526927e-09,0.5817019013389696,0.32906614951669066,0.008598681789462282
1471,4.1570618228340655e-09,4.188806689364271e-09,0.7574593,0.0003935403,4.164423932522046e-09,4.175006314148166e-09,4.189150385526927e-09,0.5817019013389696,0.32906614951669066,0.008598681789462282
1472,4.157062029141995e-09,4.188806916810725e-09,0.7574544,0.0003989702,4.164423778106214e-09,4.175006275343487e-09,4.189294962790008e-09,0.5817055877454274,0.32906707591017487,0.012050209701171268
1473,4.157062229410097e-09,4.18880713862462e-09,0.7574496,0.0004042656,4.164423625244797e-09,4.175006238275807e-09,4.1894397119905346e-09,0.5817092370429294,0.32906796083584167,0.015505842317028925
1474,4.157062423680444e-09,4.188807354807353e-09,0.757445,0.0004094266,4.164423473999738e-09,4.175006202900239e-09,4.1895845938875056e-09,0.5817128477527448,0.3290688053653275,0.018964642827148957
1475,4.157062612000767e-09,4.1888075653640305e-09,0.7574405,0.0004144533,4.1644233244398e-09,4.17500616918169e-09,4.189729568709798e-09,0.5817164182332653,0.32906961033638005,0.022425661765898226
1476,4.1570627944240795e-09,4.188807770303484e-09,0.7574361,0.0004193458,4.1644231766378e-09,4.175006137092598e-09,4.189874596175196e-09,0.5817199467461004,0.3290703764070247,0.025887937466227095
1477,4.157062971008293e-09,4.1888079696382946e-09,0.7574319,0.0004241046,4.164423030669754e-09,4.1750061066123665e-09,4.190019635510183e-09,0.5817234314765154,0.3290711040689542,0.02935049653212793
1478,4.1570631418158766e-09,4.1888081633848175e-09,0.7574278,0.00042873,4.164422886612567e-09,4.175006077724461e-09,4.190164645470101e-09,0.5817268705885279,0.3290717937169009,0.03281235431990101
1479,4.15706330691338e-09,4.188808351563191e-09,0.7574239,0.0004332224,4.164422744542506e-09,4.175006050414171e-09,4.190309584360545e-09,0.5817302622613805,0.32907244570205396,0.036272515448962664
1480,4.157063466371068e-09,4.1888085341973626e-09,0.7574201,0.0004375825,4.164422466654744e-09,4.175006000472441e-09,4.190599080035777e-09,0.5817368963430336,0.32907363797301614,0.0431837156065027
1481,4.1570636202624285e-09,4.188808711315086e-09,0.7574164,0.0004418108,4.164422466654744e-09,4.175006000472441e-09,4.190599080035777e-09,0.5817368963430336,0.32907363797301614,0.0431837156065027
1482,4.157063768663895e-09,4.188808882947937e-09,0.7574129,0.0004459083,4.1644223309709945e-09,4.175005977806955e-09,4.1907435513798045e-09,0.5817401355539468,0.32907417907165126,0.046632714887063276
1483,4.157063911654368e-09,4.188809049131308e-09,0.7574095,0.0004498756,4.164422197539164e-09,4.175005956648117e-09,4.190887780818707e-09,0.5817433210042543,0.32907468420168867,0.05007593910817346
1484,4.157064049314936e-09,4.188809209904403e-09,0.7574062,0.0004537138,4.164422066407516e-09,4.175005936964645e-09,4.191031724744197e-09,0.5817464515417498,0.32907515410997806,0.05351234719863044
1485,4.157064181728515e-09,4.1888093653102305e-09,0.757403,0.0004574238,4.164421937614888e-09,4.175005918714863e-09,4.191175339235648e-09,0.5817495262392496,0.3290755897914173,0.056940890630739975
1486,4.157064308979646e-09,4.1888095153955815e-09,0.7574,0.0004610068,4.164421811188554e-09,4.175005901847088e-09,4.19131858008468e-09,0.5817525444456594,0.32907599247988845,0.060360514007172086
1487,4.1570644311542625e-09,4.188809660211009e-09,0.7573971,0.000464464,4.16442168714424e-09,4.17500588629514e-09,4.191461402819674e-09,0.5817555057855203,0.3290763637553085,0.0637701556461975
1488,4.157064548339502e-09,4.188809799810792e-09,0.7573943,0.0004677967,4.164421565483965e-09,4.175005871978994e-09,4.191603762730941e-09,0.5817584102106287,0.32907670552810825,0.06716874818262321
1489,4.157064660623669e-09,4.188809934252903e-09,0.7573916,0.0004710063,4.1644214461960425e-09,4.1750058588013146e-09,4.191745614896062e-09,0.5817612580000164,0.32907702012203305,0.0705552191727369
1490,4.157064768096164e-09,4.188810063598963e-09,0.757389,0.0004740942,4.164421214616932e-09,4.175005835383792e-09,4.1920276153858755e-09,0.5817667865440401,0.32907757917421043,0.07728748495894991
1491,4.15706487084745e-09,4.188810187914181e-09,0.7573866,0.000477062,4.164421214616932e-09,4.175005835383792e-09,4.1920276153858755e-09,0.5817667865440401,0.32907757917421043,0.07728748495894991
1492,4.157064968969237e-09,4.188810307267303e-09,0.7573842,0.0004799114,4.164421102227246e-09,4.175005824856098e-09,4.1921676730312974e-09,0.5817694696501469,0.32907783050438943,0.0806311149469567
1493,4.157065062554532e-09,4.188810421730539e-09,0.757382,0.000482644,4.164420992012268e-09,4.175005814888864e-09,4.192307041623376e-09,0.5817721008389373,0.3290780684545629,0.08395829499811364
1494,4.157065151697753e-09,4.188810531379486e-09,0.7573799,0.0004852617,4.1644208838835424e-09,4.175005805286157e-09,4.192445675560515e-09,0.5817746822221083,0.32907829770231706,0.08726793645450476
1495,4.157065236495003e-09,4.188810636293053e-09,0.7573778,0.0004877663,4.164420777736837e-09,4.1750057958294955e-09,4.1925835291829844e-09,0.5817772162880404,0.3290785234634755,0.09055894927038072
1496,4.157065317044218e-09,4.188810736553362e-09,0.7573759,0.0004901598,4.164420673452735e-09,4.1750057862780244e-09,4.192720556799434e-09,0.5817797058875787,0.3290787514880508,0.09383024264508545
1497,4.157065393445336e-09,4.188810832245659e-09,0.7573741,0.0004924443,4.164420570896392e-09,4.1750057763696026e-09,4.1928567127128815e-09,0.5817821542399184,0.32907898803419805,0.09708072564354175
1498,4.157065465800509e-09,4.188810923458203e-09,0.7573724,0.0004946219,4.164420469919462e-09,4.175005765820638e-09,4.192991951247042e-09,0.5817845648865533,0.3290792398721835,0.10030930782477421
1499,4.157065534214219e-09,4.188811010282164e-09,0.7573707,0.0004966946,4.1644203703595065e-09,4.175005754326997e-09,4.193126226772173e-09,0.5817869417054149,0.3290795142626432,0.10351489985889947
1500,4.157065598793362e-09,4.188811092811499e-09,0.7573692,0.0004986649,4.164420174778627e-09,4.175005727190463e-09,4.193391706668024e-09,0.581791610854976,0.32908016209967966,0.10985276551633315
1501,4.157065659647328e-09,4.1888111711428346e-09,0.7573677,0.0005005349,4.164420174778627e-09,4.175005727190463e-09,4.193391706668024e-09,0.581791610854976,0.32908016209967966,0.10985276551633315
1502,4.157065716887919e-09,4.188811245375336e-09,0.7573664,0.0005023071,4.1644200783737575e-09,4.175005710845423e-09,4.1935228202480714e-09,0.5817939123517062,0.3290805523087687,0.11298287167197782
1503,4.157065770629302e-09,4.18881131561058e-09,0.7573651,0.0005039838,4.16441998262027e-09,4.175005692154031e-09,4.1936527892899495e-09,0.5817961982978272,0.3290809985328754,0.11608565399155021
1504,4.157065820987848e-09,4.188811381952411e-09,0.7573639,0.0005055676,4.1644198873033045e-09,4.1750056707277005e-09,4.193781568787858e-09,0.5817984738227674,0.32908151004883396,0.11916003804071276
1505,4.1570658680819075e-09,4.1888114445068025e-09,0.7573628,0.000507061,4.1644197922011235e-09,4.175005646165829e-09,4.193909113938141e-09,0.5818007442200959,0.3290820964203303,0.12220495421093872
1506,4.157065912031565e-09,4.188811503381714e-09,0.7573617,0.0005084665,4.164419697086678e-09,4.175005618057884e-09,4.194035380164355e-09,0.5818030149102204,0.3290827674480795,0.12521933831807808
1507,4.15706595295833e-09,4.18881155868694e-09,0.7573607,0.0005097868,4.164419601728626e-09,4.175005585986391e-09,4.194160323142313e-09,0.5818052914160179,0.32908353309857674,0.12820213220007431
1508,4.157065990984825e-09,4.188811610533961e-09,0.7573598,0.0005110246,4.1644195058929e-09,4.1750055495280855e-09,4.194283898825055e-09,0.5818075793254534,0.32908440347651013,0.13115228431321999
1509,4.157066026234375e-09,4.188811659035791e-09,0.757359,0.0005121825,4.164419409343858e-09,4.175005508257569e-09,4.1944060634673315e-09,0.5818098842640514,0.32908538873751614,0.1340687503166228
1510,4.157066058830583e-09,4.1888117043068125e-09,0.7573582,0.0005132632,4.164419213162921e-09,4.175005409576057e-09,4.1946459863024045e-09,0.5818145677389299,0.32908774458508455,0.13979648609099835
1511,4.1570660888970954e-09,4.1888117464626364e-09,0.7573575,0.0005142696,4.164419213162921e-09,4.175005409576057e-09,4.1946459863024045e-09,0.5818145677389299,0.32908774458508455,0.13979648609099835
1512,4.157066116557055e-09,4.188811785619928e-09,0.7573568,0.0005152045,4.164419113063226e-09,4.17500535131907e-09,4.194763658729206e-09,0.5818169574431029,0.32908913536818724,0.14260570834965916
1513,4.157066141932814e-09,4.1888118218962565e-09,0.7573562,0.0005160705,4.1644190113166535e-09,4.17500528656294e-09,4.194879748629912e-09,0.5818193864636051,0.32909068130692415,0.14537715058072057
1514,4.15706616514553e-09,4.188811855409934e-09,0.7573557,0.0005168706,4.164418907697258e-09,4.1750052149012536e-09,4.194994214123419e-09,0.5818218601944615,0.329092392103668,0.14810981294649345
1515,4.157066186314835e-09,4.188811886279848e-09,0.7573552,0.0005176075,4.16441880198429e-09,4.175005135936821e-09,4.195107013769692e-09,0.5818243839056628,0.3290942772406265,0.15080270613898192
1516,4.157066205558534e-09,4.188811914625314e-09,0.7573547,0.0005182842,4.164418693962046e-09,4.175005049284852e-09,4.195218106591691e-09,0.58182696274678,0.3290963459040128,0.15345485190346825
1517,4.1570662229922685e-09,4.188811940565903e-09,0.7573543,0.0005189035,4.164418583421515e-09,4.175004954572933e-09,4.1953274520961996e-09,0.5818296017075673,0.3290986069845186,0.15606528353557675
1518,4.157066238729331e-09,4.188811964221288e-09,0.7573539,0.0005194682,4.164418470159652e-09,4.175004851444337e-09,4.195435010294974e-09,0.58183230563538,0.32910106899840363,0.1586330463863353
1519,4.157066252880434e-09,4.18881198571108e-09,0.7573536,0.0005199813,4.164418353980684e-09,4.175004739557171e-09,4.195540741724348e-09,0.581835079203934,0.329103740107737,0.1611571983300921
1520,4.157066265553548e-09,4.188812005154672e-09,0.7573533,0.0005204455,4.164418112123525e-09,4.17500448822816e-09,4.195746569161968e-09,0.581840853118287,0.32910974014589134,0.1660709664482676
1521,4.157066276853783e-09,4.188812022671077e-09,0.757353,0.0005208636,4.164418112123525e-09,4.17500448822816e-09,4.195746569161968e-09,0.581840853118287,0.32910974014589134,0.1660709664482676
1522,4.157066286883338e-09,4.188812038378767e-09,0.7573528,0.0005212386,4.164417986089431e-09,4.175004348189386e-09,4.195846589040386e-09,0.5818438619606381,0.3291130833253645,0.1684587651569142
1523,4.1570662957415006e-09,4.188812052395519e-09,0.7573525,0.0005215732,4.1644178564260495e-09,4.175004198201477e-09,4.195944629926141e-09,0.5818469574458586,0.32911666402293627,0.17079931889586447
1524,4.157066303524631e-09,4.1888120648382545e-09,0.7573524,0.0005218703,4.164417722973662e-09,4.175004038013053e-09,4.196040655261558e-09,0.5818501433869304,0.32912048823984674,0.17309175491492002
1525,4.157066310326298e-09,4.188812075822877e-09,0.7573522,0.0005221325,4.164417585577992e-09,4.175003867390363e-09,4.196134629122427e-09,0.5818534234669371,0.32912456155653713,0.17533521558672166
1526,4.157066316237364e-09,4.188812085464122e-09,0.7573521,0.0005223627,4.164417444091989e-09,4.175003686119881e-09,4.1962265162338755e-09,0.5818568011964477,0.3291288890705237,0.17752885878574337
1527,4.157066321346081e-09,4.188812093875391e-09,0.7573519,0.0005225635,4.164417298373933e-09,4.1750034940041115e-09,4.196316281985747e-09,0.5818602799587786,0.32913347549667593,0.1796718582553582
1528,4.15706632573835e-09,4.188812101168599e-09,0.7573518,0.0005227376,4.164417148288118e-09,4.1750032908653704e-09,4.196403892447703e-09,0.5818638629936822,0.3291383250768913,0.181763403968388
1529,4.157066329497738e-09,4.188812107454017e-09,0.7573517,0.0005228877,4.164416993704065e-09,4.175003076541819e-09,4.19648931438305e-09,0.5818675534161065,0.32914344167478443,0.18380270245722202
1530,4.157066332705809e-09,4.188812112840108e-09,0.7573517,0.0005230163,4.164416670541144e-09,4.175002613777795e-09,4.1966534632787286e-09,0.5818752683625489,0.3291544893520701,0.18772146867976905
1531,4.157066335442143e-09,4.188812117433375e-09,0.7573516,0.0005231259,4.164416670541144e-09,4.175002613777795e-09,4.1966534632787286e-09,0.5818752683625489,0.3291544893520701,0.18772146867976905
1532,4.157066337784518e-09,4.188812121338201e-09,0.7573515,0.0005232191,4.164416501723144e-09,4.175002365093615e-09,4.1967321273555925e-09,0.581879298595426,0.32916042624954484,0.18959943518126823
1533,4.157066339808983e-09,4.188812124656689e-09,0.7573515,0.0005232984,4.164416327927226e-09,4.175002104737491e-09,4.196808477163655e-09,0.5818834476673496,0.32916664179416766,0.19142215258485043
1534,4.157066341589892e-09,4.18881212748851e-09,0.7573514,0.000523366,4.1644161490431146e-09,4.175001832622513e-09,4.196882483130185e-09,0.5818877182109352,0.3291731380607471,0.1931889148935887
1535,4.157066343199913e-09,4.18881212993074e-09,0.7573514,0.0005234243,4.164415964963128e-09,4.175001548675422e-09,4.196954116450421e-09,0.5818921127969103,0.3291799167981994,0.19489903444443485
1536,4.157066344709893e-09,4.188812132077697e-09,0.7573514,0.0005234755,4.164415775582698e-09,4.175001252834154e-09,4.197023349098297e-09,0.5818966339216333,0.32918697948823733,0.19655184216436394
1537,4.157066346188752e-09,4.188812134020799e-09,0.7573513,0.0005235219,4.1644155808004144e-09,4.175000945049281e-09,4.1970901538366755e-09,0.5819012840061255,0.3291943273108322,0.19814668781459158
1538,4.157066347703234e-09,4.188812135848388e-09,0.7573513,0.0005235655,4.164415380517805e-09,4.175000625280818e-09,4.1971545042270335e-09,0.5819060654012262,0.32920196122055756,0.19968294022189556
1539,4.157066349317578e-09,4.188812137645592e-09,0.7573513,0.0005236084,4.1644151746392265e-09,4.175000293500637e-09,4.197216374639112e-09,0.5819109803902379,0.3292098818889266,0.20115998750891145
1540,4.157066351093188e-09,4.1888121394941536e-09,0.7573512,0.0005236526,4.164414745730573e-09,4.17499959383612e-09,4.197332577101618e-09,0.5819212198300795,0.3292265851488911,0.20393411695499758
1541,4.157066353088192e-09,4.188812141472292e-09,0.7573512,0.0005236998,4.164414745730573e-09,4.17499959383612e-09,4.197332577101618e-09,0.5819212198300795,0.3292265851488911,0.20393411695499758
1542,4.15706635535698e-09,4.188812143654537e-09,0.7573511,0.0005237519,4.164414522528149e-09,4.174999225944115e-09,4.197386862011664e-09,0.5819265483954553,0.32923536792354574,0.20523007372036417
1543,4.157066357949685e-09,4.188812146111587e-09,0.7573511,0.0005238106,4.164414293386004e-09,4.174998846023055e-09,4.197438572679126e-09,0.5819320187612035,0.32924443787075125,0.20646457497095144
1544,4.157066360911722e-09,4.188812148910157e-09,0.757351,0.0005238774,4.164414058230423e-09,4.174998454092761e-09,4.197487687643244e-09,0.5819376326871801,0.32925379451729875,0.2076371083688118
1545,4.1570663642832975e-09,4.18881215211284e-09,0.7573509,0.0005239538,4.164413816992721e-09,4.174998050183195e-09,4.197534186300778e-09,0.5819433918130781,0.3292634371478949,0.20874718204787723
1546,4.157066368098966e-09,4.188812155777962e-09,0.7573508,0.0005240413,4.164413569611724e-09,4.1749976343358e-09,4.197578048913193e-09,0.5819492975993619,0.32927336477317104,0.20979432478528812
1547,4.157066372387292e-09,4.188812159959443e-09,0.7573507,0.0005241411,4.164413316033717e-09,4.1749972066034665e-09,4.197619256613708e-09,0.5819553513283537,0.3292835761304535,0.2107780861698395
1548,4.15706637717051e-09,4.188812164706668e-09,0.7573506,0.0005242545,4.164413056212341e-09,4.1749967670486275e-09,4.197657791413848e-09,0.5819615541068018,0.32929406972926145,0.2116980367583417
1549,4.157066382464367e-09,4.188812170064358e-09,0.7573505,0.0005243824,4.1644127901121635e-09,4.174996315747635e-09,4.197693636210021e-09,0.5819679067805892,0.3293048437468233,0.21255376823261243
1550,4.157066388277955e-09,4.188812176072446e-09,0.7573503,0.0005245258,4.164412238979333e-09,4.17499537827781e-09,4.197757191837423e-09,0.5819810641077338,0.3293272241903294,0.214071047071961
1551,4.1570663946137416e-09,4.188812182765964e-09,0.7573502,0.0005246856,4.164412238979333e-09,4.17499537827781e-09,4.197757191837423e-09,0.5819810641077338,0.3293272241903294,0.214071047071961
1552,4.157066401467597e-09,4.188812190174932e-09,0.75735,0.0005248625,4.1644119539285685e-09,4.174994892329831e-09,4.19778487294069e-09,0.581987869193462,0.3293388253437748,0.21473188473424012
1553,4.157066408828978e-09,4.188812198324253e-09,0.7573498,0.000525057,4.164411662562836e-09,4.174994395078259e-09,4.19780980459542e-09,0.5819948250379489,0.32935069635061676,0.215327084147685
1554,4.157066416681091e-09,4.188812207233622e-09,0.7573497,0.0005252697,4.164411364906046e-09,4.174993886673505e-09,4.197831974211257e-09,0.5820019310703736,0.3293628336200718,0.21585634473973514
1555,4.157066425001172e-09,4.188812216917435e-09,0.7573495,0.0005255009,4.164411060994258e-09,4.174993367281305e-09,4.197851370116891e-09,0.5820091864298642,0.3293752331954751,0.21631938787834928
1556,4.157066433760765e-09,4.188812227384714e-09,0.7573492,0.0005257508,4.1644107508807285e-09,4.174992837086774e-09,4.197867981564602e-09,0.5820165898450387,0.32938789065753754,0.21671595698061688
1557,4.1570664429260086e-09,4.188812238639037e-09,0.757349,0.0005260195,4.164410434633354e-09,4.174992296292886e-09,4.197881798735372e-09,0.5820241396949641,0.3294008011606021,0.21704581763473813
1558,4.157066452457943e-09,4.188812250678473e-09,0.7573488,0.0005263069,4.164410112336579e-09,4.174991745122244e-09,4.197892812742926e-09,0.5820318339636992,0.3294139593904238,0.21730875769656938
1559,4.15706646231273e-09,4.188812263495536e-09,0.7573486,0.0005266129,4.164409784090732e-09,4.174991183817827e-09,4.197901015638358e-09,0.5820396702560715,0.32942735954631785,0.21750458739991288
1560,4.157066472442005e-09,4.188812277077147e-09,0.7573483,0.0005269371,4.164409110243773e-09,4.174990031876972e-09,4.197908961005858e-09,0.5820557571672295,0.3294548601084958,0.21769426907675737
1561,4.1570664827930056e-09,4.188812291404595e-09,0.7573481,0.0005272792,4.164409110243773e-09,4.174990031876972e-09,4.197908961005858e-09,0.5820557571672295,0.3294548601084958,0.21769426907675737
1562,4.1570664933087815e-09,4.188812306453523e-09,0.7573478,0.0005276384,4.164408764930809e-09,4.174989441829612e-09,4.197908692300294e-09,0.582064000906999,0.32946894645159025,0.21768785420394915
1563,4.157066503928342e-09,4.188812322193921e-09,0.7573476,0.0005280142,4.164408414247173e-09,4.174988842824035e-09,4.1979055901339805e-09,0.5820723728621171,0.3294832466563656,0.2176137954384887
1564,4.157066514586678e-09,4.188812338590119e-09,0.7573473,0.0005284056,4.1644080583818595e-09,4.174988235208598e-09,4.197899651298653e-09,0.5820808685206789,0.32949775240640655,0.21747201618869874
1565,4.157066525214851e-09,4.188812355600811e-09,0.7573471,0.0005288117,4.164407697540796e-09,4.174987619351416e-09,4.197890873543504e-09,0.5820894829665092,0.3295124549136292,0.2172624627205144
1566,4.1570665357399176e-09,4.188812373179068e-09,0.7573468,0.0005292314,4.164407331949198e-09,4.174986995642288e-09,4.197879255577898e-09,0.58209821082302,0.32952734487224966,0.21698510422229403
1567,4.157066546084882e-09,4.188812391272383e-09,0.7573466,0.0005296633,4.164406961848763e-09,4.17498636449273e-09,4.197864797073444e-09,0.5821070463200564,0.3295424124580337,0.21663993285424768
1568,4.157066556168484e-09,4.188812409822709e-09,0.7573463,0.0005301062,4.164406587499291e-09,4.174985726334452e-09,4.1978474986660984e-09,0.5821159832554079,0.32955764736471077,0.21622696379875336
1569,4.157066565905118e-09,4.1888124287665194e-09,0.7573461,0.0005305584,4.1644062091770905e-09,4.174985081620164e-09,4.1978273619582475e-09,0.5821250150326452,0.32957303878458266,0.2157462353099429
1570,4.157066575204546e-09,4.188812448034883e-09,0.7573459,0.0005310184,4.1644054418061675e-09,4.174983774433881e-09,4.197778584891126e-09,0.5821433346639817,0.32960424555834367,0.21458176860866124
1571,4.157066583971691e-09,4.188812467553533e-09,0.7573457,0.0005314844,4.1644054418061675e-09,4.174983774433881e-09,4.197778584891126e-09,0.5821433346639817,0.32960424555834367,0.21458176860866124
1572,4.1570665921063884e-09,4.188812487242966e-09,0.7573455,0.0005319545,4.1644050533942465e-09,4.1749831129656365e-09,4.197749952581107e-09,0.5821526073155602,0.3296200369494725,0.21389822255791527
1573,4.157066599503205e-09,4.18881250701854e-09,0.7573453,0.0005324266,4.164404662282317e-09,4.17498244694825e-09,4.197718498071196e-09,0.582161944425094,0.3296359369433624,0.21314730144767965
1574,4.157066606051202e-09,4.1888125267905934e-09,0.7573451,0.0005328986,4.164404268828926e-09,4.174981776929784e-09,4.197684227814612e-09,0.5821713374328981,0.3296519324559832,0.21232915933722826
1575,4.157066611633901e-09,4.18881254646456e-09,0.757345,0.0005333683,4.164403873406796e-09,4.174981103476087e-09,4.197647149237001e-09,0.5821807774408956,0.32966800997871387,0.2114439735007778
1576,4.1570666161292e-09,4.188812565941113e-09,0.7573449,0.0005338332,4.164403476404431e-09,4.174980427168692e-09,4.197607270736839e-09,0.5821902551742071,0.32968415562844244,0.21049194443720365
1577,4.157066619409446e-09,4.188812585116303e-09,0.7573448,0.000534291,4.1644030782237445e-09,4.1749797486057245e-09,4.1975646016854855e-09,0.5821997610378864,0.32970035512602097,0.20947329587120517
1578,4.157066621341607e-09,4.188812603881717e-09,0.7573448,0.000534739,4.164402679281139e-09,4.174979068400023e-09,4.197519152427067e-09,0.5822092850910311,0.32971659384097407,0.20838827475063953
1579,4.157066621787492e-09,4.188812622124645e-09,0.7573448,0.0005351745,4.164402280006755e-09,4.174978387180475e-09,4.1974709342780145e-09,0.582218817064812,0.3297328567597451,0.20723715123536443
1580,4.157066620604107e-09,4.1888126397282525e-09,0.7573448,0.0005355948,4.164401482246012e-09,4.174977024270698e-09,4.197366241432734e-09,0.5822378621996583,0.3297653938339405,0.2047377936604429
1581,4.15706661764411e-09,4.18881265657177e-09,0.7573449,0.0005359969,4.164401482246012e-09,4.174977024270698e-09,4.197366241432734e-09,0.5822378621996583,0.3297653938339405,0.2047377936604429
1582,4.157066612756206e-09,4.188812672530683e-09,0.757345,0.0005363779,4.164401084682365e-09,4.174976343898603e-09,4.197309794225763e-09,0.5822473533326044,0.32978163652123793,0.20339021585847536
1583,4.157066605785767e-09,4.1888126874769415e-09,0.7573451,0.0005367347,4.164400688631501e-09,4.174975665145994e-09,4.197250633104484e-09,0.582256808350525,0.32979784054618355,0.20197784812492411
1584,4.1570665965752805e-09,4.188812701279169e-09,0.7573454,0.0005370642,4.164400294582871e-09,4.1749749886959454e-09,4.197188774235353e-09,0.5822662155685979,0.3298139896015234,0.2005010764054758
1585,4.157066584964969e-09,4.188812713802885e-09,0.7573456,0.0005373632,4.164399903036206e-09,4.174974315242782e-09,4.197124234750882e-09,0.5822755630566777,0.329830067111517,0.19896030970874373
1586,4.157066570793254e-09,4.188812724910733e-09,0.757346,0.0005376284,4.164399514500488e-09,4.1749736454852706e-09,4.19705703274777e-09,0.5822848386637041,0.3298460563943007,0.19735598006159938
1587,4.157066553897249e-09,4.188812734462721e-09,0.7573464,0.0005378564,4.164399129493155e-09,4.17497298012886e-09,4.1969871872849e-09,0.5822940300367181,0.32986194060855,0.19568854246136352
1588,4.157066534113247e-09,4.188812742316461e-09,0.7573469,0.0005380439,4.164398748539336e-09,4.1749723198820996e-09,4.196914718381013e-09,0.5823031246392282,0.32987770283888745,0.19395847482025666
1589,4.157066511277095e-09,4.188812748327424e-09,0.7573474,0.0005381874,4.164398372170386e-09,4.174971665457667e-09,4.196839647011994e-09,0.5823121097860637,0.32989332607139543,0.192166277900647
1590,4.157066485224557e-09,4.1888127523491915e-09,0.757348,0.0005382834,4.164397635338967e-09,4.17497037692567e-09,4.196681785549894e-09,0.5823297003404451,0.3299240875068823,0.18839761309810385
1591,4.1570664557915846e-09,4.188812754233722e-09,0.7573487,0.0005383284,4.164397635338967e-09,4.17497037692567e-09,4.196681785549894e-09,0.5823297003404451,0.3299240875068823,0.18839761309810385
1592,4.1570664228146075e-09,4.188812753831616e-09,0.7573495,0.0005383188,4.164397275961003e-09,4.174969744239874e-09,4.196599042166352e-09,0.5823382798573429,0.329939191767671,0.1864222603232791
1593,4.157066386130717e-09,4.188812750992386e-09,0.7573504,0.000538251,4.1643969233350414e-09,4.1749691202151024e-09,4.19651378972914e-09,0.5823466981820776,0.3299540892617136,0.18438700830433422
1594,4.157066345577825e-09,4.18881274556473e-09,0.7573514,0.0005381214,4.164396578005515e-09,4.1749685055508485e-09,4.1964260539488115e-09,0.582354942317251,0.32996876328986746,0.1822924708355416
1595,4.157066300994832e-09,4.188812737396808e-09,0.7573524,0.0005379264,4.164396240515954e-09,4.174967900935183e-09,4.196335861470072e-09,0.5823629992870295,0.32998319742564336,0.18013928401238072
1596,4.157066252221681e-09,4.188812726336523e-09,0.7573536,0.0005376624,4.164395911406213e-09,4.174967307048001e-09,4.196243239866222e-09,0.582370856203337,0.32999737543773644,0.1779281060988945
1597,4.1570661990995e-09,4.188812712231791e-09,0.7573548,0.0005373257,4.1643955912104546e-09,4.174966724554917e-09,4.196148217633349e-09,0.5823785003139996,0.33001128143578184,0.17565961738910135
1598,4.157066141470675e-09,4.188812694930829e-09,0.7573562,0.0005369126,4.164395280455912e-09,4.174966154106456e-09,4.196050824183825e-09,0.5823859190322288,0.3300248998896288,0.173334520051622
1599,4.157066079178882e-09,4.188812674282424e-09,0.7573577,0.0005364197,4.1643949796606555e-09,4.174965596335515e-09,4.195951089839339e-09,0.5823930999900184,0.3300382156899846,0.1709535379634649
1600,4.157066012069347e-09,4.188812650136211e-09,0.7573593,0.0005358433,4.1643944099624e-09,4.174964521252132e-09,4.195744724250908e-09,0.5824067005340441,0.3300638814151817,0.1660269224410397
1601,4.157065939988886e-09,4.1888126223429475e-09,0.757361,0.0005351797,4.1643944099624e-09,4.174964521252132e-09,4.195744724250908e-09,0.5824067005340441,0.3300638814151817,0.1660269224410397
1602,4.157065862786093e-09,4.188812590754773e-09,0.7573629,0.0005344256,4.1643941420316864e-09,4.1749640050965404e-09,4.195638158123861e-09,0.5824130969086547,0.3300762037222603,0.16348284355819528
1603,4.157065780311698e-09,4.188812555225478e-09,0.7573648,0.0005335774,4.164393886000613e-09,4.174963503923937e-09,4.195529381316095e-09,0.5824192092002872,0.3300881683368297,0.1608859885607295
1604,4.1570656924186935e-09,4.188812515610758e-09,0.7573669,0.0005326317,4.164393642310965e-09,4.174963018243494e-09,4.195418428565865e-09,0.5824250268621072,0.3300997631033271,0.1582371867634237
1605,4.157065598962838e-09,4.188812471768463e-09,0.7573692,0.000531585,4.164393411383213e-09,4.1749625485331124e-09,4.195305335463039e-09,0.5824305398560942,0.33011097661268396,0.15553728781176374
1606,4.157065499802871e-09,4.1888124235588385e-09,0.7573715,0.0005304341,4.164393193614535e-09,4.174962095236403e-09,4.195190138437287e-09,0.5824357387003167,0.3301217982744834,0.15278716140008444
1607,4.157065394801038e-09,4.1888123708447555e-09,0.757374,0.0005291757,4.164392989377104e-09,4.174961658761507e-09,4.195072874744355e-09,0.5824406145098294,0.33013221834506085,0.14998769694378092
1608,4.157065283823476e-09,4.188812313491936e-09,0.7573767,0.0005278065,4.164392799015582e-09,4.174961239479451e-09,4.194953582451898e-09,0.5824451590564095,0.3301422279668409,0.14713980324119225
1609,4.157065166740576e-09,4.188812251369168e-09,0.7573795,0.0005263234,4.16439262284608e-09,4.174960837721868e-09,4.194832300424381e-09,0.5824493647934575,0.3301518192226236,0.14424440811305195
1610,4.15706504342742e-09,4.188812184348496e-09,0.7573824,0.0005247234,4.164392314195279e-09,4.174960087905748e-09,4.194583926506001e-09,0.5824567332885662,0.33016971976390125,0.13831491758626863
1611,4.1570649137641626e-09,4.188812112305422e-09,0.7573855,0.0005230035,4.164392314195279e-09,4.174960087905748e-09,4.194583926506001e-09,0.5824567332885662,0.33016971976390125,0.13831491758626863
1612,4.157064777636406e-09,4.188812035119073e-09,0.7573888,0.0005211608,4.164392182188942e-09,4.174959740304531e-09,4.194456916175367e-09,0.582459884707721,0.3301780181316846,0.13528276929463293
1613,4.157064634935366e-09,4.188811952672369e-09,0.7573922,0.0005191925,4.164392065322413e-09,4.174959411140975e-09,4.1943280791921655e-09,0.5824626746905996,0.33018587633274354,0.13220701288520884
1614,4.157064485558264e-09,4.1888118648521726e-09,0.7573958,0.000517096,4.164391963747827e-09,4.174959100534668e-09,4.194197458138708e-09,0.5824650996052053,0.33019329151210547,0.12908866493576476
1615,4.1570643294084465e-09,4.188811771549422e-09,0.7573995,0.0005148685,4.164391877580861e-09,4.174958808562588e-09,4.194065096280209e-09,0.5824671566899909,0.3302002618320894,0.12592875832721534
1616,4.157064166395531e-09,4.1888116726592545e-09,0.7574034,0.0005125077,4.164391806901461e-09,4.174958535255715e-09,4.193931037542253e-09,0.5824688440363821,0.33020678655305336,0.12272834170566078
1617,4.157063996435511e-09,4.188811568081118e-09,0.7574074,0.0005100111,4.164391751752802e-09,4.174958280602934e-09,4.193795326486742e-09,0.5824701606136193,0.33021286594038385,0.11948847890814959
1618,4.15706381945078e-09,4.18881145771886e-09,0.7574117,0.0005073764,4.164391712141343e-09,4.174958044548771e-09,4.193658008287143e-09,0.5824711062675539,0.33021850131842595,0.11621024837175499
1619,4.1570636353701065e-09,4.188811341480804e-09,0.7574161,0.0005046014,4.164391688037248e-09,4.174957826996739e-09,4.193519128702367e-09,0.582471681710438,0.33022369499060517,0.11289474251000875
1620,4.157063444128547e-09,4.1888112192798245e-09,0.7574206,0.0005016841,4.164391686051913e-09,4.174957446806996e-09,4.193236871177624e-09,0.5824717291068249,0.33023277135214846,0.10615634046683574
1621,4.157063245667381e-09,4.1888110910333924e-09,0.7574254,0.0004986224,4.164391686051913e-09,4.174957446806996e-09,4.193236871177624e-09,0.5824717291068249,0.33023277135214846,0.10615634046683574
1622,4.157063039933925e-09,4.1888109566636144e-09,0.7574303,0.0004954146,4.164391707933624e-09,4.174957283776591e-09,4.193093587434649e-09,0.5824712067194429,0.3302366634163732,0.1027356930729687
1623,4.1570628268813414e-09,4.188810816097255e-09,0.7574354,0.0004920588,4.164391744850577e-09,4.174957138466982e-09,4.192948930641517e-09,0.5824703253921228,0.33024013242775274,0.09928226652115033
1624,4.15706260646856e-09,4.18881066926576e-09,0.7574406,0.0004885535,4.164391796601856e-09,4.174957010594186e-09,4.192802949059193e-09,0.5824690899213311,0.330243185165894,0.0957972129570579
1625,4.157062378659977e-09,4.1888105161052465e-09,0.7574461,0.000484897,4.1643918629560515e-09,4.17495689984271e-09,4.192655691357213e-09,0.5824675058316032,0.33024582916262507,0.09228169428028221
1626,4.1570621434254316e-09,4.1888103565565e-09,0.7574517,0.0004810881,4.1643919436529134e-09,4.174956805870267e-09,4.192507206581287e-09,0.582465579335932,0.3302480725894344,0.08873688137091743
1627,4.1570619007400035e-09,4.188810190564957e-09,0.7574575,0.0004771253,4.1643920384063095e-09,4.174956728308655e-09,4.192357544119825e-09,0.5824633172652283,0.3302499242365387,0.08516395329036072
1628,4.157061650584002e-09,4.188810018080672e-09,0.7574634,0.0004730076,4.16439214690493e-09,4.174956666768097e-09,4.192206753669931e-09,0.5824607270514569,0.3302513934091294,0.08156409646961181
1629,4.157061392942889e-09,4.188809839058285e-09,0.7574696,0.0004687337,4.16439226881643e-09,4.174956620840088e-09,4.192054885203202e-09,0.5824578166287813,0.3302524898595797,0.07793850389265516
1630,4.157061127807252e-09,4.188809653456978e-09,0.7574759,0.0004643028,4.164392551451562e-09,4.174956574115477e-09,4.191748115264143e-09,0.5824510692120408,0.3302536053275073,0.07061491106366989
1631,4.157060855172914e-09,4.188809461240425e-09,0.7574824,0.000459714,4.164392551451562e-09,4.174956574115477e-09,4.191748115264143e-09,0.5824510692120408,0.3302536053275073,0.07061491106366989
1632,4.1570605750408514e-09,4.188809262376741e-09,0.7574891,0.0004549665,4.164392711423367e-09,4.174956572440062e-09,4.191593314787855e-09,0.5824472501665023,0.3302536453250852,0.06691932191454171
1633,4.157060287417384e-09,4.1888090568384194e-09,0.757496,0.0004500596,4.16439288330944e-09,4.174956584626697e-09,4.191437638214234e-09,0.5824431466887711,0.33025335439059944,0.06320281748222438
1634,4.1570599923141055e-09,4.1888088446022815e-09,0.757503,0.0004449928,4.164393066707984e-09,4.174956610226387e-09,4.191281136352042e-09,0.5824387683710485,0.3302527432430229,0.05946661073659628
1635,4.157059689748034e-09,4.1888086256494056e-09,0.7575102,0.0004397657,4.16439326121144e-09,4.1749566487928966e-09,4.191123860068965e-09,0.582434124943077,0.33025182253543134,0.055711916054168704
1636,4.157059379741519e-09,4.188808399965073e-09,0.7575176,0.0004343779,4.16439346641092e-09,4.174956699886057e-09,4.190965860255423e-09,0.5824292261663535,0.33025060277607227,0.05193994835425201
1637,4.157059062322431e-09,4.188808167538707e-09,0.7575252,0.0004288291,4.164393681897964e-09,4.17495676307505e-09,4.190807187788352e-09,0.5824240817921253,0.33024909424998755,0.048151922234213315
1638,4.157058737523975e-09,4.188807928363813e-09,0.757533,0.0004231192,4.16439390726829e-09,4.174956837942818e-09,4.190647893495554e-09,0.5824187014718959,0.3302473069136801,0.044349051118439065
1639,4.157058405384728e-09,4.188807682437932e-09,0.7575409,0.0004172482,4.164394142124646e-09,4.174956924086704e-09,4.190488028119933e-09,0.5824130946894129,0.3302452503798888,0.04053254640453281
1640,4.157058065948638e-09,4.188807429762576e-09,0.757549,0.000411216,4.1643946387576495e-09,4.174957128693226e-09,4.190166786458692e-09,0.5824012384497976,0.3302403657589901,0.032863466657502
1641,4.157057719264849e-09,4.1888071703432e-09,0.7575573,0.0004050228,4.1643946387576495e-09,4.174957128693226e-09,4.190166786458692e-09,0.5824012384497976,0.3302403657589901,0.032863466657502
1642,4.1570573653876725e-09,4.188806904189157e-09,0.7575657,0.0003986689,4.164394899799684e-09,4.174957246456444e-09,4.190005510922976e-09,0.5823950065302661,0.33023755436924807,0.02901329685115777
1643,4.157057004376455e-09,4.1888066313136615e-09,0.7575744,0.0003921545,4.164395168863213e-09,4.174957374102345e-09,4.189843865737561e-09,0.5823885831116756,0.33023450704784124,0.025154302308279145
1644,4.15705663629554e-09,4.188806351733775e-09,0.7575831,0.00038548,4.164395445626089e-09,4.174957511347558e-09,4.189681900709469e-09,0.582381975884703,0.3302312305597239,0.021287672083950764
1645,4.1570562612140985e-09,4.188806065470391e-09,0.7575921,0.0003786459,4.164395729788068e-09,4.174957657937813e-09,4.18951966536165e-09,0.5823751920171707,0.3302277309751735,0.017414588451517585
1646,4.157055879206111e-09,4.188805772548216e-09,0.7576012,0.0003716529,4.164396021072545e-09,4.174957813649574e-09,4.189357208903023e-09,0.5823682381125186,0.33022401363069037,0.013536226187350819
1647,4.1570554903503615e-09,4.18880547299579e-09,0.7576105,0.0003645016,4.164396319228579e-09,4.174957978291484e-09,4.1891945801997375e-09,0.5823611201615205,0.33022008309463746,0.00965375188487962
1648,4.1570550947303506e-09,4.188805166845491e-09,0.7576199,0.0003571928,4.16439662403184e-09,4.1749581517038176e-09,4.189031827747414e-09,0.5823538435196742,0.33021594318011527,0.005768323291747101
1649,4.1570546924344205e-09,4.188804854133555e-09,0.7576295,0.0003497274,4.1643969352856365e-09,4.174958333759466e-09,4.188868999645163e-09,0.5823464128826347,0.33021159692166036,0.001881088689601144
1650,4.157054283555782e-09,4.188804534900111e-09,0.7576393,0.0003421063,4.164397576501234e-09,4.174958723452401e-09,4.188543306757395e-09,0.5823311049878405,0.33020229368812326,0.005894256263109975
1651,4.157053868192648e-09,4.188804209189225e-09,0.7576492,0.0003343305,4.164397576501234e-09,4.174958723452401e-09,4.188543306757395e-09,0.5823311049878405,0.33020229368812326,0.005894256263109975
1652,4.157053446448438e-09,4.188803877048948e-09,0.7576593,0.0003264012,4.164397906213873e-09,4.174958930993791e-09,4.188380535971675e-09,0.5823232336784027,0.3301973390024063,0.009780122533856033
1653,4.15705301843181e-09,4.1888035385313804e-09,0.7576695,0.0003183197,4.1643982418784286e-09,4.174959146985318e-09,4.188217877493558e-09,0.5823152202774159,0.33019218258452426,0.013663307658077568
1654,4.157052584256972e-09,4.188803193692734e-09,0.7576799,0.0003100873,4.164398583442334e-09,4.174959371451616e-09,4.1880553770980236e-09,0.5823070660398326,0.3301868238463973,0.017542718838628266
1655,4.157052144043834e-09,4.18880284259342e-09,0.7576904,0.0003017054,4.164398930880292e-09,4.17495960444419e-09,4.1878930800378735e-09,0.5822987715695703,0.33018126155842853,0.021417275744453845
1656,4.157051697918053e-09,4.188802485298124e-09,0.757701,0.0002931756,4.16439928419419e-09,4.174959846040107e-09,4.187731031028536e-09,0.5822903368215653,0.3301754938807648,0.025285910873333525
1657,4.157051246011371e-09,4.1888021218759015e-09,0.7577118,0.0002844996,4.164399643410665e-09,4.174960096336575e-09,4.187569274234662e-09,0.5822817611599092,0.3301695184927413,0.029147569871887997
1658,4.157050788461563e-09,4.188801752400277e-09,0.7577227,0.000275679,4.164400008580303e-09,4.174960355451834e-09,4.187407853258242e-09,0.5822730433769643,0.33016333257159347,0.03300121181929153
1659,4.157050325412562e-09,4.1888013769493416e-09,0.7577338,0.0002667157,4.1644003797754e-09,4.174960623520125e-09,4.187246811128156e-09,0.5822641817468008,0.3301569329125617,0.03684580947668263
1660,4.157049857014513e-09,4.188800995605864e-09,0.757745,0.0002576118,4.164401140627825e-09,4.1749611871197864e-09,4.186926032609225e-09,0.5822460177331307,0.3301434779617482,0.044503832515509094
1661,4.1570493834238056e-09,4.188800608457395e-09,0.7577563,0.0002483694,4.164401140627825e-09,4.1749611871197864e-09,4.186926032609225e-09,0.5822460177331307,0.3301434779617482,0.044503832515509094
1662,4.157048904802956e-09,4.188800215596381e-09,0.7577677,0.0002389905,4.16440153051918e-09,4.174961482978172e-09,4.18676637934525e-09,0.5822367097626662,0.33013641486307566,0.048315273436863045
1663,4.1570484213206516e-09,4.188799817120271e-09,0.7577793,0.0002294776,4.164401926898941e-09,4.174961788437857e-09,4.1866072711684786e-09,0.5822272468929293,0.3301291225502591,0.05211370135979401
1664,4.157047933151604e-09,4.188799413131633e-09,0.7577909,0.000219833,4.164402329913859e-09,4.174962103673167e-09,4.186448748147514e-09,0.5822176256204795,0.33012159686157594,0.05589815971684223
1665,4.157047440476485e-09,4.1887990037382574e-09,0.7578027,0.0002100595,4.164402739717284e-09,4.17496242885679e-09,4.186290849750569e-09,0.5822078422843509,0.3301138336744232,0.05966770627386317
1666,4.157046943481762e-09,4.188798589053262e-09,0.7578145,0.0002001596,4.164403156466782e-09,4.17496276415888e-09,4.186133614845844e-09,0.5821978931229641,0.3301058289266648,0.06342141312090416
1667,4.157046442359611e-09,4.188798169195197e-09,0.7578265,0.0001901363,4.164403580321246e-09,4.174963109741452e-09,4.185977081703446e-09,0.5821877743429854,0.33009757875047974,0.06715836662644953
1668,4.1570459373078046e-09,4.1887977442881354e-09,0.7578386,0.0001799923,4.164404011437656e-09,4.174963465757276e-09,4.1858212879982234e-09,0.5821774821968366,0.330089079498745,0.07087766736976567
1669,4.157045428529559e-09,4.188797314461765e-09,0.7578507,0.000169731,4.164404449968783e-09,4.174963832347436e-09,4.185666270814055e-09,0.582167013037355,0.3300803278033497,0.07457843003845115
1670,4.157044916233441e-09,4.188796879851469e-09,0.7578629,0.0001593554,4.164405349846941e-09,4.174964597737688e-09,4.1853587114196115e-09,0.5821455300287954,0.33006205545704426,0.0819208697264603
1671,4.157044400633248e-09,4.1887964405983975e-09,0.7578752,0.000148869,4.164405349846941e-09,4.174964597737688e-09,4.1853587114196115e-09,0.5821455300287954,0.33006205545704426,0.0819208697264603
1672,4.157043881947968e-09,4.18879599684953e-09,0.7578876,0.0001382753,4.16440581145333e-09,4.174964996739007e-09,4.185206240471616e-09,0.5821345099880127,0.33005253000220347,0.08556084548417135
1673,4.157043360401592e-09,4.188795548757732e-09,0.7579001,0.0001275779,4.164406280987809e-09,4.174965406712152e-09,4.185054688583285e-09,0.5821233006780173,0.3300427426143259,0.08917888030859573
1674,4.15704283622311e-09,4.188795096481789e-09,0.7579126,0.0001167806,4.164406758542704e-09,4.174965827706507e-09,4.184904089975662e-09,0.5821118998946937,0.33003269211442765,0.0927741572324803
1675,4.1570423096464346e-09,4.18879464018644e-09,0.7579252,0.0001058874,4.164407244191571e-09,4.174966259749045e-09,4.1847544783204145e-09,0.5821003058820368,0.33002237785860244,0.09634587240400061
1676,4.157041780910235e-09,4.188794180042396e-09,0.7579378,9.490225e-05,4.164407737987449e-09,4.1749667028428794e-09,4.184605886749205e-09,0.5820885173737983,0.33001179977250106,0.09989323486296277
1677,4.1570412502579144e-09,4.188793716226333e-09,0.7579505,8.382945e-05,4.164408239961825e-09,4.174967156967484e-09,4.184458347862606e-09,0.58207653361831,0.33000095834615734,0.10341546632804399
1678,4.157040717937452e-09,4.1887932489209e-09,0.7579632,7.267336e-05,4.164408750122768e-09,4.174967622076689e-09,4.184311893739472e-09,0.5820643544229354,0.32998985468179665,0.10691180097299445
1679,4.157040184201323e-09,4.188792778314675e-09,0.7579759,6.143846e-05,4.164409268454377e-09,4.17496809810112e-09,4.184166555946492e-09,0.5820519801672802,0.3299784904356207,0.11038148519861302
1680,4.157039649306337e-09,4.188792304602141e-09,0.7579887,5.012941e-05,4.164410329440403e-09,4.174969082492646e-09,4.1838793531133755e-09,0.5820266509916935,0.3299549898190333,0.117237947782686
1681,4.1570391135135385e-09,4.18879182798363e-09,0.7580015,3.875098e-05,4.164410329440403e-09,4.174969082492646e-09,4.1838793531133755e-09,0.5820266509916935,0.3299549898190333,0.117237947782686
1682,4.157038577087988e-09,4.1887913486652556e-09,0.7580143,2.73081e-05,4.16441087193613e-09,4.174969590598332e-09,4.183737548730007e-09,0.5820136998602176,0.3299428596893003,0.12062327806747096
1683,4.157038040298649e-09,4.188790866858833e-09,0.7580271,1.580582e-05,4.164411422284879e-09,4.1749701090973305e-09,4.1835969820084645e-09,0.5820005612516327,0.3299304814375051,0.1239790613526215
1684,4.157037503418161e-09,4.18879038278179e-09,0.7580399,4.249327e-06,4.164411980342423e-09,4.174970637802205e-09,4.183457682092956e-09,0.5819872386091296,0.32991785953836794,0.12730460187143353
1685,4.157036966722709e-09,4.188789896657052e-09,0.7580527,7.356046e-06,4.164412545939122e-09,4.174971176503176e-09,4.183319677669056e-09,0.5819737359825615,0.3299049990000083,0.13059921480627357
1686,4.157036430491761e-09,4.1887894087129285e-09,0.7580655,1.900485e-05,4.164413118880617e-09,4.1749717249700576e-09,4.183182996971545e-09,0.5819600580119153,0.32989190531771634,0.13386222610139242
1687,4.157035895007943e-09,4.188788919182978e-09,0.7580783,3.069152e-05,4.1644136989473254e-09,4.17497228295332e-09,4.183047667791842e-09,0.5819462099393183,0.3298785844485569,0.13709297228553355
1688,4.157035360556741e-09,4.188788428305857e-09,0.7580911,4.241035e-05,4.16441428589657e-09,4.17497285018396e-09,4.182913717484397e-09,0.5819321975582671,0.3298650428145299,0.1402908003193245
1689,4.157034827426405e-09,4.188787936325174e-09,0.7581038,5.415552e-05,4.1644148794625455e-09,4.174973426376297e-09,4.182781172973202e-09,0.5819180272144178,0.32985128723572454,0.14345506743978526
1690,4.157034295907631e-09,4.188787443489309e-09,0.7581165,6.592111e-05,4.1644160852717535e-09,4.174974604415197e-09,4.182520406916671e-09,0.5818892406400374,0.32982316362862535,0.1496803984729005
1691,4.157033766293439e-09,4.188786950051242e-09,0.7581291,7.770108e-05,4.1644160852717535e-09,4.174974604415197e-09,4.182520406916671e-09,0.5818892406400374,0.32982316362862535,0.1496803984729005
1692,4.157033238878926e-09,4.188786456268359e-09,0.7581417,8.948928e-05,4.164416696877827e-09,4.1749752056078856e-09,4.1823922371147445e-09,0.581874639620558,0.3298088112104004,0.15274022710266041
1693,4.157032713961065e-09,4.188785962402257e-09,0.7581542,0.0001012795,4.164417313827765e-09,4.174975814454437e-09,4.182265576604443e-09,0.581859911025726,0.3297942760696678,0.15576402404901332
1694,4.157032191838529e-09,4.188785468718537e-09,0.7581667,0.0001130653,4.1644179357562106e-09,4.174976430590723e-09,4.182140450230644e-09,0.5818450635777678,0.32977956689932864,0.15875119618419742
1695,4.157031672811468e-09,4.1887849754865816e-09,0.7581791,0.0001248403,4.164418562281384e-09,4.1749770536381135e-09,4.182016882432792e-09,0.5818301063910154,0.32976469273853615,0.161701160059482
1696,4.1570311571813095e-09,4.188784482979339e-09,0.7581914,0.0001365981,4.164419193005594e-09,4.174977683204389e-09,4.181894897247802e-09,0.5818150489596633,0.329749662950816,0.1646133418357551
1697,4.1570306452505865e-09,4.188783991473091e-09,0.7582036,0.0001483319,4.164419827516423e-09,4.174978318882547e-09,4.18177451831133e-09,0.5817999011294314,0.3297344872526602,0.1674871772532899
1698,4.157030137322695e-09,4.188783501247214e-09,0.7582158,0.0001600352,4.1644204653878525e-09,4.174978960251382e-09,4.181655768859477e-09,0.5817846730707664,0.3297191756996053,0.17032211159106514
1699,4.1570296337017435e-09,4.188783012583942e-09,0.7582278,0.0001717012,4.164421106180823e-09,4.17497960687502e-09,4.181538671729485e-09,0.5817693752654547,0.32970373869735026,0.17311759965009807
1700,4.157029134692256e-09,4.188782525768114e-09,0.7582397,0.0001833231,4.164422394714714e-09,4.1749809140669035e-09,4.1813095237939105e-09,0.5817386137847461,0.329672531789879,0.17858810364698782
1701,4.15702864059902e-09,4.188782041086928e-09,0.7582515,0.000194894,4.164422394714714e-09,4.1749809140669035e-09,4.1813095237939105e-09,0.5817386137847461,0.329672531789879,0.17858810364698782
1702,4.157028151726815e-09,4.188781558829678e-09,0.7582632,0.000206407,4.1644230415189405e-09,4.174981573683417e-09,4.1811975166726884e-09,0.5817231724712602,0.329656784605583,0.18126207669758437
1703,4.157027668380169e-09,4.188781079287505e-09,0.7582747,0.0002178552,4.164423689372511e-09,4.174982236650778e-09,4.1810872492419246e-09,0.5817077061065327,0.32964095742569666,0.18389451769780116
1704,4.1570271908630606e-09,4.188780602753124e-09,0.7582861,0.0002292317,4.164424337781275e-09,4.174982902447715e-09,4.180978742347859e-09,0.5816922264875516,0.32962506269464903,0.18648492898031263
1705,4.157026719478746e-09,4.188780129520565e-09,0.7582974,0.0002405293,4.164424986240903e-09,4.1749835705330695e-09,4.180872016437577e-09,0.5816767456542782,0.32960911333165793,0.18903282240692126
1706,4.157026254529381e-09,4.188779659884903e-09,0.7583085,0.000251741,4.1644256342376335e-09,4.174984240345745e-09,4.1807670915580665e-09,0.5816612758718538,0.32959312273191466,0.19153771939103
1707,4.157025796315737e-09,4.1887791941419915e-09,0.7583194,0.0002628598,4.1644262812482336e-09,4.174984911298814e-09,4.1806639873559065e-09,0.5816458296315685,0.32957710490728487,0.1939991509051267
1708,4.157025345137024e-09,4.188778732588184e-09,0.7583302,0.0002738786,4.1644269267397926e-09,4.174985582785113e-09,4.180562723076139e-09,0.5816304196557179,0.3295610743527366,0.19641665750768014
1709,4.157024901290418e-09,4.188778275520068e-09,0.7583408,0.0002847903,4.1644275701700315e-09,4.174986254169889e-09,4.180463317562177e-09,0.5816150588902582,0.32954504622185626,0.19878978934531225
1710,4.1570244650709304e-09,4.188777823234188e-09,0.7583512,0.0002955878,4.164428848629866e-09,4.174987593967176e-09,4.180270156192247e-09,0.5815845379099327,0.3295130609177172,0.2034011773711362
1711,4.157024036771017e-09,4.18877737602677e-09,0.7583614,0.0003062641,4.164428848629866e-09,4.174987593967176e-09,4.180270156192247e-09,0.5815845379099327,0.3295130609177172,0.2034011773711362
1712,4.1570236166803325e-09,4.1887769341934424e-09,0.7583714,0.0003168121,4.164429482526533e-09,4.174988260974536e-09,4.180176436009698e-09,0.5815694047417325,0.3294971372899613,0.20563858191914888
1713,4.1570232050854414e-09,4.188776498028963e-09,0.7583813,0.0003272247,4.1644301120961465e-09,4.1749889250695456e-09,4.18008464593956e-09,0.5815543748743313,0.32948128318943787,0.20782990842752974
1714,4.157022802269584e-09,4.188776067826938e-09,0.7583909,0.000337495,4.164430736746945e-09,4.174989585475e-09,4.1799948028114356e-09,0.5815394624349792,0.32946551717056566,0.20997475511911448
1715,4.1570224085124405e-09,4.188775643879544e-09,0.7584003,0.000347616,4.164431355877116e-09,4.174990241383687e-09,4.179906923053128e-09,0.5815246817909179,0.3294498585041032,0.2120727298089797
1716,4.15702202408977e-09,4.18877522647725e-09,0.7584094,0.0003575808,4.164431968874589e-09,4.1749908919558635e-09,4.179821022691013e-09,0.5815100475542375,0.32943432723743793,0.21412344989557622
1717,4.157021649273363e-09,4.188774815908534e-09,0.7584184,0.0003673824,4.164432575116595e-09,4.174991536320141e-09,4.17973711735132e-09,0.5814955745924425,0.32941894417345663,0.21612654233016007
1718,4.157021284330651e-09,4.188774412459609e-09,0.7584271,0.000377014,4.164433173969516e-09,4.174992173572625e-09,4.179655222261699e-09,0.5814812780320453,0.32940373089102326,0.21808164357937096
1719,4.15702092952459e-09,4.188774016414137e-09,0.7584356,0.0003864689,4.1644337647896116e-09,4.174992802779577e-09,4.179575352252624e-09,0.5814671732412476,0.3293887096815305,0.21998839959174055
1720,4.157020585113394e-09,4.1887736280529554e-09,0.7584438,0.0003957404,4.1644349197032476e-09,4.174994033159054e-09,4.1794217448259135e-09,0.5814396017091452,0.32935933653517746,0.22365550678023313
1721,4.157020251350336e-09,4.188773247653787e-09,0.7584518,0.0004048217,4.1644349197032476e-09,4.174994033159054e-09,4.1794217448259135e-09,0.5814396017091452,0.32935933653517746,0.22365550678023313
1722,4.157019928483478e-09,4.188772875490969e-09,0.7584595,0.0004137065,4.164435482457545e-09,4.174994632308599e-09,4.179348035104287e-09,0.5814261669399232,0.3293450328934318,0.2254151967628532
1723,4.157019616755544e-09,4.1887725118351684e-09,0.7584669,0.0004223881,4.164436034500734e-09,4.174995219366231e-09,4.179276405860668e-09,0.5814129878795683,0.32933101792482844,0.22712521899162846
1724,4.157019316403539e-09,4.188772156953098e-09,0.7584741,0.0004308603,4.1644365751396586e-09,4.174995793251178e-09,4.179206869977128e-09,0.5814000810759773,0.3293173174309146,0.22878526592979181
1725,4.157019027658622e-09,4.1887718111072485e-09,0.758481,0.0004391167,4.164437103672448e-09,4.174996352855933e-09,4.179139439955273e-09,0.581387463285067,0.3293039578514762,0.23039503912343087
1726,4.15701875074574e-09,4.188771474555594e-09,0.7584876,0.0004471513,4.164437619389074e-09,4.174996897049535e-09,4.179074127919928e-09,0.5813751514575429,0.3292909661861993,0.23195424911371026
1727,4.1570184858834644e-09,4.188771147551326e-09,0.7584939,0.000454958,4.1644381215731276e-09,4.1749974246810604e-09,4.179010945623008e-09,0.581363162696364,0.3292783699113954,0.23346261534433482
1728,4.15701823328361e-09,4.18877083034257e-09,0.7584999,0.0004625308,4.164438609501847e-09,4.174997934580493e-09,4.178949904447556e-09,0.5813515142562289,0.3292661969591281,0.23491986606512275
1729,4.1570179931509615e-09,4.188770523172108e-09,0.7585057,0.0004698639,4.164439082448193e-09,4.174998425562317e-09,4.178891015411925e-09,0.5813402234939109,0.32925447563148935,0.2363257382323205
1730,4.1570177656829915e-09,4.188770226277109e-09,0.7585111,0.0004769518,4.164439980466898e-09,4.1749993459719265e-09,4.178779736035984e-09,0.5813187848765269,0.3292325024706272,0.23898233764408583
1731,4.157017551069558e-09,4.188769939888851e-09,0.7585162,0.0004837888,4.164439980466898e-09,4.1749993459719265e-09,4.178779736035984e-09,0.5813187848765269,0.3292325024706272,0.23898233764408583
1732,4.1570173494925935e-09,4.188769664232447e-09,0.758521,0.0004903696,4.164440404072198e-09,4.1749997729789766e-09,4.178727365947974e-09,0.5813086720449245,0.3292223084282139,0.24023258140063253
1733,4.157017161125704e-09,4.1887693995265835e-09,0.7585255,0.000496689,4.1644408097638414e-09,4.17500017623343e-09,4.178677188513273e-09,0.581298986870352,0.3292126814372684,0.24143047941528145
1734,4.157016986133977e-09,4.188769145983251e-09,0.7585297,0.0005027419,4.164441196811266e-09,4.1750005545205416e-09,4.178629212992215e-09,0.5812897467937269,0.32920365049771927,0.2425758106138602
1735,4.157016824673597e-09,4.188768903807478e-09,0.7585336,0.0005085234,4.16444156448842e-09,4.175000906631245e-09,4.178583448306795e-09,0.5812809691482439,0.32919524447386916,0.24366836199939063
1736,4.157016676891534e-09,4.188768673197074e-09,0.7585371,0.0005140288,4.164441912075637e-09,4.175001231364626e-09,4.178539903044879e-09,0.5812726711146866,0.32918749203544884,0.24470792855173212
1737,4.1570165429252945e-09,4.188768454342375e-09,0.7585403,0.0005192536,4.164442238861169e-09,4.175001527534194e-09,4.178498585464138e-09,0.5812648696847765,0.32918042150785237,0.24569431313344547
1738,4.157016422902641e-09,4.188768247425986e-09,0.7585432,0.0005241934,4.164442544143809e-09,4.175001793968942e-09,4.17845950349633e-09,0.5812575815985926,0.329174060846781,0.2466273263878168
1739,4.157016316941228e-09,4.188768052622546e-09,0.7585457,0.000528844,4.164442827234884e-09,4.175002029521612e-09,4.178422664750746e-09,0.5812508232970004,0.3291684374410056,0.24750678665635245
1740,4.157016225148509e-09,4.188767870098476e-09,0.7585479,0.0005332014,4.164443324163419e-09,4.1750024035185104e-09,4.178355745772698e-09,0.5812389600021032,0.32915950892274204,0.24910435957781288
1741,4.157016147621352e-09,4.188767700011753e-09,0.7585497,0.0005372619,4.164443324163419e-09,4.1750024035185104e-09,4.178355745772698e-09,0.5812389600021032,0.32915950892274204,0.24910435957781288
1742,4.1570160844459205e-09,4.188767542511674e-09,0.7585512,0.000541022,4.164443536705356e-09,4.175002539811196e-09,4.178325679177755e-09,0.581233885937108,0.329156255174542,0.2498221466588713
1743,4.157016035697444e-09,4.188767397738647e-09,0.7585524,0.0005444782,4.164443724469526e-09,4.175002640926947e-09,4.178297883085601e-09,0.5812294033977415,0.3291538412138056,0.250485729478626
1744,4.157016001440086e-09,4.188767265823963e-09,0.7585532,0.0005476274,4.164443886862545e-09,4.175002705887185e-09,4.178272363541372e-09,0.5812255265499987,0.3291522904023576,0.251094963720046
1745,4.157015981726768e-09,4.188767146889606e-09,0.7585537,0.0005504667,4.164444023317202e-09,4.175002733759759e-09,4.178249126284649e-09,0.5812222689350244,0.3291516249936755,0.2516497123607413
1746,4.157015976599071e-09,4.188767041048051e-09,0.7585538,0.0005529935,4.164444133293914e-09,4.175002723662195e-09,4.1782281767511205e-09,0.5812196434344173,0.32915186605526237,0.25214984563323095
1747,4.1570159860871345e-09,4.188766948402077e-09,0.7585536,0.0005552053,4.164444216283729e-09,4.175002674766275e-09,4.178209520073778e-09,0.5812176621985271,0.3291530333593639,0.2525952409963489
1748,4.157016010209593e-09,4.188766869044598e-09,0.758553,0.0005570998,4.1644442718093144e-09,4.1750025863005955e-09,4.178193161083745e-09,0.5812163366228162,0.32915514532188994,0.2529857831154963
1749,4.1570160489735265e-09,4.1887668030584925e-09,0.7585521,0.0005586751,4.164444299428184e-09,4.175002457552943e-09,4.178179104310431e-09,0.5812156772708649,0.32915821894567965,0.2533213638590277
1750,4.157016102374393e-09,4.1887667505164564e-09,0.7585508,0.0005599294,4.164444269358147e-09,4.1750020766892505e-09,4.1781579140238085e-09,0.5812163951401361,0.32916731139658306,0.253827244688254
1751,4.157016170396132e-09,4.188766711480859e-09,0.7585492,0.0005608614,4.164444269358147e-09,4.1750020766892505e-09,4.1781579140238085e-09,0.5812163951401361,0.32916731139658306,0.253827244688254
1752,4.157016253011071e-09,4.188766686003614e-09,0.7585472,0.0005614696,4.164444210972315e-09,4.175001823479092e-09,4.178150788059006e-09,0.5812177889991857,0.3291733563438301,0.25399736456663846
1753,4.157016350180024e-09,4.188766674126073e-09,0.7585449,0.0005617531,4.164444123289696e-09,4.175001527805724e-09,4.178145979405522e-09,0.5812198822675205,0.32918041502554374,0.25411216271238973
1754,4.157016461852319e-09,4.188766675878918e-09,0.7585422,0.0005617113,4.1644440060661424e-09,4.175001189300572e-09,4.178143491075123e-09,0.5812226807737284,0.32918849624076774,0.25417156722484513
1755,4.157016587965918e-09,4.188766691282076e-09,0.7585392,0.0005613436,4.164443859102199e-09,4.175000807672469e-09,4.178143325770581e-09,0.581226189279441,0.3291976069406357,0.2541755135800928
1756,4.157016728447419e-09,4.1887667203446515e-09,0.7585359,0.0005606497,4.164443682243657e-09,4.175000382705561e-09,4.178145485883078e-09,0.5812304114661222,0.3292077522782334,0.254123944692861
1757,4.157016883212278e-09,4.18876676306487e-09,0.7585322,0.0005596299,4.164443475383612e-09,4.17499991426384e-09,4.178149973488792e-09,0.581235349885917,0.3292189355005604,0.2540168109980545
1758,4.157017052164781e-09,4.1887668194300354e-09,0.7585281,0.0005582843,4.164443238462075e-09,4.174999402288353e-09,4.178156790345196e-09,0.5812410059709717,0.32923115801498026,0.2538540705391058
1759,4.157017235198301e-09,4.188766889416509e-09,0.7585238,0.0005566135,4.164442971467876e-09,4.174998846802542e-09,4.17816593788669e-09,0.5812473799879566,0.32924441926186915,0.25363568907220163
1760,4.157017432195367e-09,4.188766972989703e-09,0.7585191,0.0005546183,4.164442347461471e-09,4.174997605788573e-09,4.178191229119779e-09,0.5812622770435459,0.3292740462880184,0.2530319053577547
1761,4.15701764302784e-09,4.188767070104089e-09,0.758514,0.0005522999,4.164442347461471e-09,4.174997605788573e-09,4.178191229119779e-09,0.5812622770435459,0.3292740462880184,0.2530319053577547
1762,4.157017867557079e-09,4.1887671807032235e-09,0.7585087,0.0005496595,4.164441990673168e-09,4.174996920706303e-09,4.178207374021426e-09,0.5812707947368424,0.3292904014224773,0.2526464742223307
1763,4.157018105634026e-09,4.1887673047197956e-09,0.758503,0.0005466988,4.164441604260004e-09,4.174996193003654e-09,4.178225852016744e-09,0.5812800196716114,0.32930777404352324,0.2522053445783305
1764,4.157018357099518e-09,4.188767442075686e-09,0.758497,0.0005434197,4.1644411884582986e-09,4.174995423102122e-09,4.1782466628471186e-09,0.5812899462061354,0.32932615408870797,0.2517085225997452
1765,4.157018621784344e-09,4.188767592682049e-09,0.7584907,0.0005398242,4.164440743553456e-09,4.174994611500654e-09,4.178269805896641e-09,0.5813005675268614,0.32934552964652786,0.2511560229902935
1766,4.157018899509555e-09,4.1887677564394066e-09,0.758484,0.0005359148,4.16444026988016e-09,4.17499375877431e-09,4.178295280185217e-09,0.5813118756438398,0.3293658869884342,0.2505478691479974
1767,4.157019190086522e-09,4.188767933237765e-09,0.7584771,0.0005316941,4.164439767821324e-09,4.174992865573154e-09,4.178323084361154e-09,0.5813238614156645,0.3293872105952953,0.2498840933421587
1768,4.1570194933173146e-09,4.188768122956745e-09,0.7584699,0.0005271649,4.164439237807298e-09,4.174991932619136e-09,4.1783532166934655e-09,0.5813365145684906,0.32940948323184416,0.24916473689701102
1769,4.1570198089947795e-09,4.188768325465739e-09,0.7584623,0.0005223303,4.1644386803156245e-09,4.174990960705386e-09,4.1783856750638695e-09,0.5813498237018198,0.3294326859634836,0.24838985038283556
1770,4.157020136902899e-09,4.188768540624067e-09,0.7584545,0.0005171938,4.1644374850347325e-09,4.17498890350697e-09,4.178457559459466e-09,0.581378358931171,0.32948179795800425,0.24667373684928215
1771,4.157020476816961e-09,4.188768768281168e-09,0.7584464,0.0005117589,4.1644374850347325e-09,4.17498890350697e-09,4.178457559459466e-09,0.581378358931171,0.32948179795800425,0.24667373684928215
1772,4.157020828503863e-09,4.188769008276807e-09,0.758438,0.0005060294,4.164436848423371e-09,4.174987820137934e-09,4.178496979236079e-09,0.581393556907923,0.32950766148859917,0.24573265900374952
1773,4.157021191722388e-09,4.188769260441276e-09,0.7584293,0.0005000094,4.164436186686536e-09,4.1749867016326635e-09,4.178538712535825e-09,0.5814093547111779,0.3295343638350027,0.24473634986182596
1774,4.157021566223513e-09,4.18876952459565e-09,0.7584204,0.0004937032,4.164435500516297e-09,4.174985549096553e-09,4.178582755175493e-09,0.5814257358189675,0.32956187860786396,0.2436849092903418
1775,4.157021951750736e-09,4.188769800552017e-09,0.7584112,0.0004871152,4.164434790642284e-09,4.174984363685765e-09,4.1786291025316224e-09,0.581442682812689,0.3295901782058305,0.24257844766625083
1776,4.157022348040361e-09,4.188770088113758e-09,0.7584017,0.0004802502,4.164434057830548e-09,4.1749831466056434e-09,4.178677749531751e-09,0.5814601774042185,0.32961923385346326,0.24141708608569715
1777,4.157022754821902e-09,4.188770387075817e-09,0.758392,0.000473113,4.164433302881282e-09,4.174981899108512e-09,4.178728690644221e-09,0.5814782004903353,0.3296490156537057,0.2402009566072646
1778,4.157023171818402e-09,4.188770697225004e-09,0.758382,0.0004657087,4.164432526626146e-09,4.174980622486044e-09,4.178781919869312e-09,0.5814967322166243,0.3296794927701529,0.2389302024637289
1779,4.157023598746843e-09,4.188771018340296e-09,0.7583719,0.0004580427,4.164431729927037e-09,4.174979318067515e-09,4.178837430729626e-09,0.5815157520068406,0.32971063346865975,0.23760497829160254
1780,4.1570240353184936e-09,4.188771350193158e-09,0.7583614,0.0004501203,4.1644300787779285e-09,4.174976631323308e-09,4.1789552690006906e-09,0.5815551702881947,0.3297747747618542,0.2347917967927974
1781,4.157024481239334e-09,4.1887716925478806e-09,0.7583508,0.0004419471,4.1644300787779285e-09,4.174976631323308e-09,4.1789552690006906e-09,0.5815551702881947,0.3297747747618542,0.2347917967927974
1782,4.157024936210451e-09,4.188772045161918e-09,0.7583399,0.0004335291,4.164429226177169e-09,4.174975251804135e-09,4.179017580983134e-09,0.5815755246319988,0.32980770835617723,0.23330420778984295
1783,4.157025399928432e-09,4.188772407786243e-09,0.7583289,0.0004248721,4.164428356826591e-09,4.174973850094207e-09,4.179082143725586e-09,0.5815962788482631,0.3298411717157591,0.23176288584970944
1784,4.157025872085819e-09,4.188772780165713e-09,0.7583176,0.0004159822,4.164427471698187e-09,4.174972427644454e-09,4.17914894822149e-09,0.581617409732373,0.3298751302021726,0.23016804598814042
1785,4.15702635237148e-09,4.18877316203944e-09,0.7583061,0.0004068656,4.1644265717780786e-09,4.174970985916533e-09,4.179217984931363e-09,0.5816388937424262,0.3299095489209644,0.2285199159434714
1786,4.157026840471052e-09,4.188773553141169e-09,0.7582945,0.0003975287,4.1644256580632045e-09,4.1749695263791516e-09,4.1792892437737546e-09,0.5816607070782434,0.32994439280929466,0.22681873639262806
1787,4.1570273360673685e-09,4.188773953199659e-09,0.7582826,0.0003879781,4.1644247315583555e-09,4.1749680505001456e-09,4.179362714117024e-09,0.5816828257522217,0.3299796268251767,0.22506476114733703
1788,4.157027838840792e-09,4.1887743619390844e-09,0.7582706,0.0003782201,4.164423793273758e-09,4.174966559746399e-09,4.179438384770918e-09,0.5817052256469784,0.3300152159493332,0.2232582573551948
1789,4.157028348469795e-09,4.1887747790794175e-09,0.7582585,0.0003682616,4.1644228442206595e-09,4.174965055576865e-09,4.179516243978816e-09,0.5817278826207616,0.3300511253518262,0.22139950568485964
1790,4.157028864631169e-09,4.188775204336833e-09,0.7582461,0.0003581094,4.1644209178458645e-09,4.174962012755447e-09,4.179678478152751e-09,0.5817738714313937,0.3301237673622555,0.21752645007684906
1791,4.157029387000551e-09,4.188775637424106e-09,0.7582337,0.0003477702,4.1644209178458645e-09,4.174962012755447e-09,4.179678478152751e-09,0.5817738714313937,0.3301237673622555,0.21752645007684906
1792,4.1570299152527994e-09,4.188776078051007e-09,0.7582211,0.000337251,4.164419942528146e-09,4.174960476940582e-09,4.179762826706629e-09,0.5817971554267869,0.33016043224138225,0.2155127766829841
1793,4.157030449062318e-09,4.188776525924704e-09,0.7582083,0.0003265588,4.164418960443309e-09,4.174958933373024e-09,4.179849310976871e-09,0.5818206009752485,0.3301972822024064,0.2134481168166793
1794,4.157030988103531e-09,4.188776980750159e-09,0.7581954,0.0003157006,4.164417972564701e-09,4.174957383404682e-09,4.179937916267685e-09,0.5818441848397969,0.3302342849708917,0.21133282131411785
1795,4.1570315320511664e-09,4.188777442230516e-09,0.7581825,0.0003046836,4.164416979848074e-09,4.174955828351923e-09,4.180028627276867e-09,0.5818678842035199,0.33027140912089187,0.20916725548848097
1796,4.157032080580721e-09,4.188777910067497e-09,0.7581694,0.0002935148,4.164415983229462e-09,4.174954269492431e-09,4.180121428090544e-09,0.5818916767203042,0.3303086241499519,0.20695179925554164
1797,4.157032633368702e-09,4.188778383961776e-09,0.7581562,0.0002822014,4.164414983620762e-09,4.174952708061225e-09,4.180216302178293e-09,0.5819155406201698,0.330345900574172,0.20468684725005645
1798,4.15703319009311e-09,4.188778863613358e-09,0.7581429,0.0002707506,4.164413981908401e-09,4.174951145247229e-09,4.180313232389011e-09,0.5819394547412404,0.3303832100100611,0.20237280892444376
1799,4.157033750433694e-09,4.188779348721948e-09,0.7581295,0.0002591694,4.16441297894908e-09,4.174949582189543e-09,4.180412200946952e-09,0.5819633986312853,0.3304205252636178,0.2000101086433938
1800,4.15703431407228e-09,4.1887798389873e-09,0.758116,0.0002474652,4.164410972555805e-09,4.174946459626871e-09,4.180616178859788e-09,0.5820112977424019,0.3304950709562812,0.19514049467699196
1801,4.157034880693171e-09,4.18878033410957e-09,0.7581025,0.0002356451,4.164410972555805e-09,4.174946459626871e-09,4.180616178859788e-09,0.5820112977424019,0.3304950709562812,0.19514049467699196
1802,4.157035449983337e-09,4.188780833789652e-09,0.7580889,0.0002237161,4.1644099706665485e-09,4.174944902121309e-09,4.180721149513693e-09,0.5820352160865506,0.33053225366264216,0.19263450490969836
1803,4.157036021632787e-09,4.188781337729491e-09,0.7580753,0.0002116854,4.164408970614758e-09,4.17494334836335e-09,4.180828081108747e-09,0.5820590905644317,0.3305693469015723,0.19008170112087366
1804,4.157036595334798e-09,4.188781845632401e-09,0.7580616,0.0001995601,4.164407973074195e-09,4.174941799198618e-09,4.180936952707658e-09,0.5820829050911478,0.3306063304852796,0.187482583151508
1805,4.157037170786183e-09,4.188782357203348e-09,0.7580478,0.0001873472,4.16440697867575e-09,4.174940255404721e-09,4.1810477427368156e-09,0.5821066446053337,0.3306431858497481,0.1848376660336584
1806,4.157037747687484e-09,4.188782872149236e-09,0.7580341,0.0001750538,4.164405988005795e-09,4.174938717693797e-09,4.181160428985943e-09,0.5821302951083938,0.33067989599395553,0.18214747999858472
1807,4.1570383257431984e-09,4.188783390179168e-09,0.7580203,0.0001626868,4.164405001605269e-09,4.1749371867091986e-09,4.181274988608769e-09,0.5821538436863238,0.3307164455589418,0.17941257046087267
1808,4.157038904661932e-09,4.188783911004687e-09,0.7580065,0.000150253,4.1644040199681605e-09,4.174935663025127e-09,4.18139139812359e-09,0.5821772785460456,0.33075282083669577,0.17663349800486736
1809,4.157039484156541e-09,4.188784434340006e-09,0.7579926,0.0001377593,4.164403043541368e-09,4.174934147147604e-09,4.181509633415022e-09,0.5822005890186265,0.33078900974683334,0.17381083834296646
1810,4.157040063944319e-09,4.1887849599022226e-09,0.7579788,0.0001252124,4.164401107867453e-09,4.174931140491936e-09,4.1817514817097545e-09,0.5822467998294103,0.33086078836359917,0.1680371356052108
1811,4.157040643747017e-09,4.188785487411508e-09,0.7579649,0.000112619,4.164401107867453e-09,4.174931140491936e-09,4.1817514817097545e-09,0.5822467998294103,0.33086078836359917,0.1680371356052108
1812,4.157041223290955e-09,4.188786016591283e-09,0.7579511,9.998579e-05,4.164400149275829e-09,4.174929650384536e-09,4.181875043333383e-09,0.582269684518701,0.3308963620573691,0.16508731912867036
1813,4.1570418023070875e-09,4.188786547168378e-09,0.7579373,8.73192e-05,4.1643991972062975e-09,4.174928169428086e-09,4.182000327980792e-09,0.5822924135045228,0.33093171728829474,0.1620963684893713
1814,4.157042380530987e-09,4.188787078873172e-09,0.7579235,7.462568e-05,4.16439825187029e-09,4.174926697796315e-09,4.1821273084068656e-09,0.5823149817393005,0.330966849908911,0.15906493411654288
1815,4.157042957702954e-09,4.188787611439721e-09,0.7579097,6.191159e-05,4.164397313434852e-09,4.174925235602413e-09,4.182255956751751e-09,0.5823373852351094,0.33100175721699227,0.15599368111517056
1816,4.157043533567925e-09,4.188788144605857e-09,0.7578959,4.918319e-05,4.164396382024265e-09,4.174923782900741e-09,4.182386244545451e-09,0.5823596210249491,0.33103643791479304,0.15288328915639768
1817,4.157044107875503e-09,4.188788678113285e-09,0.7578822,3.644664e-05,4.164395457721648e-09,4.1749223396924215e-09,4.182518142713503e-09,0.5823816871245137,0.3310708919754766,0.14973445234186014
1818,4.157044680379938e-09,4.188789211707658e-09,0.7578686,2.370801e-05,4.164394540572215e-09,4.174920905927388e-09,4.182651621582028e-09,0.5824035824543861,0.33110512059431857,0.14654787908324654
1819,4.157045250840119e-09,4.188789745138635e-09,0.757855,1.097328e-05,4.164393630584925e-09,4.174919481509357e-09,4.182786650884198e-09,0.5824253068006813,0.33113912606992596,0.14332429194785304
1820,4.157045819019506e-09,4.188790278159933e-09,0.7578414,1.751664e-06,4.164391831971051e-09,4.174916660123254e-09,4.1830612367950225e-09,0.5824682455439995,0.33120648170162503,0.13676903619618933
1821,4.157046384686134e-09,4.1887908105293605e-09,0.7578279,1.446105e-05,4.164391831971051e-09,4.174916660123254e-09,4.1830612367950225e-09,0.5824682455439995,0.33120648170162503,0.13676903619618933
1822,4.1570469476125745e-09,4.188791342008837e-09,0.7578144,2.714919e-05,4.1643909432108264e-09,4.174915262773332e-09,4.183200729963465e-09,0.5824894631314455,0.33123984097372744,0.133438882103413
1823,4.157047507575938e-09,4.188791872364413e-09,0.7578011,3.981049e-05,4.1643900613518325e-09,4.1749138740149375e-09,4.1833416466997295e-09,0.5825105159641442,0.33127299513820796,0.1300747428322818
1824,4.157048064357814e-09,4.18879240136627e-09,0.7577878,5.243948e-05,4.164389186272146e-09,4.174912493592948e-09,4.183483953873797e-09,0.5825314069527955,0.33130595028568377,0.12667740930373156
1825,4.157048617744313e-09,4.188792928788717e-09,0.7577746,6.503077e-05,4.1643883178348054e-09,4.1749111212380806e-09,4.183627617805957e-09,0.5825521393671284,0.33133871284480976,0.12324768556165076
1826,4.157049167526023e-09,4.188793454410186e-09,0.7577614,7.757905e-05,4.1643874558911956e-09,4.1749097566694914e-09,4.183772604274882e-09,0.5825727167550544,0.33137128952023126,0.11978638858002646
1827,4.15704971349812e-09,4.188793978013207e-09,0.7577484,9.007915e-05,4.164386600286244e-09,4.174908399603808e-09,4.183918878526005e-09,0.582593142818654,0.33140368707698165,0.1162943480630208
1828,4.157050255460215e-09,4.188794499384402e-09,0.7577355,0.000102526,4.164385750861285e-09,4.174907049758737e-09,4.1840664052804515e-09,0.5826134213458104,0.33143591225428426,0.11277240623175744
1829,4.157050793216542e-09,4.1887950183144516e-09,0.7577226,0.0001149145,4.164384907459286e-09,4.174905706861401e-09,4.184215148743924e-09,0.5826335560853854,0.331467971566656,0.10922141761211512
1830,4.157051326575932e-09,4.188795534598087e-09,0.7577099,0.0001272399,4.164383238123871e-09,4.174903040885277e-09,4.1845161400983655e-09,0.5826734085328359,0.3315316170584053,0.10203577832902384
1831,4.1570518553518e-09,4.188796048034057e-09,0.7576973,0.0001394973,4.164383238123871e-09,4.174903040885277e-09,4.1845161400983655e-09,0.5826734085328359,0.3315316170584053,0.10203577832902384
1832,4.1570523793622835e-09,4.188796558425114e-09,0.7576848,0.000151682,4.1643824119169235e-09,4.17490171734799e-09,4.184668313906805e-09,0.582693132770789,0.3315632141836347,0.09840289625567614
1833,4.157052898430185e-09,4.188797065577999e-09,0.7576724,0.0001637893,4.164381591192438e-09,4.174900399850274e-09,4.1848215562782364e-09,0.5827127261246006,0.3315946671247337,0.0947445041200192
1834,4.157053412383143e-09,4.188797569303422e-09,0.7576601,0.0001758149,4.164380775856081e-09,4.1748990882374175e-09,4.184975828981969e-09,0.5827321908463323,0.33162597957517254,0.09106151461254192
1835,4.157053921053558e-09,4.188798069416063e-09,0.757648,0.0001877542,4.164379965835731e-09,4.174897782392625e-09,4.185131093329481e-09,0.5827515286577281,0.3316571543232169,0.08735485135366855
1836,4.1570544242787e-09,4.188798565734561e-09,0.757636,0.0001996029,4.164379161085009e-09,4.174896482240202e-09,4.185287310184294e-09,0.5827707406660487,0.3316881931759588,0.08362544865801326
1837,4.157054921900756e-09,4.188799058081525e-09,0.7576241,0.0002113569,4.1643783615852385e-09,4.174895187750016e-09,4.185444439972386e-09,0.5827898273171136,0.33171909685273987,0.07987425128573958
1838,4.157055413766847e-09,4.1887995462835405e-09,0.7576123,0.0002230118,4.164377567347712e-09,4.174893898938947e-09,4.185602442692799e-09,0.5828087883413693,0.3317498649505929,0.07610221418937786
1839,4.157055899729141e-09,4.188800030171192e-09,0.7576007,0.0002345638,4.164376778415773e-09,4.1748926158739606e-09,4.185761277927633e-09,0.5828276227040481,0.331780495870821,0.07231030227523631
1840,4.157056379644806e-09,4.188800509579089e-09,0.7575893,0.0002460088,4.164375216806646e-09,4.174890067509474e-09,4.186081282250541e-09,0.5828649033757937,0.33184133359155443,0.06467076180499445
1841,4.157056853376151e-09,4.188800984345904e-09,0.757578,0.000257343,4.164375216806646e-09,4.174890067509474e-09,4.186081282250541e-09,0.5828649033757937,0.33184133359155443,0.06467076180499445
1842,4.157057320790586e-09,4.188801454314409e-09,0.7575668,0.0002685627,4.164374444384169e-09,4.174888802605394e-09,4.186242368516218e-09,0.582883343604117,0.331871530952072,0.0608251104879926
1843,4.157057781760734e-09,4.1888019193315385e-09,0.7575558,0.0002796642,4.164373677776975e-09,4.174887544238938e-09,4.186404121673732e-09,0.5829016450027608,0.3319015722383222,0.056963538301128706
1844,4.157058236164476e-09,4.188802379248439e-09,0.7575449,0.0002906439,4.1643729171982445e-09,4.1748862927402985e-09,4.186566499384164e-09,0.5829198024824431,0.33193144956754433,0.05308705601165213
1845,4.157058683884937e-09,4.188802833920545e-09,0.7575343,0.0003014984,4.164372162894636e-09,4.174885048490079e-09,4.186729458957816e-09,0.582937810154623,0.33196115385346764,0.049196682761008664
1846,4.157059124810636e-09,4.188803283207652e-09,0.7575237,0.0003122243,4.164371415145001e-09,4.174883811919279e-09,4.18689295736548e-09,0.5829556613622068,0.33199067480676503,0.045293445795899535
1847,4.1570595588354035e-09,4.188803726973998e-09,0.7575134,0.0003228184,4.164370674258813e-09,4.1748825835043336e-09,4.187056951250201e-09,0.5829733487170885,0.3320200010533803,0.041378380187373505
1848,4.157059985858558e-09,4.188804165088352e-09,0.7575032,0.0003332777,4.164369940574424e-09,4.174881363767609e-09,4.187221396938566e-09,0.5829908641416591,0.33204912012271903,0.03745252856137243
1849,4.15706040578488e-09,4.1888045974241075e-09,0.7574932,0.0003435989,4.164369214456417e-09,4.174880153270603e-09,4.187386250453292e-09,0.5830081989321765,0.3320780186100518,0.033516940798154884
1850,4.157060818524628e-09,4.188805023859384e-09,0.7574833,0.0003537793,4.164367786495154e-09,4.174877762424275e-09,4.187717003603474e-09,0.583042288996204,0.3321350958617302,0.025620790978950606
1851,4.157061223993694e-09,4.188805444277123e-09,0.7574736,0.000363816,4.164367786495154e-09,4.174877762424275e-09,4.187717003603474e-09,0.583042288996204,0.3321350958617302,0.025620790978950606
1852,4.15706162211355e-09,4.188805858565193e-09,0.7574641,0.0003737064,4.164367085488763e-09,4.174876583366092e-09,4.187882813872632e-09,0.5830590242910481,0.33216324380244744,0.021662362386173663
1853,4.157062012811324e-09,4.188806266616499e-09,0.7574548,0.0003834479,4.164366393716502e-09,4.174875416120578e-09,4.188048853260559e-09,0.5830755391372607,0.3321911097364368,0.017698463985692643
1854,4.157062396019848e-09,4.188806668329081e-09,0.7574456,0.0003930381,4.16436571163135e-09,4.174874261388435e-09,4.188215076454045e-09,0.5830918227208045,0.33221867693572427,0.013730177550720493
1855,4.157062771677727e-09,4.188807063606225e-09,0.7574367,0.0004024747,4.164365039693603e-09,4.1748731198826974e-09,4.188381437911087e-09,0.583107864052877,0.3322459283778219,0.009758590316485577
1856,4.157063139729352e-09,4.188807452356562e-09,0.7574279,0.0004117554,4.164364378367497e-09,4.1748719923239086e-09,4.188547891874495e-09,0.5831236520506972,0.33227284686105324,0.005784794655444842
1857,4.157063500124922e-09,4.188807834494163e-09,0.7574193,0.0004208783,4.164363728117165e-09,4.174870879434952e-09,4.188714392385423e-09,0.5831391756338934,0.33229941512783656,0.001809887754215007
1858,4.157063852820553e-09,4.188808209938643e-09,0.7574109,0.0004298413,4.1643630894026145e-09,4.174869781933484e-09,4.188880893297595e-09,0.5831544238205749,0.33232561604539435,0.0021650287260051534
1859,4.157064197778237e-09,4.188808578615244e-09,0.7574026,0.0004386429,4.164362462676996e-09,4.17486870052896e-09,4.189047348291217e-09,0.5831693857925965,0.3323514326767057,0.006138848981587459
1860,4.157064534965958e-09,4.188808940454916e-09,0.7573946,0.0004472811,4.16436124694365e-09,4.174866588766671e-09,4.189379934464224e-09,0.5831984092883261,0.3324018472877439,0.014078758997299903
1861,4.157064864357612e-09,4.188809295394398e-09,0.7573867,0.0004557547,4.16436124694365e-09,4.174866588766671e-09,4.189379934464224e-09,0.5831984092883261,0.3324018472877439,0.014078758997299903
1862,4.157065185933138e-09,4.188809643376285e-09,0.757379,0.0004640622,4.164360658772294e-09,4.1748655597329085e-09,4.189545972269331e-09,0.5832124508451176,0.3324264136592356,0.01804261961073619
1863,4.157065499678472e-09,4.188809984349079e-09,0.7573715,0.0004722023,4.16436008425532e-09,4.174864549432735e-09,4.1897117774380124e-09,0.5832261664275693,0.33245053279922243,0.02200092643862055
1864,4.157065805585511e-09,4.18881031826725e-09,0.7573642,0.000480174,4.164359523757179e-09,4.174863558451472e-09,4.18987730300764e-09,0.5832395473350394,0.33247419073420814,0.025952558330766252
1865,4.157066103652218e-09,4.188810645091263e-09,0.7573571,0.0004879763,4.164358977615065e-09,4.174862587335797e-09,4.190042501933959e-09,0.5832525855175846,0.33249737441319993,0.029896392188344487
1866,4.157066393882504e-09,4.1888109647876125e-09,0.7573502,0.0004956085,4.164358446137761e-09,4.174861636590557e-09,4.190207327107883e-09,0.5832652736036085,0.33252007178389464,0.03383130336473852
1867,4.157066676286248e-09,4.188811277328838e-09,0.7573435,0.0005030699,4.16435792960272e-09,4.174860706674132e-09,4.190371731372023e-09,0.5832776049693708,0.33254227190324454,0.03775616606023663
1868,4.157066950879241e-09,4.188811582693525e-09,0.7573369,0.0005103599,4.1643574282548865e-09,4.174859797997428e-09,4.190535667537967e-09,0.5832895737672469,0.3325639649616087,0.04166985373445823
1869,4.15706721768318e-09,4.188811880866305e-09,0.7573305,0.0005174783,4.1643569423047195e-09,4.174858910919817e-09,4.190699088403651e-09,0.5833011749729244,0.33258514237961445,0.04557123952114983
1870,4.157067476725585e-09,4.188812171837834e-09,0.7573243,0.0005244247,4.164356017262745e-09,4.17485720273343e-09,4.191024195466144e-09,0.5833232587233418,0.33262592232569727,0.05333259892562971
1871,4.157067728039766e-09,4.188812455604762e-09,0.7573183,0.0005311992,4.164356017262745e-09,4.17485720273343e-09,4.191024195466144e-09,0.5833232587233418,0.33262592232569727,0.05333259892562971
1872,4.157067971664709e-09,4.188812732169696e-09,0.7573125,0.0005378017,4.164355578412876e-09,4.174856382072666e-09,4.191185787353627e-09,0.5833337354922393,0.33264551415828114,0.05719032107409093
1873,4.157068207645093e-09,4.188813001541146e-09,0.7573069,0.0005442324,4.1643551554443464e-09,4.174855583905587e-09,4.191346675359382e-09,0.5833438331220717,0.3326645689936832,0.06103123928411612
1874,4.157068436031114e-09,4.1888132637334625e-09,0.7573014,0.0005504918,4.1643547483864244e-09,4.1748548083147486e-09,4.191506812488176e-09,0.5833535509141338,0.3326830848610455,0.06485423162713201
1875,4.15706865687851e-09,4.18881351876676e-09,0.7572962,0.0005565803,4.164354357233017e-09,4.1748540553266535e-09,4.191666151843103e-09,0.5833628890138851,0.33270106112765857,0.06865817852198812
1876,4.157068870248415e-09,4.18881376666684e-09,0.7572911,0.0005624985,4.164353981942378e-09,4.174853324911905e-09,4.191824646645476e-09,0.5833718484179222,0.33271849849530855,0.07244196320978488
1877,4.157069076207306e-09,4.188814007465097e-09,0.7572862,0.0005682471,4.164353622438199e-09,4.1748526169860905e-09,4.191982250255027e-09,0.5833804309479897,0.332735398979226,0.07620447223616647
1878,4.157069274826934e-09,4.188814241198416e-09,0.7572814,0.0005738271,4.16435327861186e-09,4.1748519314109174e-09,4.1921389161897246e-09,0.5833886391972086,0.3327517658808741,0.07994459592435198
1879,4.1570694661841785e-09,4.188814467909066e-09,0.7572769,0.0005792394,4.164352950321939e-09,4.1748512679950825e-09,4.192294598146979e-09,0.5833964765417664,0.3327676037672925,0.0836612288814411
1880,4.157069650361039e-09,4.18881468764458e-09,0.7572725,0.0005844852,4.164352339639297e-09,4.174850006631874e-09,4.192602825938162e-09,0.5834110555159266,0.3327977165957491,0.09101962536620342
1881,4.157069827444497e-09,4.188814900457639e-09,0.7572682,0.0005895657,4.164352339639297e-09,4.174850006631874e-09,4.192602825938162e-09,0.5834110555159266,0.3327977165957491,0.09101962536620342
1882,4.1570699975264285e-09,4.188815106405937e-09,0.7572642,0.0005944824,4.164352056820791e-09,4.1748494080599885e-09,4.192755280249846e-09,0.5834178073104075,0.3328120064468997,0.0946592039612234
1883,4.1570701607035e-09,4.1888153055520505e-09,0.7572603,0.0005992366,4.164351788691062e-09,4.174848830404811e-09,4.192906567581948e-09,0.5834242084361835,0.3328257969484366,0.0982709229709117
1884,4.157070317077092e-09,4.188815497963299e-09,0.7572565,0.0006038301,4.164351534975964e-09,4.174848273246582e-09,4.19305664284221e-09,0.583430265437985,0.332839098121378,0.10185370589688439
1885,4.157070466753104e-09,4.188815683711603e-09,0.757253,0.0006082645,4.1643512953809014e-09,4.174847736128246e-09,4.193205461244285e-09,0.5834359853487595,0.33285192087709653,0.10540648354387028
1886,4.15707060984193e-09,4.188815862873343e-09,0.7572495,0.0006125417,4.164351069591986e-09,4.174847218557019e-09,4.193352978329905e-09,0.5834413756620644,0.3328642769799771,0.10892819454892372
1887,4.1570707464582656e-09,4.188816035529201e-09,0.7572463,0.0006166636,4.164350857278411e-09,4.174846720007679e-09,4.193499149989802e-09,0.5834464442752931,0.3328761789687431,0.11241778588079883
1888,4.157070876720981e-09,4.1888162017640235e-09,0.7572432,0.0006206321,4.16435065809425e-09,4.174846239925628e-09,4.193643932485788e-09,0.5834511994468627,0.3328876400834693,0.11587421336720738
1889,4.157071000752938e-09,4.188816361666662e-09,0.7572402,0.0006244495,4.164350471680169e-09,4.1748457777282396e-09,4.1937872824720555e-09,0.5834556497552373,0.3328986742333345,0.11929644220319796
1890,4.1570711186808765e-09,4.188816515329823e-09,0.7572374,0.000628118,4.164350135667897e-09,4.174844904542598e-09,4.194069513624009e-09,0.5834636714573351,0.3329195200049903,0.1260342146423826
1891,4.157071230635199e-09,4.188816662849914e-09,0.7572347,0.0006316397,4.164350135667897e-09,4.174844904542598e-09,4.194069513624009e-09,0.5834636714573351,0.3329195200049903,0.1260342146423826
1892,4.157071336749806e-09,4.188816804326891e-09,0.7572322,0.0006350173,4.164349985298878e-09,4.174844492279652e-09,4.194208310253736e-09,0.5834672612532436,0.33292936205784895,0.12934774009822536
1893,4.157071437161865e-09,4.188816939864106e-09,0.7572298,0.000638253,4.164349846161331e-09,4.1748440953579196e-09,4.194345505344182e-09,0.5834705829174989,0.33293883786621536,0.1326230316200779
1894,4.157071532011671e-09,4.188817069568151e-09,0.7572275,0.0006413494,4.164349717851941e-09,4.174843713099562e-09,4.194481057832192e-09,0.5834736460785391,0.3329479636122826,0.13585910889737135
1895,4.157071621442334e-09,4.188817193548712e-09,0.7572254,0.0006443092,4.164349599963005e-09,4.174843344815203e-09,4.194614927173957e-09,0.5834764604695823,0.33295675575372113,0.13905500401791474
1896,4.157071705599677e-09,4.188817311918404e-09,0.7572234,0.0006471351,4.164349492082535e-09,4.1748429898049946e-09,4.194747073365254e-09,0.5834790359260995,0.33296523099814523,0.14220976195127383
1897,4.157071784631879e-09,4.18881742479263e-09,0.7572215,0.0006498298,4.164349393795112e-09,4.174842647360574e-09,4.1948774569615945e-09,0.5834813823654736,0.3329734062564892,0.14532244102962238
1898,4.15707185868934e-09,4.188817532289426e-09,0.7572197,0.0006523961,4.164349304682918e-09,4.174842316768522e-09,4.195006039097825e-09,0.583483509762395,0.33298129856036424,0.14839211341577724
1899,4.157071927924413e-09,4.1888176345293064e-09,0.7572181,0.0006548369,4.1643492243260275e-09,4.1748419973093836e-09,4.195132781507499e-09,0.583485428141851,0.33298892508551853,0.15141786556562506
1900,4.157071992491139e-09,4.188817731635114e-09,0.7572165,0.0006571551,4.1643490881892965e-09,4.174841388901453e-09,4.195380597186463e-09,0.5834886781669001,0.33300344975495105,0.15733402910804606
1901,4.1570720525450265e-09,4.188817823731875e-09,0.7572151,0.0006593538,4.1643490881892965e-09,4.174841388901453e-09,4.195380597186463e-09,0.5834886781669001,0.33300344975495105,0.15733402910804606
1902,4.1570721082428195e-09,4.188817910946632e-09,0.7572138,0.0006614359,4.164349031562092e-09,4.174841098504572e-09,4.1955015970826894e-09,0.5834900300418343,0.333010382469804,0.160222688847756
1903,4.157072159742242e-09,4.18881799340831e-09,0.7572125,0.0006634045,4.164348981995291e-09,4.174840816347173e-09,4.195620610541367e-09,0.5834912133620328,0.3330171184815242,0.16306392588420665
1904,4.157072207201743e-09,4.188818071247548e-09,0.7572114,0.0006652628,4.16434893906214e-09,4.174840541707276e-09,4.195737602561083e-09,0.5834922383155181,0.3330236750261092,0.1658569046202317
1905,4.157072250780273e-09,4.188818144596553e-09,0.7572104,0.0006670138,4.164348902334931e-09,4.1748402738664426e-09,4.1958525388440965e-09,0.583493115113042,0.3330300692549979,0.1686008062575519
1906,4.157072290637063e-09,4.188818213588942e-09,0.7572094,0.0006686609,4.164348871384535e-09,4.174840012108809e-09,4.195965385811501e-09,0.5834938539993221,0.33303631825819496,0.171294829158865
1907,4.157072326931349e-09,4.188818278359587e-09,0.7572086,0.0006702072,4.164348845780131e-09,4.174839755724128e-09,4.196076110618224e-09,0.5834944652594395,0.3330424389915799,0.1739381892057886
1908,4.1570723598221845e-09,4.1888183390444505e-09,0.7572078,0.0006716559,4.164348825090141e-09,4.174839504006617e-09,4.196184681166592e-09,0.5834949591965644,0.33304844830451463,0.1765301201228374
1909,4.157072389468172e-09,4.188818395780427e-09,0.7572071,0.0006730104,4.164348808880726e-09,4.174839256258128e-09,4.1962910661199445e-09,0.5834953461678561,0.3330543628640124,0.17906987380232844
1910,4.157072416027266e-09,4.188818448705182e-09,0.7572064,0.0006742739,4.1643487881605875e-09,4.174838769907895e-09,4.196497157772477e-09,0.5834958408247174,0.3330659736205598,0.18398994958691534
1911,4.1570724396565295e-09,4.188818497956982e-09,0.7572059,0.0006754497,4.1643487881605875e-09,4.174838769907895e-09,4.196497157772477e-09,0.5834958408247174,0.3330659736205598,0.18398994958691534
1912,4.1570724605119075e-09,4.188818543674518e-09,0.7572054,0.0006765411,4.164348782773577e-09,4.174838529947086e-09,4.196596805710128e-09,0.5834959694301183,0.33307170226288113,0.18636886886381307
1913,4.157072478748036e-09,4.188818585996748e-09,0.7572049,0.0006775515,4.1643487801144114e-09,4.174838291238534e-09,4.196694150550292e-09,0.5834960329130217,0.33307740100978495,0.18869280573831126
1914,4.157072494517982e-09,4.188818625062707e-09,0.7572046,0.0006784841,4.1643487797402636e-09,4.174838053126824e-09,4.1967891649302255e-09,0.5834960418451437,0.3330830855081495,0.19096110697298985
1915,4.157072507973053e-09,4.18881866101133e-09,0.7572042,0.0006793423,4.164348781206467e-09,4.174837814968149e-09,4.196881822310063e-09,0.5834960068421188,0.33308877112769714,0.19317313897524432
1916,4.157072519262552e-09,4.188818693981274e-09,0.757204,0.0006801294,4.1643487840666084e-09,4.174837576129573e-09,4.196972096979872e-09,0.5834959385612684,0.33309447297868794,0.1953282879656721
1917,4.157072528533581e-09,4.188818724110723e-09,0.7572037,0.0006808487,4.164348787873023e-09,4.17483733599256e-09,4.197059964066217e-09,0.5834958476898112,0.33310020582757854,0.19742596013469005
1918,4.157072535930791e-09,4.188818751537202e-09,0.7572036,0.0006815035,4.164348792176944e-09,4.174837093950838e-09,4.197145399537411e-09,0.5834957449412704,0.33310598414806897,0.1994655817680891
1919,4.157072541596183e-09,4.188818776397383e-09,0.7572034,0.000682097,4.164348796528692e-09,4.17483684941313e-09,4.19722838020802e-09,0.5834956410509301,0.33311182205581763,0.2014465993543614
1920,4.157072545668877e-09,4.18881879882688e-09,0.7572033,0.0006826324,4.1643488035769255e-09,4.174836350566615e-09,4.1973868886580224e-09,0.583495472786759,0.33312373113912347,0.20523070985531897
1921,4.157072548284861e-09,4.18881881896006e-09,0.7572033,0.0006831131,4.1643488035769255e-09,4.174836350566615e-09,4.1973868886580224e-09,0.583495472786759,0.33312373113912347,0.20523070985531897
1922,4.157072549576851e-09,4.188818836929827e-09,0.7572032,0.0006835421,4.164348805375363e-09,4.174836095156242e-09,4.197462374325401e-09,0.5834954298522169,0.33312982861262025,0.20703279741970654
1923,4.157072549673909e-09,4.18881885286742e-09,0.7572032,0.0006839226,4.164348805426911e-09,4.174835835050923e-09,4.1975353209707645e-09,0.5834954286216131,0.33313603816970755,0.2087742702984383
1924,4.157072548701349e-09,4.188818866902202e-09,0.7572033,0.0006842576,4.1643488032863485e-09,4.174835569746969e-09,4.197605709674922e-09,0.583495479723773,0.333142371835062,0.21045467682910887
1925,4.157072546780467e-09,4.188818879161449e-09,0.7572033,0.0006845503,4.164348798512372e-09,4.1748352987595564e-09,4.197673522372577e-09,0.5834955936940578,0.3331488411829989,0.21207358573454024
1926,4.1570725440282916e-09,4.188818889770132e-09,0.7572034,0.0006848035,4.164348790666968e-09,4.1748350216267625e-09,4.197738741850283e-09,0.5834957809892926,0.33315545724110507,0.21363058607396612
1927,4.157072540557372e-09,4.188818898850708e-09,0.7572035,0.0006850203,4.164348779317447e-09,4.174834737906823e-09,4.197801351743756e-09,0.5834960519391483,0.333162230555721,0.21512528717885243
1928,4.157072536475542e-09,4.188818906522894e-09,0.7572036,0.0006852035,4.164348764036533e-09,4.174834447181849e-09,4.197861336534446e-09,0.5834964167440886,0.3331691711032352,0.2165573185711628
1929,4.15707253188567e-09,4.188818912903456e-09,0.7572037,0.0006853558,4.164348744404094e-09,4.174834149056512e-09,4.197918681545014e-09,0.583496885434057,0.3331762883213843,0.21792632985520127
1930,4.157072526885483e-09,4.188818918105993e-09,0.7572038,0.00068548,4.16434869044329e-09,4.174833529150399e-09,4.198025397691584e-09,0.5834981736533564,0.33319108748970994,0.2204739901903465
1931,4.157072521567304e-09,4.18881892224071e-09,0.7572039,0.0006855787,4.16434869044329e-09,4.174833529150399e-09,4.198025397691584e-09,0.5834981736533564,0.33319108748970994,0.2204739901903465
1932,4.157072516017806e-09,4.188818925414216e-09,0.757204,0.0006856545,4.164348655317657e-09,4.174833206704051e-09,4.1980747436301075e-09,0.5834990122160812,0.333198785329244,0.2216520376959716
1933,4.157072510317861e-09,4.188818927729293e-09,0.7572042,0.0006857098,4.164348614247929e-09,4.174832875527825e-09,4.198121399379681e-09,0.5834999926836031,0.3332066915792454,0.22276586167121604
1934,4.157072504542281e-09,4.188818929284702e-09,0.7572043,0.0006857469,4.164348566863078e-09,4.174832535355134e-09,4.198165354379282e-09,0.583501123913596,0.3332148126040315,0.22381520999023521
1935,4.157072498759621e-09,4.188818930174959e-09,0.7572045,0.0006857681,4.16434851280632e-09,4.174832185946509e-09,4.198206598868428e-09,0.583502414423643,0.33322315412051834,0.2247998496386599
1936,4.157072493031939e-09,4.188818930490137e-09,0.7572046,0.0006857757,4.164348451733874e-09,4.174831827088942e-09,4.198245123878881e-09,0.5835038724208766,0.3332317212138603,0.22571956651560796
1937,4.1570724874146765e-09,4.188818930315662e-09,0.7572047,0.0006857715,4.164348383317854e-09,4.174831458598208e-09,4.198280921224995e-09,0.5835055057330409,0.33324051828213774,0.2265741652031522
1938,4.157072481956367e-09,4.188818929732116e-09,0.7572049,0.0006857576,4.164348307246789e-09,4.174831080318387e-09,4.1983139834943195e-09,0.583507321795952,0.3332495490476326,0.22736346874206795
1939,4.157072476698573e-09,4.18881892881505e-09,0.757205,0.0006857357,4.1643482232264386e-09,4.174830692120463e-09,4.198344304037574e-09,0.5835093276340656,0.33325881659041895,0.22808731839249366
1940,4.1570724716756e-09,4.188818927634794e-09,0.7572051,0.0006857075,4.1643480302526e-09,4.174829885600273e-09,4.19839669710406e-09,0.5835139345451107,0.3332780708416458,0.22933811071974772
1941,4.157072466914441e-09,4.188818926256282e-09,0.7572052,0.0006856746,4.1643480302526e-09,4.174829885600273e-09,4.19839669710406e-09,0.5835139345451107,0.3332780708416458,0.22933811071974772
1942,4.157072462434538e-09,4.188818924738885e-09,0.7572053,0.0006856384,4.164347920806339e-09,4.174829467162794e-09,4.1984187600520155e-09,0.5835165473821312,0.3332880603006341,0.229864824803688
1943,4.157072458247744e-09,4.188818923136244e-09,0.7572054,0.0006856001,4.164347802426123e-09,4.17482903857818e-09,4.19843806210254e-09,0.5835193735015994,0.33329829200459693,0.23032562731661396
1944,4.157072454358112e-09,4.188818921496122e-09,0.7572055,0.0006855609,4.164347674918839e-09,4.174828599859121e-09,4.198454600266042e-09,0.5835224175137823,0.33330876565062756,0.23072044688725335
1945,4.157072450761886e-09,4.188818919860256e-09,0.7572056,0.0006855219,4.164347538113606e-09,4.1748281510452965e-09,4.198468372252988e-09,0.5835256834981545,0.3333194802914392,0.23104922885706286
1946,4.15707244744736e-09,4.1888189182642344e-09,0.7572057,0.0006854838,4.164347391862729e-09,4.174827692206356e-09,4.198479376463137e-09,0.5835291749806485,0.33333043426425457,0.23131193502305647
1947,4.157072444394842e-09,4.1888189167373624e-09,0.7572058,0.0006854473,4.1643472360434645e-09,4.174827223435904e-09,4.198487611975148e-09,0.5835328948915737,0.33334162533444833,0.23150854338987603
1948,4.157072441576617e-09,4.188818915302562e-09,0.7572058,0.0006854131,4.164347070556651e-09,4.174826744857304e-09,4.198493078536107e-09,0.5835368455982384,0.33335305055692044,0.23163904791963005
1949,4.157072438956903e-09,4.188818913976272e-09,0.7572059,0.0006853814,4.164346895329568e-09,4.174826256617571e-09,4.198495776551971e-09,0.5835410288367032,0.3333647064219707,0.23170345830383
1950,4.1570724364919085e-09,4.1888189127683555e-09,0.7572059,0.0006853526,4.164346515488946e-09,4.174825251875378e-09,4.19849287180568e-09,0.5835500968635845,0.33338869287494965,0.2316341125942264
1951,4.1570724341297975e-09,4.18881891168204e-09,0.757206,0.0006853267,4.164346515488946e-09,4.174825251875378e-09,4.19849287180568e-09,0.5835500968635845,0.33338869287494965,0.2316341125942264
1952,4.157072431810761e-09,4.1888189107138464e-09,0.7572061,0.0006853035,4.164346310858772e-09,4.174824735795025e-09,4.198487273061811e-09,0.5835549820491428,0.3334010133858367,0.23150045242994083
1953,4.1570724294671334e-09,4.188818909853555e-09,0.7572061,0.000685283,4.164346096455343e-09,4.1748242108975946e-09,4.198478913791707e-09,0.5835601005539713,0.3334135443889312,0.23130088955628428
1954,4.157072427023401e-09,4.1888189090841625e-09,0.7572062,0.0006852646,4.1643458723373204e-09,4.17482367745288e-09,4.198467797555184e-09,0.5835654509776381,0.3334262794434141,0.23103550895761396
1955,4.157072424396408e-09,4.18881890838188e-09,0.7572062,0.0006852479,4.164345638590336e-09,4.1748231357547836e-09,4.198453928518226e-09,0.583571031275844,0.33343921153286643,0.23070441008943987
1956,4.157072421495398e-09,4.188818907716122e-09,0.7572063,0.000685232,4.164345395326916e-09,4.174822586118324e-09,4.198437311445968e-09,0.583576838762201,0.33345233313677564,0.23030770671100542
1957,4.157072418222242e-09,4.188818907049526e-09,0.7572064,0.0006852161,4.164345142687063e-09,4.174822028879681e-09,4.198417951696098e-09,0.583582870094408,0.33346563622946856,0.22984552672768288
1958,4.1570724144716095e-09,4.188818906337974e-09,0.7572065,0.0006851991,4.164344880837626e-09,4.174821464395687e-09,4.198395855213036e-09,0.5835891212892597,0.33347911229215765,0.22931801205204982
1959,4.157072410131087e-09,4.18881890553065e-09,0.7572066,0.0006851798,4.164344609972345e-09,4.174820893043569e-09,4.1983710285228036e-09,0.5835955877215203,0.3334927523192208,0.22872531848137576
1960,4.1570724050815e-09,4.18881890457009e-09,0.7572067,0.0006851569,4.164344042101387e-09,4.1748197313331845e-09,4.198313213505301e-09,0.5836091446420143,0.3335204861117462,0.2273450866083105
1961,4.1570723991970354e-09,4.1888189033922616e-09,0.7572068,0.0006851287,4.164344042101387e-09,4.1748197313331845e-09,4.198313213505301e-09,0.5836091446420143,0.3335204861117462,0.2273450866083105
1962,4.15707239234555e-09,4.188818901926658e-09,0.757207,0.0006850938,4.164343745615069e-09,4.174819141820031e-09,4.198280241099277e-09,0.5836162227314747,0.33353455970160045,0.22655792839764238
1963,4.157072384388754e-09,4.188818900096397e-09,0.7572072,0.0006850501,4.1643434411500885e-09,4.174818547126746e-09,4.198244570322545e-09,0.5836234912974697,0.3335487569579904,0.2257063513315191
1964,4.1570723751825306e-09,4.188818897818353e-09,0.7572074,0.0006849957,4.1643431290292115e-09,4.174817947716974e-09,4.1982062105523945e-09,0.5836309426345312,0.3335630668122151,0.22479057927622925
1965,4.1570723645772e-09,4.1888188950032845e-09,0.7572077,0.0006849285,4.164342809599778e-09,4.174817344069609e-09,4.198165171729583e-09,0.5836385684505336,0.33357747783152875,0.22381084954986896
1966,4.157072352417757e-09,4.1888188915559936e-09,0.7572079,0.0006848462,4.1643424832326446e-09,4.174816736677194e-09,4.198121464357701e-09,0.5836463598919105,0.3335919782573127,0.22276741290717567
1967,4.157072338544213e-09,4.188818887375487e-09,0.7572083,0.0006847464,4.16434215032132e-09,4.174816126046581e-09,4.1980750995028766e-09,0.5836543075643497,0.33360655598937605,0.22166053353251747
1968,4.157072322791876e-09,4.188818882355155e-09,0.7572087,0.0006846265,4.1643418112814315e-09,4.174815512697241e-09,4.198026088794291e-09,0.5836624015454719,0.33362119862628004,0.22049048905213717
1969,4.157072304991637e-09,4.18881887638297e-09,0.7572091,0.0006844839,4.164341466550428e-09,4.174814897160611e-09,4.197974444425052e-09,0.5836706313919594,0.3336358934808793,0.21925757055506426
1970,4.157072284970309e-09,4.188818869341687e-09,0.7572096,0.0006843159,4.1643407618616115e-09,4.174813661702374e-09,4.197863306306889e-09,0.5836874545982313,0.33366538787367456,0.2166043434243211
1971,4.157072262550957e-09,4.188818861109067e-09,0.7572101,0.0006841193,4.1643407618616115e-09,4.174813661702374e-09,4.197863306306889e-09,0.5836874545982313,0.33366538787367456,0.2166043434243211
1972,4.157072237553212e-09,4.188818851558102e-09,0.7572107,0.0006838913,4.164340402875043e-09,4.174813042895929e-09,4.197803839780118e-09,0.5836960247712722,0.3336801607893612,0.21518468467170968
1973,4.1570722097935565e-09,4.188818840557264e-09,0.7572114,0.0006836287,4.164340040136868e-09,4.174812424129368e-09,4.1977417940422765e-09,0.583704684507302,0.3336949327528835,0.2137034517904136
1974,4.157072179085755e-09,4.188818827970749e-09,0.7572121,0.0006833282,4.164339674174558e-09,4.1748118059804676e-09,4.1976771841382355e-09,0.5837134212139038,0.33370968997084216,0.21216100395029064
1975,4.1570721452411334e-09,4.188818813658744e-09,0.7572129,0.0006829865,4.164339305530223e-09,4.174811189034031e-09,4.197610025691929e-09,0.5837222219491109,0.33372441848208295,0.21055771414528554
1976,4.157072108068961e-09,4.188818797477694e-09,0.7572138,0.0006826002,4.164338934758821e-09,4.174810573882371e-09,4.197540334910541e-09,0.5837310734643375,0.33373910414620384,0.20889396929341142
1977,4.157072067376783e-09,4.188818779280582e-09,0.7572148,0.0006821658,4.164338562427969e-09,4.174809961120714e-09,4.197468128588408e-09,0.5837399622086634,0.3337537327532127,0.20717017032991844
1978,4.157072022970805e-09,4.188818758917212e-09,0.7572158,0.0006816797,4.164338189114985e-09,4.174809351349761e-09,4.197393424110817e-09,0.5837488743996689,0.3337682899624086,0.20538673229795437
1979,4.1570719746562e-09,4.1888187362345016e-09,0.757217,0.0006811382,4.164337815406531e-09,4.174808745172842e-09,4.197316239458315e-09,0.5837577960318274,0.3337827613703532,0.20354408445148872
1980,4.1570719222375615e-09,4.188818711076779e-09,0.7572182,0.0006805376,4.164337069185694e-09,4.174807546026722e-09,4.197154504551397e-09,0.5837756107420546,0.3338113888752271,0.19968294796549563
1981,4.1570718655191956e-09,4.188818683286085e-09,0.7572196,0.0006798741,4.164337069185694e-09,4.174807546026722e-09,4.197154504551397e-09,0.5837756107420546,0.3338113888752271,0.19968294796549563
1982,4.157071804305545e-09,4.188818652702467e-09,0.757221,0.000679144,4.164336697877959e-09,4.174806954271597e-09,4.197069993270923e-09,0.5837844750612724,0.3338255159882235,0.19766538976034026
1983,4.157071738401514e-09,4.188818619164298e-09,0.7572226,0.0006783433,4.164336328580291e-09,4.174806368537679e-09,4.1969830797710465e-09,0.5837932913936732,0.3338394993554835,0.19559048279132155
1984,4.157071667612829e-09,4.188818582508573e-09,0.7572243,0.0006774682,4.164335961900995e-09,4.174805789429909e-09,4.196893785068332e-09,0.5838020452170374,0.3338533245351006,0.19345872879198878
1985,4.157071591746485e-09,4.188818542571222e-09,0.7572261,0.0006765148,4.164335598447991e-09,4.1748052175498395e-09,4.1968021307969434e-09,0.5838107220183676,0.33386697716609315,0.1912706442399345
1986,4.1570715106109505e-09,4.1888184991874096e-09,0.757228,0.0006754791,4.164335238826453e-09,4.174804653495383e-09,4.196708139212089e-09,0.5838193073501882,0.33388044297432934,0.1890267604391413
1987,4.1570714240166994e-09,4.188818452191844e-09,0.7572301,0.0006743571,4.164334883637857e-09,4.174804097859956e-09,4.196611833191714e-09,0.5838277868532951,0.33389370779304406,0.18672762356030628
1988,4.157071331776423e-09,4.188818401419072e-09,0.7572323,0.000673145,4.164334533478136e-09,4.174803551229896e-09,4.196513236239051e-09,0.5838361463008711,0.33390675762445166,0.18437379470180146
1989,4.1570712337054295e-09,4.188818346703781e-09,0.7572347,0.0006718388,4.164334188935597e-09,4.174803014185177e-09,4.1964123724836516e-09,0.5838443716480923,0.33391957862272326,0.18196584991420017
1990,4.15707112962194e-09,4.188818287881086e-09,0.7572371,0.0006704345,4.164333519011437e-09,4.174801971126427e-09,4.196203944218673e-09,0.5838603649093421,0.33394447981611797,0.1769899916164906
1991,4.157071019347456e-09,4.188818224786813e-09,0.7572398,0.0006689282,4.164333519011437e-09,4.174801971126427e-09,4.196203944218673e-09,0.5838603649093421,0.33394447981611797,0.1769899916164906
1992,4.157070902706983e-09,4.188818157257782e-09,0.7572426,0.0006673161,4.164333194755965e-09,4.1748014662267795e-09,4.196096431103584e-09,0.5838681059385161,0.3339565334073142,0.174423305059453
1993,4.1570707795293724e-09,4.188818085132072e-09,0.7572455,0.0006655942,4.164332878367706e-09,4.17480097313681e-09,4.195986753972782e-09,0.583875659151813,0.3339683050632091,0.17180495643275764
1994,4.157070649647614e-09,4.188818008249285e-09,0.7572486,0.0006637588,4.16433257037525e-09,4.174800492384913e-09,4.195874940085179e-09,0.5838830119300781,0.333979782169348,0.16913559649500196
1995,4.1570705128990435e-09,4.188817926450796e-09,0.7572519,0.000661806,4.164332271290908e-09,4.1748000244857e-09,4.195761017320037e-09,0.5838901520428068,0.33399095244022925,0.1664158908145461
1996,4.157070369125565e-09,4.188817839579995e-09,0.7572553,0.0006597321,4.164331981609024e-09,4.17479956993942e-09,4.195645014172782e-09,0.5838970676883705,0.3340018039333262,0.16364651966957108
1997,4.157070218173959e-09,4.188817747482522e-09,0.7572589,0.0006575334,4.164331701805714e-09,4.174799129230762e-09,4.19552695975052e-09,0.5839037475003549,0.33401232507754197,0.16082817794104715
1998,4.157070059896048e-09,4.188817650006477e-09,0.7572627,0.0006552064,4.164331432336892e-09,4.174798702830415e-09,4.1954068837664104e-09,0.5839101805945996,0.33402250463598654,0.15796157497839186
1999,4.15706989414884e-09,4.188817547002636e-09,0.7572666,0.0006527473,4.164331173637443e-09,4.1747982911910505e-09,4.195284816533112e-09,0.5839163565890237,0.33403233180192904,0.15504743444305014
