{"(0.4, 0.0, 0.0)": {"nn": [[2.4492935982947065e-17, 0.4, 0.0], [-7.347880794884119e-17, -0.4, 0.0], [0.12009534867546348, 0.12004804032229686, 0.00044436643482367286], [-1.2246467991473531e-17, 1.3877787807814457e-17, 0.0], [-0.0006465502333209681, -0.022098987286337197, 0.0005931880802588842], [0.11999776224876399, -0.12003405135612176, 0.000481098143343937]], "index": 0}, "(0.8, -1.9594348786357652e-16, 0.7)": {"nn": [[4.898587196589413e-17, 0.8, 0.7], [0.35326520042852194, -0.35326467941386497, 0.6994856442471846], [-1.4695761589768238e-16, -0.8, 0.7], [0.5950249733296361, -0.0006639771879256119, 0.699041158842758], [-2.4492935982947062e-17, -2.7755575615628914e-17, 0.7], [0.3532645968065932, 0.35326179712284417, 0.6995044804819215]], "index": 1}, "(-0.4, 4.898587196589413e-17, 0.0)": {"nn": [[2.4492935982947065e-17, 0.4, 0.0], [-7.347880794884119e-17, -0.4, 0.0], [-0.12009882057474598, 0.12006305040165341, 0.00043926939189943234], [-0.0007181367020437067, -0.02217008000610302, 0.0005732838046243016], [-1.2246467991473531e-17, 1.3877787807814457e-17, 0.0], [-0.12000144757440123, -0.12004905241033029, 0.00047534048121457447]], "index": 3}, "(-0.8, 9.797174393178826e-17, 0.7)": {"nn": [[-0.35326436440132236, 0.3532613161286021, 0.6995628685645996], [-0.5950136424969994, -0.0006519046860787762, 0.6992420489845323], [4.898587196589413e-17, 0.8, 0.7], [-1.4695761589768238e-16, -0.8, 0.7], [-0.3532648303699005, -0.3532639903897302, 0.6995435821890842], [-2.4492935982947062e-17, -2.7755575615628914e-17, 0.7]], "index": 5}, "(-7.347880794884119e-17, -0.4, 0.0)": {"nn": [[-0.4, 4.898587196589413e-17, 0.0], [0.4, 0.0, 0.0], [-0.0007139629750917867, -0.022154003096959602, 0.0005805346138302317], [-1.2246467991473531e-17, 1.3877787807814457e-17, 0.0], [0.11999776224876399, -0.12003405135612176, 0.000481098143343937], [-0.12000144757440123, -0.12004905241033029, 0.00047534048121457447]], "index": 10}, "(4.898587196589413e-17, 0.8, 0.7)": {"nn": [[-0.35326436440132236, 0.3532613161286021, 0.6995628685645996], [0.8, -1.9594348786357652e-16, 0.7], [-0.8, 9.797174393178826e-17, 0.7], [-2.4492935982947062e-17, -2.7755575615628914e-17, 0.7], [-1.1188298509825879e-05, 0.5947694367449571, 0.6991722658603035], [0.3532645968065932, 0.35326179712284417, 0.6995044804819215]], "index": 21}, "(-1.4695761589768238e-16, -0.8, 0.7)": {"nn": [[0.35326520042852194, -0.35326467941386497, 0.6994856442471846], [-9.392377364540308e-06, -0.5895945073779667, 0.6990955426775105], [-0.3532648303699005, -0.3532639903897302, 0.6995435821890842], [0.8, -1.9594348786357652e-16, 0.7], [-0.8, 9.797174393178826e-17, 0.7], [-2.4492935982947062e-17, -2.7755575615628914e-17, 0.7]], "index": 26}, "(2.4492935982947065e-17, 0.4, 0.0)": {"nn": [[-0.4, 4.898587196589413e-17, 0.0], [0.4, 0.0, 0.0], [-0.0006915681752034086, -0.022100443217660668, 0.0005732286734734483], [-0.12009882057474598, 0.12006305040165341, 0.00043926939189943234], [0.12009534867546348, 0.12004804032229686, 0.00044436643482367286], [-1.2246467991473531e-17, 1.3877787807814457e-17, 0.0]], "index": 31}, "(-2.4492935982947062e-17, -2.7755575615628914e-17, 0.7)": {"nn": [[4.898587196589413e-17, 0.8, 0.7], [-1.4695761589768238e-16, -0.8, 0.7], [0.8, -1.9594348786357652e-16, 0.7], [-0.8, 9.797174393178826e-17, 0.7]], "index": 36}, "(-1.2246467991473531e-17, 1.3877787807814457e-17, 0.0)": {"nn": [[2.4492935982947065e-17, 0.4, 0.0], [-0.4, 4.898587196589413e-17, 0.0], [0.4, 0.0, 0.0], [-7.347880794884119e-17, -0.4, 0.0]], "index": 37}, "(-0.020203544889570654, -0.046233499903418, 0.6979622037293328)": {"nn": [[-0.2058052058284876, -0.209645538403717, 0.698384835472822], [-0.020199361238934597, -0.046194681948633604, 0.6979478290657328], [-0.020195369621071733, -0.04620695334227464, 0.69795533721811], [-0.5950136424969994, -0.0006519046860787762, 0.6992420489845323], [-0.21480404141048223, 0.21474806911640465, 0.6985015001081476], [-0.0007181367020437067, -0.02217008000610302, 0.0005732838046243016], [-0.013169539230709763, -0.03754454552075245, 0.4479261756220877], [-0.013299061509248583, -0.03766794229457976, 0.4490358294092099]], "index": 2}, "(-0.020173343914739142, -0.04618046031612278, 0.6979399516985536)": {"nn": [[-0.013292879390559897, -0.037575306229305196, 0.44849743255279256], [-0.013281671129134915, -0.037727651521417084, 0.45266201206539664], [0.2058838363816516, -0.20956166978698015, 0.6981920085324544], [-0.0006465502333209681, -0.022098987286337197, 0.0005931880802588842], [0.5950249733296361, -0.0006639771879256119, 0.699041158842758], [0.21481081460339294, 0.21476061004247146, 0.6983255335437909], [-0.020199361238934597, -0.046194681948633604, 0.6979478290657328], [-0.020195369621071733, -0.04620695334227464, 0.69795533721811]], "index": 4}, "(-0.0007139629750917867, -0.022154003096959602, 0.0005805346138302317)": {"nn": [[0.11999776224876399, -0.12003405135612176, 0.000481098143343937], [-0.020199361238934597, -0.046194681948633604, 0.6979478290657328], [-0.12000144757440123, -0.12004905241033029, 0.00047534048121457447], [-0.013292879390559897, -0.037575306229305196, 0.44849743255279256], [-7.347880794884119e-17, -0.4, 0.0], [-0.0007181367020437067, -0.02217008000610302, 0.0005732838046243016], [-0.013169539230709763, -0.03754454552075245, 0.4479261756220877], [-0.0006465502333209681, -0.022098987286337197, 0.0005931880802588842]], "index": 6}, "(-1.1188298509825879e-05, 0.5947694367449571, 0.6991722658603035)": {"nn": [[-0.35326436440132236, 0.3532613161286021, 0.6995628685645996], [4.898587196589413e-17, 0.8, 0.7], [0.21481081460339294, 0.21476061004247146, 0.6983255335437909], [0.5950249733296361, -0.0006639771879256119, 0.699041158842758], [-0.020195369621071733, -0.04620695334227464, 0.69795533721811], [-0.5950136424969994, -0.0006519046860787762, 0.6992420489845323], [0.3532645968065932, 0.35326179712284417, 0.6995044804819215], [-0.21480404141048223, 0.21474806911640465, 0.6985015001081476]], "index": 7}, "(-9.392377364540308e-06, -0.5895945073779667, 0.6990955426775105)": {"nn": [[-0.2058052058284876, -0.209645538403717, 0.698384835472822], [0.5950249733296361, -0.0006639771879256119, 0.699041158842758], [-0.020199361238934597, -0.046194681948633604, 0.6979478290657328], [-0.5950136424969994, -0.0006519046860787762, 0.6992420489845323], [0.35326520042852194, -0.35326467941386497, 0.6994856442471846], [-0.3532648303699005, -0.3532639903897302, 0.6995435821890842], [0.2058838363816516, -0.20956166978698015, 0.6981920085324544], [-1.4695761589768238e-16, -0.8, 0.7]], "index": 8}, "(-0.0006915681752034086, -0.022100443217660668, 0.0005732286734734483)": {"nn": [[-0.020195369621071733, -0.04620695334227464, 0.69795533721811], [-0.12009882057474598, 0.12006305040165341, 0.00043926939189943234], [-0.013281671129134915, -0.037727651521417084, 0.45266201206539664], [2.4492935982947065e-17, 0.4, 0.0], [-0.0007181367020437067, -0.02217008000610302, 0.0005732838046243016], [-0.013299061509248583, -0.03766794229457976, 0.4490358294092099], [0.12009534867546348, 0.12004804032229686, 0.00044436643482367286], [-0.0006465502333209681, -0.022098987286337197, 0.0005931880802588842]], "index": 9}, "(-0.0007181367020437067, -0.02217008000610302, 0.0005732838046243016)": {"nn": [[-0.020203544889570654, -0.046233499903418, 0.6979622037293328], [-0.4, 4.898587196589413e-17, 0.0], [-0.0006915681752034086, -0.022100443217660668, 0.0005732286734734483], [-0.013169539230709763, -0.03754454552075245, 0.4479261756220877], [-0.12009882057474598, 0.12006305040165341, 0.00043926939189943234], [-0.013299061509248583, -0.03766794229457976, 0.4490358294092099], [-0.12000144757440123, -0.12004905241033029, 0.00047534048121457447], [-0.0007139629750917867, -0.022154003096959602, 0.0005805346138302317]], "index": 11},