iter,V_plic_pl,V_present_quadric_patch,plic_pl_error_percent,present_quadric_patch_error_percent,V_evrard_type_paraboloid,V_thinc_qq,V_strobl_sphere_overlap,evrard_type_paraboloid_error_percent,thinc_qq_error_percent,strobl_sphere_overlap_error_percent
0,1.0000000000000044e-09,1.0000000000000003e-09,0.0,0.0,1.0000000000000044e-09,1.1283953783756735e-09,1.2387491833855747e-09,4.3426982159033953e-13,12.839537837567347,23.874918338557464
1,9.981549381182735e-10,9.98154938118274e-10,0.1845062,0.1845062,9.981284512281588e-10,1.1397944177209086e-09,1.2328434364409579e-09,0.18715487718413032,13.979441772090858,23.28434364409578
2,9.963634819957493e-10,9.963634819957478e-10,0.3636518,0.3636518,9.97754786520393e-10,1.1502016230972328e-09,1.2271034128191533e-09,0.2245213479607036,15.020162309723275,22.710341281915316
3,9.946239544649388e-10,9.946239544649374e-10,0.5376046,1.123273,9.988339787503645e-10,1.1596085867757898e-09,1.2215238508710616e-09,0.11660212496355651,15.96085867757897,22.152385087106154
4,9.929346985262068e-10,9.929346985262066e-10,0.7065301,1.212463,1.0012769273674425e-09,1.1680160032939856e-09,1.2160996501824238e-09,0.12769273674424791,16.801600329398557,21.60996501824237
5,9.912940431733961e-10,9.912940431733955e-10,0.8705957,1.418457,1.0049540647351293e-09,1.1754331250238852e-09,1.2108258290716962e-09,0.49540647351292005,17.54331250238851,21.082582907169613
6,9.897003877238848e-10,9.897003877238838e-10,1.029961,1.361287,1.0097021079763856e-09,1.1818772745624622e-09,1.2056975798916832e-09,0.9702107976385522,18.187727456246215,20.569757989168316
7,9.88152190385784e-10,9.881521903857836e-10,1.184781,1.016687,1.0153328309827988e-09,1.1873729889229315e-09,1.2007102737808025e-09,1.53328309827987,18.737298892293143,20.07102737808025
8,9.866479660102126e-10,9.866479660102117e-10,1.335203,1.000098,1.0216428878707056e-09,1.1919511678455449e-09,1.1958594533425062e-09,2.164288787070557,19.19511678455448,19.585945334250614
9,9.851862933858097e-10,9.851862933858095e-10,1.481371,0.908332,1.0284235972132016e-09,1.1956481870713953e-09,1.1911408283991417e-09,2.8423597213201526,19.56481870713952,19.11408283991416
10,9.837658485040407e-10,9.837658485040403e-10,1.623415,1.250857,1.0354698635444292e-09,1.1985050111161091e-09,1.1865502886735626e-09,3.5469863544429097,19.850501111610907,18.65502886735625
11,9.823853358686542e-10,9.823853358686513e-10,1.761466,2.073807,1.0425875746771932e-09,1.2005662134742584e-09,1.182083861678011e-09,4.2587574677193185,20.05662134742584,18.208386167801102
12,9.81043504749384e-10,9.810435047493837e-10,1.89565,1.869712,1.0495995322113017e-09,1.2018791244685951e-09,1.1777377164169215e-09,4.959953221130161,20.187912446859503,17.77377164169214
13,9.797391475345236e-10,9.797391475345215e-10,2.026085,1.926826,1.0563497543442753e-09,1.202493003771983e-09,1.1735081577240056e-09,5.634975434427527,20.2493003771983,17.35081577240055
14,9.784710981464197e-10,9.784710981464187e-10,2.15289,1.960976,1.0627062606097142e-09,1.2024582744567376e-09,1.1693916208485978e-09,6.270626060971416,20.245827445673754,16.93916208485977
15,9.772382305175404e-10,9.772382305175402e-10,2.276177,2.054492,1.0685624606168837e-09,1.2018258259614751e-09,1.165384666279123e-09,6.856246061688361,20.182582596147505,16.538466627912282
16,9.760394571246484e-10,9.760394571246457e-10,2.396054,2.108547,1.0738373051105413e-09,1.200646390772703e-09,1.1614839747925442e-09,7.3837305110541225,20.06463907727029,16.14839747925441
17,9.748737275788455e-10,9.74873727578843e-10,2.512627,2.156774,1.0784743737058958e-09,1.1989700001446952e-09,1.1576863427191273e-09,7.847437370589577,19.897000014469516,15.768634271912726
18,9.737400272693402e-10,9.737400272693349e-10,2.625997,2.188514,1.082440099977382e-09,1.196845516669892e-09,1.1539886774122957e-09,8.244009997738198,19.684551666989194,15.398867741229564
19,9.726373760587635e-10,9.726373760587573e-10,2.736262,2.212457,1.0857213529012304e-09,1.1943202444168453e-09,1.1503879929139984e-09,8.572135290123033,19.432024441684526,15.038799291399835
20,9.715648270281042e-10,9.715648270280973e-10,2.843517,2.236062,1.0883225979668033e-09,1.1914396107488078e-09,1.1468814058063804e-09,8.832259796680326,19.143961074880774,14.688140580638029
21,9.7052145724394e-10,9.705214572439326e-10,2.947854,2.264437,1.0902628239640822e-09,1.1882469005807945e-09,1.143466121425526e-09,9.026282396408213,18.82469005807944,14.346612142552583
22,9.695063750420418e-10,9.695063750420323e-10,3.049362,2.27899,1.0915725255704851e-09,1.1847830915422582e-09,1.1401394402259195e-09,9.157252557048507,18.478309154225812,14.013944022591943
23,9.685187197891785e-10,9.685187197891665e-10,3.148128,2.288199,1.0922907881633213e-09,1.1810867259995763e-09,1.1368987552548537e-09,9.229078816332123,18.10867259995762,13.689875525485368
24,9.675576598503651e-10,9.67557659850353e-10,3.244234,2.291919,1.0924626207986551e-09,1.1771938300588517e-09,1.1337415475153045e-09,9.246262079865506,17.71938300588516,13.37415475153044
25,9.666223915364835e-10,9.666223915364704e-10,3.337761,2.538595,1.092136622769457e-09,1.1731378785019364e-09,1.1306653826177347e-09,9.213662276945703,17.313787850193634,13.066538261773466
26,9.65712138091968e-10,9.657121380919516e-10,3.428786,2.534474,1.0913630150181545e-09,1.1689497985176397e-09,1.1276679075724794e-09,9.136301501815442,16.894979851763967,12.766790757247929
27,9.64826148720998e-10,9.6482614872098e-10,3.517385,2.522468,1.0901920421259304e-09,1.1646580045956889e-09,1.1247468477163685e-09,9.019204212593033,16.465800459568882,12.47468477163684
28,9.639636976507034e-10,9.639636976506842e-10,3.60363,2.504218,1.0886727288449894e-09,1.1602884605336263e-09,1.1219000037673348e-09,8.867272884498934,16.028846053362624,12.19000037673347
29,9.631240832298885e-10,9.631240832298697e-10,3.687592,2.478836,1.0868519572666287e-09,1.155864761950244e-09,1.1191252490017204e-09,8.685195726662862,15.586476195024396,11.912524900172029
30,9.623066270619314e-10,9.623066270619105e-10,3.769337,2.446161,1.0847738235078383e-09,1.1514082354858228e-09,1.116420526547978e-09,8.477382350783822,15.140823548582269,11.6420526547978
31,9.615106731704733e-10,9.61510673170449e-10,3.848933,2.307661,1.0824792285027874e-09,1.1469380501091262e-09,1.1137838467922362e-09,8.247922850278735,14.69380501091261,11.378384679223617
32,9.607355871966532e-10,9.607355871966307e-10,3.926441,2.721028,1.0800056586857767e-09,1.14247133674383e-09,1.1112132848903038e-09,8.00056586857766,14.247133674382997,11.121328489030377
33,9.599807556266615e-10,9.599807556266375e-10,4.001924,3.054602,1.0773871152810495e-09,1.1380233134851905e-09,1.1087069783815099e-09,7.738711528104944,13.802331348519042,10.87069783815098
34,9.592455850483665e-10,9.592455850483407e-10,4.075441,3.027023,1.074654155305761e-09,1.133607413043193e-09,1.1062631248998558e-09,7.4654155305760845,13.360741304319287,10.626312489985569
35,9.585295014359626e-10,9.585295014359366e-10,4.14705,2.992603,1.0718340137254404e-09,1.1292354107336692e-09,1.103879979978077e-09,7.183401372544035,12.923541073366918,10.3879979978077
36,9.578319494614986e-10,9.578319494614703e-10,4.216805,2.951127,1.0689507804294191e-09,1.1249175508500905e-09,1.1015558549406083e-09,6.895078042941904,12.491755085009046,10.155585494060828
37,9.57152391832239e-10,9.571523918322123e-10,4.284761,2.902354,1.0660256123485055e-09,1.1206626700166167e-09,1.099289114881543e-09,6.602561234850546,12.066267001661659,9.928911488154284
38,9.56490308652897e-10,9.564903086528688e-10,4.350969,2.846019,1.0630769639079028e-09,1.116478316390618e-09,1.097078176723751e-09,6.307696390790278,11.647831639061803,9.7078176723751
39,9.55845196811704e-10,9.55845196811675e-10,4.41548,2.781826,1.060120824662309e-09,1.112370863804464e-09,1.0949215073556646e-09,6.012082466230894,11.237086380446398,9.49215073556645
40,9.552165693894617e-10,9.552165693894323e-10,4.478343,4.051633,1.0571709546567676e-09,1.108345620204985e-09,1.092817621842502e-09,5.717095465676754,10.834562020498494,9.281762184250184
41,9.546039550906387e-10,9.54603955090611e-10,4.539604,4.090902,1.0542391120171676e-09,1.1044069300661218e-09,1.0907650817083699e-09,5.4239112017167574,10.440693006612173,9.076508170836979
42,9.540068725936374e-10,9.540068725936079e-10,4.599313,4.129393,1.0513350710726715e-09,1.10055803745448e-09,1.0887623781062226e-09,5.133507107267139,10.055803745447994,8.876237810622257
43,9.534245578948057e-10,9.53424557894774e-10,4.657544,4.16726,1.0484668910508798e-09,1.0968013184831566e-09,1.0868078080965497e-09,4.846689105087975,9.680131848315652,8.680780809654966
44,9.5285664248788e-10,9.528566424878496e-10,4.714336,4.204913,1.0456415345282614e-09,1.0931387167616416e-09,1.0849000922895673e-09,4.564153452826135,9.31387167616415,8.490009228956724
45,9.523031317006112e-10,9.523031317005783e-10,4.769687,4.240731,1.0428650302758924e-09,1.0895717833442996e-09,1.0830382448883653e-09,4.28650302758923,8.957178334429948,8.303824488836524
46,9.517636449712965e-10,9.517636449712663e-10,4.823636,4.276531,1.0401420787881401e-09,1.08610139298764e-09,1.0812210556223396e-09,4.014207878814006,8.610139298764002,8.122105562233957
47,9.512377412696643e-10,9.512377412696318e-10,4.876226,4.31178,1.0374764031816864e-09,1.0827279278433804e-09,1.0794473079638914e-09,3.7476403181686373,8.272792784338035,7.944730796389138
48,9.507250435501435e-10,9.507250435501106e-10,4.927496,4.34653,1.0348709348094987e-09,1.0794513547646245e-09,1.0777158520431367e-09,3.487093480949868,7.9451354764624424,7.771585204313666
49,9.502251865076282e-10,9.502251865075945e-10,4.977481,4.380829,1.0323278955538546e-09,1.0762712713813018e-09,1.0760255726601535e-09,3.2327895553854553,7.627127138130173,7.60255726601534
50,9.497376955930825e-10,9.497376955930552e-10,5.02623,4.414848,1.0298487850537078e-09,1.0731868198458526e-09,1.0743752259571912e-09,2.9848785053707716,7.318681984585254,7.437522595719111
51,9.49262151979793e-10,9.492621519797655e-10,5.073785,4.448696,1.0274346180270683e-09,1.070196913007082e-09,1.0727636596248805e-09,2.7434618027068236,7.0196913007081845,7.276365962488045
52,9.487982674628082e-10,9.487982674627844e-10,5.120173,4.482355,1.0250860635431521e-09,1.0673003598418393e-09,1.0711899142263957e-09,2.5086063543152037,6.7300359841839255,7.118991422639563
53,9.483457234573082e-10,9.483457234572867e-10,5.165428,4.515849,1.022803365292635e-09,1.064495722430602e-09,1.0696530059216626e-09,2.2803365292634954,6.449572243060188,6.965300592166253
54,9.479042111467589e-10,9.479042111467368e-10,5.209579,4.549198,1.020586436652938e-09,1.0617813931290572e-09,1.0681519799353178e-09,2.0586436652938027,6.178139312905712,6.815197993531773
55,9.47473431152153e-10,9.474734311521317e-10,5.252657,4.582422,1.0184349115919977e-09,1.0591556234713197e-09,1.0666859095798398e-09,1.843491159199766,5.915562347131964,6.6685909579839695
56,9.470530932132928e-10,9.470530932132727e-10,5.294691,4.707656,1.0163481890024362e-09,1.056616549867272e-09,1.0652538953153112e-09,1.6348189002436158,5.661654986727193,6.525389531531116
57,9.466429158816306e-10,9.466429158816097e-10,5.335708,4.746412,1.0143254714672784e-09,1.0541622163624585e-09,1.06385506384444e-09,1.432547146727838,5.416221636245848,6.385506384443991
58,9.46242626224236e-10,9.462426262242197e-10,5.375737,4.784823,1.0123657988652856e-09,1.0517905949477617e-09,1.0624885672413152e-09,1.236579886528556,5.179059494776163,6.248856724131511
59,9.45851959538508e-10,9.458519595384914e-10,5.414804,4.822918,1.0104680776759156e-09,1.0494996034124735e-09,1.0611535821124551e-09,1.04680776759155,4.94996034124734,6.115358211245505
60,9.454706590771263e-10,9.454706590771112e-10,5.452934,4.860724,1.0086311062622891e-09,1.047287121069598e-09,1.059849308789024e-09,0.8631106262289051,4.728712106959803,5.98493087890239
61,9.450984757829816e-10,9.45098475782965e-10,5.490152,4.898265,1.0068535968563898e-09,1.0451510026471607e-09,1.058574970548728e-09,0.6853596856389771,4.515100264716066,5.857497054872798
62,9.447351680335865e-10,9.44735168033572e-10,5.526483,4.935566,1.0051341945347012e-09,1.0430890902754218e-09,1.0573298128664138e-09,0.5134194534701119,4.3089090275421755,5.73298128664137
63,9.443805013947092e-10,9.443805013946962e-10,5.56195,4.972649,1.0034714934771077e-09,1.04109922404345e-09,1.0561131026919612e-09,0.3471493477107687,4.109922404344994,5.611310269196116
64,9.440342483827995e-10,9.440342483827879e-10,5.596575,5.009536,1.0018640510692275e-09,1.0391792511166112e-09,1.0549241277546967e-09,0.18640510692273912,3.9179251116611145,5.492412775469665
65,9.436961882359312e-10,9.436961882359186e-10,5.630381,5.046248,1.0003104000007266e-09,1.0373270335543924e-09,1.0537621958929459e-09,0.031040000072656986,3.7327033554392317,5.376219589294579
66,9.433661066929047e-10,9.43366106692895e-10,5.663389,5.082803,9.988090584845223e-10,1.0355404550353311e-09,1.0526266344078753e-09,0.11909415154777271,3.5540455035331076,5.262663440787522
67,9.43043795780252e-10,9.430437957802405e-10,5.69562,5.190457,9.973585391099748e-10,1.0338174266076942e-09,1.0515167894407584e-09,0.2641460890025239,3.381742660769417,5.1516789440758295
68,9.427290536067583e-10,9.427290536067457e-10,5.727095,5.194217,9.959573563184438e-10,1.032155891462654e-09,1.0504320253725041e-09,0.40426436815562156,3.2155891462653963,5.043202537250406
69,9.424216841653236e-10,9.424216841653145e-10,5.757832,5.374687,9.94604032720379e-10,1.0305538290055767e-09,1.049371724244796e-09,0.5395967279620968,3.055382900557666,4.937172424479603
70,9.421214971418293e-10,9.421214971418206e-10,5.78785,5.193468,9.932971043799414e-10,1.0290092581418144e-09,1.0483352852017842e-09,0.6702895620058682,2.9009258141814334,4.8335285201784135
71,9.418283077307274e-10,9.418283077307176e-10,5.817169,5.228947,9.920351252880467e-10,1.027520240066089e-09,1.0473221239517075e-09,0.7964874711953319,2.7520240066088997,4.732212395170745
72,9.415419364571617e-10,9.415419364571511e-10,5.845806,5.299851,9.90816671043831e-10,1.026084880303827e-09,1.0463316722475712e-09,0.918332895616911,2.6084880303826954,4.633167224757108
73,9.412622090053393e-10,9.412622090053286e-10,5.873779,5.229584,9.896403418929188e-10,1.0247013304639883e-09,1.045363377386125e-09,1.0359658107081218,2.4701330463988205,4.536337738612487
74,9.409889560529247e-10,9.409889560529133e-10,5.901104,5.27913,9.885047651736493e-10,1.0233677894390105e-09,1.0444167017245061e-09,1.1495234826350782,2.336778943901042,4.441670172450605
75,9.40722013111231e-10,9.407220131112179e-10,5.927799,5.328135,9.87408597289036e-10,1.0220825043386058e-09,1.0434911222137776e-09,1.2591402710963986,2.2082504338605697,4.349112221377752
76,9.404612203709964e-10,9.404612203709865e-10,5.953878,5.376621,9.863505252433214e-10,1.0208437710053626e-09,1.0425861299487315e-09,1.364947475667871,2.0843771005362495,4.258612994873142
77,9.402064225535632e-10,9.4020642255355e-10,5.979358,5.383757,9.853292678488339e-10,1.0196499342442972e-09,1.0417012297334772e-09,1.4670732151166166,1.964993424429715,4.17012297334771
78,9.399574687671775e-10,9.399574687671647e-10,6.004253,5.437099,9.843435765356788e-10,1.0184993879491462e-09,1.0408359396618376e-09,1.5656423464321227,1.8499387949146147,4.083593966183755
79,9.397142123683488e-10,9.39714212368333e-10,6.028579,5.48977,9.833922359585245e-10,1.0173905748271551e-09,1.0399897907125281e-09,1.6607764041475594,1.7390574827155083,3.9989790712528084
80,9.394765108279481e-10,9.394765108279318e-10,6.052349,5.541801,9.824740643513295e-10,1.0163219861059669e-09,1.03916232635803e-09,1.7525935648670512,1.6321986105966795,3.9162326358029986
81,9.392442256019797e-10,9.392442256019623e-10,6.075577,5.131268,9.815879136811426e-10,1.0152921609607964e-09,1.038353102186907e-09,1.8412086318857415,1.5292160960796297,3.835310218690686
82,9.390172220067757e-10,9.390172220067562e-10,6.098278,0.27632,9.807326695836141e-10,1.0142996859125095e-09,1.0375616855391194e-09,1.9267330416385942,1.4299685912509446,3.756168553911929
83,9.387953690984974e-10,9.38795369098478e-10,6.120463,0.285463,9.799072512722238e-10,1.0133431940340886e-09,1.0367876551536708e-09,2.0092748727776293,1.3343194034088524,3.678765515367075
84,9.385785395567745e-10,9.385785395567526e-10,6.142146,0.2902414,9.791106111948615e-10,1.0124213641432635e-09,1.036030600828151e-09,2.0889388805138522,1.2421364143263423,3.6030600828151007
85,9.383666095723029e-10,9.383666095722822e-10,6.163339,0.2941564,9.783417346692493e-10,1.011532919857738e-09,1.035290123089785e-09,2.1658265330750783,1.1532919857738004,3.5290123089785013
86,9.381594587383195e-10,9.38159458738297e-10,6.184054,0.2987389,9.775996393964347e-10,1.010676628630868e-09,1.03456583287771e-09,2.2400360603565357,1.0676628630867906,3.4565832877709908
87,9.379569699457246e-10,9.379569699457037e-10,6.204303,0.3024921,9.76883374924704e-10,1.0098513006840116e-09,1.0338573512356004e-09,2.3116625075296158,0.9851300684011491,3.3857351235600324
88,9.377590292818167e-10,9.377590292817947e-10,6.224097,0.3059378,9.761920220541306e-10,1.0090557879817286e-09,1.033164309014799e-09,2.380797794586946,0.9055787981728554,3.3164309014799027
89,9.375655259324128e-10,9.3756552593239e-10,6.243447,0.3090931,9.755246921708052e-10,1.0082889831527853e-09,1.0324863465872202e-09,2.447530782919486,0.8288983152785241,3.248634658722012
90,9.373763520873096e-10,9.373763520872846e-10,6.262365,0.2515708,9.748805265713286e-10,1.0075498183275805e-09,1.0318231135677403e-09,2.511947342867142,0.7549818327580454,3.1823113567740204
91,9.371914028489124e-10,9.37191402848887e-10,6.28086,0.2480168,9.742586957495458e-10,1.0068372640656088e-09,1.0311742685458488e-09,2.5741304250454298,0.6837264065608784,3.1174268545848745
92,9.370105761439526e-10,9.370105761439263e-10,6.298942,0.2190917,9.736583986448305e-10,1.0061503282085242e-09,1.030539478826002e-09,2.6341601355169613,0.6150328208524123,3.0539478826001933
93,9.368337726381474e-10,9.3683377263812e-10,6.316623,0.2126161,9.730788619204166e-10,1.0054880547587453e-09,1.0299184201765115e-09,2.692113807958343,0.5488054758745194,2.991842017651148
94,9.366608956537263e-10,9.366608956536984e-10,6.33391,0.2063463,9.72519339191278e-10,1.0048495227528695e-09,1.029310776586733e-09,2.7480660808722113,0.4849522752869456,2.931077658673302
95,9.364918510897039e-10,9.364918510896764e-10,6.350815,0.2002774,9.719791102562266e-10,1.0042338451626093e-09,1.0287162400319854e-09,2.802088974377347,0.42338451626091916,2.871624003198529
96,9.363265473448095e-10,9.363265473447822e-10,6.367345,0.1944045,9.714574803252818e-10,1.0036401678087287e-09,1.0281345102461845e-09,2.85425196747183,0.36401678087285905,2.8134510246184474
97,9.361648952429618e-10,9.361648952429365e-10,6.38351,0.1887227,9.709537792807807e-10,1.0030676682463958e-09,1.027565294501777e-09,2.904622071921941,0.3067668246395746,2.756529450177688
98,9.36006807961232e-10,9.360068079612037e-10,6.399319,0.1832272,9.704673609001027e-10,1.0025155547285383e-09,1.0270083073967614e-09,2.9532639099897393,0.25155547285382,2.700830739676129
99,9.35852200960147e-10,9.358522009601171e-10,6.41478,0.1752761,9.699976021271839e-10,1.0019830651850233e-09,1.0264632706485376e-09,3.0002397872816173,0.19830651850232758,2.6463270648537534
100,9.357009919163236e-10,9.357009919162953e-10,6.429901,0.170317,9.695439023071235e-10,1.0014694661095018e-09,1.025929912894222e-09,3.0456097692876547,0.1469466109501689,2.5929912894221983
101,9.355531006573004e-10,9.355531006572708e-10,6.44469,0.1164753,9.691056824927677e-10,1.0009740516866105e-09,1.0254079694975241e-09,3.0894317507232385,0.09740516866104085,2.540796949752404
102,9.35408449098481e-10,9.354084490984516e-10,6.459155,0.08837758,9.686823846888384e-10,1.0004961427274517e-09,1.0248971823614883e-09,3.1317615311161644,0.04961427274515891,2.489718236148819
103,9.352669611821688e-10,9.352669611821384e-10,6.473304,0.06145187,9.682734711944916e-10,1.0000350857573185e-09,1.024397299747322e-09,3.17265288055085,0.0035085757318444096,2.439729974732197
104,9.351285628185551e-10,9.351285628185237e-10,6.487144,0.03565149,9.678784238991737e-10,9.995902520720353e-10,1.023908076098759e-09,3.212157610082641,0.04097479279648067,2.3908076098758873
105,9.3499318182864e-10,9.349931818286083e-10,6.500682,0.0109315,9.674967436090212e-10,9.99161036879825e-10,1.023429271872154e-09,3.2503256390978814,0.08389631201749928,2.3429271872153996
106,9.348607478889936e-10,9.348607478889594e-10,6.513925,0.2013565,9.671279494064749e-10,9.987468583669196e-10,1.022960653371529e-09,3.2872050593525186,0.12531416330804518,2.296065337152892
107,9.347311924782882e-10,9.34731192478253e-10,6.526881,0.1513077,9.667715780035024e-10,9.98347156907837e-10,1.0225019925890978e-09,3.3228421996497692,0.16528430921629728,2.25019925890977
108,9.346044488255713e-10,9.346044488255349e-10,6.539555,0.1034617,9.664271831391984e-10,9.979613942255766e-10,1.0220530670504396e-09,3.3572816860801664,0.20386057744234623,2.2053067050439545
109,9.34480451860177e-10,9.34480451860137e-10,6.551955,0.05772594,9.660943349544857e-10,9.97589052577748e-10,1.0216136596645747e-09,3.390566504551433,0.24109474222519778,2.1613659664574603
110,9.343591381632384e-10,9.343591381631985e-10,6.564086,0.07863265,9.65772619444217e-10,9.97229634027051e-10,1.0211835585786695e-09,3.422738055578297,0.2770365972949124,2.118355857866947
111,9.342404459207675e-10,9.342404459207261e-10,6.575955,0.007684434,9.65461637852049e-10,9.968826596659307e-10,1.020762557037102e-09,3.453836214795096,0.31173403340693245,2.0762557037101983
112,9.34124314878193e-10,9.34124314878151e-10,6.587569,0.09026688,9.651610061465681e-10,9.965476689000404e-10,1.0203504532448488e-09,3.4838993853431948,0.34523310999596135,2.035045324484878
113,9.340106862963653e-10,9.340106862963215e-10,6.598931,0.169269,9.64870354473918e-10,9.96224218789271e-10,1.0199470502349783e-09,3.5129645526082145,0.3775781210729146,1.9947050234978239
114,9.338995029089263e-10,9.338995029088833e-10,6.61005,0.08777286,9.645893266656517e-10,9.959118833125678e-10,1.0195521557402696e-09,3.541067333434837,0.40881166874322283,1.9552155740269557
115,9.337907088810492e-10,9.33790708881004e-10,6.620929,0.1601625,9.643175797021668e-10,9.95610252792904e-10,1.0191655820685548e-09,3.5682420297833257,0.4389747207096156,1.9165582068554756
116,9.336842497694388e-10,9.336842497693923e-10,6.631575,0.2292546,9.64054783278408e-10,9.95318933225358e-10,1.0187871459818402e-09,3.5945216721592135,0.4681066774642092,1.8787145981840114
117,9.335800724836107e-10,9.335800724835654e-10,6.641993,0.2951943,9.63800619287079e-10,9.95037545694168e-10,1.0184166685790836e-09,3.6199380712920983,0.4962454305832127,1.8416668579083493
118,9.334781252483709e-10,9.33478125248324e-10,6.652187,0.2725436,9.63554781409353e-10,9.947657257692847e-10,1.0180539751824492e-09,3.6445218590647004,0.5234274230715319,1.8053975182449138
119,9.333783575674433e-10,9.333783575673957e-10,6.662164,0.3015419,9.633169746489807e-10,9.94503122995694e-10,1.0176988952268459e-09,3.668302535101932,0.549687700430605,1.7698895226845794
120,9.3328072018825e-10,9.332807201882024e-10,6.671928,0.3292377,9.63086914935548e-10,9.942494003024584e-10,1.0173512621528571e-09,3.6913085064452074,0.575059969754171,1.7351262152857045
121,9.331851650677672e-10,9.331851650677163e-10,6.681483,0.189002,9.628643287041452e-10,9.940042335174277e-10,1.0170109133027123e-09,3.713567129585482,0.599576648257239,1.70109133027122
122,9.330916453394163e-10,9.330916453393659e-10,6.690835,0.2004827,9.626489525124263e-10,9.937673108569715e-10,1.0166776898193722e-09,3.7351047487573723,0.6232689143028557,1.6677689819372121
123,9.330001152810081e-10,9.330001152809587e-10,6.699988,0.2114202,9.624405326445575e-10,9.93538332442114e-10,1.0163514365485336e-09,3.7559467355442515,0.646166755788613,1.635143654853353
124,9.329105302836315e-10,9.32910530283582e-10,6.708947,0.22184,9.622388247833428e-10,9.933170098416325e-10,1.0160320019434496e-09,3.7761175216657255,0.6682990158367558,1.6032001943449485
125,9.328228468215053e-10,9.328228468214557e-10,6.717715,0.09443946,9.620435936204545e-10,9.931030656236807e-10,1.0157192379726366e-09,3.795640637954551,0.6896934376319407,1.5719237972636513
126,9.327370224227495e-10,9.32737022422697e-10,6.726298,0.09280645,9.61854612538193e-10,9.928962329327797e-10,1.015413000030039e-09,3.8145387461807103,0.7103767067220331,1.541300003003904
127,9.32653015641021e-10,9.326530156409713e-10,6.734698,0.0912487,9.616716632792481e-10,9.926962550723116e-10,1.0151131468479722e-09,3.8328336720751914,0.7303744927688491,1.5113146847972165
128,9.325707860280533e-10,9.325707860279995e-10,6.742921,0.08356775,9.614945356255512e-10,9.925028851155792e-10,1.0148195404123808e-09,3.8505464374448866,0.7497114884420839,1.4819540412380734
129,9.324902941069466e-10,9.324902941068916e-10,6.750971,0.08180862,9.613230271238186e-10,9.923158855160324e-10,1.0145320458807696e-09,3.86769728761815,0.7684114483967662,1.453204588076957
130,9.324115013463321e-10,9.324115013462786e-10,6.75885,0.08011803,9.611569427456923e-10,9.921350277317434e-10,1.0142505315020925e-09,3.8843057254307776,0.7864972268256649,1.4250531502092485
131,9.32334370135276e-10,9.323343701352199e-10,6.766563,0.0784936,9.609960946533528e-10,9.919600919222016e-10,1.0139748685393036e-09,3.900390534664729,0.8039908077798434,1.3974868539303558
132,9.322588637589121e-10,9.322588637588538e-10,6.774114,0.07693302,9.608403018948192e-10,9.917908665511717e-10,1.0137049311938424e-09,3.915969810518089,0.8209133448828407,1.3704931193842382
133,9.321849463748337e-10,9.321849463747754e-10,6.781505,0.07543404,9.606893901686029e-10,9.916271480856062e-10,1.013440596532248e-09,3.931060983139719,0.8372851914393847,1.3440596532248035
134,9.32112582990168e-10,9.321125829901081e-10,6.788742,0.07399449,9.60543191555005e-10,9.914687406939039e-10,1.0131817444149929e-09,3.9456808444994995,0.8531259306096174,1.3181744414992815
135,9.320417394393162e-10,9.32041739439255e-10,6.795826,0.07261225,9.604015442949463e-10,9.913154559346994e-10,1.0129282574271457e-09,3.95984557050538,0.8684544065300689,1.292825742714567
136,9.31972382362364e-10,9.319723823623018e-10,6.802762,0.07128529,9.602642925256844e-10,9.911671124545428e-10,1.0126800208110117e-09,3.973570747431569,0.8832887545457244,1.2680020811011596
137,9.319044791841168e-10,9.319044791840523e-10,6.809552,0.07001163,9.601312860936133e-10,9.910235357553328e-10,1.01243692240066e-09,3.9868713906386737,0.8976464244667235,1.2436922400659849
138,9.318379980937403e-10,9.318379980936754e-10,6.8162,0.06878933,9.600023803157783e-10,9.908845578777728e-10,1.012198852558217e-09,3.999761968422175,0.9115442122227214,1.2198852558216997
139,9.317729080250115e-10,9.317729080249447e-10,6.822709,0.06761656,9.598774357836263e-10,9.90750017171958e-10,1.0119657041119362e-09,4.012256421637376,0.9249982828042066,1.1965704111936109
140,9.317091786371173e-10,9.317091786370495e-10,6.829082,0.0664915,9.597563181471605e-10,9.90619758041802e-10,1.0117373722959553e-09,4.02436818528396,0.9380241958198164,1.1737372295955257
141,9.316467802960307e-10,9.316467802959612e-10,6.835322,0.06541243,9.596388979618862e-10,9.904936307304116e-10,1.0115137546917202e-09,4.036110203811387,0.9506369269588416,1.1513754691720095
142,9.315856840564057e-10,9.315856840563335e-10,6.841432,0.06437765,9.595250504554423e-10,9.90371491064446e-10,1.0112947511709277e-09,4.047494954455775,0.9628508935554081,1.1294751170927648
143,9.315258616440018e-10,9.315258616439273e-10,6.847414,0.06338554,9.594146553823937e-10,9.90253200249299e-10,1.0110802638401328e-09,4.05853446176064,0.9746799750701107,1.108026384013269
144,9.31467285438606e-10,9.3146728543853e-10,6.853271,0.06243451,9.593075968509337e-10,9.90138624670464e-10,1.01087019698672e-09,4.069240314906638,0.9861375329535965,1.0870196986719836
145,9.314099284574445e-10,9.31409928457367e-10,6.859007,0.06152305,9.592037631477926e-10,9.90027635672324e-10,1.0106644570264417e-09,4.07962368522075,0.9972364327676083,1.066445702644168
146,9.313537643390643e-10,9.313537643389847e-10,6.864624,0.06064969,9.591030465874642e-10,9.899201093757215e-10,1.010462952452286e-09,4.089695341253588,1.007989062427854,1.0462952452286
147,9.31298767327666e-10,9.312987673275831e-10,6.870123,0.05981299,9.59005343365217e-10,9.898159265055462e-10,1.0102655937847259e-09,4.0994656634783135,1.0184073494453856,1.0265593784725815
148,9.312449122578834e-10,9.312449122577978e-10,6.875509,0.05901159,9.589105533949212e-10,9.89714972191761e-10,1.0100722935233503e-09,4.108944660507886,1.0285027808239133,1.0072293523350189
149,9.311921745399903e-10,9.311921745399044e-10,6.880783,0.05824414,9.588185801842302e-10,9.896171358032032e-10,1.0098829660996447e-09,4.118141981576989,1.0382864196796833,0.9882966099644647
150,9.31140530145529e-10,9.311405301454392e-10,6.885947,0.05750938,9.587293307073837e-10,9.895223107951673e-10,1.0096975278311888e-09,4.127066929261632,1.047768920483272,0.9697527831188719
151,9.310899555933125e-10,9.310899555932207e-10,6.891004,0.05680605,9.586427152414519e-10,9.894303945360947e-10,1.009515896876925e-09,4.135728475854821,1.0569605463905318,0.9515896876924921
152,9.310404279358555e-10,9.310404279357594e-10,6.895957,0.05613296,9.585586472793319e-10,9.893412881685355e-10,1.009337993193652e-09,4.14413527206682,1.0658711831464611,0.9337993193651939
153,9.30991924746145e-10,9.309919247460447e-10,6.900808,0.05548895,9.584770433891199e-10,9.892548964690205e-10,1.0091637384936846e-09,4.152295661088017,1.0745103530979552,0.9163738493684572
154,9.309444241047988e-10,9.309444241046976e-10,6.905558,0.0548729,9.583978231097497e-10,9.891711276879327e-10,1.0089930562035551e-09,4.16021768902504,1.0828872312067404,0.8993056203555079
155,9.308979045875799e-10,9.308979045874745e-10,6.91021,0.05428375,9.583209088153615e-10,9.890898934222988e-10,1.0088258714238278e-09,4.167909118463853,1.09101065777013,0.8825871423827711
156,9.308523452532243e-10,9.308523452531161e-10,6.914765,0.05372044,9.58246225646982e-10,9.890111085037087e-10,1.0086621108899334e-09,4.175377435301815,1.098889149629135,0.8662110889933365
157,9.308077256316402e-10,9.308077256315274e-10,6.919227,0.05318197,9.581737013788348e-10,9.889346908569548e-10,1.0085017029340439e-09,4.1826298621165305,1.1065309143045268,0.85017029340438
158,9.307640257123932e-10,9.307640257122797e-10,6.923597,0.05266739,9.581032663400946e-10,9.88860561385794e-10,1.008344577447907e-09,4.189673365990544,1.1139438614206134,0.8344577447907024
159,9.307212259335463e-10,9.307212259334257e-10,6.927877,0.05217574,9.58034853307879e-10,9.887886438574772e-10,1.008190665846614e-09,4.196514669212098,1.1211356142522897,0.8190665846613892
160,9.306793071707371e-10,9.306793071706156e-10,6.932069,0.05170614,9.57968397408075e-10,9.887188648104672e-10,1.0080399010333144e-09,4.203160259192516,1.1281135189532903,0.8039901033314305
161,9.306382507266334e-10,9.306382507265082e-10,6.936175,0.05125771,9.579038360534286e-10,9.886511534152634e-10,1.0078922173648481e-09,4.209616394657149,1.1348846584736698,0.789221736484806
162,9.305980383205939e-10,9.305980383204655e-10,6.940196,0.05082962,9.57841108837519e-10,9.885854413965457e-10,1.0077475506182158e-09,4.215889116248096,1.1414558603454334,0.7747550618215706
163,9.305586520786606e-10,9.305586520785249e-10,6.944135,0.05042106,9.577801574589715e-10,9.88521662940549e-10,1.0076058379578903e-09,4.2219842541028525,1.147833705945098,0.7605837957890226
164,9.305200745237767e-10,9.305200745236369e-10,6.947993,0.05003125,9.57720925656566e-10,9.884597545945117e-10,1.0074670179040184e-09,4.227907434343397,1.154024540548838,0.7467017904018355
165,9.304822885663099e-10,9.30482288566164e-10,6.951771,0.04965945,9.576633591066775e-10,9.883996551563736e-10,1.0073310303013282e-09,4.23366408933226,1.1600344843626496,0.7331030301328095
166,9.304452774947804e-10,9.304452774946316e-10,6.955472,0.04930492,9.576074053764576e-10,9.883413056271405e-10,1.0071978162888612e-09,4.239259462354243,1.1658694372859593,0.7197816288861155
167,9.304090249668744e-10,9.304090249667227e-10,6.959098,0.04896699,9.575530138432805e-10,9.882846491083786e-10,1.0070673182705632e-09,4.244698615671955,1.17153508916215,0.706731827056315
168,9.303735150006677e-10,9.303735150005101e-10,6.962648,0.04864497,9.57500135626077e-10,9.882296307084333e-10,1.0069394798862912e-09,4.249986437392304,1.1770369291566793,0.693947988629114
169,9.303387319660837e-10,9.303387319659197e-10,6.966127,0.04833823,9.574487235324656e-10,9.881761975049822e-10,1.0068142459840177e-09,4.255127646753444,1.182380249501789,0.6814245984017664
170,9.303046605765809e-10,9.303046605764148e-10,6.969534,0.04804614,9.573987319864384e-10,9.881242984146242e-10,1.0066915625922487e-09,4.260126801356164,1.1875701585375849,0.6691562592248614
171,9.302712858810747e-10,9.302712858809003e-10,6.972871,0.0477681,9.573501169673966e-10,9.880738841971707e-10,1.006571376893434e-09,4.26498830326035,1.1926115802829387,0.657137689343393
172,9.302385932560131e-10,9.302385932558355e-10,6.976141,0.04750353,9.573028359653528e-10,9.880249073028223e-10,1.0064536371979311e-09,4.269716403464729,1.1975092697177732,0.6453637197931047
173,9.302065683977348e-10,9.302065683975518e-10,6.979343,0.04725189,9.572568479100511e-10,9.879773218914516e-10,1.0063382929185466e-09,4.274315208994891,1.2022678108548412,0.633829291854656
174,9.301751973149576e-10,9.301751973147685e-10,6.98248,0.04701264,9.572121131362565e-10,9.879310836914384e-10,1.0062252945458238e-09,4.27878868637436,1.2068916308561641,0.6225294545823785
175,9.301444663214984e-10,9.301444663213026e-10,6.985553,0.04678527,9.57168593310489e-10,9.878861500133116e-10,1.0061145936238542e-09,4.283140668951113,1.211384998668845,0.6114593623854139
176,9.301143620291629e-10,9.301143620289638e-10,6.988564,0.04656928,9.571262514101488e-10,9.878424796341559e-10,1.0060061427266674e-09,4.287374858985126,1.21575203658442,0.6006142726667333
177,9.300848713408408e-10,9.300848713406336e-10,6.991513,0.04636419,9.5708505164792e-10,9.87800032757464e-10,1.0058998954352172e-09,4.291494835207996,1.2199967242536032,0.5899895435217147
178,9.300559814437286e-10,9.30055981443518e-10,6.994402,0.04616956,9.57044959442061e-10,9.877587709960582e-10,1.005795806315e-09,4.295504055793896,1.2241229003941831,0.5795806314999984
179,9.300276798027936e-10,9.30027679802575e-10,6.997232,0.04598494,9.570059413801824e-10,9.877186572674111e-10,1.0056938308940102e-09,4.299405861981768,1.2281342732588936,0.5693830894010093
180,9.299999541543312e-10,9.299999541541064e-10,7.000005,0.0458099,9.569679651522513e-10,9.876796557736118e-10,1.005593925641497e-09,4.30320348477488,1.2320344226388225,0.5593925641496957
181,9.299727924997462e-10,9.299727924995123e-10,7.002721,0.04564404,9.56930999532768e-10,9.876417319370169e-10,1.0054960479469585e-09,4.306900046723197,1.235826806298319,0.5496047946958413
182,9.299461830994423e-10,9.299461830992037e-10,7.005382,0.04548698,9.56895014343318e-10,9.876048524062732e-10,1.005400156099855e-09,4.31049856566821,1.2395147593726823,0.5400156099854879
183,9.299201144669103e-10,9.299201144666655e-10,7.007989,0.04533833,9.568599803970166e-10,9.875689849304054e-10,1.0053062092696655e-09,4.3140019602983495,1.2431015069594633,0.5306209269665411
184,9.298945753629234e-10,9.298945753626717e-10,7.010542,0.04519773,9.568258694683618e-10,9.875340983701284e-10,1.005214167486504e-09,4.317413053163824,1.246590162987171,0.5214167486503959
185,9.298695547898996e-10,9.298695547896423e-10,7.013045,0.04506483,9.56792654274291e-10,9.875001626617113e-10,1.0051239916221528e-09,4.320734572570909,1.2499837338288733,0.5123991622152744
186,9.298450419864093e-10,9.29845041986142e-10,7.015496,0.04493931,9.56760308422119e-10,9.87467148740723e-10,1.0050356433715405e-09,4.323969157788115,1.2532851259277054,0.5035643371540438
187,9.298210264217864e-10,9.298210264215137e-10,7.017897,0.04482084,9.567288063847028e-10,9.874350285476065e-10,1.0049490852346708e-09,4.327119361529721,1.2564971452393516,0.4949085234670753
188,9.297974977909266e-10,9.297974977906485e-10,7.02025,0.04470911,9.566981234724036e-10,9.874037749500229e-10,1.0048642804990255e-09,4.330187652759643,1.2596225049977192,0.4864280499025409
189,9.297744460091664e-10,9.297744460088801e-10,7.022555,0.04460383,9.566682357991492e-10,9.873733617494685e-10,1.0047811932222248e-09,4.3331764200850875,1.2626638250531523,0.4781193222224778
190,9.29751861207302e-10,9.297518612070076e-10,7.024814,0.04450472,9.56639120259137e-10,9.87343763616089e-10,1.0046997882153518e-09,4.336087974086307,1.2656236383911126,0.46997882153517173
191,9.297297337267424e-10,9.297297337264405e-10,7.027027,0.04441149,9.566107544853615e-10,9.87314956071267e-10,1.0046200310263747e-09,4.338924551463852,1.2685043928733108,0.4620031026374658
192,9.297080541147694e-10,9.297080541144606e-10,7.029195,0.04432389,9.56583116847749e-10,9.872869154440062e-10,1.004541887924129e-09,4.3416883152251105,1.2713084555993892,0.45418879241288446
193,9.2968681311992e-10,9.296868131196015e-10,7.031319,0.04424167,9.565561864031059e-10,9.872596188709102e-10,1.0044653258827447e-09,4.344381359689421,1.274038112908989,0.4465325882744655
194,9.296660016874642e-10,9.296660016871393e-10,7.0334,0.04416458,9.565299428823633e-10,9.872330442256842e-10,1.0043903125661722e-09,4.347005711763675,1.2766955774315838,0.439031256617209
195,9.296456109550241e-10,9.29645610954692e-10,7.035439,0.04409239,9.565043666713712e-10,9.87207170139316e-10,1.0043168163133338e-09,4.349563332862884,1.2792829860684076,0.4316816313333704
196,9.296256322482695e-10,9.296256322479275e-10,7.037437,0.04402488,9.564794387770335e-10,9.871819759253476e-10,1.0042448061234534e-09,4.3520561222966565,1.2818024074652439,0.4244806123453318
197,9.296060570767242e-10,9.296060570763743e-10,7.039394,0.04396184,9.564551408108015e-10,9.871574415850266e-10,1.0041742516418081e-09,4.354485918919857,1.2842558414973424,0.4174251641808043
198,9.29586877129689e-10,9.2958687712933e-10,7.041312,0.04390305,9.564314549656546e-10,9.871335477845884e-10,1.0041051231457506e-09,4.3568545034345485,1.2866452215411657,0.4105123145750576
199,9.295680842722389e-10,9.295680842718736e-10,7.043192,0.04384833,9.564083640089264e-10,9.871102758200021e-10,1.0040373915311011e-09,4.3591635991073625,1.2889724179997928,0.403739153110105
200,9.295496705413427e-10,9.295496705409677e-10,7.045033,0.04379749,9.563858512389556e-10,9.870876075766096e-10,1.0039710282988146e-09,4.361414876104443,1.2912392423390426,0.3971028298814536
201,9.295316281420411e-10,9.295316281416574e-10,7.046837,0.04375034,9.563639004859802e-10,9.870655255641773e-10,1.003906005541974e-09,4.363609951401988,1.293447443582276,0.39060055419740397
202,9.29513949443749e-10,9.295139494433581e-10,7.048605,0.04370671,9.56342496087705e-10,9.870440128264784e-10,1.003842295933056e-09,4.36575039122951,1.2955987173521621,0.384229593305585
203,9.294966269766334e-10,9.294966269762316e-10,7.050337,0.04366643,9.56321622860833e-10,9.870230529788144e-10,1.0037798727115204e-09,4.367837713916713,1.2976947021185663,0.3779872711520383
204,9.294796534280584e-10,9.294796534276487e-10,7.052035,0.04362935,9.563012661043492e-10,9.87002630155518e-10,1.0037187096716825e-09,4.3698733895650825,1.299736984448211,0.3718709671682405
205,9.2946302163915e-10,9.294630216387331e-10,7.053698,0.04359531,9.56281411575035e-10,9.869827289879803e-10,1.0036587811507523e-09,4.371858842496504,1.3017271012019767,0.36587811507522744
206,9.294467246014182e-10,9.294467246009913e-10,7.055328,0.04356416,9.562620454667367e-10,9.869633346234318e-10,1.0036000620173405e-09,4.373795453326332,1.3036665376568308,0.3600062017340409
207,9.294307554534515e-10,9.294307554530153e-10,7.056924,0.04353577,9.562431543950988e-10,9.869444326660924e-10,1.0035425276600534e-09,4.375684560490122,1.305556733390762,0.3542527660053358
208,9.294151074777124e-10,9.294151074772691e-10,7.058489,0.04350999,9.562247253972643e-10,9.869260091856068e-10,1.0034861539764103e-09,4.377527460273573,1.3073990814393255,0.34861539764102
209,9.293997740973979e-10,9.293997740969451e-10,7.060023,0.03425093,9.562067458921857e-10,9.869080506909426e-10,1.0034309173620415e-09,4.37932541078144,1.3091949309057487,0.34309173620414324
210,9.293847488733633e-10,9.293847488728984e-10,7.061525,0.03733402,9.561892036990677e-10,9.86890544108068e-10,1.0033767947000256e-09,4.381079630093239,1.3109455891932023,0.33767947000255716
211,9.293700255011196e-10,9.293700255006477e-10,7.062997,0.04034947,9.561720869983973e-10,9.868734767985752e-10,1.0033237633506007e-09,4.382791300160274,1.3126523201424865,0.3323763350600686
212,9.293555978079329e-10,9.293555978074499e-10,7.06444,0.0432988,9.56155384329929e-10,9.868568364973424e-10,1.0032718011409777e-09,4.3844615670071,1.3143163502657667,0.32718011409776626
213,9.293414597499344e-10,9.293414597494402e-10,7.065854,0.04618349,9.56139084583028e-10,9.868406113361284e-10,1.0032208863554919e-09,4.386091541697216,1.3159388663871654,0.32208863554918
214,9.293276054093444e-10,9.293276054088391e-10,7.067239,0.04900502,9.561231769814092e-10,9.868247898037722e-10,1.0031709977259031e-09,4.387682301859088,1.3175210196227831,0.31709977259030747
215,9.293140289917373e-10,9.293140289912239e-10,7.068597,0.05176481,9.561076510682055e-10,9.868093607723541e-10,1.003122114421903e-09,4.389234893179453,1.3190639227645942,0.31221144219030095
216,9.293007248233847e-10,9.293007248228622e-10,7.069928,0.04338363,9.560924967033756e-10,9.86794313430195e-10,1.0030742160418962e-09,4.390750329662445,1.3205686569805073,0.30742160418961545
217,9.292876873486405e-10,9.292876873481073e-10,7.071231,0.04337621,9.560777040500233e-10,9.867796373218113e-10,1.0030272826039076e-09,4.392229594997679,1.3220362678188757,0.30272826039075135
218,9.292749111273964e-10,9.292749111268538e-10,7.072509,0.04337034,9.560632635600852e-10,9.867653222918074e-10,1.0029812945367953e-09,4.393673643991485,1.323467770819264,0.2981294536795197
219,9.292623908326016e-10,9.292623908320491e-10,7.073761,0.04336594,9.560491659690976e-10,9.867513585160826e-10,1.0029362326715053e-09,4.395083403090242,1.3248641483917423,0.2936232671505261
220,9.292501212478294e-10,9.292501212472652e-10,7.074988,0.04336292,9.560354022874868e-10,9.86737736457475e-10,1.0028920782327034e-09,4.3964597712513225,1.3262263542525,0.28920782327033284
221,9.292380972648961e-10,9.292380972643221e-10,7.07619,0.0433612,9.560219637910422e-10,9.867244468921098e-10,1.0028488128304152e-09,4.397803620895789,1.3275553107890243,0.2848812830415103
222,9.292263138815539e-10,9.292263138809681e-10,7.077369,0.04336072,9.560088420097419e-10,9.867114808427068e-10,1.002806418451995e-09,4.399115799025816,1.3288519157293295,0.2806418451994856
223,9.292147661992063e-10,9.292147661986102e-10,7.078523,0.0433614,9.559960287198752e-10,9.866988296247593e-10,1.0027648774540915e-09,4.400397128012481,1.3301170375240752,0.27648774540914367
224,9.292034494207057e-10,9.292034494200982e-10,7.079655,0.04336319,9.559835159396845e-10,9.86686484810513e-10,1.002724172555077e-09,4.401648406031556,1.3313515189487093,0.2724172555076883
225,9.291923588481739e-10,9.291923588475571e-10,7.080764,0.043366,9.559712959155848e-10,9.866744382275428e-10,1.0026842868273e-09,4.402870408441531,1.3325561772457246,0.26842868272998716
226,9.291814898808947e-10,9.29181489880269e-10,7.081851,0.04336979,9.559593611226743e-10,9.86662681954061e-10,1.0026452036897923e-09,4.404063887732581,1.3337318045938966,0.2645203689792261
227,9.291708380132398e-10,9.291708380126029e-10,7.082916,0.04337449,9.55947704250614e-10,9.866512082877352e-10,1.0026069069008994e-09,4.405229574938598,1.3348791712264847,0.2606906900899325
228,9.29160398832639e-10,9.291603988319899e-10,7.08396,0.04338005,9.55936318200074e-10,9.866400097751809e-10,1.0025693805513309e-09,4.406368179992599,1.3359990224819212,0.25693805513308204
229,9.291501680176045e-10,9.291501680169452e-10,7.084983,0.04338642,9.559251960694242e-10,9.866290791665923e-10,1.0025326090571056e-09,4.407480393057585,1.337092083340772,0.25326090571055415
230,9.291401413358039e-10,9.29140141335133e-10,7.085986,0.04339354,9.55914331164173e-10,9.866184094399117e-10,1.0024965771528076e-09,4.408566883582698,1.3381590560088397,0.24965771528075295
231,9.291303146421569e-10,9.291303146414757e-10,7.086969,0.04340137,9.559037169719993e-10,9.866079937718174e-10,1.0024612698849358e-09,4.409628302800077,1.339200622818271,0.24612698849357453
232,9.291206838769963e-10,9.291206838763043e-10,7.087932,0.04340986,9.558933471669833e-10,9.865978255390722e-10,1.0024266726054132e-09,4.410665283301681,1.340217446092789,0.24266726054131832
233,9.291112450642558e-10,9.291112450635502e-10,7.088875,0.04341897,9.558832156019744e-10,9.865878983220744e-10,1.0023927709651932e-09,4.411678439802561,1.341210167792564,0.23927709651931778
234,9.291019943096942e-10,9.291019943089778e-10,7.089801,0.04342865,9.558733163008219e-10,9.865782058747219e-10,1.0023595509081208e-09,4.412668369917819,1.3421794125278188,0.23595509081206917
235,9.290929277991796e-10,9.290929277984549e-10,7.090707,0.04343887,9.558636434660565e-10,9.865687421382735e-10,1.002326998664742e-09,4.413635653394358,1.3431257861726589,0.23269986647419005
236,9.29084041797001e-10,9.290840417962626e-10,7.091596,0.04344958,9.558541914391057e-10,9.865595012419821e-10,1.002295100746412e-09,4.4145808560894375,1.3440498758017945,0.229510074641198
237,9.290753326441924e-10,9.290753326434422e-10,7.092467,0.04346076,9.558449547388784e-10,9.865504774589631e-10,1.0022638439394573e-09,4.415504526112161,1.344952254103693,0.22638439394572774
238,9.2906679675694e-10,9.290667967561782e-10,7.09332,0.04347235,9.558359280364316e-10,9.865416652428886e-10,1.0022332152994527e-09,4.4164071963568485,1.345833475711144,0.2233215299452671
239,9.290584306249886e-10,9.290584306242166e-10,7.094157,0.04348435,9.558271061323836e-10,9.86533059206289e-10,1.0022032021456535e-09,4.417289386761645,1.3466940793710995,0.2203202145653403
240,9.290502308101053e-10,9.290502308093192e-10,7.094977,0.0434967,9.558184839896943e-10,9.865246541072291e-10,1.0021737920555308e-09,4.4181516010305755,1.3475345892770951,0.2173792055530724
241,9.290421939445491e-10,9.290421939437506e-10,7.095781,0.04350939,9.558100567046517e-10,9.865164448650134e-10,1.0021449728594267e-09,4.4189943295348355,1.3483555134986625,0.2144972859426652
242,9.290343167296057e-10,9.290343167287984e-10,7.096568,0.04352237,9.5580181949841e-10,9.865084265334531e-10,1.0021167326353182e-09,4.419818050158999,1.3491573466546944,0.21167326353181262
243,9.290265959341474e-10,9.290265959333273e-10,7.09734,0.01439203,9.55793767730329e-10,9.865005943109916e-10,1.0020890597037402e-09,4.4206232269671055,1.349940568900851,0.2089059703740187
244,9.290190283931941e-10,9.290190283923617e-10,7.098097,0.01912613,9.557858968844437e-10,9.86492943519337e-10,1.0020619426226588e-09,4.42141031155564,1.3507056480663118,0.20619426226586943
245,9.290116110065466e-10,9.290116110057026e-10,7.098839,0.02375565,9.557782025734991e-10,9.864854696364999e-10,1.0020353701826982e-09,4.422179742650094,1.3514530363500181,0.20353701826981177
246,9.290043407374298e-10,9.290043407365733e-10,7.099566,0.0282831,9.557706805179044e-10,9.864781682413476e-10,1.0020093314022664e-09,4.422931948209563,1.352183175865242,0.20093314022663422
247,9.289972146111601e-10,9.289972146102919e-10,7.100279,0.03271092,9.557633265539564e-10,9.864710350435971e-10,1.0019838155228892e-09,4.423667344604363,1.3528964956402922,0.19838155228891585
248,9.289902297138574e-10,9.289902297129777e-10,7.100977,0.03704152,9.55756136639008e-10,9.864640658852087e-10,1.0019588120045967e-09,4.424386336099206,1.3535934114791346,0.19588120045966667
249,9.289833831911749e-10,9.28983383190282e-10,7.101662,0.03611211,9.557491068302607e-10,9.864572566981954e-10,1.0019343105214102e-09,4.425089316973931,1.3542743301804678,0.19343105214101777
250,9.289766722470511e-10,9.289766722461462e-10,7.102333,0.04181162,9.55742233294379e-10,9.864506035557802e-10,1.001910300956961e-09,4.425776670562106,1.354939644421983,0.1910300956960845
251,9.289700941425068e-10,9.289700941415894e-10,7.102991,0.04738445,9.557355122974045e-10,9.86444102615271e-10,1.001886773400148e-09,4.4264487702595545,1.3555897384729152,0.18867734001479985
252,9.289636461944503e-10,9.289636461935198e-10,7.103635,0.05283365,9.557289402058365e-10,9.864377501469975e-10,1.0018637181409582e-09,4.427105979416361,1.3562249853002557,0.18637181409581627
253,9.289573257745168e-10,9.289573257735723e-10,7.104267,0.05816222,9.557225134761507e-10,9.86431542531582e-10,1.0018411256663098e-09,4.427748652384933,1.3568457468418025,0.18411256663097128
254,9.289511303079264e-10,9.289511303069719e-10,7.104887,0.06337307,9.557162286625997e-10,9.86425476230182e-10,1.0018189866559356e-09,4.428377133740032,1.3574523769818005,0.18189866559355844
255,9.289450572723875e-10,9.289450572714206e-10,7.105494,0.068469,9.557100824159009e-10,9.864195478202656e-10,1.00179729197861e-09,4.42899175840992,1.358045217973445,0.17972919786098818
256,9.289391041969888e-10,9.289391041960081e-10,7.10609,0.07345278,9.557040714602257e-10,9.8641375394914e-10,1.0017760326880625e-09,4.429592853977435,1.3586246050860045,0.1776032688062433
257,9.28933268661139e-10,9.289332686601472e-10,7.106673,0.0720041,9.556981926196489e-10,9.864080913816752e-10,1.0017552000193035e-09,4.430180738035119,1.359190861832484,0.17552000193034198
258,9.289275482935341e-10,9.289275482925306e-10,7.107245,0.07548015,9.556924427913168e-10,9.864025569459942e-10,1.0017347853848761e-09,4.430755720868327,1.3597443054005833,0.17347853848760428
259,9.289219407711288e-10,9.2892194077011e-10,7.107806,0.04376801,9.55686818948681e-10,9.863971475625967e-10,1.0017147803711876e-09,4.431318105131898,1.360285243740339,0.17147803711875606
260,9.289164438181285e-10,9.289164438170983e-10,7.108356,0.04378294,9.556813181594922e-10,9.863918602353295e-10,1.0016951767350366e-09,4.431868184050789,1.3608139764670533,0.16951767350365812
261,9.289110552050351e-10,9.289110552039919e-10,7.108894,0.04379784,9.556759375501597e-10,9.863866920506265e-10,1.0016759664000318e-09,4.432406244984034,1.3613307949373536,0.16759664000317806
262,9.289057727476724e-10,9.289057727466141e-10,7.109423,0.0438127,9.556706743283162e-10,9.863816401650725e-10,1.001657141453207e-09,4.432932567168387,1.3618359834927563,0.16571414532068757
263,9.289005943062487e-10,9.289005943051789e-10,7.109941,0.04382752,9.556655257746574e-10,9.863767018188922e-10,1.0016386941416836e-09,4.433447422534263,1.3623298181107812,0.1638694141683569
264,9.288955177844566e-10,9.288955177833752e-10,7.110448,0.04384228,9.556604892306074e-10,9.863718743128002e-10,1.001620616869429e-09,4.4339510769392705,1.362812568719984,0.16206168694290013
265,9.288905411285656e-10,9.288905411274696e-10,7.110946,0.04385698,9.556555621152781e-10,9.863671550338714e-10,1.0016029021939742e-09,4.434443788472195,1.363284496612865,0.16029021939741195
266,9.288856623265369e-10,9.288856623254291e-10,7.111434,0.04387161,9.556507419041781e-10,9.863625414230402e-10,1.0015855428233184e-09,4.434925809582192,1.3637458576959856,0.1585542823318367
267,9.288808794071832e-10,9.288808794060606e-10,7.111912,0.04388616,9.556460261452999e-10,9.863580309857228e-10,1.0015685316129325e-09,4.435397385470018,1.364196901427725,0.15685316129323934
268,9.288761904393059e-10,9.288761904381721e-10,7.112381,0.04390063,9.556414124422143e-10,9.863536213106669e-10,1.0015518615625733e-09,4.435858755778581,1.36463786893332,0.1551861562573204
269,9.288715935308937e-10,9.288715935297477e-10,7.112841,0.04391501,9.556368984560958e-10,9.863493100348973e-10,1.0015355258135148e-09,4.436310154390428,1.3650689965102718,0.15355258135147587
270,9.288670868283026e-10,9.288670868271426e-10,7.113291,0.0439293,9.556324819150096e-10,9.863450948644364e-10,1.0015195176455493e-09,4.436751808499048,1.3654905135563613,0.15195176455492346
271,9.288626685154675e-10,9.28862668514294e-10,7.113733,0.04394348,9.556281605968216e-10,9.863409735501693e-10,1.0015038304741947e-09,4.437183940317849,1.3659026449830718,0.15038304741946718
272,9.288583368131375e-10,9.288583368119493e-10,7.114166,0.04395756,9.556239323348362e-10,9.863369439168912e-10,1.0014884578479612e-09,4.437606766516389,1.366305608310884,0.14884578479611413
273,9.288540899781105e-10,9.288540899769094e-10,7.114591,0.04397154,9.55619795022661e-10,9.86333003832902e-10,1.0014733934456143e-09,4.438020497733896,1.3666996167098044,0.14733934456142253
274,9.288499263025044e-10,9.288499263012902e-10,7.115007,0.04398539,9.556157465966178e-10,9.863291512249494e-10,1.0014586310734824e-09,4.438425340338222,1.3670848775050644,0.14586310734823363
275,9.288458441130232e-10,9.288458441117961e-10,7.115416,0.04399913,9.556117850484413e-10,9.863253840767259e-10,1.0014441646629295e-09,4.438821495155875,1.3674615923274183,0.14441646629294747
276,9.288418417702525e-10,9.288418417690121e-10,7.115816,0.04401276,9.556079084244064e-10,9.863217004195327e-10,1.0014299882677846e-09,4.439209157559366,1.3678299580467408,0.14299882677845574
277,9.288379176679649e-10,9.288379176667102e-10,7.116208,0.04402625,9.556041148060157e-10,9.863180983324971e-10,1.0014160960618128e-09,4.439588519398434,1.3681901667502936,0.14160960618127272
278,9.288340702324338e-10,9.288340702311672e-10,7.116593,0.04403962,9.556004023311596e-10,9.863145759429961e-10,1.0014024823363354e-09,4.439959766884048,1.3685424057003939,0.14024823363353475
279,9.288302979217806e-10,9.288302979205014e-10,7.11697,0.04405286,9.555967691815265e-10,9.863111314267372e-10,1.0013891414977988e-09,4.440323081847359,1.3688868573262867,0.13891414977987107
280,9.288265992253134e-10,9.288265992240196e-10,7.11734,0.04406597,9.555932135830263e-10,9.863077630130091e-10,1.0013760680654437e-09,4.440678641697373,1.3692236986990929,0.1376068065443665
281,9.28822972662887e-10,9.288229726615804e-10,7.117703,0.04407895,9.55589733799408e-10,9.863044689492549e-10,1.0013632566690342e-09,4.441026620059196,1.3695531050745204,0.13632566690341755
282,9.288194167842875e-10,9.28819416782967e-10,7.118058,0.04409179,9.555863281476603e-10,9.863012475659567e-10,1.0013507020465622e-09,4.441367185233974,1.3698752434043346,0.1350702046562105
283,9.288159301686123e-10,9.288159301672793e-10,7.118407,0.04410449,9.555829949701873e-10,9.862980971985504e-10,1.001338399042097e-09,4.441700502981276,1.3701902801449648,0.13383990420969583
284,9.288125114236803e-10,9.288125114223316e-10,7.118749,0.04411705,9.555797326590709e-10,9.862950162429886e-10,1.0013263426036388e-09,4.442026734092917,1.3704983757011453,0.13263426036387274
285,9.2880915918543e-10,9.288091591840683e-10,7.119084,0.04412948,9.555765396446614e-10,9.862920031307034e-10,1.0013145277809447e-09,4.4423460355338635,1.370799686929667,0.13145277809446823
286,9.288058721173636e-10,9.288058721159881e-10,7.119413,0.04414176,9.555734143938754e-10,9.862890563354032e-10,1.0013029497235277e-09,4.4426585606124664,1.3710943664596846,0.1302949723527593
287,9.288026489099731e-10,9.288026489085836e-10,7.119735,0.0441539,9.555703554056724e-10,9.862861743503538e-10,1.0012916036786226e-09,4.442964459432766,1.3713825649646276,0.129160367862252
288,9.287994882801933e-10,9.287994882787898e-10,7.120051,0.04416589,9.555673612186838e-10,9.862833557355083e-10,1.0012804849891642e-09,4.443263878131624,1.3716644264491757,0.12804849891641504
289,9.287963889708615e-10,9.287963889694437e-10,7.120361,0.04417775,9.55564430408276e-10,9.862805990547694e-10,1.0012695890918901e-09,4.443556959172414,1.3719400945230706,0.12695890918900735
290,9.287933497501912e-10,9.287933497487594e-10,7.120665,0.04418946,9.555615615784108e-10,9.862779029377272e-10,1.0012589115154567e-09,4.443843842158924,1.372209706227289,0.12589115154566702
291,9.287903694112507e-10,9.287903694098081e-10,7.120963,0.04420102,9.555587533700587e-10,9.862752660167952e-10,1.0012484478784519e-09,4.444124662994136,1.3724733983204909,0.12484478784518104
292,9.287874467714714e-10,9.287874467700135e-10,7.121255,0.04421244,9.555560044525622e-10,9.86272686978103e-10,1.001238193887769e-09,4.444399554743786,1.3727313021897078,0.12381938877690309
293,9.287845806721309e-10,9.287845806706563e-10,7.121542,0.04422371,9.555533135322574e-10,9.862701645315159e-10,1.0012281453366683e-09,4.444668646774266,1.3729835468484184,0.12281453366682095
294,9.287817699778743e-10,9.28781769976387e-10,7.121823,0.04423484,9.555506793368166e-10,9.86267697413018e-10,1.001218298103055e-09,4.4449320663183425,1.373230258698216,0.12182981030550298
295,9.287790135762551e-10,9.287790135747521e-10,7.122099,0.04424583,9.555481006306126e-10,9.862652844081278e-10,1.0012086481478426e-09,4.445189936938745,1.3734715591872262,0.1208648147842543
296,9.287763103772411e-10,9.287763103757286e-10,7.122369,0.04425667,9.55545576203368e-10,9.862629243112549e-10,1.0011991915131612e-09,4.4454423796632065,1.373707568874521,0.11991915131611494
297,9.287736593127955e-10,9.287736593112656e-10,7.122634,0.04426737,9.555431048805618e-10,9.862606159503398e-10,1.001189924320783e-09,4.445689511943826,1.3739384049660306,0.11899243207830254
298,9.287710593363853e-10,9.287710593348415e-10,7.122894,0.04427792,9.55540685502581e-10,9.86258358184249e-10,1.0011808427705195e-09,4.445931449741914,1.3741641815751051,0.11808427705194618
299,9.287685094225818e-10,9.287685094210232e-10,7.123149,0.04428833,9.555383169435e-10,9.862561498983044e-10,1.0011719431385922e-09,4.446168305650009,1.3743850101695634,0.11719431385921451
300,9.287660085666104e-10,9.287660085650393e-10,7.123399,0.04429859,9.55535998104475e-10,9.862539900096716e-10,1.001163221776136e-09,4.446400189552501,1.374600999032849,0.11632217761359598
301,9.287635557839447e-10,9.287635557823609e-10,7.123644,0.04430872,9.555337279094908e-10,9.862518774490266e-10,1.0011546751076545e-09,4.446627209050924,1.3748122550973496,0.11546751076544365
302,9.287611501098904e-10,9.287611501082902e-10,7.123885,0.0443187,9.555315053061229e-10,9.862498111805887e-10,1.0011462996295348e-09,4.4468494693877165,1.3750188819411326,0.11462996295347554
303,9.287587905991741e-10,9.287587905975581e-10,7.124121,0.04432854,9.555293292712967e-10,9.862477901883307e-10,1.0011380919086437e-09,4.447067072870335,1.3752209811669378,0.11380919086436067
304,9.287564763255559e-10,9.287564763239297e-10,7.124352,0.04433825,9.555271987954938e-10,9.86245813480017e-10,1.0011300485808394e-09,4.44728012045063,1.3754186519983054,0.11300485808393006
305,9.287542063814611e-10,9.28754206379819e-10,7.124579,0.04434781,9.555251129078619e-10,9.862438801014467e-10,1.0011221663495724e-09,4.447488709213818,1.3756119898553374,0.11221663495723834
306,9.287519798775646e-10,9.287519798759112e-10,7.124802,0.04435724,9.555230706444747e-10,9.86241989095816e-10,1.0011144419846451e-09,4.447692935552539,1.3758010904184084,0.11144419846450739
307,9.287497959424615e-10,9.287497959407904e-10,7.12502,0.04436653,9.555210710694587e-10,9.862401395447995e-10,1.0011068723207094e-09,4.4478928930541315,1.375986045520055,0.11068723207093105
308,9.287476537222645e-10,9.287476537205792e-10,7.125235,0.04437568,9.555191132673917e-10,9.86238330545904e-10,1.0010994542560101e-09,4.448088673260832,1.3761669454096113,0.10994542560100566
309,9.287455523802781e-10,9.28745552378582e-10,7.125445,0.0443847,9.555171963487768e-10,9.862365612255256e-10,1.0010921847511928e-09,4.44828036512233,1.3763438774474415,0.10921847511927125
310,9.287434910966506e-10,9.287434910949375e-10,7.125651,0.04439358,9.555153194313928e-10,9.862348307149484e-10,1.001085060827922e-09,4.448468056860726,1.3765169285051704,0.1085060827921932
311,9.287414690680043e-10,9.287414690662782e-10,7.125853,0.04440234,9.555134816717398e-10,9.862331381807037e-10,1.0010780795677203e-09,4.448651832826025,1.3766861819296403,0.10780795677202595
312,9.287394855071364e-10,9.287394855053956e-10,7.126051,0.04441096,9.555116822247428e-10,9.862314828007448e-10,1.0010712381106929e-09,4.4488317775257284,1.376851719925523,0.10712381106928247
313,9.287375396426691e-10,9.287375396409138e-10,7.126246,0.04441945,9.555099202748541e-10,9.86229863768954e-10,1.001064533654456e-09,4.449007972514594,1.3770136231046093,0.10645336544559368
314,9.287356307187408e-10,9.287356307169694e-10,7.126437,0.04442781,9.555081950320027e-10,9.862282803054379e-10,1.001057963452901e-09,4.449180496799741,1.3771719694562168,0.10579634529008639
315,9.287337579946813e-10,9.287337579928969e-10,7.126624,0.04443605,9.555065057088594e-10,9.86226731646199e-10,1.0010515248150052e-09,4.449349429114062,1.3773268353801116,0.10515248150051729
316,9.28731920744721e-10,9.287319207429224e-10,7.126808,0.04444416,9.555048515460863e-10,9.862252170349856e-10,1.0010452151038979e-09,4.449514845391373,1.377478296501447,0.10452151038978102
317,9.287301182576734e-10,9.287301182558614e-10,7.126988,0.04445214,9.555032317964673e-10,9.862237357513068e-10,1.001039031735554e-09,4.449676820353274,1.377626424869329,0.10390317355540166
318,9.287283498366536e-10,9.287283498348252e-10,7.127165,0.04446001,9.555016457293819e-10,9.86222287073489e-10,1.0010329721779076e-09,4.449835427061821,1.3777712926511096,0.10329721779075553
319,9.287266147987739e-10,9.287266147969308e-10,7.127339,0.0510002,9.555000926342928e-10,9.862208703060865e-10,1.001027033949699e-09,4.4499907365707285,1.377912969391358,0.10270339496988648
320,9.287249124748736e-10,9.287249124730184e-10,7.127509,0.05086055,9.554985718125679e-10,9.862194847681463e-10,1.0010212146194726e-09,4.450142818743217,1.3780515231853812,0.10212146194725133
321,9.287232422092436e-10,9.287232422073744e-10,7.127676,0.05072378,9.554970825856455e-10,9.862181297851168e-10,1.0010155118046262e-09,4.450291741435457,1.378187021488331,0.10155118046261503
322,9.287216033593433e-10,9.28721603357459e-10,7.12784,0.05058982,9.554956242826877e-10,9.862168047088298e-10,1.0010099231703286e-09,4.450437571731236,1.3783195291170256,0.10099231703285523
323,9.287199952955406e-10,9.287199952936417e-10,7.128,0.05045863,9.554941962522689e-10,9.862155089067185e-10,1.0010044464286691e-09,4.450580374773118,1.3784491093281588,0.10044464286690762
324,9.287184174008538e-10,9.287184173989392e-10,7.128158,0.05033013,9.554927978587506e-10,9.862142417516061e-10,1.0009990793376093e-09,4.450720214124948,1.3785758248393916,0.09990793376092057
325,9.287168690706878e-10,9.287168690687606e-10,7.128313,0.05020428,9.554914284778385e-10,9.862130026273562e-10,1.0009938197001488e-09,4.450857152216155,1.3786997372643888,0.0993819700148756
326,9.287153497126003e-10,9.28715349710658e-10,7.128465,0.05008101,9.554900874976386e-10,9.862117909471588e-10,1.0009886653633234e-09,4.450991250236145,1.3788209052841285,0.09886653633233283
327,9.287138587460361e-10,9.287138587440803e-10,7.128614,0.04996028,9.554887743253567e-10,9.862106061283612e-10,1.0009836142174434e-09,4.45112256746434,1.3789393871638898,0.09836142174433055
328,9.287123956021051e-10,9.287123956001341e-10,7.12876,0.04984203,9.554874883722934e-10,9.862094475984754e-10,1.000978664195087e-09,4.451251162770667,1.3790552401524707,0.09786641950869646
329,9.287109597233326e-10,9.287109597213482e-10,7.128904,0.04972621,9.554862290728564e-10,9.862083148005927e-10,1.0009738132703542e-09,4.451377092714366,1.3791685199407366,0.09738132703541555
330,9.287095505634422e-10,9.287095505614432e-10,7.129045,0.04961276,9.554849958654877e-10,9.862072071885277e-10,1.0009690594579852e-09,4.451500413451239,1.3792792811472367,0.09690594579851451
331,9.287081675871216e-10,9.287081675851062e-10,7.129183,0.04950165,9.554837882063397e-10,9.862061242350944e-10,1.0009644008125033e-09,4.451621179366034,1.3793875764905705,0.09644008125032452
332,9.287068102697999e-10,9.2870681026777e-10,7.129319,0.04939281,9.554826055573103e-10,9.86205065415408e-10,1.000959835427518e-09,4.45173944426898,1.3794934584592142,0.09598354275179122
333,9.287054780974406e-10,9.287054780953954e-10,7.129452,0.04928621,9.554814473993608e-10,9.862040302189842e-10,1.000955361434874e-09,4.451855260063922,1.3795969781015855,0.09553614348739928
334,9.287041705663197e-10,9.287041705642594e-10,7.129583,0.04918179,9.55480313219858e-10,9.862030181498569e-10,1.000950977003851e-09,4.451968678014201,1.3796981850143175,0.09509770038510126
335,9.287028871828235e-10,9.287028871807484e-10,7.129711,0.04907952,9.554792025177869e-10,9.862020287273122e-10,1.0009466803404943e-09,4.452079748221319,1.3797971272687835,0.09466803404941943
336,9.287016274632419e-10,9.287016274611537e-10,7.129837,0.04897933,9.554781148025618e-10,9.862010614617687e-10,1.0009424696867722e-09,4.452188519743828,1.3798938538231367,0.09424696867721795
337,9.287003909335745e-10,9.287003909314712e-10,7.129961,0.0488812,9.554770496000631e-10,9.862001158989617e-10,1.0009383433199627e-09,4.452295039993694,1.3799884101038409,0.09383433199626426
338,9.286991771293246e-10,9.286991771272078e-10,7.130082,0.04878508,9.554760064370193e-10,9.861991915811209e-10,1.0009342995518758e-09,4.452399356298076,1.380080841887919,0.09342995518757732
339,9.286979855953221e-10,9.286979855931879e-10,7.130201,0.04869093,9.554749848565658e-10,9.861982880507876e-10,1.0009303367281595e-09,4.452501514343423,1.3801711949212505,0.09303367281594453
340,9.28696815885515e-10,9.286968158833679e-10,7.130318,0.0485987,9.554739844130662e-10,9.861974048927667e-10,1.00092645322769e-09,4.452601558693384,1.380259510723339,0.09264532276899984
341,9.286956675628115e-10,9.2869566756065e-10,7.130433,0.04850836,9.554730046618443e-10,9.86196541666935e-10,1.0009226474617567e-09,4.452699533815578,1.3803458333065008,0.09226474617566373
342,9.286945401988805e-10,9.286945401967046e-10,7.130546,0.04841986,9.554720451745518e-10,9.861956979528426e-10,1.0009189178735735e-09,4.452795482544828,1.380430204715747,0.0918917873573396
343,9.286934333739817e-10,9.286934333717921e-10,7.130657,0.04833318,9.55471105537442e-10,9.861948733490465e-10,1.000915262937562e-09,4.4528894462558,1.3805126650953523,0.09152629375619718
344,9.286923466767968e-10,9.286923466745903e-10,7.130765,0.04824826,9.554701853265026e-10,9.861940674609344e-10,1.0009116811587062e-09,4.452981467349749,1.3805932539065675,0.09116811587061109
345,9.286912797042464e-10,9.286912797020255e-10,7.130872,0.04816508,9.55469284153357e-10,9.861932798854436e-10,1.0009081710719697e-09,4.453071584664296,1.3806720114556497,0.09081710719696867
346,9.286902320613398e-10,9.286902320591068e-10,7.130977,0.0480836,9.554684016132443e-10,9.861925102497119e-10,1.00090473124169e-09,4.453159838675579,1.3807489750288195,0.09047312416899632
347,9.286892033610113e-10,9.286892033587628e-10,7.13108,0.04800379,9.554675373297415e-10,9.861917581738616e-10,1.0009013602609844e-09,4.453246267025859,1.3808241826138508,0.09013602609842992
348,9.286881932239477e-10,9.286881932216822e-10,7.131181,0.0479256,9.554666909127195e-10,9.861910233025338e-10,1.0008980567511563e-09,4.453330908728055,1.3808976697466289,0.08980567511562329
349,9.286872012784369e-10,9.286872012761587e-10,7.13128,0.04784901,9.554658620074817e-10,9.861903052603043e-10,1.0008948193611947e-09,4.453413799251836,1.3809694739695735,0.08948193611946241
350,9.286862271602305e-10,9.286862271579376e-10,7.131377,0.04777442,9.554650502403103e-10,9.861896037139392e-10,1.0008916467670783e-09,4.453494975968974,1.3810396286060895,0.08916467670782022
351,9.286852705123774e-10,9.286852705100656e-10,7.131473,0.04770048,9.554642552646874e-10,9.86188918314591e-10,1.0008885376714013e-09,4.453574473531265,1.3811081685409066,0.08885376714012663
352,9.286843309850717e-10,9.286843309827445e-10,7.131567,0.04762848,9.55463476733494e-10,9.861882487219765e-10,1.0008854908027184e-09,4.453652326650599,1.381175127802353,0.08854908027183522
353,9.286834082355267e-10,9.286834082331874e-10,7.131659,0.04755795,9.554627143049693e-10,9.861875946120736e-10,1.0008825049151007e-09,4.453728569503079,1.3812405387926445,0.08825049151006564
354,9.286825019278326e-10,9.286825019254772e-10,7.13175,0.04748886,9.554619676486698e-10,9.86186955664494e-10,1.000879578787558e-09,4.453803235133021,1.3813044335506164,0.0879578787557837
355,9.28681611732799e-10,9.286816117304297e-10,7.131839,0.04742117,9.5546123644069e-10,9.86186331566924e-10,1.0008767112235831e-09,4.453876355930999,1.3813668433076096,0.08767112235830639
356,9.286807373278409e-10,9.286807373254566e-10,7.131926,0.04735487,9.55460520361918e-10,9.861857220048096e-10,1.0008739010506392e-09,4.4539479638082105,1.381427799519049,0.08739010506391334
357,9.286798783968329e-10,9.286798783944349e-10,7.132012,0.04728991,9.554598191001881e-10,9.861851266779737e-10,1.0008711471196817e-09,4.454018089981194,1.3814873322026366,0.08711471196815984
358,9.286790346299888e-10,9.286790346275751e-10,7.132097,0.04722628,9.554591323550349e-10,9.861845453015804e-10,1.0008684483046975e-09,4.454086764496518,1.3815454698419645,0.08684483046974087
359,9.286782057237256e-10,9.286782057212964e-10,7.132179,0.04716395,9.554584598216897e-10,9.86183977576382e-10,1.0008658035022502e-09,4.454154017831033,1.381602242361801,0.08658035022501673
360,9.286773913805423e-10,9.286773913780992e-10,7.132261,0.04710288,9.554578012122326e-10,9.861834232250301e-10,1.0008632116309665e-09,4.454219878776744,1.381657677496995,0.0863211630966453
361,9.286765913089038e-10,9.286765913064448e-10,7.132341,0.04704306,9.55457156244682e-10,9.861828819722945e-10,1.0008606716311961e-09,4.454284375531806,1.381711802770555,0.08606716311960544
362,9.2867580522311e-10,9.286758052206353e-10,7.132419,0.04698445,9.55456524631721e-10,9.861823535503877e-10,1.00085818246447e-09,4.454347536827901,1.3817646449612324,0.0858182464469961
363,9.28675032843186e-10,9.286750328406959e-10,7.132497,0.04692704,9.55455906100495e-10,9.861818376861311e-10,1.000855743113167e-09,4.454409389950513,1.381816231386895,0.08557431131670083
364,9.286742738947621e-10,9.286742738922606e-10,7.132573,0.04687079,9.55455300387476e-10,9.86181334119108e-10,1.0008533525800085e-09,4.454469961252397,1.3818665880892147,0.08533525800084717
365,9.286735281089771e-10,9.286735281064594e-10,7.132647,0.04681569,9.554547072259486e-10,9.861808426069565e-10,1.000851009887727e-09,4.454529277405143,1.3819157393043562,0.08510098877269859
366,9.286727952223392e-10,9.286727952198074e-10,7.13272,0.04676172,9.554541263649447e-10,9.861803628968839e-10,1.0008487140786313e-09,4.454587363505535,1.3819637103116205,0.08487140786312428
367,9.286720749766474e-10,9.286720749740979e-10,7.132793,0.04670883,9.554535575411645e-10,9.861798947438685e-10,1.0008464642141995e-09,4.45464424588356,1.3820105256131525,0.08464642141994308
368,9.286713671188593e-10,9.286713671162951e-10,7.132863,0.04665703,9.554530005168032e-10,9.861794379118104e-10,1.0008442593747319e-09,4.454699948319687,1.3820562088189614,0.08442593747318201
369,9.286706714010108e-10,9.286706713984313e-10,7.132933,0.04660628,9.55452455049711e-10,9.861789921671903e-10,1.0008420986589037e-09,4.454754495028907,1.382100783280976,0.08420986589036705
370,9.28669987580099e-10,9.28669987577505e-10,7.133001,0.04655656,9.554519209035144e-10,9.86178557277956e-10,1.000839981183492e-09,4.454807909648565,1.3821442722044046,0.08399811834918491
371,9.286693154179894e-10,9.286693154153805e-10,7.133068,0.04650785,9.554513978450424e-10,9.861781330348367e-10,1.000837906082963e-09,4.454860215495768,1.3821866965163374,0.08379060829628938
372,9.286686546813142e-10,9.286686546786917e-10,7.133135,0.04646013,9.554508856469166e-10,9.86177719201504e-10,1.0008358725091017e-09,4.454911435308344,1.3822280798496143,0.08358725091016096
373,9.286680051413827e-10,9.286680051387448e-10,7.133199,0.04641338,9.554503840910923e-10,9.861773155804876e-10,1.0008338796306515e-09,4.454961590890777,1.3822684419512488,0.08338796306514512
374,9.286673665740788e-10,9.286673665714257e-10,7.133263,0.04636758,9.55449892958638e-10,9.861769219478972e-10,1.000831926633098e-09,4.455010704136198,1.3823078052102908,0.08319266330980095
375,9.286667387597761e-10,9.286667387571085e-10,7.133326,0.04632271,9.554494120348413e-10,9.861765381088934e-10,1.0008300127181217e-09,4.455058796515881,1.3823461891106692,0.08300127181216235
376,9.286661214832472e-10,9.286661214805634e-10,7.133388,0.04627875,9.554489411156347e-10,9.861761638556219e-10,1.000828137103488e-09,4.4551058884365355,1.3823836144378199,0.08281371034879872
377,9.286655145335702e-10,9.286655145308706e-10,7.133449,0.04623569,9.554484799886458e-10,9.861757989977054e-10,1.0008262990225765e-09,4.455152001135425,1.38242010022947,0.08262990225764485
378,9.286649177040459e-10,9.286649177013335e-10,7.133508,0.0461935,9.55448028465726e-10,9.861754433423264e-10,1.0008244977241526e-09,4.455197153427414,1.3824556657673654,0.08244977241525352
379,9.286643307921201e-10,9.286643307893929e-10,7.133567,0.04615217,9.55447586341571e-10,9.861750966978792e-10,1.0008227324719668e-09,4.455241365842897,1.3824903302120897,0.08227324719667721
380,9.286637535992901e-10,9.286637535965453e-10,7.133625,0.04611168,9.554471534336023e-10,9.861747588784405e-10,1.0008210025445963e-09,4.455284656639778,1.3825241121559546,0.08210025445962767
381,9.286631859310181e-10,9.286631859282606e-10,7.133681,0.04607201,9.554467295435433e-10,9.861744297116051e-10,1.0008193072349967e-09,4.455327045645677,1.3825570288394924,0.08193072349966328
382,9.286626275966777e-10,9.286626275939033e-10,7.133737,0.04603314,9.554463144965614e-10,9.861741090104749e-10,1.0008176458503123e-09,4.455368550343866,1.3825890989525185,0.08176458503122605
383,9.286620784094429e-10,9.286620784066542e-10,7.133792,0.04599507,9.554459081095927e-10,9.861737966095218e-10,1.0008160177115717e-09,4.455409189040738,1.3826203390478262,0.08160177115715994
384,9.286615381862344e-10,9.286615381834328e-10,7.133846,0.04595777,9.554455102024354e-10,9.861734923362223e-10,1.0008144221533718e-09,4.455448979756467,1.3826507663777776,0.08144221533717466
385,9.286610067476426e-10,9.28661006744824e-10,7.133899,0.04592123,9.554451206110193e-10,9.86173196021937e-10,1.0008128585236399e-09,4.455487938898075,1.3826803978063102,0.08128585236398143
386,9.28660483917838e-10,9.286604839150038e-10,7.133952,0.04588542,9.554447391600442e-10,9.861729075150182e-10,1.0008113261833675e-09,4.455526083995587,1.382709248498188,0.08113261833674058
387,9.286599695245149e-10,9.286599695216674e-10,7.134003,0.04585035,9.554443656847466e-10,9.861726266424568e-10,1.000809824506362e-09,4.455563431525347,1.3827373357543282,0.080982450636184
388,9.286594633988212e-10,9.28659463395958e-10,7.134054,0.04581599,9.554440000266451e-10,9.861723532525553e-10,1.0008083528789362e-09,4.455599997335493,1.3827646747444786,0.08083528789361663
389,9.286589653752767e-10,9.28658965372399e-10,7.134103,0.04578232,9.554436420203244e-10,9.861720871979852e-10,1.0008069106996729e-09,4.455635797967568,1.382791280201491,0.08069106996727969
390,9.286584752917188e-10,9.286584752888255e-10,7.134152,0.04574934,9.554432915171158e-10,9.861718283191616e-10,1.0008054973792426e-09,4.455670848288429,1.3828171680838508,0.0805497379242562
391,9.286579929892248e-10,9.286579929863181e-10,7.134201,0.04571703,9.554429483607636e-10,9.861715764847288e-10,1.0008041123401148e-09,4.455705163923642,1.3828423515271244,0.08041123401147816
392,9.286575183120608e-10,9.286575183091376e-10,7.134248,0.04568538,9.554426124057363e-10,9.861713315438692e-10,1.0008027550162734e-09,4.4557387594263735,1.3828668456130886,0.08027550162733378
393,9.286570511075978e-10,9.286570511046613e-10,7.134295,0.04565437,9.554422835007574e-10,9.861710933475904e-10,1.0008014248530929e-09,4.4557716499242686,1.382890665240962,0.08014248530928024
394,9.286565912262766e-10,9.28656591223321e-10,7.134341,0.04562398,9.554419615062957e-10,9.86170861769768e-10,1.0008001213069884e-09,4.455803849370437,1.3829138230232023,0.0800121306988334
395,9.286561385215103e-10,9.286561385185418e-10,7.134386,0.04559422,9.554416462818263e-10,9.86170636674558e-10,1.0007988438453237e-09,4.455835371817374,1.382936332544203,0.07988438453236535
396,9.286556928496617e-10,9.28655692846681e-10,7.134431,0.04556506,9.554413376885072e-10,9.861704179284814e-10,1.0007975919460718e-09,4.455866231149287,1.3829582071518678,0.07975919460716942
397,9.286552540699692e-10,9.286552540669707e-10,7.134475,0.04553649,9.554410355949425e-10,9.861702053965315e-10,1.0007963650976945e-09,4.455896440505751,1.3829794603468597,0.07963650976944522
398,9.286548220444735e-10,9.286548220414603e-10,7.134518,0.0455085,9.554407398671847e-10,9.861699989561712e-10,1.0007951627988657e-09,4.455926013281533,1.3830001043828875,0.0795162798865676
399,9.286543966379871e-10,9.286543966349586e-10,7.13456,0.04548108,9.554404503771283e-10,9.861697984924282e-10,1.0007939845583266e-09,4.455954962287177,1.3830201507571824,0.0793984558326522
400,9.286539777180225e-10,9.286539777149798e-10,7.134602,0.04545422,9.55440166993598e-10,9.861696038712073e-10,1.0007928298946091e-09,4.455983300640196,1.3830396128792732,0.07928298946090699
401,9.286535651547488e-10,9.286535651516885e-10,7.134643,0.0454279,9.554398895997667e-10,9.861694149813865e-10,1.000791698335928e-09,4.456011040023338,1.3830585018613593,0.07916983359279624
402,9.286531588209225e-10,9.286531588178475e-10,7.134684,0.04540212,9.554396180716796e-10,9.861692317027472e-10,1.000790589419916e-09,4.456038192832048,1.3830768297252907,0.07905894199159136
403,9.286527585918548e-10,9.286527585887653e-10,7.134724,0.04537686,9.554393522905104e-10,9.861690539230658e-10,1.0007895026934633e-09,4.456064770948963,1.3830946076934267,0.0789502693463236
404,9.286523643453501e-10,9.28652364342245e-10,7.134764,0.04535212,9.554390921407704e-10,9.861688815272495e-10,1.000788437712537e-09,4.456090785922971,1.3831118472750552,0.07884377125368956
405,9.28651975961655e-10,9.286519759585342e-10,7.134802,0.04532787,9.554388375069882e-10,9.861687144128702e-10,1.0007873940420062e-09,4.456116249301183,1.3831285587129882,0.07873940420061824
406,9.286515933234089e-10,9.286515933202762e-10,7.134841,0.04530412,9.554385882782234e-10,9.86168552470966e-10,1.0007863712554076e-09,4.456141172177662,1.3831447529034069,0.07863712554075852
407,9.286512163156156e-10,9.286512163124631e-10,7.134878,0.04528086,9.55438344345388e-10,9.86168395590963e-10,1.0007853689348754e-09,4.456165565461205,1.3831604409037104,0.07853689348753079
408,9.286508448255541e-10,9.286508448223864e-10,7.134916,0.04525806,9.55438105603887e-10,9.86168243675352e-10,1.0007843866708251e-09,4.456189439611303,1.383175632464807,0.07843866708250798
409,9.286504787427732e-10,9.286504787395934e-10,7.134952,0.04523573,9.554378719426922e-10,9.861680966245707e-10,1.0007834240619652e-09,4.456212805730789,1.3831903375429322,0.0783424061965116
410,9.286501179590364e-10,9.286501179558402e-10,7.134988,0.04521385,9.554376432631156e-10,9.8616795433171e-10,1.0007824807149637e-09,4.456235673688442,1.3832045668290025,0.07824807149635907
411,9.28649762368261e-10,9.286497623650486e-10,7.135024,0.04519242,9.554374194642883e-10,9.861678167113651e-10,1.000781556244407e-09,4.456258053571175,1.383218328863492,0.07815562444068644
412,9.286494118664901e-10,9.28649411863263e-10,7.135059,0.04517142,9.554372004465277e-10,9.861676836607872e-10,1.0007806502725524e-09,4.456279955347235,1.3832316339212871,0.07806502725523637
413,9.286490663518484e-10,9.286490663486057e-10,7.135093,0.04515085,9.55436986114649e-10,9.86167555087766e-10,1.0007797624292602e-09,4.456301388535116,1.3832444912234045,0.07797624292601324
414,9.286487257244963e-10,9.286487257212384e-10,7.135127,0.0451307,9.554367763676354e-10,9.861674309132591e-10,1.0007788923517836e-09,4.4563223632364695,1.383256908674092,0.07788923517835547
415,9.28648389886593e-10,9.286483898833194e-10,7.135161,0.04511096,9.554365711269078e-10,9.8616731103222e-10,1.0007780396846156e-09,4.456342887309223,1.383268896778006,0.07780396846154991
416,9.286480587422512e-10,9.286480587389639e-10,7.135194,0.04509162,9.554363702870103e-10,9.86167195366903e-10,1.000777204079405e-09,4.456362971298977,1.383280463309714,0.07772040794049809
417,9.286477321975079e-10,9.286477321942051e-10,7.135227,0.04507267,9.554361737678719e-10,9.861670838296245e-10,1.000776385194733e-09,4.45638262321282,1.3832916170375575,0.07763851947329954
418,9.286474101602733e-10,9.28647410156955e-10,7.135259,0.04505411,9.55435981477085e-10,9.861669763408726e-10,1.00077558269604e-09,4.456401852291497,1.3833023659127484,0.07755826960399331
419,9.286470925403016e-10,9.286470925369689e-10,7.135291,0.04503593,9.554357933328658e-10,9.86166872805278e-10,1.0007747962554614e-09,4.456420666713425,1.3833127194722032,0.07747962554613846
420,9.286467792491538e-10,9.286467792458063e-10,7.135322,0.04501811,9.554356092514618e-10,9.861667731616992e-10,1.000774025551659e-09,4.4564390748538285,1.3833226838300898,0.07740255516589817
421,9.286464702001603e-10,9.286464701967957e-10,7.135353,0.04500066,9.554354291508861e-10,9.861666773150904e-10,1.0007732702697741e-09,4.456457084911391,1.3833322684909615,0.07732702697740758
422,9.2864616530838e-10,9.286461653049989e-10,7.135383,0.04498357,9.554352529452139e-10,9.861665852037405e-10,1.0007725301012318e-09,4.456474705478616,1.3833414796259578,0.07725301012316955
423,9.286458644905705e-10,9.286458644871772e-10,7.135414,0.04496682,9.55435080564228e-10,9.861664967342043e-10,1.0007718047436143e-09,4.4564919435772135,1.3833503265795728,0.07718047436141955
424,9.28645567665164e-10,9.286455676617554e-10,7.135443,0.04495041,9.55434911924978e-10,9.861664118523286e-10,1.0007710939005914e-09,4.456508807502211,1.383358814767151,0.07710939005913589
425,9.286452747522145e-10,9.286452747487909e-10,7.135473,0.04493434,9.554347469541993e-10,9.861663304759456e-10,1.0007703972817432e-09,4.456525304580073,1.3833669524054495,0.07703972817431748
426,9.286449856733771e-10,9.286449856699398e-10,7.135501,0.04491859,9.554345855754412e-10,9.861662525347361e-10,1.000769714602431e-09,4.45654144245589,1.3833747465263935,0.07697146024310039
427,9.286447003518766e-10,9.286447003484241e-10,7.13553,0.04490317,9.55434427719713e-10,9.861661779538787e-10,1.000769045583777e-09,4.456557228028703,1.3833822046121407,0.07690455837769
428,9.286444187124734e-10,9.286444187090029e-10,7.135558,0.04488806,9.554342733119219e-10,9.861661066718239e-10,1.0007683899524414e-09,4.45657266880782,1.383389332817619,0.07683899524413045
429,9.286441406814243e-10,9.286441406779383e-10,7.135586,0.04487326,9.55434122290268e-10,9.861660386289641e-10,1.0007677474405447e-09,4.456587770973213,1.3833961371035945,0.07677474405446708
430,9.286438661864673e-10,9.286438661829682e-10,7.135613,0.04485876,9.554339745799735e-10,9.861659737436755e-10,1.0007671177856169e-09,4.456602542002655,1.3834026256324585,0.07671177856168006
431,9.286435951567903e-10,9.28643595153275e-10,7.13564,0.04484455,9.554338301139513e-10,9.861659119620169e-10,1.0007665007304009e-09,4.456616988604871,1.3834088037983177,0.07665007304008008
432,9.286433275229885e-10,9.286433275194581e-10,7.135667,0.04483064,9.554336888299398e-10,9.861658532185619e-10,1.0007658960228019e-09,4.4566311170060295,1.383414678143819,0.07658960228017993
433,9.286430632170502e-10,9.286430632135035e-10,7.135694,0.04481701,9.55433550663085e-10,9.861657974571653e-10,1.0007653034157545e-09,4.456644933691515,1.383420254283472,0.07653034157543889
434,9.286428021723204e-10,9.286428021687585e-10,7.13572,0.04480366,9.554334155476497e-10,9.861657446154879e-10,1.0007647226671607e-09,4.4566584452350355,1.3834255384512193,0.07647226671605888
435,9.286425443234805e-10,9.286425443199027e-10,7.135746,0.04479058,9.554332834285584e-10,9.86165694629868e-10,1.0007641535397696e-09,4.456671657144167,1.3834305370132087,0.07641535397694893
436,9.286422896065127e-10,9.286422896029218e-10,7.135771,0.04477777,9.55433154236075e-10,9.861656474474424e-10,1.000763595801027e-09,4.456684576392496,1.3834352552557654,0.07635958010269128
437,9.286420379586899e-10,9.286420379550821e-10,7.135796,0.04476522,9.554330279205556e-10,9.86165603007557e-10,1.0007630492230908e-09,4.456697207944451,1.3834396992443152,0.0763049223090716
438,9.286417893185247e-10,9.286417893149039e-10,7.135821,0.04475292,9.554329044185012e-10,9.861655612558002e-10,1.0007625135826596e-09,4.456709558149884,1.3834438744199902,0.07625135826595633
439,9.286415436257763e-10,9.286415436221369e-10,7.135846,0.04474088,9.55432783675201e-10,9.861655221469198e-10,1.000761988660893e-09,4.456721632479911,1.383447785308027,0.07619886608928976
440,9.286413008213863e-10,9.286413008177357e-10,7.13587,0.04472908,9.554326656377017e-10,9.861654856152116e-10,1.0007614742433543e-09,4.456733436229833,1.3834514384788446,0.07614742433542779
441,9.286410608475036e-10,9.286410608438359e-10,7.135894,0.04471753,9.55432550243367e-10,9.86165451614716e-10,1.0007609701198495e-09,4.4567449756633115,1.3834548385284038,0.07609701198494591
442,9.28640823647413e-10,9.286408236437295e-10,7.135918,0.04470621,9.554324374484613e-10,9.861654200926943e-10,1.0007604760844262e-09,4.456756255153875,1.3834579907305804,0.07604760844261853
443,9.28640589165538e-10,9.286405891618429e-10,7.135941,0.04469512,9.554323271923136e-10,9.861653910000248e-10,1.0007599919352595e-09,4.456767280768648,1.3834608999975244,0.07599919352594178
444,9.286403573474264e-10,9.286403573437133e-10,7.135964,0.04468426,9.554322194314757e-10,9.861653642880997e-10,1.0007595174745536e-09,4.4567780568524356,1.3834635711900392,0.0759517474553522
445,9.286401281396951e-10,9.286401281359673e-10,7.135987,0.04467362,9.55432114109454e-10,9.861653399120982e-10,1.0007590525084445e-09,4.4567885890546135,1.3834660087901816,0.07590525084444526
446,9.286399014900418e-10,9.286399014862984e-10,7.13601,0.0446632,9.554320111821767e-10,9.861653178251742e-10,1.0007585968469847e-09,4.456798881782338,1.3834682174825856,0.0758596846984657
447,9.286396773472034e-10,9.286396773434462e-10,7.136032,0.044653,9.554319105998897e-10,9.861652979659232e-10,1.0007581503039932e-09,4.456808940011038,1.3834702034076822,0.07581503039931507
448,9.286394556609492e-10,9.286394556571752e-10,7.136054,0.044643,9.554318123094912e-10,9.861652803105525e-10,1.0007577126970709e-09,4.456818769050881,1.3834719689447526,0.07577126970708181
449,9.286392363820448e-10,9.286392363782538e-10,7.136076,0.04463321,9.55431716276962e-10,9.861652648014082e-10,1.0007572838474071e-09,4.456828372303816,1.383473519859184,0.075728384740706
450,9.286390194622396e-10,9.286390194584357e-10,7.136098,0.04462362,9.55431622445715e-10,9.861652514044388e-10,1.0007568635798032e-09,4.4568377554285,1.383474859556127,0.0756863579803162
451,9.286388048542553e-10,9.286388048504387e-10,7.13612,0.04461422,9.554315307776371e-10,9.86165240067671e-10,1.0007564517225448e-09,4.456846922236295,1.3834759932329026,0.07564517225447004
452,9.28638592511762e-10,9.286385925079257e-10,7.136141,0.04460502,9.554314412244722e-10,9.86165230756776e-10,1.000756048107378e-09,4.4568558775527825,1.3834769243224134,0.07560481073779686
453,9.286383823893356e-10,9.286383823854867e-10,7.136162,0.04459601,9.554313537481097e-10,9.861652234222936e-10,1.0007556525694135e-09,4.456864625189034,1.3834776577706411,0.0755652569413404
454,9.286381744424853e-10,9.286381744386189e-10,7.136183,0.04458641,9.554312683061136e-10,9.861652180333445e-10,1.0007552649470061e-09,4.456873169388651,1.3834781966655547,0.07552649470060595
455,9.286379686275894e-10,9.286379686237097e-10,7.136203,0.04457854,9.554311848552387e-10,9.861652145520743e-10,1.000754885081841e-09,4.456881514476134,1.3834785447925806,0.07548850818410104
456,9.286377649019137e-10,9.286377648980187e-10,7.136224,0.04457007,9.554311033582607e-10,9.861652129341871e-10,1.000754512818683e-09,4.45688966417394,1.3834787065812915,0.07545128186829256
457,9.286375632235702e-10,9.286375632196595e-10,7.136244,0.04456177,9.554310237741268e-10,9.861652131423449e-10,1.0007541480054545e-09,4.456897622587325,1.3834786857655188,0.07541480054544428
458,9.286373635515093e-10,9.286373635475833e-10,7.136264,0.04455365,9.554309460640715e-10,9.861652151426845e-10,1.0007537904931171e-09,4.4569053935928515,1.3834784857315539,0.0753790493117054
459,9.28637165845502e-10,9.286371658415619e-10,7.136283,0.0445457,9.55430870191947e-10,9.861652188953194e-10,1.0007534401355802e-09,4.456912980805297,1.3834781104680616,0.07534401355801168
460,9.286369700661283e-10,9.286369700621713e-10,7.136303,0.04453791,9.554307961174745e-10,9.861652243721433e-10,1.0007530967897359e-09,4.456920388252557,1.3834775627856777,0.07530967897358015
461,9.286367761747491e-10,9.286367761707765e-10,7.136322,0.04453027,9.554307238085163e-10,9.861652315320956e-10,1.000752760315263e-09,4.456927619148373,1.3834768467904437,0.07527603152628437
462,9.286365841335016e-10,9.286365841295138e-10,7.136342,0.0445228,9.554306532306336e-10,9.861652403430016e-10,1.0007524305746922e-09,4.4569346769366485,1.3834759656998443,0.07524305746920971
463,9.286363939052799e-10,9.286363939012771e-10,7.136361,0.04451548,9.554305843428057e-10,9.861652507689531e-10,1.0007521074333216e-09,4.456941565719434,1.3834749231046912,0.07521074333215418
464,9.286362054537185e-10,9.286362054497019e-10,7.136379,0.04450831,9.55430517117937e-10,9.861652627876879e-10,1.0007517907591229e-09,4.456948288206304,1.383473721231217,0.07517907591228122
465,9.286360187431846e-10,9.286360187391508e-10,7.136398,0.04450129,9.554304515153852e-10,9.861652763544668e-10,1.0007514804227011e-09,4.456954848461487,1.3834723645533311,0.0751480422701079
466,9.286358337387487e-10,9.286358337346988e-10,7.136417,0.04449442,9.554303875071528e-10,9.861652914459866e-10,1.0007511762972535e-09,4.456961249284722,1.3834708554013464,0.07511762972534836
467,9.286356504061831e-10,9.286356504021191e-10,7.136435,0.04448769,9.554303250625082e-10,9.861653080287104e-10,1.0007508782585347e-09,4.4569674937491905,1.3834691971289634,0.07508782585346027
468,9.286354687119502e-10,9.286354687078698e-10,7.136453,0.04448109,9.554302641501864e-10,9.861653260703408e-10,1.0007505861847591e-09,4.456973584981365,1.383467392965929,0.07505861847590482
469,9.286352886231699e-10,9.286352886190783e-10,7.136471,0.04447464,9.55430204732524e-10,9.861653455507678e-10,1.000750299956586e-09,4.456979526747609,1.3834654449232229,0.07502999565859579
470,9.286351101076385e-10,9.286351101035302e-10,7.136489,0.04446832,9.554301467873533e-10,9.86165366430986e-10,1.0007500194570843e-09,4.45698532126468,1.3834633569014154,0.07500194570842532
471,9.286349331337789e-10,9.286349331296543e-10,7.136507,0.04446212,9.554300902766322e-10,9.861653886883232e-10,1.000749744571637e-09,4.456990972336785,1.3834611311676843,0.07497445716368929
472,9.286347576706512e-10,9.286347576665111e-10,7.136524,0.04445606,9.554300351825095e-10,9.861654122937203e-10,1.0007494751879343e-09,4.456996481749059,1.3834587706279775,0.0749475187934257
473,9.286345836879348e-10,9.286345836837799e-10,7.136542,0.04445012,9.55429981468343e-10,9.861654372204794e-10,1.0007492111958725e-09,4.457001853165708,1.3834562779520614,0.0749211195872402
474,9.286344111559149e-10,9.286344111517449e-10,7.136559,0.04444431,9.55429929108962e-10,9.86165463439137e-10,1.0007489524876185e-09,4.457007089103801,1.383453656086312,0.07489524876184085
475,9.286342400454723e-10,9.286342400412861e-10,7.136576,0.04443862,9.554298780804084e-10,9.861654909297643e-10,1.0007486989574522e-09,4.457012191959161,1.383450907023573,0.0748698957452184
476,9.286340703280669e-10,9.286340703238641e-10,7.136593,0.04443304,9.55429828348454e-10,9.861655196588674e-10,1.000748450501792e-09,4.457017165154603,1.3834480341132638,0.07484505017918973
477,9.286339019757272e-10,9.286339019715109e-10,7.13661,0.04442759,9.554297798921079e-10,9.861655496108003e-10,1.0007482070190842e-09,4.45702201078922,1.3834450389199762,0.07482070190841711
478,9.28633734961049e-10,9.286337349568167e-10,7.136627,0.04442224,9.554297326855855e-10,9.86165580755863e-10,1.0007479684098771e-09,4.457026731441457,1.3834419244137024,0.074796840987708
479,9.286335692571683e-10,9.286335692529211e-10,7.136643,0.04441701,9.554296867043114e-10,9.861656130729104e-10,1.0007477345766585e-09,4.457031329568868,1.3834386927089637,0.0747734576658438
480,9.286334048377617e-10,9.286334048334992e-10,7.13666,0.04441189,9.554296419198501e-10,9.861656465282917e-10,1.0007475054238608e-09,4.457035808014992,1.3834353471708343,0.074750542386076
481,9.286332416770312e-10,9.286332416727531e-10,7.136676,0.04440687,9.554295983132312e-10,9.86165681113415e-10,1.000747280857876e-09,4.4570401686768815,1.3834318886585069,0.07472808578759449
482,9.286330797496942e-10,9.286330797454005e-10,7.136692,0.04440196,9.55429555856752e-10,9.861657167911204e-10,1.0007470607869153e-09,4.457044414324809,1.3834283208879663,0.07470607869152761
483,9.286329190309713e-10,9.286329190266646e-10,7.136708,0.04439715,9.55429514527623e-10,9.861657535631731e-10,1.0007468451210616e-09,4.457048547237696,1.3834246436826922,0.07468451210615323
484,9.28632759496585e-10,9.28632759492263e-10,7.136724,0.04439244,9.55429474307738e-10,9.8616579138067e-10,1.000746633772189e-09,4.457052569226202,1.3834208619329968,0.07466337721889593
485,9.286326011227383e-10,9.286326011184e-10,7.13674,0.04438783,9.554294351680723e-10,9.861658302357535e-10,1.0007464266539286e-09,4.457056483192777,1.3834169764246607,0.07464266539285272
486,9.286324438861069e-10,9.286324438817548e-10,7.136756,0.04438332,9.554293970942132e-10,9.861658701077172e-10,1.0007462236816483e-09,4.457060290578681,1.383412989228282,0.07462236816482858
487,9.286322877638411e-10,9.286322877594729e-10,7.136771,0.0443789,9.554293600565811e-10,9.861659109740475e-10,1.0007460247724011e-09,4.457063994341892,1.3834089025952603,0.07460247724010445
488,9.286321327335411e-10,9.286321327291566e-10,7.136787,0.04437458,9.55429324041582e-10,9.8616595281499e-10,1.0007458298448833e-09,4.457067595841798,1.3834047185010068,0.07458298448832212
489,9.286319787732537e-10,9.286319787688563e-10,7.136802,0.04437034,9.554292890242722e-10,9.861659956088911e-10,1.00074563881946e-09,4.457071097572782,1.3834004391108936,0.07456388194598634
490,9.286318258614739e-10,9.286318258570605e-10,7.136817,0.0443662,9.554292549867514e-10,9.861660393371939e-10,1.0007454516180659e-09,4.457074501324863,1.383396066280618,0.07454516180658009
491,9.286316739771168e-10,9.286316739726884e-10,7.136833,0.04436214,9.554292219095548e-10,9.861660839877482e-10,1.0007452681641838e-09,4.457077809044522,1.383391601225184,0.07452681641837251
492,9.286315230995263e-10,9.2863152309508e-10,7.136848,0.04435817,9.554291897709353e-10,9.861661295397896e-10,1.0007450883828536e-09,4.457081022906479,1.383387046021043,0.07450883828534949
493,9.286313732084483e-10,9.286313732039885e-10,7.136863,0.04435428,9.554291585540586e-10,9.861661759649539e-10,1.0007449122006056e-09,4.457084144594148,1.3833824035046172,0.07449122006055486
494,9.286312242840478e-10,9.286312242795721e-10,7.136878,0.04435047,9.554291282398198e-10,9.86166223257823e-10,1.0007447395454223e-09,4.45708717601803,1.3833776742177104,0.07447395454222334
495,9.286310763068756e-10,9.286310763023849e-10,7.136892,0.04434675,9.554290988103575e-10,9.861662713985058e-10,1.0007445703467575e-09,4.4570901189642536,1.3833728601494228,0.07445703467574508
496,9.28630929257878e-10,9.286309292533705e-10,7.136907,0.0443431,9.554290702512392e-10,9.861663203606984e-10,1.0007444045354583e-09,4.457092974876083,1.3833679639301686,0.07444045354582812
497,9.286307831183742e-10,9.286307831138531e-10,7.136922,0.04433954,9.554290425359122e-10,9.861663701442225e-10,1.0007442420437326e-09,4.457095746408791,1.3833629855777525,0.07442420437325172
498,9.28630637870067e-10,9.286306378655302e-10,7.136936,0.04433604,9.554290156566273e-10,9.861664207207236e-10,1.0007440828051977e-09,4.457098434337278,1.3833579279276464,0.07440828051976736
499,9.28630493495016e-10,9.28630493490465e-10,7.136951,0.04433262,9.554289895912925e-10,9.8616647207992e-10,1.0007439267547853e-09,4.45710104087076,1.3833527920080146,0.0743926754785242
500,9.286303499756475e-10,9.286303499710791e-10,7.136965,0.04432928,9.554289643275767e-10,9.861665242038532e-10,1.0007437738286806e-09,4.457103567242333,1.3833475796146877,0.0743773828680513
501,9.286302072947285e-10,9.286302072901463e-10,7.136979,0.044326,9.554289398438969e-10,9.861665770766448e-10,1.00074362396437e-09,4.45710601561032,1.3833422923355212,0.07436239643699322
502,9.286300654353822e-10,9.286300654307836e-10,7.136993,0.0443228,9.55428916130493e-10,9.861666306868143e-10,1.0007434771006467e-09,4.4571083869507095,1.3833369313185797,0.07434771006466835
503,9.286299243810595e-10,9.28629924376446e-10,7.137008,0.04431966,9.554288931639724e-10,9.861666850048278e-10,1.0007433331774552e-09,4.45711068360277,1.383331499517229,0.07433331774551799
504,9.286297841155476e-10,9.286297841109196e-10,7.137022,0.04431659,9.55428870942203e-10,9.86166740036145e-10,1.0007431921359714e-09,4.457112905779708,1.383325996385509,0.07431921359712992
505,9.286296446229587e-10,9.286296446183142e-10,7.137036,0.04431359,9.554288494375068e-10,9.861667957597218e-10,1.000743053918537e-09,4.45711505624933,1.3833204240278294,0.07430539185370374
506,9.286295058877165e-10,9.286295058830569e-10,7.137049,0.04431065,9.554288286420443e-10,9.861668521602607e-10,1.0007429184686767e-09,4.457117135795576,1.3833147839739366,0.07429184686766381
507,9.286293678945588e-10,9.286293678898862e-10,7.137063,0.04430778,9.554288085401378e-10,9.861669092190174e-10,1.0007427857309951e-09,4.457119145986222,1.383309078098263,0.07427857309950563
508,9.286292306285337e-10,9.28629230623846e-10,7.137077,0.04430496,9.554287891167319e-10,9.861669669352512e-10,1.000742655651256e-09,4.45712108832682,1.3833033064748832,0.07426556512559206
509,9.286290940749849e-10,9.286290940702791e-10,7.137091,0.04430221,9.554287703622799e-10,9.86167025284418e-10,1.0007425281762805e-09,4.45712296377202,1.3832974715582071,0.07425281762804095
510,9.286289582195424e-10,9.286289582148212e-10,7.137104,0.04429952,9.554287522574287e-10,9.86167084260688e-10,1.0007424032539415e-09,4.457124774257134,1.3832915739312113,0.07424032539414623
511,9.286288230481299e-10,9.286288230433949e-10,7.137118,0.04429688,9.554287347929947e-10,9.861671438443347e-10,1.000742280833203e-09,4.457126520700539,1.3832856155665347,0.07422808332028621
512,9.28628688546955e-10,9.286286885422044e-10,7.137131,0.04429431,9.554287179540657e-10,9.861672040379622e-10,1.000742160863989e-09,4.4571282045934355,1.3832795962037816,0.0742160863988956
513,9.286285547024974e-10,9.286285546977295e-10,7.137145,0.04429178,9.554287017290983e-10,9.861672648115517e-10,1.0007420432972765e-09,4.457129827090175,1.3832735188448313,0.07420432972764714
514,9.286284215015006e-10,9.286284214967201e-10,7.137158,0.04428932,9.55428686106797e-10,9.861673261682444e-10,1.0007419280850071e-09,4.457131389320312,1.3832673831755622,0.07419280850070416
515,9.286282889309894e-10,9.286282889261912e-10,7.137171,0.0442869,9.554286710753128e-10,9.861673880816617e-10,1.0007418151800544e-09,4.4571328924687235,1.3832611918338324,0.07418151800543261
516,9.2862815697823e-10,9.286281569734177e-10,7.137184,0.04428454,9.554286566193454e-10,9.861674505602564e-10,1.0007417045362627e-09,4.457134338065464,1.3832549439743673,0.07417045362626809
517,9.286280256307536e-10,9.286280256259278e-10,7.137197,0.04428223,9.55428642729232e-10,9.861675135705555e-10,1.0007415961084112e-09,4.457135727076807,1.383248642944456,0.07415961084111758
518,9.286278948763447e-10,9.286278948715e-10,7.137211,0.04427997,9.554286293948681e-10,9.861675771173038e-10,1.000741489852172e-09,4.457137060513192,1.3832422882696278,0.07414898521720285
519,9.286277647030163e-10,9.286277646981566e-10,7.137224,0.04427777,9.55428616604255e-10,9.861676411841952e-10,1.0007413857240823e-09,4.457138339574509,1.3832358815804833,0.07413857240822752
520,9.286276350990338e-10,9.286276350941596e-10,7.137236,0.0442756,9.554286043470664e-10,9.861677057617572e-10,1.000741283681588e-09,4.457139565293366,1.383229423824289,0.07412836815880226
521,9.286275060528928e-10,9.286275060480046e-10,7.137249,0.04427349,9.554285926123377e-10,9.861677708428823e-10,1.0007411836829533e-09,4.457140738766236,1.3832229157117792,0.07411836829532523
522,9.286273775533224e-10,9.286273775484189e-10,7.137262,0.04427143,9.55428581385681e-10,9.861678364044688e-10,1.0007410856872924e-09,4.457141861431913,1.3832163595531248,0.07410856872922879
523,9.286272495892744e-10,9.286272495843534e-10,7.137275,0.0442694,9.554285706642264e-10,9.86167902455507e-10,1.0007409896545198e-09,4.457142933577369,1.383209754449304,0.07409896545197502
524,9.286271221499155e-10,9.286271221449812e-10,7.137288,0.04426743,9.554285604293463e-10,9.861679689749391e-10,1.00074089554539e-09,4.457143957065375,1.3832031025060916,0.07408955453898482
525,9.28626995224642e-10,9.286269952196906e-10,7.1373,0.0442655,9.55428550680589e-10,9.861680359576234e-10,1.0007408033214148e-09,4.457144931941112,1.3831964042376632,0.07408033214146952
526,9.286268688030482e-10,9.286268687980828e-10,7.137313,0.04426361,9.55428541400564e-10,9.86168103389161e-10,1.0007407129448764e-09,4.457145859943606,1.3831896610839123,0.07407129448763028
527,9.286267428749459e-10,9.286267428699669e-10,7.137326,0.04426176,9.554285325840311e-10,9.86168171271e-10,1.0007406243788165e-09,4.457146741596894,1.3831828729,0.0740624378816448
528,9.286266174303513e-10,9.286266174253549e-10,7.137338,0.04425995,9.554285242183507e-10,9.861682395835505e-10,1.0007405375870177e-09,4.457147578164932,1.3831760416449586,0.0740537587017648
529,9.286264924594697e-10,9.286264924544591e-10,7.137351,0.04425819,9.55428516296327e-10,9.861683083159745e-10,1.0007404525339883e-09,4.457148370367302,1.38316916840256,0.07404525339882713
530,9.286263679527124e-10,9.286263679476869e-10,7.137363,0.04425646,9.554285088112979e-10,9.861683774774291e-10,1.0007403691849277e-09,4.457149118870217,1.3831622522570948,0.07403691849275885
531,9.286262439006807e-10,9.286262438956386e-10,7.137376,0.04425478,9.554285017509652e-10,9.86168447037639e-10,1.000740287505769e-09,4.457149824903488,1.3831552962361062,0.07402875057689935
532,9.286261202941597e-10,9.286261202891009e-10,7.137388,0.04425313,9.554284951105e-10,9.861685170038362e-10,1.0007402074630901e-09,4.457150488950001,1.38314829961639,0.07402074630900465
533,9.286259971241187e-10,9.286259971190454e-10,7.1374,0.04425152,9.554284888792257e-10,9.861685873598742e-10,1.0007401290241649e-09,4.45715111207744,1.383141264012582,0.07401290241647945
534,9.286258743817124e-10,9.286258743766242e-10,7.137413,0.04424994,9.554284830436108e-10,9.861686581064197e-10,1.0007400521569034e-09,4.457151695638927,1.3831341893580322,0.07400521569033859
535,9.286257520582691e-10,9.286257520531657e-10,7.137425,0.0442484,9.5542847760512e-10,9.861687292289505e-10,1.0007399768298515e-09,4.457152239488011,1.3831270771049597,0.07399768298514506
536,9.286256301452902e-10,9.286256301401724e-10,7.137437,0.0442469,9.554284725523283e-10,9.861688007162645e-10,1.0007399030122201e-09,4.457152744767174,1.3831199283735531,0.07399030122200856
537,9.286255086344489e-10,9.286255086293158e-10,7.137449,0.04424543,9.554284678751201e-10,9.861688725720946e-10,1.0007398306737914e-09,4.457153212487993,1.383112742790547,0.0739830673791349
538,9.286253875175852e-10,9.286253875124345e-10,7.137461,0.04424399,9.554284635660772e-10,9.861689447814122e-10,1.0007397597849944e-09,4.457153643392286,1.383105521858784,0.07397597849943612
539,9.286252667866946e-10,9.286252667815301e-10,7.137473,0.04424259,9.55428459622954e-10,9.861690173393457e-10,1.0007396903168125e-09,4.45715403770461,1.383098266065432,0.07396903168124534
540,9.286251464339425e-10,9.286251464287639e-10,7.137485,0.04424122,9.554284560321515e-10,9.861690902364399e-10,1.0007396222408318e-09,4.457154396784851,1.3830909763560206,0.07396222408317649
541,9.286250264516476e-10,9.286250264464534e-10,7.137497,0.04423988,9.554284527894513e-10,9.861691634675373e-10,1.0007395555292045e-09,4.457154721054872,1.383083653246276,0.0739555529204433
542,9.286249068322806e-10,9.286249068270708e-10,7.137509,0.04423857,9.554284498838421e-10,9.861692370308406e-10,1.000739490154621e-09,4.457155011615793,1.383076296915945,0.07394901546208832
543,9.286247875684645e-10,9.286247875632379e-10,7.137521,0.0442373,9.55428447318735e-10,9.861693109157768e-10,1.0007394260903552e-09,4.457155268126507,1.383068908422329,0.07394260903551164
544,9.286246686529653e-10,9.286246686477244e-10,7.137533,0.04423605,9.55428445076426e-10,9.861693851096477e-10,1.0007393633101769e-09,4.4571554923574075,1.3830614890352342,0.07393633101768221
545,9.286245500786989e-10,9.286245500734439e-10,7.137545,0.04423483,9.554284431579561e-10,9.86169459617847e-10,1.00073930178841e-09,4.457155684204393,1.3830540382152965,0.07393017884099004
546,9.286244318387251e-10,9.286244318334521e-10,7.137557,0.04423364,9.554284415499567e-10,9.861695344259646e-10,1.0007392414998703e-09,4.457155845004334,1.3830465574035473,0.0739241499870217
547,9.286243139262312e-10,9.286243139209434e-10,7.137569,0.04423248,9.554284402553068e-10,9.86169609529813e-10,1.0007391824198861e-09,4.4571559744693285,1.3830390470187062,0.07391824198860765
548,9.2862419633455e-10,9.286241963292485e-10,7.13758,0.04423135,9.554284392558205e-10,9.861696849265202e-10,1.0007391245242848e-09,4.457156074417956,1.38303150734799,0.07391245242847795
549,9.286240790571491e-10,9.286240790518307e-10,7.137592,0.04423024,9.554284385542365e-10,9.861697606058239e-10,1.0007390677893786e-09,4.457156144576354,1.3830239394176203,0.07390677893785617
550,9.286239620876166e-10,9.286239620822846e-10,7.137604,0.04422916,9.554284381443826e-10,9.861698365683633e-10,1.000739012191927e-09,4.457156185561748,1.3830163431636766,0.07390121919269568
551,9.2862384541968e-10,9.286238454143324e-10,7.137615,0.04422811,9.554284380188445e-10,9.86169912804493e-10,1.0007389577091908e-09,4.457156198115557,1.3830087195507133,0.07389577091907697
552,9.286237290471857e-10,9.286237290418222e-10,7.137627,0.04422708,9.554284381668893e-10,9.861699893038753e-10,1.0007389043188947e-09,4.4571561833110716,1.383001069612479,0.07389043188946466
553,9.28623612964102e-10,9.286236129587242e-10,7.137639,0.04422607,9.554284385902422e-10,9.8617006607178e-10,1.0007388519991357e-09,4.457156140975782,1.3829933928219973,0.07388519991356723
554,9.286234971645232e-10,9.286234971591305e-10,7.13765,0.04422509,9.554284392807466e-10,9.86170143092505e-10,1.0007388007285129e-09,4.4571560719253505,1.3829856907495055,0.07388007285128233
555,9.286233816426584e-10,9.2862338163725e-10,7.137662,0.04422414,9.554284402307879e-10,9.861702203651774e-10,1.0007387504860497e-09,4.457155976921216,1.3829779634822708,0.07387504860496262
556,9.286232663928323e-10,9.28623266387408e-10,7.137673,0.0442232,9.554284414431594e-10,9.861702978870918e-10,1.000738701251164e-09,4.4571558556840625,1.3829702112908229,0.07387012511639662
557,9.286231514094813e-10,9.286231514040429e-10,7.137685,0.04422229,9.554284428988244e-10,9.861703756530327e-10,1.0007386530037155e-09,4.457155710117563,1.3829624346967404,0.07386530037154432
558,9.286230366871591e-10,9.286230366817039e-10,7.137696,0.04422141,9.55428444604795e-10,9.861704536582431e-10,1.0007386057239399e-09,4.457155539520516,1.3829546341756935,0.07386057239398171
559,9.28622922220522e-10,9.286229222150502e-10,7.137708,0.04422054,9.554284465509966e-10,9.861705318946818e-10,1.0007385593924788e-09,4.457155344900345,1.3829468105318259,0.07385593924787869
560,9.28622808004334e-10,9.286228079988473e-10,7.137719,0.0442197,9.554284487354168e-10,9.861706103601763e-10,1.0007385139903637e-09,4.457155126458323,1.382938963982376,0.07385139903636533
561,9.286226940334638e-10,9.286226940279646e-10,7.137731,0.04421888,9.55428451150615e-10,9.861706890506774e-10,1.0007384694990059e-09,4.4571548849385,1.382931094932269,0.07384694990058072
562,9.286225803028915e-10,9.286225802973749e-10,7.137742,0.04421807,9.55428453791852e-10,9.861707679606797e-10,1.0007384259001693e-09,4.457154620814809,1.3829232039320354,0.07384259001692245
563,9.286224668076825e-10,9.286224668021515e-10,7.137753,0.04421729,9.554284566555682e-10,9.861708470826675e-10,1.0007383831760262e-09,4.457154334443185,1.3829152917332512,0.0738383176026095
564,9.286223535430105e-10,9.286223535374654e-10,7.137765,0.04421653,9.554284597349244e-10,9.861709264187579e-10,1.0007383413090518e-09,4.457154026507562,1.3829073581242206,0.07383413090517706
565,9.286222405041467e-10,9.286222404985846e-10,7.137776,0.04421579,9.554284630318168e-10,9.861710059567057e-10,1.0007383002821175e-09,4.457153696818331,1.3828994043294394,0.07383002821174084
566,9.286221276864479e-10,9.286221276808714e-10,7.137787,0.04421507,9.554284665360136e-10,9.8617108570487e-10,1.0007382600783978e-09,4.45715334639865,1.3828914295130001,0.07382600783977414
567,9.286220150853757e-10,9.286220150797816e-10,7.137798,0.04421436,9.554284702436887e-10,9.861711656453723e-10,1.0007382206814479e-09,4.457152975631132,1.3828834354627713,0.07382206814477985
568,9.286219026964687e-10,9.286219026908605e-10,7.13781,0.04421368,9.554284741556999e-10,9.86171245789319e-10,1.00073818207511e-09,4.45715258443002,1.3828754210680974,0.07381820751098474
569,9.286217905153685e-10,9.286217905097436e-10,7.137821,0.04421301,9.554284782623778e-10,9.861713261140228e-10,1.000738144243574e-09,4.457152173762226,1.3828673885977278,0.07381442435739848
570,9.286216785377912e-10,9.286216785321532e-10,7.137832,0.04421236,9.554284825611713e-10,9.861714066293782e-10,1.0007381071713461e-09,4.457151743882872,1.3828593370621893,0.07381071713460838
571,9.286215667595505e-10,9.28621566753897e-10,7.137843,0.04421173,9.55428487049777e-10,9.86171487325311e-10,1.0007380708432245e-09,4.4571512950223084,1.382851267468905,0.07380708432244262
572,9.286214551765353e-10,9.286214551708665e-10,7.137854,0.04421111,9.55428491723102e-10,9.861715682080926e-10,1.0007380352443436e-09,4.457150827689809,1.3828431791907483,0.07380352443435423
573,9.286213437847179e-10,9.286213437790348e-10,7.137866,0.04421051,9.554284965798522e-10,9.86171649263068e-10,1.0007380003600798e-09,4.457150342014786,1.382835073693214,0.0738000360079706
574,9.28621232580156e-10,9.286212325744568e-10,7.137877,0.04420993,9.554285016101354e-10,9.86171730489043e-10,1.0007379661761668e-09,4.4571498389864646,1.3828269510957059,0.073796617616674
575,9.286211215589818e-10,9.286211215532654e-10,7.137888,0.04420936,9.554285068184498e-10,9.861718118923358e-10,1.0007379326785743e-09,4.457149318155025,1.3828188107664232,0.07379326785742137
576,9.286210107174008e-10,9.286210107116705e-10,7.137899,0.04420881,9.554285121973392e-10,9.861718934504328e-10,1.0007378998536008e-09,4.457148780266087,1.382810654956724,0.07378998536007074
577,9.286209000517035e-10,9.286209000459585e-10,7.13791,0.04420827,9.554285177408522e-10,9.861719751799448e-10,1.0007378676877699e-09,4.457148225914787,1.382802482005527,0.07378676877697944
578,9.286207895582526e-10,9.286207895524893e-10,7.137921,0.04420775,9.554285234492072e-10,9.86172057063559e-10,1.0007378361678777e-09,4.457147655079287,1.3827942936440991,0.07378361678776044
579,9.286206792334744e-10,9.28620679227696e-10,7.137932,0.04420725,9.554285293175065e-10,9.861721391051237e-10,1.0007378052810392e-09,4.457147068249361,1.3827860894876374,0.07378052810391447
580,9.286205690738764e-10,9.286205690680827e-10,7.137943,0.04420675,9.55428535345355e-10,9.86172221300463e-10,1.0007377750145699e-09,4.457146465464505,1.3827778699537017,0.0737775014569808
581,9.286204590760323e-10,9.286204590702238e-10,7.137954,0.04420628,9.554285415245617e-10,9.861723036445814e-10,1.0007377453560657e-09,4.4571458475438375,1.3827696355418682,0.07377453560656067
582,9.286203492365855e-10,9.286203492307616e-10,7.137965,0.04420581,9.554285478550942e-10,9.861723861403443e-10,1.0007377162933573e-09,4.457145214490583,1.3827613859655803,0.07377162933572667
583,9.286202395522424e-10,9.286202395464059e-10,7.137976,0.04420536,9.554285543353721e-10,9.861724687768753e-10,1.000737687814536e-09,4.457144566462794,1.3827531223124778,0.0737687814535869
584,9.28620130019787e-10,9.28620130013932e-10,7.137987,0.04420492,9.554285609606188e-10,9.861725515591613e-10,1.000737659907907e-09,4.457143903938128,1.3827448440838739,0.07376599079069404
585,9.286200206360494e-10,9.286200206301799e-10,7.137998,0.0442045,9.554285677260682e-10,9.861726344757465e-10,1.0007376325620248e-09,4.4571432273931855,1.3827365524253517,0.07376325620247833
586,9.286199113979357e-10,9.286199113920528e-10,7.138009,0.04420409,9.554285746313825e-10,9.861727175319772e-10,1.0007376057656843e-09,4.457142536861755,1.3827282468022835,0.0737605765684202
587,9.286198023024162e-10,9.286198022965155e-10,7.13802,0.04420369,9.554285816722612e-10,9.86172800716233e-10,1.0007375795078782e-09,4.457141832773889,1.3827199283767138,0.07375795078781108
588,9.286196933465098e-10,9.286196933405935e-10,7.138031,0.0442033,9.554285888476845e-10,9.861728840355023e-10,1.0007375537778555e-09,4.4571411152315585,1.3827115964497778,0.07375537778554367
589,9.286195845273025e-10,9.286195845213716e-10,7.138042,0.04420293,9.554285961526376e-10,9.86172967480543e-10,1.0007375285650304e-09,4.457140384736242,1.3827032519457054,0.07375285650303358
590,9.286194758419397e-10,9.286194758359936e-10,7.138052,0.04420256,9.554286035869528e-10,9.861730510523024e-10,1.0007375038590766e-09,4.45713964130473,1.3826948947697637,0.0737503859076492
591,9.286193672876204e-10,9.286193672816594e-10,7.138063,0.04420221,9.554286111452085e-10,9.861731347500317e-10,1.0007374796498327e-09,4.457138885479157,1.3826865249968332,0.07374796498326118
592,9.286192588616033e-10,9.286192588556256e-10,7.138074,0.04420187,9.554286188305103e-10,9.861732185704383e-10,1.000737455927397e-09,4.457138116948979,1.382678142956173,0.07374559273969299
593,9.286191505611948e-10,9.286191505552034e-10,7.138085,0.04420154,9.554286266332589e-10,9.861733024971507e-10,1.0007374326819858e-09,4.457137336674119,1.3826697502849392,0.07374326819857607
594,9.286190423837633e-10,9.28619042377757e-10,7.138096,0.04420122,9.554286345552822e-10,9.861733865517284e-10,1.0007374099040949e-09,4.45713654447179,1.3826613448271683,0.0737409904094799
595,9.286189343267284e-10,9.286189343207048e-10,7.138107,0.04420092,9.554286425915246e-10,9.86173470718286e-10,1.0007373875843457e-09,4.457135740847544,1.3826529281713984,0.07373875843456777
596,9.28618826387551e-10,9.286188263815153e-10,7.138117,0.04420062,9.55428650741709e-10,9.861735549905343e-10,1.0007373657135888e-09,4.457134925829113,1.3826445009465764,0.07373657135887454
597,9.286187185637624e-10,9.286187185577088e-10,7.138128,0.04420033,9.554286590068662e-10,9.861736393796524e-10,1.000737344282835e-09,4.4571340993133886,1.3826360620347677,0.07373442828350303
598,9.286186108529236e-10,9.286186108468541e-10,7.138139,0.04420005,9.55428667373364e-10,9.86173723870634e-10,1.0007373232832857e-09,4.457133262663604,1.382627612936602,0.07373232832856054
599,9.286185032526522e-10,9.286185032465693e-10,7.13815,0.04419979,9.554286758515885e-10,9.861738084683404e-10,1.0007373027063027e-09,4.457132414841155,1.382619153165966,0.07373027063026373
600,9.286183957606192e-10,9.286183957545199e-10,7.13816,0.04419953,9.554286844363789e-10,9.86173893170158e-10,1.000737282543448e-09,4.457131556362117,1.382610682984207,0.07372825434478496
601,9.286182883745292e-10,9.286182883684177e-10,7.138171,0.04419928,9.554286931199365e-10,9.861739779746537e-10,1.0007372627864348e-09,4.457130688006355,1.382602202534635,0.07372627864347538
602,9.286181810921506e-10,9.286181810860209e-10,7.138182,0.04419904,9.554287019011819e-10,9.861740628786665e-10,1.000737243427145e-09,4.4571298098818195,1.3825937121333558,0.07372434271449857
603,9.286180739112763e-10,9.286180739051321e-10,7.138193,0.04419881,9.554287107867033e-10,9.86174147878353e-10,1.0007372244576133e-09,4.457128921329678,1.382585212164699,0.07372244576132096
604,9.286179668297599e-10,9.286179668235979e-10,7.138203,0.04419859,9.55428719765583e-10,9.861742329727293e-10,1.0007372058700315e-09,4.457128023441709,1.3825767027270786,0.07372058700314611
605,9.286178598454806e-10,9.286178598393077e-10,7.138214,0.04419838,9.554287288379506e-10,9.86174318159191e-10,1.0007371876567823e-09,4.457127116204943,1.3825681840809112,0.07371876567822337
606,9.286177529563831e-10,9.286177529501934e-10,7.138225,0.04419817,9.55428738005486e-10,9.86174403437209e-10,1.0007371698103734e-09,4.4571261994514035,1.3825596562791156,0.07371698103733393
607,9.286176461604357e-10,9.286176461542281e-10,7.138235,0.04419798,9.554287472583722e-10,9.861744888091412e-10,1.0007371523234686e-09,4.457125274162786,1.3825511190858837,0.07371523234685126
608,9.286175394556474e-10,9.286175394494254e-10,7.138246,0.04419779,9.554287566059571e-10,9.861745742645336e-10,1.000737135188856e-09,4.457124339404295,1.382542573546648,0.07371351888559799
609,9.286174328400757e-10,9.286174328338385e-10,7.138257,0.04419761,9.554287660366737e-10,9.861746598135301e-10,1.0007371183995044e-09,4.457123396332639,1.3825340186469945,0.07371183995042921
610,9.286173263118141e-10,9.286173263055599e-10,7.138267,0.04419744,9.55428775550642e-10,9.861747454395494e-10,1.0007371019485055e-09,4.457122444935802,1.3825254560450697,0.07371019485054571
611,9.286172198689882e-10,9.286172198627195e-10,7.138278,0.04419727,9.554287851539118e-10,9.861748311526134e-10,1.0007370858290887e-09,4.457121484608828,1.3825168847386613,0.07370858290885882
612,9.286171135097691e-10,9.286171135034855e-10,7.138289,0.04419712,9.55428794834968e-10,9.861749169465088e-10,1.000737070034616e-09,4.4571205165032115,1.3825083053491265,0.07370700346159745
613,9.286170072323609e-10,9.286170072260617e-10,7.138299,0.04419697,9.554288045978341e-10,9.861750028196607e-10,1.0007370545585877e-09,4.457119540216594,1.3824997180339402,0.07370545585876305
614,9.286169010350011e-10,9.286169010286889e-10,7.13831,0.04419683,9.554288144385634e-10,9.8617508877228e-10,1.000737039394653e-09,4.457118556143662,1.382491122772009,0.07370393946528775
615,9.286167949159703e-10,9.286167949096419e-10,7.138321,0.04419669,9.554288243536766e-10,9.861751748010628e-10,1.0007370245365442e-09,4.457117564632351,1.3824825198937296,0.07370245365441676
616,9.286166888735747e-10,9.286166888672307e-10,7.138331,0.04419656,9.554288343472023e-10,9.86175260906664e-10,1.0007370099781406e-09,4.45711656527978,1.3824739093336098,0.07370099781405712
617,9.286165829061574e-10,9.286165828997993e-10,7.138342,0.04419644,9.55428844411275e-10,9.861753470857585e-10,1.0007369957134687e-09,4.4571155588724976,1.382465291424156,0.07369957134686037
618,9.286164770120961e-10,9.286164770057238e-10,7.138352,0.04419633,9.554288545505972e-10,9.861754333344863e-10,1.000736981736633e-09,4.45711454494029,1.3824566665513716,0.07369817366329484
619,9.286163711898035e-10,9.286163711834134e-10,7.138363,0.04419622,9.55428864760623e-10,9.861755196586233e-10,1.000736968041891e-09,4.457113523937715,1.3824480341376777,0.07369680418909043
620,9.286162654377128e-10,9.286162654313091e-10,7.138373,0.04419612,9.554288750379512e-10,9.86175606045843e-10,1.0007369546235848e-09,4.457112496204887,1.3824393954156977,0.0736954623584763
621,9.286161597543041e-10,9.286161597478833e-10,7.138384,0.04419602,9.554288853820172e-10,9.86175692505085e-10,1.0007369414761867e-09,4.457111461798284,1.3824307494914976,0.07369414761866826
622,9.286160541380757e-10,9.286160541316385e-10,7.138395,0.04419593,9.55428895797614e-10,9.861757790327639e-10,1.000736928594304e-09,4.457110420238597,1.3824220967236187,0.07369285943038596
623,9.286159485875575e-10,9.286159485811069e-10,7.138405,0.04419585,9.55428906272853e-10,9.861758656242576e-10,1.000736915972578e-09,4.457109372714709,1.382413437574248,0.07369159725780246
624,9.28615843101319e-10,9.286158430948508e-10,7.138416,0.04419577,9.554289168152722e-10,9.861759522824882e-10,1.0007369036058414e-09,4.45710831847279,1.3824047717511845,0.07369036058413668
625,9.28615737677943e-10,9.286157376714608e-10,7.138426,0.0441957,9.554289274186684e-10,9.86176039004552e-10,1.000736891488971e-09,4.457107258133165,1.3823960995448092,0.07368914889709498
626,9.28615632316054e-10,9.286156323095551e-10,7.138437,0.04419564,9.554289380842066e-10,9.86176125788711e-10,1.0007368796169845e-09,4.457106191579347,1.382387421128913,0.07368796169844581
627,9.286155270142927e-10,9.286155270077808e-10,7.138447,0.04419558,9.554289488096695e-10,9.861762126326738e-10,1.0007368679849737e-09,4.457105119033058,1.3823787367326255,0.07368679849736086
628,9.286154217713388e-10,9.286154217648111e-10,7.138458,0.04419552,9.554289595921923e-10,9.861762995375666e-10,1.0007368565881346e-09,4.457104040780775,1.3823700462433461,0.07368565881345499
629,9.286153165858919e-10,9.286153165793459e-10,7.138468,0.04419547,9.554289704340225e-10,9.861763865015823e-10,1.0007368454217801e-09,4.457102956597752,1.3823613498417724,0.07368454217800631
630,9.286152114566701e-10,9.286152114501107e-10,7.138479,0.04419543,9.554289813315518e-10,9.861764735159748e-10,1.0007368344812846e-09,4.457101866844826,1.3823526484025244,0.07368344812845543
631,9.286151063824317e-10,9.286151063758573e-10,7.138489,0.04419539,9.55428992285947e-10,9.86176560593913e-10,1.0007368237621292e-09,4.457100771405301,1.382343940608709,0.07368237621291357
632,9.286150013619495e-10,9.286150013553621e-10,7.1385,0.04419535,9.554290032921831e-10,9.861766477268766e-10,1.000736813259903e-09,4.457099670781691,1.3823352273123437,0.07368132599028666
633,9.286148963940298e-10,9.286148963874256e-10,7.13851,0.04419533,9.55429014352886e-10,9.861767349096514e-10,1.000736802970232e-09,4.457098564711407,1.3823265090348622,0.07368029702320299
634,9.286147914774923e-10,9.286147914708727e-10,7.138521,0.0441953,9.55429025463325e-10,9.86176822154969e-10,1.0007367928888908e-09,4.4570974536675125,1.3823177845031094,0.07367928888907663
635,9.286146866111881e-10,9.286146866045516e-10,7.138531,0.04419528,9.554290366281475e-10,9.861769094373618e-10,1.0007367830117135e-09,4.457096337185258,1.3823090562638296,0.07367830117133942
636,9.286145817939831e-10,9.286145817873335e-10,7.138542,0.04419527,9.55429047838957e-10,9.86176996785237e-10,1.0007367733346003e-09,4.457095216104314,1.3823003214762988,0.07367733346001998
637,9.286144770247785e-10,9.286144770181124e-10,7.138552,0.04419526,9.554290591004715e-10,9.86177084175248e-10,1.000736763853556e-09,4.457094089952855,1.3822915824752133,0.07367638535559007
638,9.28614372302483e-10,9.286143722958036e-10,7.138563,0.04419525,9.554290704104514e-10,9.861771716092952e-10,1.0007367545646649e-09,4.4570929589548625,1.3822828390704869,0.07367545646648309
639,9.286142676260407e-10,9.286142676193452e-10,7.138573,0.04419525,9.55429081766847e-10,9.861772591038222e-10,1.0007367454640666e-09,4.457091823315311,1.382274089617788,0.07367454640665382
640,9.286141629944082e-10,9.286141629876958e-10,7.138584,0.04419525,9.55429093163675e-10,9.861773466446965e-10,1.0007367365480177e-09,4.457090683632502,1.3822653355303551,0.07367365480176168
641,9.286140584065605e-10,9.286140583998351e-10,7.138594,0.04419526,9.554291046153487e-10,9.861774342248057e-10,1.000736727812798e-09,4.457089538465133,1.3822565775194389,0.07367278127980287
642,9.286139538615059e-10,9.286139538547628e-10,7.138605,0.04419527,9.55429116104088e-10,9.861775218557252e-10,1.0007367192548125e-09,4.457088389591209,1.382247814427483,0.07367192548124335
643,9.28613849358259e-10,9.286138493514994e-10,7.138615,0.04419529,9.554291276362389e-10,9.861776095297736e-10,1.0007367108705299e-09,4.457087236376117,1.382239047022649,0.07367108705298038
644,9.286137448958564e-10,9.28613744889084e-10,7.138626,0.0441953,9.554291392126338e-10,9.861776972489469e-10,1.0007367026564196e-09,4.457086078736623,1.382230275105317,0.07367026564195259
645,9.28613640473364e-10,9.286136404665756e-10,7.138636,0.04419533,9.554291508280024e-10,9.861777850087435e-10,1.0007366946091245e-09,4.457084917199762,1.3822214991256598,0.07366946091244875
646,9.28613536089855e-10,9.286135360830516e-10,7.138646,0.04419535,9.554291624851982e-10,9.861778728109796e-10,1.0007366867252955e-09,4.457083751480181,1.3822127189020492,0.07366867252954343
647,9.286134317444293e-10,9.286134317376079e-10,7.138657,0.04419538,9.55429174179896e-10,9.861779606616663e-10,1.0007366790016752e-09,4.457082582010412,1.382203933833373,0.07366790016751355
648,9.286133274361919e-10,9.286133274293587e-10,7.138667,0.04419542,9.554291859181784e-10,9.86178048547596e-10,1.0007366714350207e-09,4.457081408182165,1.3821951452404106,0.07366714350206298
649,9.286132231642866e-10,9.286132231574359e-10,7.138678,0.04419546,9.554291976889538e-10,9.861781364703727e-10,1.0007366640222189e-09,4.457080231104629,1.3821863529627312,0.0736664022218823
650,9.286131189278522e-10,9.286131189209886e-10,7.138688,0.0441955,9.55429209501054e-10,9.861782244369397e-10,1.000736656760199e-09,4.4570790498946025,1.3821775563060401,0.07366567601990137
651,9.286130147260617e-10,9.286130147191824e-10,7.138699,0.04419554,9.554292213479226e-10,9.861783124404695e-10,1.0007366496459315e-09,4.457077865207749,1.3821687559530513,0.07366496459314462
652,9.286129105580942e-10,9.286129105512004e-10,7.138709,0.04419559,9.554292332298675e-10,9.861784004849221e-10,1.0007366426764648e-09,4.457076677013258,1.3821599515077931,0.073664267646474
653,9.286128064231526e-10,9.286128064162416e-10,7.138719,0.04419564,9.554292451460161e-10,9.861784885600228e-10,1.0007366358488984e-09,4.457075485398394,1.3821511439977274,0.07366358488983864
654,9.286127023204476e-10,9.286127023135214e-10,7.13873,0.04419569,9.55429257099622e-10,9.861785766761404e-10,1.0007366291604093e-09,4.457074290037808,1.3821423323859625,0.07366291604092179
655,9.286125982492097e-10,9.286125982422701e-10,7.13874,0.04419575,9.554292690868866e-10,9.861786648294459e-10,1.0007366226081774e-09,4.457073091311344,1.382133517055421,0.0736622608177376
656,9.2861249420869e-10,9.286124942017343e-10,7.138751,0.04419581,9.554292811024435e-10,9.86178753012408e-10,1.0007366161895104e-09,4.457071889755651,1.3821246987592095,0.07366161895103873
657,9.286123901981462e-10,9.286123901911749e-10,7.138761,0.04419588,9.554292931532235e-10,9.861788412340813e-10,1.0007366099017353e-09,4.457070684677658,1.3821158765918755,0.0736609901735218
658,9.286122862168551e-10,9.28612286209868e-10,7.138771,0.04419594,9.55429305233809e-10,9.861789294874123e-10,1.0007366037422221e-09,4.457069476619107,1.3821070512587768,0.07366037422220542
659,9.286121822641077e-10,9.286121822571041e-10,7.138782,0.04419601,9.55429317345373e-10,9.86179017774606e-10,1.0007365977084222e-09,4.457068265462701,1.382098222539407,0.07365977084221456
660,9.286120783392073e-10,9.286120783321876e-10,7.138792,0.04419608,9.554293294887867e-10,9.861791060975008e-10,1.0007365917977812e-09,4.45706705112134,1.382089390249926,0.07365917977811583
661,9.286119744414732e-10,9.286119744344372e-10,7.138803,0.04419616,9.55429341660187e-10,9.861791944456023e-10,1.0007365860078743e-09,4.4570658339812965,1.3820805554397775,0.07365860078742124
662,9.286118705702342e-10,9.286118705631854e-10,7.138813,0.04419624,9.554293538610203e-10,9.861792828277859e-10,1.0007365803362695e-09,4.457064613897979,1.3820717172214174,0.0736580336269397
663,9.286117667248414e-10,9.28611766717777e-10,7.138823,0.04419632,9.55429366088827e-10,9.861793712464937e-10,1.0007365747806106e-09,4.457063391117308,1.3820628753506412,0.0736574780610488
664,9.286116629046499e-10,9.286116628975708e-10,7.138834,0.0441964,9.554293783446617e-10,9.861794596910194e-10,1.000736569338568e-09,4.457062165533839,1.3820540308980687,0.07365693385679382
665,9.286115591090354e-10,9.286115591019381e-10,7.138844,0.04419649,9.55429390630241e-10,9.861795481652008e-10,1.0007365640078673e-09,4.45706093697591,1.38204518347993,0.07365640078672074
666,9.286114553373735e-10,9.28611455330263e-10,7.138854,0.04419657,9.554294029386428e-10,9.861796366666107e-10,1.0007365587863083e-09,4.457059706135729,1.38203633333894,0.07365587863082022
667,9.286113515890688e-10,9.286113515819415e-10,7.138865,0.04419667,9.554294152748583e-10,9.861797252009368e-10,1.0007365536716582e-09,4.4570584725141735,1.3820274799063295,0.07365536716581553
668,9.286112478635244e-10,9.286112478563822e-10,7.138875,0.04419676,9.554294276372442e-10,9.861798137622647e-10,1.0007365486618146e-09,4.457057236275584,1.3820186237735328,0.07365486618145804
669,9.286111441601618e-10,9.286111441530053e-10,7.138886,0.04419685,9.554294400237557e-10,9.861799023499483e-10,1.0007365437546728e-09,4.45705599762444,1.382009765005173,0.07365437546727163
670,9.286110404784152e-10,9.286110404712422e-10,7.138896,0.04419695,9.554294524358491e-10,9.861799909656303e-10,1.0007365389481717e-09,4.457054756415094,1.3820009034369725,0.07365389481716426
671,9.286109368177215e-10,9.286109368105359e-10,7.138906,0.04419705,9.5542946486743e-10,9.861800796060541e-10,1.0007365342403078e-09,4.457053513257015,1.381992039394592,0.0736534240307721
672,9.286108331775442e-10,9.286108331703411e-10,7.138917,0.04419715,9.554294773280549e-10,9.86180168277295e-10,1.000736529629097e-09,4.457052267194519,1.3819831722705087,0.07365296290969589
673,9.286107295573414e-10,9.286107295501222e-10,7.138927,0.04419726,9.554294898086833e-10,9.86180256968051e-10,1.0007365251126324e-09,4.457051019131672,1.3819743031948994,0.07365251126322914
674,9.286106259565904e-10,9.286106259493556e-10,7.138937,0.04419737,9.55429502310123e-10,9.861803456861978e-10,1.0007365206889782e-09,4.457049768987701,1.3819654313802265,0.07365206889781158
675,9.286105223747748e-10,9.286105223675275e-10,7.138948,0.04419747,9.554295148351767e-10,9.861804344289494e-10,1.0007365163563068e-09,4.4570485164823355,1.3819565571050634,0.07365163563067764
676,9.28610418811396e-10,9.286104188041339e-10,7.138958,0.04419758,9.55429527382322e-10,9.861805231973317e-10,1.0007365121127903e-09,4.457047261767799,1.38194768026684,0.07365121127902043
677,9.286103152659612e-10,9.286103152586819e-10,7.138968,0.0441977,9.554295399489604e-10,9.861806119924997e-10,1.0007365079566368e-09,4.457046005103969,1.38193880075004,0.07365079566367262
678,9.286102117379841e-10,9.286102117306875e-10,7.138979,0.04419781,9.554295525369004e-10,9.861807008041178e-10,1.0007365038861083e-09,4.457044746309964,1.3819299195882262,0.07365038861082288
679,9.286101082269872e-10,9.286101082196774e-10,7.138989,0.04419793,9.554295651469022e-10,9.86180789642939e-10,1.0007364998994904e-09,4.457043485309785,1.3819210357061047,0.07364998994903803
680,9.286100047325126e-10,9.286100047251866e-10,7.139,0.04419805,9.554295777750637e-10,9.861808785005228e-10,1.000736495995116e-09,4.457042222493634,1.381912149947731,0.07364959951159981
681,9.286099012540998e-10,9.2860990124676e-10,7.13901,0.04419817,9.554295904195908e-10,9.861809673871054e-10,1.0007364921713014e-09,4.457040958040927,1.3819032612894686,0.07364921713013561
682,9.286097977913076e-10,9.28609797783952e-10,7.13902,0.04419829,9.55429603087533e-10,9.861810562925378e-10,1.0007364884264794e-09,4.4570396912467,1.3818943707462272,0.07364884264793609
683,9.286096943436966e-10,9.286096943363251e-10,7.139031,0.04419842,9.554296157727717e-10,9.86181145219485e-10,1.0007364847590466e-09,4.457038422722837,1.3818854780515095,0.07364847590465225
684,9.286095909108387e-10,9.286095909034509e-10,7.139041,0.04419854,9.554296284732875e-10,9.861812341661544e-10,1.000736481167459e-09,4.457037152671255,1.3818765833845659,0.07364811674589085
685,9.286094874923106e-10,9.286094874849097e-10,7.139051,0.04419867,9.554296411943658e-10,9.861813231418717e-10,1.0007364776501993e-09,4.457035880563426,1.381867685812833,0.07364776501992629
686,9.286093840877076e-10,9.286093840802898e-10,7.139062,0.0441988,9.5542965393185e-10,9.86181412123296e-10,1.0007364742057851e-09,4.457034606815008,1.3818587876704072,0.0736474205785071
687,9.286092806966216e-10,9.286092806891882e-10,7.139072,0.04419893,9.554296666861419e-10,9.861815011337719e-10,1.0007364708327647e-09,4.457033331385821,1.38184988662282,0.07364708327646309
688,9.286091773186582e-10,9.286091773112094e-10,7.139082,0.04419906,9.554296794592227e-10,9.86181590159639e-10,1.0007364675296857e-09,4.457032054077735,1.3818409840360975,0.07364675296856205
689,9.286090739534306e-10,9.286090739459666e-10,7.139093,0.0441992,9.554296922433479e-10,9.861816792076857e-10,1.0007364642951626e-09,4.457030775665218,1.3818320792314351,0.0736464295162512
690,9.286089706005581e-10,9.286089705930799e-10,7.139103,0.04419933,9.554297050471488e-10,9.861817682795504e-10,1.0007364611278222e-09,4.457029495285127,1.381823172044968,0.07364611278221857
691,9.286088672596729e-10,9.286088672521774e-10,7.139113,0.04419947,9.554297178643335e-10,9.861818573589635e-10,1.0007364580263303e-09,4.457028213566659,1.3818142641036577,0.07364580263301923
692,9.286087639304015e-10,9.286087639228945e-10,7.139124,0.04419961,9.554297306988306e-10,9.86181946462435e-10,1.0007364549893637e-09,4.4570269301169425,1.381805353756513,0.07364549893636636
693,9.286086606123976e-10,9.286086606048736e-10,7.139134,0.04419975,9.55429743545432e-10,9.86182035588136e-10,1.0007364520156345e-09,4.457025645456813,1.381796441186403,0.07364520156344721
694,9.28608557305306e-10,9.286085572977654e-10,7.139144,0.04419989,9.554297564072771e-10,9.861821247254894e-10,1.0007364491038612e-09,4.457024359272293,1.3817875274510643,0.07364491038611086
695,9.286084540087839e-10,9.286084540012262e-10,7.139155,0.04420003,9.554297692866277e-10,9.86182213885809e-10,1.0007364462528295e-09,4.457023071337232,1.3817786114191002,0.07364462528294786
696,9.286083507224902e-10,9.286083507149197e-10,7.139165,0.04420018,9.554297821748852e-10,9.861823030602261e-10,1.0007364434613065e-09,4.457021782511482,1.3817696939773927,0.07364434613064628
697,9.286082474461046e-10,9.286082474385168e-10,7.139175,0.04420032,9.55429795080035e-10,9.861823922499713e-10,1.0007364407281138e-09,4.457020491996507,1.3817607750028782,0.07364407281137421
698,9.286081441792956e-10,9.28608144171694e-10,7.139186,0.04420047,9.554298079964443e-10,9.861824814653735e-10,1.0007364380520586e-09,4.457019200355573,1.3817518534626565,0.07364380520585223
699,9.286080409217531e-10,9.286080409141352e-10,7.139196,0.04420062,9.554298209294843e-10,9.861825706838268e-10,1.0007364354320364e-09,4.457017907051571,1.381742931617329,0.07364354320363103
700,9.286079376731628e-10,9.286079376655296e-10,7.139206,0.04420077,9.554298338707298e-10,9.861826599271377e-10,1.0007364328668957e-09,4.457016612927027,1.381734007286241,0.07364328668956707
701,9.286078344332201e-10,9.28607834425574e-10,7.139217,0.04420092,9.554298468292265e-10,9.861827491844194e-10,1.0007364303555475e-09,4.4570153170773565,1.3817250815580657,0.07364303555474137
702,9.286077312016337e-10,9.286077311939697e-10,7.139227,0.04420107,9.554298597952452e-10,9.861828384495958e-10,1.0007364278969241e-09,4.45701402047549,1.381716155040429,0.07364278969240624
703,9.286076279781028e-10,9.286076279704254e-10,7.139237,0.04420122,9.55429872773529e-10,9.861829277401897e-10,1.0007364254899741e-09,4.457012722647099,1.3817072259810321,0.07364254899740638
704,9.286075247623496e-10,9.286075247546548e-10,7.139248,0.04420138,9.554298857661538e-10,9.86183017043552e-10,1.0007364231336327e-09,4.4570114233846265,1.381698295644799,0.07364231336326293
705,9.286074215540855e-10,9.286074215463771e-10,7.139258,0.04420153,9.554298987669426e-10,9.861831063567564e-10,1.0007364208269248e-09,4.457010123305747,1.3816893643243657,0.073642082692472
706,9.286073183530432e-10,9.286073183453177e-10,7.139268,0.04420169,9.554299117805994e-10,9.861831956917913e-10,1.0007364185688363e-09,4.457008821940064,1.3816804308208788,0.07364185688362121
707,9.286072151589473e-10,9.28607215151207e-10,7.139278,0.04420185,9.554299248059755e-10,9.861832850365906e-10,1.0007364163583977e-09,4.457007519402452,1.3816714963409467,0.07364163583976503
708,9.28607111971538e-10,9.286071119637815e-10,7.139289,0.04420201,9.554299378426425e-10,9.861833744017553e-10,1.0007364141946545e-09,4.45700621573576,1.3816625598244747,0.0736414194654468
709,9.28607008790554e-10,9.286070087827821e-10,7.139299,0.04420217,9.55429950886495e-10,9.86183463771197e-10,1.0007364120766848e-09,4.4570049113505155,1.3816536228803096,0.07364120766847726
710,9.286069056157412e-10,9.286069056079561e-10,7.139309,0.04420233,9.554299639420073e-10,9.861835531590794e-10,1.0007364100035595e-09,4.457003605799278,1.381644684092069,0.07364100035594333
711,9.286068024468549e-10,9.286068024390541e-10,7.13932,0.04420249,9.554299770071836e-10,9.861836425563881e-10,1.0007364079743862e-09,4.457002299281646,1.3816357443611942,0.0736407974386129
712,9.286066992836486e-10,9.286066992758328e-10,7.13933,0.04420265,9.554299900848659e-10,9.861837319698275e-10,1.0007364059882854e-09,4.457000991513419,1.381626803017255,0.073640598828536
713,9.286065961258856e-10,9.286065961180539e-10,7.13934,0.04420282,9.55430003167758e-10,9.861838213989294e-10,1.000736404044402e-09,4.456999683224213,1.38161786010707,0.07364040444020284
714,9.286064929733297e-10,9.286064929654833e-10,7.139351,0.04420298,9.55430016263257e-10,9.861839108419109e-10,1.0007364021418885e-09,4.456998373674302,1.3816089158089175,0.07364021418884807
715,9.286063898257526e-10,9.286063898178915e-10,7.139361,0.04420315,9.554300293633338e-10,9.861840002967461e-10,1.0007364002798922e-09,4.456997063666629,1.3815999703253945,0.07364002798921004
716,9.286062866829334e-10,9.286062866750544e-10,7.139371,0.04420331,9.554300424765966e-10,9.861840897573648e-10,1.0007363984576457e-09,4.4569957523403465,1.3815910242635274,0.0736398457645678
717,9.286061835446456e-10,9.28606183536752e-10,7.139382,0.04420348,9.554300555971529e-10,9.861841792358162e-10,1.000736396674316e-09,4.45699444028472,1.381582076418383,0.07363966743160351
718,9.286060804106771e-10,9.286060804027684e-10,7.139392,0.04420365,9.554300687268042e-10,9.861842687234775e-10,1.0007363949291573e-09,4.456993127319587,1.3815731276522556,0.07363949291572622
719,9.286059772808153e-10,9.286059772728918e-10,7.139402,0.04420382,9.554300818606347e-10,9.861843582267365e-10,1.0007363932213722e-09,4.45699181393654,1.3815641773263552,0.07363932213721636
720,9.286058741548525e-10,9.286058741469152e-10,7.139413,0.04420399,9.554300950067438e-10,9.86184447738006e-10,1.0007363915502515e-09,4.456990499325627,1.381555226199413,0.0736391550251432
721,9.286057710325914e-10,9.286057710246357e-10,7.139423,0.04420416,9.554301081598943e-10,9.861845372586792e-10,1.0007363899150269e-09,4.4569891840105775,1.3815462741320905,0.07363899150268237
722,9.286056679138227e-10,9.28605667905854e-10,7.139433,0.04420433,9.554301213201563e-10,9.861846267953676e-10,1.0007363883149949e-09,4.456987867984379,1.381537320463243,0.07363883149948211
723,9.286055647983624e-10,9.286055647903754e-10,7.139444,0.04420451,9.554301344857846e-10,9.861847163424647e-10,1.0007363867494505e-09,4.456986551421548,1.3815283657535335,0.073638674945046
724,9.286054616860109e-10,9.286054616780089e-10,7.139454,0.04420468,9.554301476611428e-10,9.861848059031261e-10,1.0007363852177157e-09,4.4569852338857245,1.3815194096873926,0.07363852177156588
725,9.286053585765814e-10,9.286053585685664e-10,7.139464,0.04420485,9.554301608461327e-10,9.861848954711695e-10,1.0007363837190845e-09,4.456983915386733,1.381510452883055,0.07363837190844189
726,9.286052554698968e-10,9.286052554618652e-10,7.139474,0.04420503,9.55430174034538e-10,9.861849850459354e-10,1.0007363822529143e-09,4.456982596546197,1.381501495406468,0.07363822529142278
727,9.286051523657732e-10,9.286051523577249e-10,7.139485,0.04420521,9.55430187229084e-10,9.861850746367053e-10,1.0007363808185666e-09,4.456981277091605,1.381492536329472,0.07363808185665019
728,9.286050492640323e-10,9.286050492559695e-10,7.139495,0.04420538,9.554302004338582e-10,9.861851642375094e-10,1.000736379415387e-09,4.456979956614182,1.381483576249065,0.07363794153869417
729,9.286049461645036e-10,9.286049461564259e-10,7.139505,0.04420556,9.55430213642574e-10,9.861852538448869e-10,1.0007363780427527e-09,4.456978635742608,1.381474615511318,0.07363780427526799
730,9.286048430670205e-10,9.286048430589246e-10,7.139516,0.04420574,9.554302268571906e-10,9.86185343467844e-10,1.0007363767000593e-09,4.456977314280945,1.3814656532155971,0.07363767000592543
731,9.286047399714078e-10,9.286047399633002e-10,7.139526,0.04420592,9.554302400797316e-10,9.861854330957733e-10,1.000736375386713e-09,4.456975992026842,1.3814566904226788,0.0736375386712956
732,9.286046368775134e-10,9.286046368693898e-10,7.139536,0.04420609,9.554302533055719e-10,9.861855227330202e-10,1.000736374102121e-09,4.456974669442818,1.3814477266979825,0.07363741021209036
733,9.286045337851719e-10,9.286045337770335e-10,7.139547,0.04420627,9.554302665430404e-10,9.861856123856182e-10,1.0007363728456969e-09,4.456973345695965,1.3814387614381842,0.07363728456968323
734,9.286044306942317e-10,9.286044306860757e-10,7.139557,0.04420645,9.554302797794921e-10,9.86185702043535e-10,1.0007363716169046e-09,4.456972022050792,1.3814297956465085,0.07363716169045229
735,9.28604327604533e-10,9.286043275963634e-10,7.139567,0.04420664,9.554302930262462e-10,9.861857917114128e-10,1.0007363704151528e-09,4.456970697375387,1.381420828858721,0.07363704151527474
736,9.286042245159319e-10,9.286042245077461e-10,7.139578,0.04420682,9.554303062771562e-10,9.861858813909449e-10,1.0007363692399333e-09,4.4569693722843855,1.3814118609055193,0.07363692399332038
737,9.286041214282767e-10,9.286041214200769e-10,7.139588,0.044207,9.554303195315991e-10,9.86185971077678e-10,1.0007363680906864e-09,4.456968046840095,1.3814028922322152,0.07363680906863042
738,9.286040183414274e-10,9.286040183332119e-10,7.139598,0.04420718,9.554303327900032e-10,9.86186060768013e-10,1.0007363669669235e-09,4.456966720999688,1.3813939231987153,0.07363669669233917
739,9.286039152552407e-10,9.286039152470092e-10,7.139608,0.04420737,9.554303460580675e-10,9.861861504722714e-10,1.0007363658681207e-09,4.45696539419326,1.3813849527728637,0.07363658681206543
740,9.286038121695793e-10,9.286038121613313e-10,7.139619,0.04420755,9.55430359327258e-10,9.86186240188783e-10,1.0007363647937746e-09,4.4569640672742095,1.3813759811217092,0.07363647937745456
741,9.286037090843055e-10,9.28603709076042e-10,7.139629,0.04420773,9.554303726060984e-10,9.86186329905148e-10,1.0007363637434029e-09,4.45696273939017,1.3813670094851962,0.07363637434028195
742,9.28603605999288e-10,9.286036059910086e-10,7.139639,0.04420792,9.554303858842077e-10,9.861864196392474e-10,1.0007363627165132e-09,4.4569614115792335,1.3813580360752697,0.07363627165130965
743,9.286035029143943e-10,9.286035029061006e-10,7.13965,0.04420811,9.554303991718375e-10,9.861865093706798e-10,1.0007363617126708e-09,4.456960082816253,1.3813490629320264,0.07363617126706933
744,9.286033998294998e-10,9.286033998211903e-10,7.13966,0.04420829,9.554304124575667e-10,9.861865991239204e-10,1.0007363607313794e-09,4.456958754243338,1.3813400876079625,0.07363607313793015
745,9.286032967444783e-10,9.286032967361527e-10,7.13967,0.04420848,9.554304257541582e-10,9.8618668888006e-10,1.000736359772187e-09,4.456957424584191,1.3813311119940135,0.07363597721868671
746,9.286031936592045e-10,9.286031936508652e-10,7.139681,0.04420867,9.554304390511649e-10,9.8618677863813e-10,1.0007363588346718e-09,4.456956094883519,1.3813221361870005,0.07363588346717347
747,9.286030905735614e-10,9.286030905652073e-10,7.139691,0.04420885,9.55430452351723e-10,9.86186868407839e-10,1.0007363579183908e-09,4.456954764827696,1.3813131592161028,0.07363579183907419
748,9.286029874874315e-10,9.286029874790616e-10,7.139701,0.04420904,9.554304656600806e-10,9.861869581902973e-10,1.0007363570229184e-09,4.456953433991946,1.3813041809702717,0.07363570229183049
749,9.286028844006972e-10,9.286028843923122e-10,7.139712,0.04420923,9.554304789719178e-10,9.86187047975768e-10,1.0007363561478399e-09,4.456952102808222,1.3812952024232024,0.07363561478397988
750,9.28602781313249e-10,9.286027813048467e-10,7.139722,0.04420942,9.554304922826802e-10,9.861871377627215e-10,1.0007363552927508e-09,4.45695077173199,1.3812862237278605,0.07363552927507329
751,9.28602678224968e-10,9.286026782165534e-10,7.139732,0.04420961,9.55430505599814e-10,9.86187227566976e-10,1.0007363544572487e-09,4.456949440018601,1.3812772433024085,0.07363544572486834
752,9.286025751357574e-10,9.286025751273244e-10,7.139742,0.0442098,9.554305189199833e-10,9.861873173735933e-10,1.0007363536409267e-09,4.4569481080016775,1.3812682626406725,0.07363536409266776
753,9.286024720454997e-10,9.286024720370525e-10,7.139753,0.04420999,9.554305322478976e-10,9.861874071921337e-10,1.00073635284342e-09,4.456946775210246,1.3812592807866384,0.07363528434199286
754,9.286023689540973e-10,9.286023689456336e-10,7.139763,0.04421018,9.554305455718063e-10,9.86187497019025e-10,1.000736352064352e-09,4.456945442819375,1.3812502980975032,0.07363520643518628
755,9.286022658614436e-10,9.286022658529657e-10,7.139773,0.04421037,9.554305589046314e-10,9.861875868513921e-10,1.0007363513033644e-09,4.456944109536867,1.3812413148607952,0.07363513033643108
756,9.286021627674426e-10,9.286021627589482e-10,7.139784,0.04421056,9.5543057223627e-10,9.86187676686602e-10,1.0007363505600452e-09,4.456942776372996,1.3812323313398058,0.07363505600451299
757,9.286020596719934e-10,9.28602059663483e-10,7.139794,0.04421076,9.554305855738852e-10,9.861877665306224e-10,1.0007363498341018e-09,4.456941442611487,1.381223346937766,0.0736349834101705
758,9.286019565749982e-10,9.286019565664736e-10,7.139804,0.04421095,9.55430598913959e-10,9.861878563835309e-10,1.0007363491251571e-09,4.4569401086040985,1.3812143616469204,0.07363491251570484
759,9.286018534763663e-10,9.286018534678262e-10,7.139815,0.04421114,9.554306122582609e-10,9.861879462368976e-10,1.0007363484328574e-09,4.456938774173918,1.3812053763102488,0.07363484328573339
760,9.286017503760045e-10,9.286017503674478e-10,7.139825,0.04421133,9.554306256017487e-10,9.861880361074407e-10,1.0007363477569137e-09,4.456937439825133,1.381196389255937,0.07363477569136681
761,9.286016472738209e-10,9.286016472652478e-10,7.139835,0.04421153,9.554306389537533e-10,9.86188125975058e-10,1.0007363470969469e-09,4.45693610462468,1.3811874024941988,0.07363470969467892
762,9.286015441697242e-10,9.286015441611376e-10,7.139846,0.04421172,9.554306523044837e-10,9.861882158558098e-10,1.0007363464526805e-09,4.456934769551635,1.3811784144190218,0.07363464526804187
763,9.286014410636318e-10,9.286014410550299e-10,7.139856,0.04421192,9.554306656601706e-10,9.861883057398403e-10,1.0007363458237732e-09,4.456933433982944,1.3811694260159713,0.07363458237731378
764,9.286013379554555e-10,9.286013379468398e-10,7.139866,0.04421211,9.554306790152835e-10,9.861883956309528e-10,1.0007363452099355e-09,4.4569320984716585,1.38116043690473,0.07363452099354333
765,9.286012348451165e-10,9.286012348364833e-10,7.139877,0.04421231,9.554306923752883e-10,9.861884855279202e-10,1.0007363446108547e-09,4.456930762471179,1.3811514472079895,0.0736344610854631
766,9.28601131732527e-10,9.286011317238786e-10,7.139887,0.0442125,9.554307057363194e-10,9.861885754336187e-10,1.000736344026246e-09,4.456929426368067,1.3811424566381392,0.07363440262459738
767,9.286010286176071e-10,9.286010286089452e-10,7.139897,0.0442127,9.554307191014314e-10,9.861886653402945e-10,1.0007363434557964e-09,4.4569280898568655,1.3811334659705576,0.0736343455796374
768,9.286009255002839e-10,9.286009254916047e-10,7.139907,0.04421289,9.554307324652352e-10,9.861887552591282e-10,1.0007363428992517e-09,4.456926753476482,1.381124474087186,0.07363428992516803
769,9.286008223804724e-10,9.286008223717799e-10,7.139918,0.04421309,9.554307458359394e-10,9.861888451858956e-10,1.0007363423563102e-09,4.456925416406065,1.3811154814104447,0.07363423563101786
770,9.286007192581028e-10,9.28600719249395e-10,7.139928,0.04421329,9.554307592060495e-10,9.861889351119508e-10,1.0007363418267095e-09,4.45692407939506,1.3811064888049236,0.07363418267094457
771,9.286006161331016e-10,9.28600616124376e-10,7.139938,0.04421348,9.554307725777465e-10,9.861890250453667e-10,1.0007363413101904e-09,4.45692274222536,1.381097495463336,0.07363413101903675
772,9.286005130053919e-10,9.286005129966503e-10,7.139949,0.04421368,9.554307859519e-10,9.861891149859546e-10,1.0007363408064842e-09,4.456921404810009,1.3810885014045413,0.07363408064841102
773,9.286004098749011e-10,9.286004098661469e-10,7.139959,0.04421388,9.554307993305471e-10,9.861892049324212e-10,1.0007363403153347e-09,4.456920066945292,1.38107950675789,0.07363403153346613
774,9.286003067415647e-10,9.286003067327958e-10,7.139969,0.04421408,9.554308127071607e-10,9.861892948897668e-10,1.0007363398364943e-09,4.456918729283936,1.3810705110233308,0.07363398364942804
775,9.286002036053141e-10,9.286002035965288e-10,7.13998,0.04421427,9.554308260889365e-10,9.861893848412822e-10,1.0007363393696983e-09,4.456917391106359,1.3810615158717892,0.07363393696982695
776,9.286001004660799e-10,9.286001004572789e-10,7.13999,0.04421447,9.554308394696295e-10,9.861894748045082e-10,1.0007363389147314e-09,4.456916053037059,1.3810525195491874,0.0736338914731355
777,9.285999973237976e-10,9.285999973149804e-10,7.14,0.04421467,9.554308528526512e-10,9.861895647774619e-10,1.000736338471348e-09,4.4569147147348875,1.3810435222538209,0.07363384713478643
778,9.28599894178402e-10,9.285998941695689e-10,7.140011,0.04421487,9.554308662388135e-10,9.861896547483068e-10,1.0007363380393136e-09,4.4569133761186555,1.3810345251693237,0.07363380393134983
779,9.285997910298282e-10,9.285997910209815e-10,7.140021,0.04421507,9.554308796236945e-10,9.861897447290802e-10,1.0007363376183982e-09,4.456912037630554,1.3810255270919822,0.07363376183980941
780,9.285996878780207e-10,9.285996878691564e-10,7.140031,0.04421527,9.554308930096664e-10,9.861898347150378e-10,1.0007363372083862e-09,4.456910699033368,1.381016528496226,0.07363372083861712
781,9.285995847229104e-10,9.285995847140328e-10,7.140042,0.04421547,9.5543090640343e-10,9.861899247033485e-10,1.0007363368090609e-09,4.456909359656999,1.3810075296651574,0.07363368090608013
782,9.285994815644455e-10,9.285994815555519e-10,7.140052,0.04421567,9.554309197904872e-10,9.861900147003702e-10,1.0007363364202024e-09,4.456908020951287,1.3809985299629852,0.07363364202023683
783,9.285993784025652e-10,9.285993783936549e-10,7.140062,0.04421587,9.554309331827984e-10,9.861901047041767e-10,1.000736336041599e-09,4.456906681720171,1.3809895295823387,0.07363360415989068
784,9.285992752372096e-10,9.285992752282851e-10,7.140072,0.04421607,9.554309465778535e-10,9.861901947161658e-10,1.0007363356730489e-09,4.456905342214658,1.3809805283834242,0.07363356730487916
785,9.285991720683253e-10,9.285991720593861e-10,7.140083,0.04421627,9.55430959970831e-10,9.86190284724717e-10,1.0007363353143641e-09,4.456904002916913,1.380971527528307,0.07363353143640461
786,9.285990688958596e-10,9.285990688869039e-10,7.140093,0.04421647,9.554309733640381e-10,9.86190374739915e-10,1.0007363349653243e-09,4.456902663596192,1.3809625260085086,0.07363349653242264
787,9.285989657197554e-10,9.285989657107843e-10,7.140103,0.04421667,9.554309867662922e-10,9.861904647671962e-10,1.0007363346257453e-09,4.456901323370784,1.3809535232803856,0.0736334625745285
788,9.285988625399621e-10,9.285988625309748e-10,7.140114,0.04421687,9.554310001603303e-10,9.861905547907773e-10,1.0007363342954395e-09,4.456899983966972,1.3809445209222808,0.0736334295439452
789,9.285987593564259e-10,9.285987593474242e-10,7.140124,0.04421707,9.554310135613513e-10,9.861906448249803e-10,1.0007363339742283e-09,4.456898643864876,1.380935517501973,0.07363339742282629
790,9.285986561690968e-10,9.285986561600816e-10,7.140134,0.04421728,9.554310269578455e-10,9.861907348646922e-10,1.0007363336619325e-09,4.456897304215455,1.3809265135307836,0.07363336619324265
791,9.285985529779308e-10,9.285985529688976e-10,7.140145,0.04421748,9.554310403588282e-10,9.861908249080135e-10,1.000736333358359e-09,4.456895964117185,1.380917509198654,0.07363333583590027
792,9.2859844978287e-10,9.285984497738233e-10,7.140155,0.04421768,9.554310537599052e-10,9.86190914951523e-10,1.000736333063322e-09,4.456894624009484,1.3809085048477059,0.07363330633218763
793,9.285983465838751e-10,9.285983465748116e-10,7.140165,0.04421788,9.554310671649008e-10,9.861910050022685e-10,1.0007363327766805e-09,4.4568932835099275,1.380899499773161,0.07363327766804262
794,9.285982433808916e-10,9.285982433718162e-10,7.140176,0.04421808,9.554310805653417e-10,9.861910950604472e-10,1.0007363324982463e-09,4.456891943465837,1.3808904939552906,0.07363324982462621
795,9.285981401738849e-10,9.285981401647904e-10,7.140186,0.04421829,9.554310939727667e-10,9.861911851249883e-10,1.0007363322278761e-09,4.4568906027233375,1.3808814875011737,0.0736332227876075
796,9.285980369627979e-10,9.285980369536903e-10,7.140196,0.04421849,9.554311073730978e-10,9.861912751866499e-10,1.0007363319653824e-09,4.456889262690229,1.3808724813350193,0.07363319653823018
797,9.285979337475967e-10,9.285979337384714e-10,7.140207,0.04421869,9.554311207790942e-10,9.861913652648104e-10,1.0007363317106358e-09,4.4568879220905835,1.3808634735189702,0.07363317106356954
798,9.285978305282308e-10,9.285978305190913e-10,7.140217,0.0442189,9.55431134187781e-10,9.861914553356102e-10,1.000736331463466e-09,4.456886581221897,1.380854466438988,0.07363314634658565
799,9.285977273046632e-10,9.285977272955076e-10,7.140227,0.0442191,9.554311475900097e-10,9.861915454163333e-10,1.0007363312237024e-09,4.456885240999033,1.3808454583666783,0.0736331223702386
800,9.285976240768501e-10,9.285976240676788e-10,7.140238,0.0442193,9.554311609986834e-10,9.861916354995321e-10,1.0007363309912269e-09,4.45688390013167,1.3808364500467936,0.07363309912267904
801,9.285975208447495e-10,9.285975208355646e-10,7.140248,0.04421951,9.554311744072834e-10,9.861917255898406e-10,1.000736330765886e-09,4.45688255927167,1.3808274410159471,0.07363307658858344
802,9.285974176083283e-10,9.285974175991253e-10,7.140258,0.04421971,9.554311878140468e-10,9.861918156844946e-10,1.0007363305475363e-09,4.456881218595324,1.3808184315505412,0.07363305475362089
803,9.285973143675394e-10,9.28597314358322e-10,7.140269,0.04421991,9.55431201224288e-10,9.861919057834732e-10,1.0007363303360233e-09,4.456879877571211,1.3808094216526856,0.07363303360232311
804,9.28597211122349e-10,9.285972111131162e-10,7.140279,0.04422012,9.55431214632293e-10,9.861919958848434e-10,1.0007363301312194e-09,4.456878536770706,1.3808004115156711,0.07363301312193085
805,9.285971078727187e-10,9.285971078634712e-10,7.140289,0.04422032,9.554312280401152e-10,9.861920859958377e-10,1.000736329933022e-09,4.456877195988481,1.380791400416232,0.07363299330218706
806,9.285970046186123e-10,9.285970046093501e-10,7.1403,0.04422053,9.554312414494988e-10,9.861921761040662e-10,1.0007363297412397e-09,4.456875855050126,1.3807823895933815,0.0736329741239632
807,9.28596901359994e-10,9.285969013507167e-10,7.14031,0.04422073,9.55431254859799e-10,9.86192266225123e-10,1.0007363295557848e-09,4.4568745140200985,1.380773377487698,0.07363295557847047
808,9.285967980968292e-10,9.285967980875361e-10,7.14032,0.04422094,9.554312682695342e-10,9.86192356342573e-10,1.000736329376519e-09,4.4568731730465885,1.3807643657427064,0.07363293765189495
809,9.285966948290821e-10,9.285966948197741e-10,7.140331,0.04422114,9.554312816827023e-10,9.861924464705244e-10,1.0007363292033248e-09,4.456871831729777,1.3807553529475678,0.07363292033247
810,9.285965915567238e-10,9.285965915473966e-10,7.140341,0.04422135,9.554312950920933e-10,9.86192536593395e-10,1.0007363290360717e-09,4.456870490790678,1.380746340660504,0.07363290360716754
811,9.285964882797104e-10,9.285964882703702e-10,7.140351,0.04422155,9.554313085015236e-10,9.861926267314819e-10,1.0007363288746485e-09,4.456869149847649,1.380737326851821,0.07363288746484128
812,9.285963849980169e-10,9.285963849886629e-10,7.140362,0.04422176,9.554313219135605e-10,9.861927168697376e-10,1.0007363287189419e-09,4.456867808643955,1.3807283130262427,0.07363287189417954
813,9.285962817116133e-10,9.285962817022426e-10,7.140372,0.04422196,9.554313353237826e-10,9.861928070101803e-10,1.000736328568813e-09,4.456866467621745,1.3807192989819788,0.0736328568812857
814,9.285961784204666e-10,9.285961784110787e-10,7.140382,0.04422217,9.554313487341532e-10,9.861928971514286e-10,1.0007363284241949e-09,4.456865126584686,1.3807102848571473,0.07363284241948025
815,9.285960751245404e-10,9.285960751151401e-10,7.140392,0.04422237,9.554313621456002e-10,9.86192987308981e-10,1.000736328284929e-09,4.456863785439991,1.3807012691019016,0.07363282849290202
816,9.285959718238137e-10,9.28595971814397e-10,7.140403,0.04422258,9.554313755566228e-10,9.861930774574213e-10,1.0007363281509397e-09,4.45686244433773,1.380692254257878,0.07363281509396162
817,9.285958685182505e-10,9.285958685088201e-10,7.140413,0.04422279,9.554313889671309e-10,9.86193167619174e-10,1.0007363280221092e-09,4.456861103286919,1.3806832380826104,0.0736328022109131
818,9.285957652078299e-10,9.285957651983805e-10,7.140423,0.04422299,9.55431402380862e-10,9.86193257782073e-10,1.0007363278983377e-09,4.456859761913798,1.3806742217927164,0.07363278983376823
819,9.285956618925125e-10,9.285956618830502e-10,7.140434,0.0442232,9.554314157903211e-10,9.861933479457697e-10,1.0007363277795319e-09,4.456858420967895,1.3806652054230408,0.07363277795317989
820,9.285955585722819e-10,9.285955585628013e-10,7.140444,0.0442234,9.554314292012023e-10,9.86193438116881e-10,1.0007363276655656e-09,4.4568570798797795,1.3806561883119013,0.07363276655655424
821,9.285954552471009e-10,9.285954552376071e-10,7.140454,0.04422361,9.554314426115482e-10,9.86193528292044e-10,1.0007363275563629e-09,4.4568557388451815,1.3806471707956085,0.07363275563628123
822,9.285953519169509e-10,9.285953519074407e-10,7.140465,0.04422382,9.554314560240008e-10,9.861936184708113e-10,1.000736327451839e-09,4.456854397599922,1.3806381529188718,0.07363274518390293
823,9.285952485818008e-10,9.285952485722759e-10,7.140475,0.04422402,9.55431469435285e-10,9.861937086518694e-10,1.0007363273518813e-09,4.456853056471501,1.3806291348130681,0.07363273518812834
824,9.285951452416307e-10,9.285951452320878e-10,7.140485,0.04422423,9.554314828458879e-10,9.861937988351197e-10,1.000736327256414e-09,4.4568517154112195,1.380620116488041,0.07363272564138873
825,9.285950418964079e-10,9.285950418868512e-10,7.140496,0.04422444,9.554314962548996e-10,9.861938890268175e-10,1.0007363271653122e-09,4.456850374510046,1.3806110973182557,0.07363271653121438
826,9.285949385461118e-10,9.285949385365415e-10,7.140506,0.04422465,9.554315096636921e-10,9.861939792228566e-10,1.0007363270785472e-09,4.456849033630793,1.3806020777143455,0.07363270785471014
827,9.285948351907209e-10,9.285948351811345e-10,7.140516,0.04422485,9.554315230764812e-10,9.861940694182023e-10,1.000736326995971e-09,4.456847692351888,1.3805930581797732,0.07363269959709016
828,9.285947318302071e-10,9.285947318206069e-10,7.140527,0.04422506,9.55431536484196e-10,9.861941596223447e-10,1.0007363269175375e-09,4.4568463515803955,1.380584037765536,0.07363269175374292
829,9.28594628464554e-10,9.285946284549356e-10,7.140537,0.04422527,9.554315498953054e-10,9.861942498257176e-10,1.0007363268431698e-09,4.45684501046947,1.3805750174282474,0.07363268431697562
830,9.28594525093731e-10,9.285945250840983e-10,7.140547,0.04422547,9.554315633048424e-10,9.86194340034853e-10,1.0007363267727476e-09,4.456843669515771,1.3805659965147032,0.07363267727475278
831,9.285944217177216e-10,9.285944217080727e-10,7.140558,0.04422568,9.554315767135623e-10,9.861944302469756e-10,1.0007363267062344e-09,4.456842328643776,1.3805569753024434,0.07363267062343484
832,9.28594318336502e-10,9.285943183268366e-10,7.140568,0.04422589,9.55431590121491e-10,9.86194520466002e-10,1.0007363266435149e-09,4.456840987850901,1.3805479533997982,0.0736326643514826
833,9.285942149500493e-10,9.285942149403693e-10,7.140579,0.0442261,9.554316035312716e-10,9.861946106824043e-10,1.0007363265845394e-09,4.456839646872842,1.3805389317595758,0.07363265845393299
834,9.285941115583434e-10,9.285941115486495e-10,7.140589,0.0442263,9.554316169348134e-10,9.861947009108445e-10,1.0007363265292215e-09,4.456838306518662,1.3805299089155576,0.07363265292214197
835,9.285940081613677e-10,9.285940081516569e-10,7.140599,0.04422651,9.554316303462476e-10,9.861947911367601e-10,1.0007363264775026e-09,4.456836965375249,1.3805208863239948,0.07363264775025723
836,9.28593904759098e-10,9.285939047493718e-10,7.14061,0.04422672,9.554316437511768e-10,9.861948813738857e-10,1.0007363264292935e-09,4.456835624882331,1.380511862611437,0.07363264292934521
837,9.28593801351515e-10,9.285938013417742e-10,7.14062,0.04422693,9.554316571598433e-10,9.861949716056156e-10,1.0007363263845377e-09,4.456834284015671,1.380502839438449,0.07363263845376043
838,9.285936979386031e-10,9.28593697928845e-10,7.14063,0.04422714,9.554316705632453e-10,9.86195061843556e-10,1.000736326343146e-09,4.4568329436754714,1.380493815644414,0.07363263431459001
839,9.285935945203387e-10,9.285935945105653e-10,7.140641,0.04422734,9.554316839703006e-10,9.86195152082056e-10,1.000736326305076e-09,4.456831602969947,1.3804847917943994,0.07363263050759464
840,9.285934910967038e-10,9.285934910869165e-10,7.140651,0.04422755,9.554316973761482e-10,9.861952423307611e-10,1.0007363262702397e-09,4.456830262385191,1.380475766923892,0.07363262702396484
841,9.285933876676836e-10,9.285933876578804e-10,7.140661,0.04422776,9.554317107798353e-10,9.861953325780838e-10,1.0007363262386003e-09,4.456828922016474,1.3804667421916272,0.07363262386001969
842,9.28593284233257e-10,9.285932842234393e-10,7.140672,0.04422797,9.554317241844878e-10,9.861954228389943e-10,1.0007363262100516e-09,4.456827581551225,1.3804577161005736,0.07363262100515056
843,9.285931807934099e-10,9.285931807835762e-10,7.140682,0.04422818,9.55431737588562e-10,9.861955130907358e-10,1.0007363261845568e-09,4.4568262411438155,1.3804486909264289,0.07363261845567651
844,9.285930773481206e-10,9.285930773382734e-10,7.140692,0.04422838,9.554317509904384e-10,9.861956033505197e-10,1.000736326162068e-09,4.456824900956169,1.3804396649480373,0.07363261620679991
845,9.285929738973805e-10,9.285929738875146e-10,7.140703,0.04422859,9.55431764392838e-10,9.861956936150258e-10,1.0007363261425042e-09,4.456823560716202,1.3804306384974288,0.07363261425041435
846,9.285928704411627e-10,9.285928704312829e-10,7.140713,0.0442288,9.554317777948444e-10,9.86195783882021e-10,1.000736326125807e-09,4.456822220515568,1.380421611797901,0.07363261258068825
847,9.285927669794556e-10,9.285927669695629e-10,7.140723,0.04422901,9.554317912001063e-10,9.861958741557885e-10,1.0007363261119378e-09,4.456820879989376,1.3804125844211603,0.07363261119377519
848,9.285926635122495e-10,9.285926635023382e-10,7.140734,0.04422922,9.554318045970935e-10,9.861959644289861e-10,1.0007363261008236e-09,4.456819540290654,1.380403557101392,0.07363261008235464
849,9.285925600395185e-10,9.285925600295938e-10,7.140744,0.04422943,9.5543181799803e-10,9.861960547057974e-10,1.0007363260924066e-09,4.456818200196996,1.3803945294202697,0.07363260924065701
850,9.285924565612565e-10,9.285924565513144e-10,7.140754,0.04422964,9.554318313958869e-10,9.86196144985006e-10,1.0007363260866474e-09,4.456816860411317,1.3803855014994098,0.07363260866473251
851,9.285923530774424e-10,9.285923530674854e-10,7.140765,0.04422985,9.554318447953548e-10,9.861962352770615e-10,1.000736326083488e-09,4.456815520464524,1.3803764722938556,0.07363260834879087
852,9.285922495880655e-10,9.285922495780921e-10,7.140775,0.04423005,9.554318581931589e-10,9.861963255592444e-10,1.0007363260828682e-09,4.456814180684118,1.3803674440755622,0.07363260828681437
853,9.285921460931093e-10,9.285921460831196e-10,7.140785,0.04423026,9.554318715934091e-10,9.86196415853611e-10,1.00073632608474e-09,4.4568128406590946,1.3803584146389145,0.07363260847398466
854,9.285920425925565e-10,9.285920425825549e-10,7.140796,0.04423047,9.554318849871738e-10,9.861965061467234e-10,1.0007363260890572e-09,4.456811501282622,1.3803493853276674,0.07363260890571091
855,9.285919390864018e-10,9.285919390763841e-10,7.140806,0.04423068,9.554318983868417e-10,9.861965964468375e-10,1.0007363260957662e-09,4.456810161315832,1.3803403553162532,0.07363260957661641
856,9.28591835574629e-10,9.285918355645935e-10,7.140816,0.04423089,9.554319117798568e-10,9.861966867529415e-10,1.0007363261048365e-09,4.456808822014322,1.3803313247058568,0.07363261048364064
857,9.285917320572216e-10,9.2859173204717e-10,7.140827,0.0442311,9.554319251757894e-10,9.861967770561766e-10,1.0007363261162042e-09,4.456807482421066,1.3803222943823474,0.07363261162041428
858,9.285916285341639e-10,9.285916285241008e-10,7.140837,0.04423131,9.55431938570384e-10,9.861968673648946e-10,1.000736326129811e-09,4.456806142961607,1.3803132635105413,0.07363261298108503
859,9.28591525005454e-10,9.285915249953733e-10,7.140847,0.04423152,9.5543195196599e-10,9.861969576737606e-10,1.0007363261456504e-09,4.4568048034010035,1.3803042326239496,0.07363261456503249
860,9.285914214710702e-10,9.285914214609749e-10,7.140858,0.04423173,9.554319653579083e-10,9.861970479881006e-10,1.0007363261636476e-09,4.4568034642091785,1.38029520118995,0.07363261636475003
861,9.285913179310043e-10,9.285913179208932e-10,7.140868,0.04423194,9.554319787507358e-10,9.861971383128703e-10,1.0007363261837669e-09,4.456802124926425,1.3802861687129793,0.07363261837668075
862,9.285912143852443e-10,9.285912143751171e-10,7.140879,0.04423215,9.554319921385076e-10,9.86197228635415e-10,1.000736326205948e-09,4.456800786149246,1.3802771364584996,0.07363262059478626
863,9.285911108337755e-10,9.285911108236342e-10,7.140889,0.04423236,9.554320055290325e-10,9.861973189581224e-10,1.0007363262301833e-09,4.456799447096758,1.3802681041877656,0.07363262301832205
864,9.28591007276591e-10,9.285910072664335e-10,7.140899,0.04423257,9.55432018918769e-10,9.861974092910047e-10,1.000736326256409e-09,4.4567981081231025,1.3802590708995375,0.07363262564089819
865,9.285909037136788e-10,9.285909037035035e-10,7.14091,0.04423278,9.554320323075258e-10,9.861974996223918e-10,1.0007363262846018e-09,4.4567967692474255,1.3802500377608222,0.07363262846017786
866,9.285908001450231e-10,9.285908001348332e-10,7.14092,0.04423299,9.554320456958458e-10,9.861975899547534e-10,1.0007363263147129e-09,4.456795430415424,1.3802410045246651,0.07363263147128073
867,9.285906965706152e-10,9.285906965604119e-10,7.14093,0.0442332,9.55432059084523e-10,9.861976802974055e-10,1.0007363263467107e-09,4.4567940915477084,1.380231970259454,0.0736326346710635
868,9.285905929904503e-10,9.285905929802292e-10,7.140941,0.04423341,9.554320724685282e-10,9.861977706401776e-10,1.0007363263805263e-09,4.456792753147185,1.3802229359822487,0.0736326380526192
869,9.285904894045095e-10,9.285904893942748e-10,7.140951,0.04423361,9.554320858558935e-10,9.861978609828198e-10,1.000736326416159e-09,4.45679141441066,1.3802139017180302,0.0736326416158858
870,9.285903858127901e-10,9.285903858025384e-10,7.140961,0.04423382,9.55432099240257e-10,9.861979513361822e-10,1.0007363264535731e-09,4.4567900759742995,1.3802048663817856,0.07363264535730643
871,9.285902822152736e-10,9.285902822050098e-10,7.140972,0.04423403,9.554321126238303e-10,9.861980416839004e-10,1.000736326492698e-09,4.456788737616975,1.3801958316099676,0.073632649269788
872,9.285901786119592e-10,9.285901786016794e-10,7.140982,0.04423424,9.554321260054617e-10,9.861981320455375e-10,1.000736326533544e-09,4.456787399453831,1.3801867954462528,0.0736326533543852
873,9.28590075002835e-10,9.285900749925381e-10,7.140992,0.04423445,9.55432139390513e-10,9.861982224029319e-10,1.000736326576049e-09,4.456786060948711,1.3801777597068199,0.07363265760489414
874,9.285899713878891e-10,9.285899713775756e-10,7.141003,0.04423466,9.554321527712517e-10,9.861983127598603e-10,1.000736326620173e-09,4.45678472287484,1.3801687240139775,0.073632662017303
875,9.285898677671103e-10,9.285898677567838e-10,7.141013,0.04423487,9.554321661478578e-10,9.861984031288376e-10,1.0007363266659058e-09,4.45678338521423,1.3801596871162436,0.07363266659057781
876,9.285897641404969e-10,9.285897641301529e-10,7.141024,0.04423508,9.554321795287888e-10,9.861984934915745e-10,1.0007363267132183e-09,4.456782047121128,1.3801506508425552,0.07363267132182343
877,9.285896605080297e-10,9.285896604976745e-10,7.141034,0.04423529,9.554321929073774e-10,9.861985838673763e-10,1.0007363267620373e-09,4.456780709262263,1.3801416132623763,0.07363267620371933
878,9.285895568697125e-10,9.285895568593395e-10,7.141044,0.04423551,9.554322062865782e-10,9.861986742429727e-10,1.0007363268123863e-09,4.456779371342186,1.3801325757027323,0.07363268123862296
879,9.28589453225531e-10,9.285894532151398e-10,7.141055,0.04423572,9.554322196619692e-10,9.861987646161565e-10,1.0007363268642118e-09,4.456778033803089,1.3801235383843562,0.07363268642117833
880,9.28589349575474e-10,9.285893495650667e-10,7.141065,0.04423593,9.554322330407324e-10,9.861988549955983e-10,1.0007363269174724e-09,4.45677669592677,1.3801145004401765,0.07363269174722886
881,9.285892459195327e-10,9.285892459091128e-10,7.141075,0.04423614,9.5543224641154e-10,9.861989453840839e-10,1.0007363269721523e-09,4.456775358846013,1.3801054615916197,0.07363269721522359
882,9.28589142257704e-10,9.285891422472691e-10,7.141086,0.04423635,9.554322597866126e-10,9.861990357696857e-10,1.0007363270282227e-09,4.456774021338742,1.3800964230314385,0.07363270282226737
883,9.285890385899772e-10,9.285890385795284e-10,7.141096,0.04423656,9.554322731595525e-10,9.861991261611801e-10,1.0007363270856688e-09,4.456772684044759,1.3800873838819947,0.07363270856687129
884,9.285889349163494e-10,9.285889349058829e-10,7.141107,0.04423677,9.554322865315748e-10,9.86199216560189e-10,1.000736327144424e-09,4.45677134684253,1.3800783439810986,0.07363271444239722
885,9.285888312368081e-10,9.285888312263248e-10,7.141117,0.04423698,9.554322999045752e-10,9.861993069551655e-10,1.00073632720449e-09,4.456770009542487,1.380069304483453,0.07363272044898991
886,9.285887275513449e-10,9.285887275408474e-10,7.141127,0.04423719,9.554323132723313e-10,9.86199397354753e-10,1.0007363272658562e-09,4.456768672766877,1.3800602645246958,0.0736327265856154
887,9.285886238599551e-10,9.285886238494428e-10,7.141138,0.0442374,9.554323266404391e-10,9.861994877604083e-10,1.0007363273284535e-09,4.456767335956091,1.380051223959181,0.07363273284534605
888,9.285885201626326e-10,9.285885201521042e-10,7.141148,0.04423761,9.55432340009475e-10,9.861995781602057e-10,1.0007363273922856e-09,4.456765999052516,1.380042183979434,0.07363273922855408
889,9.285884164593697e-10,9.285884164488244e-10,7.141158,0.04423782,9.554323533751858e-10,9.861996685712634e-10,1.0007363274573372e-09,4.456764662481427,1.3800331428736665,0.0736327457337092
890,9.285883127501566e-10,9.285883127395968e-10,7.141169,0.04423803,9.554323667419176e-10,9.861997589864392e-10,1.0007363275235656e-09,4.456763325808242,1.3800241013560872,0.07363275235655146
891,9.285882090349885e-10,9.285882090244147e-10,7.141179,0.04423824,9.55432380107332e-10,9.86199849401972e-10,1.0007363275909485e-09,4.4567619892668064,1.3800150598028151,0.07363275909484744
892,9.285881053138604e-10,9.285881053032715e-10,7.141189,0.04423845,9.554323934677653e-10,9.861999398206636e-10,1.0007363276594701e-09,4.45676065322348,1.3800060179336429,0.07363276594700485
893,9.285880015867643e-10,9.285880015761607e-10,7.1412,0.04423866,9.554324068340784e-10,9.862000302434995e-10,1.000736327729096e-09,4.456759316592171,1.3799969756500532,0.07363277290959086
894,9.285878978536959e-10,9.285878978430762e-10,7.14121,0.04423887,9.554324201970372e-10,9.862001206725366e-10,1.0007363277998185e-09,4.456757980296284,1.3799879327463467,0.07363277998184034
895,9.285877941146467e-10,9.285877941040117e-10,7.141221,0.04423908,9.554324335548736e-10,9.862002110982215e-10,1.0007363278716014e-09,4.45675664451265,1.3799788901778551,0.07363278716013438
896,9.285876903696138e-10,9.285876903589612e-10,7.141231,0.04423929,9.554324469155703e-10,9.862003015287043e-10,1.0007363279444297e-09,4.456755308442976,1.3799698471295783,0.07363279444296336
897,9.285875866185834e-10,9.285875866079184e-10,7.141241,0.0442395,9.554324602777206e-10,9.862003919653208e-10,1.0007363280182963e-09,4.456753972227947,1.3799608034679263,0.0736328018296242
898,9.285874828615615e-10,9.285874828508781e-10,7.141252,0.04423971,9.55432473631593e-10,9.862004823992178e-10,1.0007363280931588e-09,4.456752636840697,1.3799517600782305,0.07363280931587757
899,9.285873790985333e-10,9.285873790878342e-10,7.141262,0.04423993,9.554324869892247e-10,9.862005728407055e-10,1.0007363281690082e-09,4.456751301077536,1.3799427159294517,0.0736328169008136
900,9.28587275329495e-10,9.285872753187812e-10,7.141272,0.04424014,9.554325003462086e-10,9.862006632845905e-10,1.0007363282458334e-09,4.456749965379142,1.3799336715409563,0.07363282458333625
901,9.285871715544435e-10,9.285871715437134e-10,7.141283,0.04424035,9.554325137010256e-10,9.862007537326906e-10,1.000736328323595e-09,4.456748629897449,1.37992462673095,0.07363283235949575
902,9.285870677733699e-10,9.285870677626258e-10,7.141293,0.04424056,9.55432527054682e-10,9.86200844183238e-10,1.0007363284022913e-09,4.45674729453181,1.3799155816762017,0.07363284022912667
903,9.285869639862704e-10,9.285869639755125e-10,7.141304,0.04424077,9.55432540407542e-10,9.86200934634716e-10,1.000736328481882e-09,4.456745959245808,1.3799065365284164,0.07363284818819649
904,9.285868601931462e-10,9.285868601823693e-10,7.141314,0.04424098,9.554325537577554e-10,9.862010250934833e-10,1.0007363285623766e-09,4.456744624224462,1.379897490651678,0.07363285623765646
905,9.285867563939814e-10,9.285867563831904e-10,7.141324,0.04424119,9.554325671093404e-10,9.86201115551072e-10,1.0007363286437435e-09,4.456743289065969,1.3798884448928128,0.07363286437434263
906,9.285866525887779e-10,9.285866525779711e-10,7.141335,0.0442414,9.554325804585848e-10,9.862012060120816e-10,1.0007363287259615e-09,4.456741954141527,1.3798793987918465,0.07363287259614569
907,9.285865487775282e-10,9.285865487667061e-10,7.141345,0.04424161,9.554325938094875e-10,9.862012964820174e-10,1.000736328809029e-09,4.456740619051256,1.3798703517982698,0.0736328809029002
908,9.285864449602281e-10,9.285864449493911e-10,7.141356,0.04424182,9.554326071528552e-10,9.862013869469896e-10,1.0007363288929079e-09,4.456739284714485,1.3798613053010425,0.07363288929078043
909,9.285863411368735e-10,9.28586341126021e-10,7.141366,0.04424203,9.55432620500904e-10,9.862014774182017e-10,1.0007363289775801e-09,4.456737949909612,1.3798522581798316,0.07363289775800799
910,9.285862373074588e-10,9.285862372965919e-10,7.141376,0.04424225,9.554326338456204e-10,9.862015678927e-10,1.000736329063056e-09,4.456736615437968,1.3798432107300025,0.07363290630559613
911,9.285861334719837e-10,9.285861334610986e-10,7.141387,0.04424246,9.554326471885778e-10,9.862016583733505e-10,1.0007363291493001e-09,4.456735281142225,1.379834162664958,0.07363291493000867
912,9.285860296304361e-10,9.285860296195369e-10,7.141397,0.04424267,9.554326605312705e-10,9.862017488487775e-10,1.0007363292363003e-09,4.456733946872951,1.3798251151222571,0.07363292363002552
913,9.285859257828191e-10,9.285859257719027e-10,7.141407,0.04424288,9.554326738735948e-10,9.86201839336205e-10,1.0007363293240534e-09,4.456732612640529,1.3798160663795034,0.07363293240533648
914,9.285858219291195e-10,9.285858219181914e-10,7.141418,0.04424309,9.554326872136078e-10,9.862019298202225e-10,1.0007363294125262e-09,4.4567312786392215,1.379807017977755,0.07363294125261216
915,9.285857180693432e-10,9.285857180583993e-10,7.141428,0.0442433,9.554327005516915e-10,9.8620202030991e-10,1.0007363295017153e-09,4.456729944830853,1.3797979690090156,0.07363295017152167
916,9.28585614203482e-10,9.285856141925217e-10,7.141439,0.04424351,9.554327138917598e-10,9.862021108054812e-10,1.00073632959161e-09,4.4567286108240225,1.3797889194518818,0.0736329591609897
917,9.285855103315311e-10,9.285855103205549e-10,7.141449,0.04424372,9.55432727227406e-10,9.862022013051525e-10,1.0007363296821817e-09,4.456727277259405,1.379779869484756,0.07363296821816247
918,9.285854064534867e-10,9.285854064424949e-10,7.141459,0.04424393,9.55432740565779e-10,9.862022917979317e-10,1.0007363297734137e-09,4.4567259434221045,1.3797708202068373,0.07363297734136491
919,9.285853025693466e-10,9.285853025583382e-10,7.14147,0.04424415,9.55432753900851e-10,9.862023823012332e-10,1.0007363298653282e-09,4.456724609914913,1.3797617698766826,0.07363298653280977
920,9.285851986791031e-10,9.285851986680805e-10,7.14148,0.04424436,9.554327672343783e-10,9.862024728032092e-10,1.0007363299578733e-09,4.456723276562177,1.3797527196790835,0.07363299578732714
921,9.28585094782756e-10,9.285850947717184e-10,7.141491,0.04424457,9.5543278056667e-10,9.862025633112e-10,1.000736330051051e-09,4.456721943332999,1.3797436688800002,0.07363300510510315
922,9.285849908803025e-10,9.28584990869248e-10,7.141501,0.04424478,9.554327938959652e-10,9.862026538246941e-10,1.000736330144861e-09,4.45672061040349,1.3797346175305936,0.07363301448609644
923,9.285848869717338e-10,9.285848869606663e-10,7.141511,0.04424499,9.55432807230637e-10,9.862027443380184e-10,1.0007363302392605e-09,4.456719276936313,1.3797255661981649,0.07363302392604701
924,9.285847830570533e-10,9.285847830459692e-10,7.141522,0.0442452,9.554328205584975e-10,9.86202834855242e-10,1.0007363303342579e-09,4.456717944150257,1.3797165144758035,0.07363303342578209
925,9.285846791362532e-10,9.285846791251536e-10,7.141532,0.04424541,9.55432833885258e-10,9.862029253727682e-10,1.00073633042983e-09,4.456716611474216,1.3797074627231876,0.07363304298298554
926,9.285845752093293e-10,9.285845751982157e-10,7.141542,0.04424562,9.554328472129288e-10,9.862030158997015e-10,1.0007363305260095e-09,4.456715278707123,1.3796984100298606,0.07363305260094538
927,9.285844712762834e-10,9.285844712651528e-10,7.141553,0.04424584,9.55432860539556e-10,9.8620310642488e-10,1.0007363306227164e-09,4.4567139460444,1.3796893575119993,0.073633062271638
928,9.285843673371054e-10,9.285843673259613e-10,7.141563,0.04424605,9.55432873864196e-10,9.86203196952339e-10,1.0007363307199918e-09,4.4567126135804065,1.379680304766105,0.0736330719991786
929,9.285842633917992e-10,9.285842633806381e-10,7.141574,0.04424626,9.554328871866147e-10,9.862032874853756e-10,1.0007363308177861e-09,4.456711281338532,1.379671251462443,0.07363308177860411
930,9.285841594403556e-10,9.285841594291804e-10,7.141584,0.04424647,9.554329005111552e-10,9.862033780169033e-10,1.0007363309161224e-09,4.456709948884486,1.379662198309679,0.07363309161223064
931,9.285840554827748e-10,9.285840554715845e-10,7.141594,0.04424668,9.554329138289773e-10,9.862034685565267e-10,1.0007363310149603e-09,4.456708617102277,1.379653144347333,0.07363310149602566
932,9.28583951519054e-10,9.285839515078483e-10,7.141605,0.04424689,9.554329271512019e-10,9.862035590955327e-10,1.00073633111431e-09,4.45670728487982,1.379644090446736,0.07363311143100248
933,9.285838475491903e-10,9.285838475379676e-10,7.141615,0.0442471,9.554329404695056e-10,9.86203649645559e-10,1.0007363312141576e-09,4.456705953049447,1.379635035444107,0.0736331214157549
934,9.285837435731809e-10,9.285837435619406e-10,7.141626,0.04424731,9.554329537877963e-10,9.862037401833434e-10,1.0007363313144874e-09,4.456704621220377,1.3796259816656637,0.07363313144873194
935,9.285836395910198e-10,9.285836395797639e-10,7.141636,0.04424753,9.554329671014513e-10,9.862038307403834e-10,1.000736331415309e-09,4.45670328985488,1.3796169259616682,0.07363314153088489
936,9.285835356027049e-10,9.285835355914353e-10,7.141646,0.04424774,9.554329804202383e-10,9.86203921295209e-10,1.0007363315165868e-09,4.456701957976179,1.3796078704791088,0.07363315165867751
937,9.285834316082382e-10,9.285834315969515e-10,7.141657,0.04424795,9.554329937351406e-10,9.862040118451002e-10,1.0007363316183321e-09,4.456700626485943,1.3795988154899834,0.07363316183320583
938,9.28583327607612e-10,9.285833275963101e-10,7.141667,0.04424816,9.5543300704656e-10,9.862041024027134e-10,1.000736331720516e-09,4.456699295344012,1.3795897597286644,0.07363317205159542
939,9.28583223600824e-10,9.285832235895087e-10,7.141678,0.04424837,9.554330203573283e-10,9.862041929681565e-10,1.0007363318231387e-09,4.45669796426718,1.3795807031843568,0.07363318231386694
940,9.285831195878749e-10,9.285831195765443e-10,7.141688,0.04424858,9.5543303367119e-10,9.862042835333e-10,1.0007363319261883e-09,4.456696632881003,1.3795716466700136,0.07363319261882095
941,9.285830155687592e-10,9.285830155574148e-10,7.141698,0.0442488,9.554330469787967e-10,9.862043740997859e-10,1.0007363320296715e-09,4.45669530212034,1.3795625900214192,0.07363320296713993
942,9.285829115434768e-10,9.285829115321172e-10,7.141709,0.04424901,9.554330602882183e-10,9.862044646709613e-10,1.000736332133567e-09,4.456693971178173,1.3795535329038755,0.07363321335669387
943,9.285828075120281e-10,9.285828075006493e-10,7.141719,0.04424922,9.554330735966432e-10,9.862045552425847e-10,1.0007363322378598e-09,4.456692640335682,1.3795444757415398,0.07363322378597315
944,9.285827034744011e-10,9.285827034630091e-10,7.14173,0.04424943,9.55433086900021e-10,9.86204645813616e-10,1.00073633234255e-09,4.456691309997915,1.3795354186384097,0.07363323425499844
945,9.285825994306029e-10,9.285825994191938e-10,7.14174,0.04424964,9.554331002047103e-10,9.862047364001596e-10,1.0007363324476338e-09,4.456689979528978,1.3795263599840468,0.07363324476337689
946,9.285824953806234e-10,9.285824953692012e-10,7.14175,0.04424985,9.554331135088099e-10,9.862048269791995e-10,1.0007363325531107e-09,4.45668864911902,1.3795173020800613,0.07363325531106706
947,9.28582391324469e-10,9.285823913130292e-10,7.141761,0.04425006,9.554331268123703e-10,9.86204917565933e-10,1.000736332658955e-09,4.456687318762972,1.3795082434067147,0.07363326589548407
948,9.285822872621315e-10,9.285822872506754e-10,7.141771,0.04425028,9.554331401099276e-10,9.862050081517077e-10,1.0007363327651558e-09,4.4566859890072505,1.3794991848292384,0.07363327651557323
949,9.285821831936063e-10,9.28582183182138e-10,7.141782,0.04425049,9.554331534128428e-10,9.862050987468308e-10,1.0007363328717275e-09,4.456684658715723,1.379490125316924,0.07363328717274077
950,9.285820791188991e-10,9.285820791074143e-10,7.141792,0.0442507,9.554331667132811e-10,9.862051893400519e-10,1.000736332978653e-09,4.456683328671895,1.3794810659948198,0.07363329786529096
951,9.28581975038005e-10,9.285819750265027e-10,7.141802,0.04425091,9.55433180009162e-10,9.862052799367427e-10,1.000736333085915e-09,4.456681999083802,1.379472006325734,0.07363330859148672
952,9.285818709509174e-10,9.285818709394012e-10,7.141813,0.04425112,9.554331933029667e-10,9.862053705364666e-10,1.0007363331935169e-09,4.456680669703331,1.3794629463533417,0.07363331935167959
953,9.285817668576395e-10,9.285817668461077e-10,7.141823,0.04425133,9.55433206599435e-10,9.86205461142685e-10,1.0007363333014499e-09,4.456679340056509,1.3794538857315093,0.07363333014498039
954,9.285816627581661e-10,9.2858166274662e-10,7.141834,0.04425155,9.55433219895864e-10,9.862055517453125e-10,1.0007363334097075e-09,4.456678010413615,1.379444825468756,0.07363334097074802
955,9.28581558652499e-10,9.285815586409364e-10,7.141844,0.04425176,9.554332331863376e-10,9.862056423573333e-10,1.0007363335182882e-09,4.45667668136625,1.379435764266677,0.07363335182881704
956,9.285814545406309e-10,9.285814545290548e-10,7.141855,0.04425197,9.554332464793358e-10,9.862057329613317e-10,1.0007363336271793e-09,4.45667535206643,1.3794267038668393,0.07363336271792602
957,9.285813504225687e-10,9.285813504109738e-10,7.141865,0.04425218,9.554332597683798e-10,9.862058235811695e-10,1.000736333736378e-09,4.456674023162022,1.3794176418830537,0.07363337363778545
958,9.285812462983002e-10,9.285812462866909e-10,7.141875,0.04425239,9.55433273057791e-10,9.862059141966022e-10,1.0007363338458743e-09,4.456672694220909,1.3794085803397835,0.07363338458742337
959,9.285811421678284e-10,9.285811421562048e-10,7.141886,0.0442526,9.554332863462722e-10,9.86206004821053e-10,1.0007363339556623e-09,4.456671365372791,1.3793995178947003,0.07363339556621941
960,9.285810380311538e-10,9.285810380195136e-10,7.141896,0.04425282,9.55433299631398e-10,9.862060954443779e-10,1.0007363340657482e-09,4.456670036860198,1.3793904555622172,0.07363340657481462
961,9.28580933888272e-10,9.285809338766156e-10,7.141907,0.04425303,9.554333129200445e-10,9.862061860704227e-10,1.0007363341761071e-09,4.456668707995557,1.3793813929577359,0.0736334176107068
962,9.285808297391803e-10,9.285808297275088e-10,7.141917,0.04425324,9.554333262003062e-10,9.862062767004738e-10,1.0007363342867421e-09,4.456667379969388,1.3793723299526308,0.07363342867420614
963,9.285807255838813e-10,9.285807255721922e-10,7.141927,0.04425345,9.55433339485523e-10,9.862063673340935e-10,1.0007363343976571e-09,4.456666051447697,1.3793632665906592,0.07363343976570554
964,9.285806214223653e-10,9.285806214106636e-10,7.141938,0.04425366,9.5543335276572e-10,9.862064579701633e-10,1.0007363345088304e-09,4.456664723428,1.3793542029836767,0.07363345088303365
965,9.285805172546415e-10,9.285805172429218e-10,7.141948,0.04425387,9.554333660459702e-10,9.862065486067857e-10,1.0007363346202676e-09,4.456663395402989,1.3793451393214384,0.07363346202674882
966,9.285804130806979e-10,9.285804130689646e-10,7.141959,0.04425409,9.554333793256824e-10,9.862066392452483e-10,1.0007363347319584e-09,4.456662067431765,1.3793360754751733,0.07363347319583777
967,9.285803089005413e-10,9.285803088887914e-10,7.141969,0.0442543,9.554333926063213e-10,9.862067298885885e-10,1.0007363348438977e-09,4.4566607393678765,1.379327011141161,0.07363348438976279
968,9.285802047141661e-10,9.285802047024e-10,7.14198,0.04425451,9.55433405880506e-10,9.862068205359718e-10,1.0007363349560785e-09,4.456659411949396,1.379317946402823,0.0736334956078415
969,9.285801005215693e-10,9.285801005097893e-10,7.14199,0.04425472,9.554334191545974e-10,9.862069111889424e-10,1.0007363350685126e-09,4.456658084540262,1.3793088811057657,0.07363350685125263
970,9.285799963227507e-10,9.285799963109575e-10,7.142,0.04425493,9.554334324315159e-10,9.862070018374419e-10,1.000736335181177e-09,4.456656756848418,1.37929981625582,0.07363351811770073
971,9.28579892117714e-10,9.285798921059031e-10,7.142011,0.04425514,9.554334457046363e-10,9.86207092497739e-10,1.0007363352940672e-09,4.456655429536376,1.3792907502261083,0.07363352940671017
972,9.285797879064527e-10,9.285797878946253e-10,7.142021,0.04425536,9.554334589776403e-10,9.86207183155563e-10,1.0007363354071806e-09,4.456654102235974,1.379281684443703,0.0736335407180535
973,9.285796836889653e-10,9.285796836771223e-10,7.142032,0.04425557,9.554334722474272e-10,9.862072738135993e-10,1.0007363355205277e-09,4.456652775257284,1.3792726186400803,0.07363355205276467
974,9.285795794652493e-10,9.285795794533923e-10,7.142042,0.04425578,9.554334855177104e-10,9.862073644803467e-10,1.0007363356340855e-09,4.456651448228964,1.379263551965333,0.07363356340854828
975,9.285794752353065e-10,9.28579475223435e-10,7.142052,0.04425599,9.554334987864108e-10,9.86207455150798e-10,1.0007363357478611e-09,4.4566501213589245,1.3792544849202157,0.07363357478610741
976,9.285793709991357e-10,9.285793709872484e-10,7.142063,0.0442562,9.5543351205324e-10,9.862075458227132e-10,1.0007363358618388e-09,4.456648794676014,1.3792454177286873,0.07363358618387043
977,9.285792667567352e-10,9.285792667448313e-10,7.142073,0.04425641,9.554335253161563e-10,9.862076364913917e-10,1.0007363359760246e-09,4.456647468384381,1.3792363508608347,0.07363359760245772
978,9.285791625081046e-10,9.285791624961825e-10,7.142084,0.04425663,9.554335385829798e-10,9.862077271683127e-10,1.0007363360904233e-09,4.456646141702029,1.379227283168738,0.07363360904232423
979,9.285790582532347e-10,9.285790582413007e-10,7.142094,0.04425684,9.554335518462117e-10,9.86207817852741e-10,1.0007363362049955e-09,4.456644815378838,1.3792182147259129,0.07363362049954086
980,9.285789539921366e-10,9.285789539801848e-10,7.142105,0.04425705,9.554335651080088e-10,9.862079085278692e-10,1.000736336319769e-09,4.456643489199123,1.379209147213087,0.07363363197689934
981,9.28578849724798e-10,9.285788497128334e-10,7.142115,0.04425726,9.554335783724379e-10,9.862079992169609e-10,1.0007363364347397e-09,4.456642162756219,1.379200078303918,0.0736336434739654
982,9.285787454512278e-10,9.285787454392454e-10,7.142125,0.04425747,9.554335916280225e-10,9.86208089900855e-10,1.0007363365498874e-09,4.456640837197757,1.3791910099145082,0.0736336549887331
983,9.285786411714156e-10,9.285786411594201e-10,7.142136,0.04425769,9.5543360488587e-10,9.862081805941365e-10,1.0007363366652202e-09,4.456639511412998,1.3791819405863517,0.07363366652200898
984,9.285785368853682e-10,9.285785368733556e-10,7.142146,0.0442579,9.554336181422258e-10,9.862082712820904e-10,1.0007363367807223e-09,4.456638185777423,1.3791728717909613,0.07363367807222139
985,9.285784325930792e-10,9.285784325810519e-10,7.142157,0.04425811,9.554336313997736e-10,9.862083619856394e-10,1.0007363368964022e-09,4.45663686002265,1.379163801436067,0.07363368964021819
986,9.285783282945513e-10,9.285783282825065e-10,7.142167,0.04425832,9.554336446544427e-10,9.862084526839124e-10,1.000736337012257e-09,4.456635534555736,1.379154731608769,0.07363370122568916
987,9.285782239897754e-10,9.285782239777191e-10,7.142178,0.04425853,9.554336579078336e-10,9.862085433909386e-10,1.0007363371282819e-09,4.456634209216643,1.3791456609061483,0.07363371282817938
988,9.285781196787639e-10,9.285781196666888e-10,7.142188,0.04425874,9.554336711605736e-10,9.862086340933125e-10,1.0007363372444685e-09,4.456632883942648,1.379136590668755,0.07363372444684098
989,9.28578015361504e-10,9.285780153494145e-10,7.142198,0.04425896,9.554336844099754e-10,9.862087247989546e-10,1.0007363373608114e-09,4.456631559002463,1.3791275201045423,0.0736337360811363
990,9.285779110379986e-10,9.285779110258945e-10,7.142209,0.04425917,9.554336976585993e-10,9.862088155118578e-10,1.0007363374773192e-09,4.456630234140073,1.3791184488142307,0.0736337477319132
991,9.285778067082484e-10,9.285778066961287e-10,7.142219,0.04425938,9.554337109082462e-10,9.862089062295507e-10,1.0007363375939903e-09,4.456628909175382,1.37910937704494,0.0736337593990269
992,9.28577702372251e-10,9.285777023601158e-10,7.14223,0.04425959,9.554337241575997e-10,9.862089969396594e-10,1.0007363377107746e-09,4.456627584240035,1.3791003060340707,0.0736337710774523
993,9.285775980300054e-10,9.285775980178547e-10,7.14224,0.0442598,9.554337374042326e-10,9.86209087662024e-10,1.0007363378277435e-09,4.4566262595767485,1.3790912337976091,0.07363378277434451
994,9.28577493681512e-10,9.285774936693443e-10,7.142251,0.04426002,9.554337506440702e-10,9.862091783835153e-10,1.0007363379448514e-09,4.4566249355929894,1.3790821616484772,0.07363379448513334
995,9.285773893267658e-10,9.28577389314584e-10,7.142261,0.04426023,9.554337638901139e-10,9.862092691132503e-10,1.0007363380620918e-09,4.456623610988619,1.3790730886749771,0.07363380620917775
996,9.285772849657697e-10,9.285772849535731e-10,7.142272,0.04426044,9.554337771336016e-10,9.862093598409006e-10,1.0007363381794868e-09,4.456622286639847,1.3790640159099472,0.07363381794866977
997,9.285771805985239e-10,9.285771805863104e-10,7.142282,0.04426065,9.554337903710536e-10,9.86209450571724e-10,1.0007363382970022e-09,4.456620962894648,1.3790549428276109,0.07363382970021794
998,9.285770762250243e-10,9.285770762127944e-10,7.142292,0.04426086,9.554338036126533e-10,9.86209541308724e-10,1.0007363384146592e-09,4.456619638734679,1.379045869127598,0.0736338414659109
999,9.285769718452706e-10,9.285769718330254e-10,7.142303,0.04426107,9.55433816848227e-10,9.86209632042657e-10,1.0007363385324489e-09,4.4566183151773116,1.3790367957343035,0.0736338532448801
