{"(2.0, 0.0, -0.5)": {"nn": [[-6.123233995736765e-17, 5.551115123125783e-17, -0.5], [-3.6739403974420594e-16, -2.0, -0.5], [1.4142135623730947, -1.4142135623730954, -0.375], [1.2246467991473532e-16, 2.0, -0.5], [1.4142135623730951, 1.4142135623730951, -0.375], [2.0, -4.898587196589413e-16, -0.25]], "index": 0}, "(2.0, -4.898587196589413e-16, 0.5)": {"nn": [[-3.6739403974420594e-16, -2.0, 0.5], [1.4142135623730947, -1.4142135623730954, 0.375], [1.2246467991473532e-16, 2.0, 0.5], [-6.123233995736765e-17, -5.551115123125783e-17, 0.5], [2.0, 0.0, 0.25], [1.4142135623730951, 1.4142135623730951, 0.375]], "index": 1}, "(-2.0, 2.4492935982947064e-16, 0.0)": {"nn": [[-1.414213562373095, 1.4142135623730951, 0.125], [-2.0, 2.4492935982947064e-16, 0.25], [-2.0, 2.4492935982947064e-16, -0.25], [-1.4142135623730954, -1.414213562373095, -0.125], [-1.4142135623730954, -1.414213562373095, 0.125], [-1.414213562373095, 1.4142135623730951, -0.125], [-3.6739403974420594e-16, -2.0, 0.0], [1.2246467991473532e-16, 2.0, 0.0]], "index": 2}, "(-2.0, 2.4492935982947064e-16, -0.5)": {"nn": [[-1.414213562373095, 1.4142135623730951, -0.375], [-2.0, 2.4492935982947064e-16, -0.25], [-3.6739403974420594e-16, -2.0, -0.5], [-1.4142135623730954, -1.414213562373095, -0.375], [1.2246467991473532e-16, 2.0, -0.5], [-6.123233995736765e-17, 5.551115123125783e-17, -0.5]], "index": 3}, "(2.0, 0.0, 0.0)": {"nn": [[2.0, -4.898587196589413e-16, -0.25], [2.0, 0.0, 0.25], [1.4142135623730951, 1.4142135623730951, 0.125], [1.4142135623730951, 1.4142135623730951, -0.125], [-3.6739403974420594e-16, -2.0, 0.0], [1.2246467991473532e-16, 2.0, 0.0], [1.4142135623730947, -1.4142135623730954, -0.125], [1.4142135623730947, -1.4142135623730954, 0.125]], "index": 4}, "(-2.0, 2.4492935982947064e-16, 0.5)": {"nn": [[-1.414213562373095, 1.4142135623730951, 0.375], [-2.0, 2.4492935982947064e-16, 0.25], [-3.6739403974420594e-16, -2.0, 0.5], [1.2246467991473532e-16, 2.0, 0.5], [-1.4142135623730954, -1.414213562373095, 0.375], [-6.123233995736765e-17, -5.551115123125783e-17, 0.5]], "index": 5}, "(1.2246467991473532e-16, 2.0, 0.25)": {"nn": [[-2.0, 2.4492935982947064e-16, 0.25], [-1.414213562373095, 1.4142135623730951, 0.125], [-1.414213562373095, 1.4142135623730951, 0.375], [2.0, 0.0, 0.25], [1.4142135623730951, 1.4142135623730951, 0.125], [1.4142135623730951, 1.4142135623730951, 0.375], [1.2246467991473532e-16, 2.0, 0.0], [1.2246467991473532e-16, 2.0, 0.5]], "index": 6}, "(-3.6739403974420594e-16, -2.0, -0.25)": {"nn": [[-2.0, 2.4492935982947064e-16, -0.25], [-1.4142135623730954, -1.414213562373095, -0.125], [-1.4142135623730954, -1.414213562373095, -0.375], [-3.6739403974420594e-16, -2.0, -0.5], [-3.6739403974420594e-16, -2.0, 0.0], [1.4142135623730947, -1.4142135623730954, -0.125], [1.4142135623730947, -1.4142135623730954, -0.375], [2.0, -4.898587196589413e-16, -0.25]], "index": 7}, "(-3.6739403974420594e-16, -2.0, 0.25)": {"nn": [[-2.0, 2.4492935982947064e-16, 0.25], [-1.4142135623730954, -1.414213562373095, 0.125], [-1.4142135623730954, -1.414213562373095, 0.375], [2.0, 0.0, 0.25], [-3.6739403974420594e-16, -2.0, 0.0], [-3.6739403974420594e-16, -2.0, 0.5], [1.4142135623730947, -1.4142135623730954, 0.125], [1.4142135623730947, -1.4142135623730954, 0.375]], "index": 8}, "(1.2246467991473532e-16, 2.0, -0.25)": {"nn": [[2.0, -4.898587196589413e-16, -0.25], [-2.0, 2.4492935982947064e-16, -0.25], [-1.414213562373095, 1.4142135623730951, -0.125], [-1.414213562373095, 1.4142135623730951, -0.375], [1.4142135623730951, 1.4142135623730951, -0.125], [1.4142135623730951, 1.4142135623730951, -0.375], [1.2246467991473532e-16, 2.0, 0.0], [1.2246467991473532e-16, 2.0, -0.5]], "index": 9}, "(1.2246467991473532e-16, 2.0, 0.0)": {"nn": [[1.4142135623730951, 1.4142135623730951, -0.125], [-2.0, 2.4492935982947064e-16, 0.0], [1.4142135623730951, 1.4142135623730951, 0.125], [1.2246467991473532e-16, 2.0, -0.25], [1.2246467991473532e-16, 2.0, 0.25], [-1.414213562373095, 1.4142135623730951, 0.125], [2.0, 0.0, 0.0], [-1.414213562373095, 1.4142135623730951, -0.125]], "index": 10}, "(2.0, 0.0, 0.25)": {"nn": [[2.0, -4.898587196589413e-16, 0.5], [1.4142135623730951, 1.4142135623730951, 0.375], [-3.6739403974420594e-16, -2.0, 0.25], [1.2246467991473532e-16, 2.0, 0.25], [1.4142135623730951, 1.4142135623730951, 0.125], [2.0, 0.0, 0.0], [1.4142135623730947, -1.4142135623730954, 0.125], [1.4142135623730947, -1.4142135623730954, 0.375]], "index": 11}, "(-2.0, 2.4492935982947064e-16, 0.25)": {"nn": [[-3.6739403974420594e-16, -2.0, 0.25], [-2.0, 2.4492935982947064e-16, 0.0], [-2.0, 2.4492935982947064e-16, 0.5], [1.2246467991473532e-16, 2.0, 0.25], [-1.414213562373095, 1.4142135623730951, 0.125], [-1.414213562373095, 1.4142135623730951, 0.375], [-1.4142135623730954, -1.414213562373095, 0.125], [-1.4142135623730954, -1.414213562373095, 0.375]], "index": 12}, "(1.2246467991473532e-16, 2.0, 0.5)": {"nn": [[-1.414213562373095, 1.4142135623730951, 0.375], [-2.0, 2.4492935982947064e-16, 0.5], [-6.123233995736765e-17, -5.551115123125783e-17, 0.5], [1.2246467991473532e-16, 2.0, 0.25], [1.4142135623730951, 1.4142135623730951, 0.375], [2.0, -4.898587196589413e-16, 0.5]], "index": 13}, "(1.4142135623730951, 1.4142135623730951, 0.125)": {"nn": [[2.0, 0.0, 0.0], [2.0, 0.0, 0.25], [1.2246467991473532e-16, 2.0, 0.25], [1.2246467991473532e-16, 2.0, 0.0]], "index": 14}, "(-1.414213562373095, 1.4142135623730951, 0.125)": {"nn": [[-2.0, 2.4492935982947064e-16, 0.0], [1.2246467991473532e-16, 2.0, 0.25], [-2.0, 2.4492935982947064e-16, 0.25], [1.2246467991473532e-16, 2.0, 0.0]], "index": 15}, "(-1.414213562373095, 1.4142135623730951, 0.375)": {"nn": [[-2.0, 2.4492935982947064e-16, 0.5], [1.2246467991473532e-16, 2.0, 0.25], [-2.0, 2.4492935982947064e-16, 0.25], [1.2246467991473532e-16, 2.0, 0.5]], "index": 16}, "(1.4142135623730951, 1.4142135623730951, 0.375)": {"nn": [[2.0, -4.898587196589413e-16, 0.5], [2.0, 0.0, 0.25], [1.2246467991473532e-16, 2.0, 0.25], [1.2246467991473532e-16, 2.0, 0.5]], "index": 17}, "(-3.6739403974420594e-16, -2.0, -0.5)": {"nn": [[-6.123233995736765e-17, 5.551115123125783e-17, -0.5], [-3.6739403974420594e-16, -2.0, -0.25], [-2.0, 2.4492935982947064e-16, -0.5], [-1.4142135623730954, -1.414213562373095, -0.375], [1.4142135623730947, -1.4142135623730954, -0.375], [2.0, 0.0, -0.5]], "index": 18}, "(-2.0, 2.4492935982947064e-16, -0.25)": {"nn": [[-1.414213562373095, 1.4142135623730951, -0.375], [-3.6739403974420594e-16, -2.0, -0.25], [-2.0, 2.4492935982947064e-16, 0.0], [-2.0, 2.4492935982947064e-16, -0.5], [1.2246467991473532e-16, 2.0, -0.25], [-1.4142135623730954, -1.414213562373095, -0.125], [-1.4142135623730954, -1.414213562373095, -0.375], [-1.414213562373095, 1.4142135623730951, -0.125]], "index": 19}, "(2.0, -4.898587196589413e-16, -0.25)": {"nn": [[1.4142135623730951, 1.4142135623730951, -0.125], [-3.6739403974420594e-16, -2.0, -0.25], [1.4142135623730951, 1.4142135623730951, -0.375], [1.2246467991473532e-16, 2.0, -0.25], [1.4142135623730947, -1.4142135623730954, -0.125], [2.0, 0.0, -0.5], [1.4142135623730947, -1.4142135623730954, -0.375], [2.0, 0.0, 0.0]], "index": 20}, "(-3.6739403974420594e-16, -2.0, 0.0)": {"nn": [[-3.6739403974420594e-16, -2.0, 0.25], [-2.0, 2.4492935982947064e-16, 0.0], [-3.6739403974420594e-16, -2.0, -0.25], [2.0, 0.0, 0.0], [-1.4142135623730954, -1.414213562373095, -0.125], [1.4142135623730947, -1.4142135623730954, -0.125], [-1.4142135623730954, -1.414213562373095, 0.125], [1.4142135623730947, -1.4142135623730954, 0.125]], "index": 21}, "(-1.4142135623730954, -1.414213562373095, -0.125)": {"nn": [[-2.0, 2.4492935982947064e-16, 0.0], [-3.6739403974420594e-16, -2.0, 0.0], [-2.0, 2.4492935982947064e-16, -0.25], [-3.6739403974420594e-16, -2.0, -0.25]], "index": 22}, "(1.4142135623730947, -1.4142135623730954, -0.125)": {"nn": [[2.0, -4.898587196589413e-16, -0.25], [2.0, 0.0, 0.0], [-3.6739403974420594e-16, -2.0, 0.0], [-3.6739403974420594e-16, -2.0, -0.25]], "index": 23},