{"(0.002, 0.0, -0.0005)": {"nn": [[-3.6739403974420597e-19, -0.002, -0.0005], [0.0014142135623730948, -0.0014142135623730955, -0.000375], [0.0014142135623730952, 0.0014142135623730952, -0.000375], [0.002, -4.898587196589413e-19, -0.00025], [-6.123233995736767e-20, 1.0842021724855044e-19, -0.0005], [1.2246467991473531e-19, 0.002, -0.0005]], "index": 0}, "(0.002, -4.898587196589413e-19, 0.0005)": {"nn": [[0.002, 0.0, 0.00025], [-3.6739403974420597e-19, -0.002, 0.0005], [-6.123233995736767e-20, -1.0842021724855044e-19, 0.0005], [0.0014142135623730948, -0.0014142135623730955, 0.000375], [0.0014142135623730952, 0.0014142135623730952, 0.000375], [1.2246467991473531e-19, 0.002, 0.0005]], "index": 1}, "(-0.002, 2.4492935982947063e-19, 0.0)": {"nn": [[-0.0014142135623730955, -0.001414213562373095, 0.000125], [-3.6739403974420597e-19, -0.002, 0.0], [-0.002, 2.4492935982947063e-19, -0.00025], [-0.002, 2.4492935982947063e-19, 0.00025], [-0.001414213562373095, 0.0014142135623730952, -0.000125], [-0.001414213562373095, 0.0014142135623730952, 0.000125], [-0.0014142135623730955, -0.001414213562373095, -0.000125], [1.2246467991473531e-19, 0.002, 0.0]], "index": 2}, "(-0.002, 2.4492935982947063e-19, -0.0005)": {"nn": [[-3.6739403974420597e-19, -0.002, -0.0005], [-0.002, 2.4492935982947063e-19, -0.00025], [1.2246467991473531e-19, 0.002, -0.0005], [-6.123233995736767e-20, 1.0842021724855044e-19, -0.0005], [-0.0014142135623730955, -0.001414213562373095, -0.000375], [-0.001414213562373095, 0.0014142135623730952, -0.000375]], "index": 3}, "(0.002, 0.0, 0.0)": {"nn": [[0.002, 0.0, 0.00025], [-3.6739403974420597e-19, -0.002, 0.0], [0.0014142135623730952, 0.0014142135623730952, -0.000125], [0.0014142135623730952, 0.0014142135623730952, 0.000125], [0.002, -4.898587196589413e-19, -0.00025], [0.0014142135623730948, -0.0014142135623730955, -0.000125], [0.0014142135623730948, -0.0014142135623730955, 0.000125], [1.2246467991473531e-19, 0.002, 0.0]], "index": 4}, "(-0.002, 2.4492935982947063e-19, 0.0005)": {"nn": [[-0.001414213562373095, 0.0014142135623730952, 0.000375], [-6.123233995736767e-20, -1.0842021724855044e-19, 0.0005], [-0.002, 2.4492935982947063e-19, 0.00025], [-3.6739403974420597e-19, -0.002, 0.0005], [-0.0014142135623730955, -0.001414213562373095, 0.000375], [1.2246467991473531e-19, 0.002, 0.0005]], "index": 5}, "(1.2246467991473531e-19, 0.002, 0.00025)": {"nn": [[0.002, 0.0, 0.00025], [-0.002, 2.4492935982947063e-19, 0.00025], [0.0014142135623730952, 0.0014142135623730952, 0.000375], [0.0014142135623730952, 0.0014142135623730952, 0.000125], [-0.001414213562373095, 0.0014142135623730952, 0.000375], [1.2246467991473531e-19, 0.002, 0.0005], [-0.001414213562373095, 0.0014142135623730952, 0.000125], [1.2246467991473531e-19, 0.002, 0.0]], "index": 6}, "(-3.6739403974420597e-19, -0.002, 0.00025)": {"nn": [[0.002, 0.0, 0.00025], [-3.6739403974420597e-19, -0.002, 0.0], [-0.0014142135623730955, -0.001414213562373095, 0.000125], [-0.0014142135623730955, -0.001414213562373095, 0.000375], [-0.002, 2.4492935982947063e-19, 0.00025], [-3.6739403974420597e-19, -0.002, 0.0005], [0.0014142135623730948, -0.0014142135623730955, 0.000375], [0.0014142135623730948, -0.0014142135623730955, 0.000125]], "index": 7}, "(-3.6739403974420597e-19, -0.002, -0.00025)": {"nn": [[-3.6739403974420597e-19, -0.002, 0.0], [-0.002, 2.4492935982947063e-19, -0.00025], [0.002, -4.898587196589413e-19, -0.00025], [-3.6739403974420597e-19, -0.002, -0.0005], [0.0014142135623730948, -0.0014142135623730955, -0.000125], [0.0014142135623730948, -0.0014142135623730955, -0.000375], [-0.0014142135623730955, -0.001414213562373095, -0.000125], [-0.0014142135623730955, -0.001414213562373095, -0.000375]], "index": 8}, "(1.2246467991473531e-19, 0.002, -0.00025)": {"nn": [[-0.002, 2.4492935982947063e-19, -0.00025], [0.0014142135623730952, 0.0014142135623730952, -0.000125], [0.0014142135623730952, 0.0014142135623730952, -0.000375], [-0.001414213562373095, 0.0014142135623730952, -0.000125], [-0.001414213562373095, 0.0014142135623730952, -0.000375], [0.002, -4.898587196589413e-19, -0.00025], [1.2246467991473531e-19, 0.002, -0.0005], [1.2246467991473531e-19, 0.002, 0.0]], "index": 9}, "(1.2246467991473531e-19, 0.002, 0.0)": {"nn": [[-0.001414213562373095, 0.0014142135623730952, 0.000125], [1.2246467991473531e-19, 0.002, 0.00025], [0.0014142135623730952, 0.0014142135623730952, -0.000125], [-0.002, 2.4492935982947063e-19, 0.0], [-0.001414213562373095, 0.0014142135623730952, -0.000125], [0.002, 0.0, 0.0], [0.0014142135623730952, 0.0014142135623730952, 0.000125], [1.2246467991473531e-19, 0.002, -0.00025]], "index": 10}, "(0.002, 0.0, 0.00025)": {"nn": [[1.2246467991473531e-19, 0.002, 0.00025], [-3.6739403974420597e-19, -0.002, 0.00025], [0.0014142135623730948, -0.0014142135623730955, 0.000375], [0.0014142135623730952, 0.0014142135623730952, 0.000375], [0.002, 0.0, 0.0], [0.0014142135623730952, 0.0014142135623730952, 0.000125], [0.0014142135623730948, -0.0014142135623730955, 0.000125], [0.002, -4.898587196589413e-19, 0.0005]], "index": 11}, "(-0.002, 2.4492935982947063e-19, 0.00025)": {"nn": [[1.2246467991473531e-19, 0.002, 0.00025], [-0.001414213562373095, 0.0014142135623730952, 0.000375], [-0.001414213562373095, 0.0014142135623730952, 0.000125], [-0.0014142135623730955, -0.001414213562373095, 0.000125], [-0.002, 2.4492935982947063e-19, 0.0], [-0.002, 2.4492935982947063e-19, 0.0005], [-0.0014142135623730955, -0.001414213562373095, 0.000375], [-3.6739403974420597e-19, -0.002, 0.00025]], "index": 12}, "(1.2246467991473531e-19, 0.002, 0.0005)": {"nn": [[1.2246467991473531e-19, 0.002, 0.00025], [-0.002, 2.4492935982947063e-19, 0.0005], [-6.123233995736767e-20, -1.0842021724855044e-19, 0.0005], [0.0014142135623730952, 0.0014142135623730952, 0.000375], [0.002, -4.898587196589413e-19, 0.0005], [-0.001414213562373095, 0.0014142135623730952, 0.000375]], "index": 13}, "(0.0014142135623730952, 0.0014142135623730952, 0.000375)": {"nn": [[0.002, 0.0, 0.00025], [1.2246467991473531e-19, 0.002, 0.00025], [0.002, -4.898587196589413e-19, 0.0005], [1.2246467991473531e-19, 0.002, 0.0005]], "index": 14}, "(-0.001414213562373095, 0.0014142135623730952, 0.000375)": {"nn": [[1.2246467991473531e-19, 0.002, 0.00025], [-0.002, 2.4492935982947063e-19, 0.0005], [-0.002, 2.4492935982947063e-19, 0.00025], [1.2246467991473531e-19, 0.002, 0.0005]], "index": 15}, "(-0.001414213562373095, 0.0014142135623730952, 0.000125)": {"nn": [[1.2246467991473531e-19, 0.002, 0.00025], [-0.002, 2.4492935982947063e-19, 0.0], [-0.002, 2.4492935982947063e-19, 0.00025], [1.2246467991473531e-19, 0.002, 0.0]], "index": 16}, "(0.0014142135623730952, 0.0014142135623730952, 0.000125)": {"nn": [[0.002, 0.0, 0.00025], [1.2246467991473531e-19, 0.002, 0.00025], [1.2246467991473531e-19, 0.002, 0.0], [0.002, 0.0, 0.0]], "index": 17}, "(-3.6739403974420597e-19, -0.002, 0.0)": {"nn": [[-0.0014142135623730955, -0.001414213562373095, 0.000125], [0.0014142135623730948, -0.0014142135623730955, -0.000125], [-0.002, 2.4492935982947063e-19, 0.0], [-3.6739403974420597e-19, -0.002, 0.00025], [-0.0014142135623730955, -0.001414213562373095, -0.000125], [0.0014142135623730948, -0.0014142135623730955, 0.000125], [0.002, 0.0, 0.0], [-3.6739403974420597e-19, -0.002, -0.00025]], "index": 18}, "(-3.6739403974420597e-19, -0.002, 0.0005)": {"nn": [[0.002, -4.898587196589413e-19, 0.0005], [-6.123233995736767e-20, -1.0842021724855044e-19, 0.0005], [-0.002, 2.4492935982947063e-19, 0.0005], [-3.6739403974420597e-19, -0.002, 0.00025], [-0.0014142135623730955, -0.001414213562373095, 0.000375], [0.0014142135623730948, -0.0014142135623730955, 0.000375]], "index": 19}, "(-0.0014142135623730955, -0.001414213562373095, 0.000375)": {"nn": [[-0.002, 2.4492935982947063e-19, 0.0005], [-3.6739403974420597e-19, -0.002, 0.00025], [-3.6739403974420597e-19, -0.002, 0.0005], [-0.002, 2.4492935982947063e-19, 0.00025]], "index": 20},