{"(10.0, 0.0, -10.0)": {"nn": [[-1.8369701987210296e-15, -10.0, -10.0], [10.0, 0.0, -5.0], [-3.0616169978683826e-16, 4.440892098500626e-16, -10.0], [7.071067811865474, -7.071067811865477, -7.5], [7.0710678118654755, 7.0710678118654755, -7.5], [6.123233995736766e-16, 10.0, -10.0]], "index": 0}, "(10.0, -2.4492935982947065e-15, 10.0)": {"nn": [[10.0, -2.4492935982947065e-15, 5.0], [7.071067811865474, -7.071067811865477, 7.5], [-3.0616169978683826e-16, -4.440892098500626e-16, 10.0], [6.123233995736766e-16, 10.0, 10.0], [7.0710678118654755, 7.0710678118654755, 7.5], [-1.8369701987210296e-15, -10.0, 10.0]], "index": 1}, "(-10.0, 1.2246467991473533e-15, 0.0)": {"nn": [[-10.0, 1.2246467991473533e-15, -5.0], [-7.071067811865475, 7.0710678118654755, 2.5], [-7.071067811865477, -7.071067811865475, -2.5], [-1.8369701987210296e-15, -10.0, 0.0], [-7.071067811865477, -7.071067811865475, 2.5], [-10.0, 1.2246467991473533e-15, 5.0], [-7.071067811865475, 7.0710678118654755, -2.5], [6.123233995736766e-16, 10.0, 0.0]], "index": 2}, "(-10.0, 1.2246467991473533e-15, -10.0)": {"nn": [[-1.8369701987210296e-15, -10.0, -10.0], [-10.0, 1.2246467991473533e-15, -5.0], [-7.071067811865475, 7.0710678118654755, -7.5], [-7.071067811865477, -7.071067811865475, -7.5], [6.123233995736766e-16, 10.0, -10.0], [-3.0616169978683826e-16, 4.440892098500626e-16, -10.0]], "index": 3}, "(10.0, 0.0, 0.0)": {"nn": [[10.0, 0.0, -5.0], [6.123233995736766e-16, 10.0, 0.0], [7.0710678118654755, 7.0710678118654755, -2.5], [-1.8369701987210296e-15, -10.0, 0.0], [7.0710678118654755, 7.0710678118654755, 2.5], [7.071067811865474, -7.071067811865477, -2.5], [10.0, -2.4492935982947065e-15, 5.0], [7.071067811865474, -7.071067811865477, 2.5]], "index": 4}, "(-10.0, 1.2246467991473533e-15, 10.0)": {"nn": [[-10.0, 1.2246467991473533e-15, 5.0], [-7.071067811865477, -7.071067811865475, 7.5], [-7.071067811865475, 7.0710678118654755, 7.5], [-3.0616169978683826e-16, -4.440892098500626e-16, 10.0], [-1.8369701987210296e-15, -10.0, 10.0], [6.123233995736766e-16, 10.0, 10.0]], "index": 5}, "(6.123233995736766e-16, 10.0, -5.0)": {"nn": [[10.0, 0.0, -5.0], [-7.071067811865475, 7.0710678118654755, -7.5], [-10.0, 1.2246467991473533e-15, -5.0], [6.123233995736766e-16, 10.0, 0.0], [7.0710678118654755, 7.0710678118654755, -2.5], [7.0710678118654755, 7.0710678118654755, -7.5], [6.123233995736766e-16, 10.0, -10.0], [-7.071067811865475, 7.0710678118654755, -2.5]], "index": 6}, "(-1.8369701987210296e-15, -10.0, 5.0)": {"nn": [[-7.071067811865477, -7.071067811865475, 7.5], [-1.8369701987210296e-15, -10.0, 0.0], [-7.071067811865477, -7.071067811865475, 2.5], [-10.0, 1.2246467991473533e-15, 5.0], [10.0, -2.4492935982947065e-15, 5.0], [7.071067811865474, -7.071067811865477, 7.5], [7.071067811865474, -7.071067811865477, 2.5], [-1.8369701987210296e-15, -10.0, 10.0]], "index": 7}, "(6.123233995736766e-16, 10.0, 5.0)": {"nn": [[-7.071067811865475, 7.0710678118654755, 2.5], [6.123233995736766e-16, 10.0, 10.0], [7.0710678118654755, 7.0710678118654755, 7.5], [-10.0, 1.2246467991473533e-15, 5.0], [7.0710678118654755, 7.0710678118654755, 2.5], [10.0, -2.4492935982947065e-15, 5.0], [-7.071067811865475, 7.0710678118654755, 7.5], [6.123233995736766e-16, 10.0, 0.0]], "index": 8}, "(-1.8369701987210296e-15, -10.0, -5.0)": {"nn": [[-1.8369701987210296e-15, -10.0, -10.0], [10.0, 0.0, -5.0], [-10.0, 1.2246467991473533e-15, -5.0], [-7.071067811865477, -7.071067811865475, -2.5], [7.071067811865474, -7.071067811865477, -7.5], [-1.8369701987210296e-15, -10.0, 0.0], [-7.071067811865477, -7.071067811865475, -7.5], [7.071067811865474, -7.071067811865477, -2.5]], "index": 9}, "(6.123233995736766e-16, 10.0, -10.0)": {"nn": [[-7.071067811865475, 7.0710678118654755, -7.5], [-10.0, 1.2246467991473533e-15, -10.0], [6.123233995736766e-16, 10.0, -5.0], [7.0710678118654755, 7.0710678118654755, -7.5], [10.0, 0.0, -10.0], [-3.0616169978683826e-16, 4.440892098500626e-16, -10.0]], "index": 10}, "(10.0, 0.0, -5.0)": {"nn": [[7.0710678118654755, 7.0710678118654755, -2.5], [10.0, 0.0, 0.0], [7.071067811865474, -7.071067811865477, -2.5], [6.123233995736766e-16, 10.0, -5.0], [-1.8369701987210296e-15, -10.0, -5.0], [7.0710678118654755, 7.0710678118654755, -7.5], [10.0, 0.0, -10.0], [7.071067811865474, -7.071067811865477, -7.5]], "index": 11}, "(-10.0, 1.2246467991473533e-15, -5.0)": {"nn": [[-7.071067811865475, 7.0710678118654755, -7.5], [-7.071067811865477, -7.071067811865475, -2.5], [6.123233995736766e-16, 10.0, -5.0], [-1.8369701987210296e-15, -10.0, -5.0], [-7.071067811865475, 7.0710678118654755, -2.5], [-10.0, 1.2246467991473533e-15, 0.0], [-10.0, 1.2246467991473533e-15, -10.0], [-7.071067811865477, -7.071067811865475, -7.5]], "index": 12}, "(6.123233995736766e-16, 10.0, 0.0)": {"nn": [[6.123233995736766e-16, 10.0, 5.0], [7.0710678118654755, 7.0710678118654755, 2.5], [7.0710678118654755, 7.0710678118654755, -2.5], [10.0, 0.0, 0.0], [-7.071067811865475, 7.0710678118654755, 2.5], [6.123233995736766e-16, 10.0, -5.0], [-7.071067811865475, 7.0710678118654755, -2.5], [-10.0, 1.2246467991473533e-15, 0.0]], "index": 13}, "(7.0710678118654755, 7.0710678118654755, -7.5)": {"nn": [[10.0, 0.0, -5.0], [6.123233995736766e-16, 10.0, -5.0], [10.0, 0.0, -10.0], [6.123233995736766e-16, 10.0, -10.0]], "index": 14}, "(-7.071067811865475, 7.0710678118654755, -2.5)": {"nn": [[6.123233995736766e-16, 10.0, 0.0], [-10.0, 1.2246467991473533e-15, -5.0], [6.123233995736766e-16, 10.0, -5.0], [-10.0, 1.2246467991473533e-15, 0.0]], "index": 15}, "(-7.071067811865475, 7.0710678118654755, -7.5)": {"nn": [[-10.0, 1.2246467991473533e-15, -5.0], [-10.0, 1.2246467991473533e-15, -10.0], [6.123233995736766e-16, 10.0, -5.0], [6.123233995736766e-16, 10.0, -10.0]], "index": 16}, "(7.0710678118654755, 7.0710678118654755, -2.5)": {"nn": [[10.0, 0.0, -5.0], [6.123233995736766e-16, 10.0, 0.0], [10.0, 0.0, 0.0], [6.123233995736766e-16, 10.0, -5.0]], "index": 17}, "(-1.8369701987210296e-15, -10.0, 0.0)": {"nn": [[-1.8369701987210296e-15, -10.0, 5.0], [-7.071067811865477, -7.071067811865475, -2.5], [10.0, 0.0, 0.0], [7.071067811865474, -7.071067811865477, -2.5], [-1.8369701987210296e-15, -10.0, -5.0], [7.071067811865474, -7.071067811865477, 2.5], [-7.071067811865477, -7.071067811865475, 2.5], [-10.0, 1.2246467991473533e-15, 0.0]], "index": 18}, "(-10.0, 1.2246467991473533e-15, 5.0)": {"nn": [[6.123233995736766e-16, 10.0, 5.0], [-1.8369701987210296e-15, -10.0, 5.0], [-7.071067811865475, 7.0710678118654755, 2.5], [-7.071067811865475, 7.0710678118654755, 7.5], [-7.071067811865477, -7.071067811865475, 7.5], [-10.0, 1.2246467991473533e-15, 10.0], [-7.071067811865477, -7.071067811865475, 2.5], [-10.0, 1.2246467991473533e-15, 0.0]], "index": 19}, "(10.0, -2.4492935982947065e-15, 5.0)": {"nn": [[6.123233995736766e-16, 10.0, 5.0], [-1.8369701987210296e-15, -10.0, 5.0], [7.0710678118654755, 7.0710678118654755, 2.5], [10.0, 0.0, 0.0], [7.071067811865474, -7.071067811865477, 7.5], [7.071067811865474, -7.071067811865477, 2.5], [7.0710678118654755, 7.0710678118654755, 7.5], [10.0, -2.4492935982947065e-15, 10.0]], "index": 20}, "(-1.8369701987210296e-15, -10.0, 10.0)": {"nn": [[-1.8369701987210296e-15, -10.0, 5.0], [10.0, -2.4492935982947065e-15, 10.0], [-10.0, 1.2246467991473533e-15, 10.0], [-7.071067811865477, -7.071067811865475, 7.5], [-3.0616169978683826e-16, -4.440892098500626e-16, 10.0], [7.071067811865474, -7.071067811865477, 7.5]], "index": 21}, "(-7.071067811865477, -7.071067811865475, 7.5)": {"nn": [[-10.0, 1.2246467991473533e-15, 5.0], [-1.8369701987210296e-15, -10.0, 5.0], [-10.0, 1.2246467991473533e-15, 10.0], [-1.8369701987210296e-15, -10.0, 10.0]], "index": 22}, "(-7.071067811865477, -7.071067811865475, 2.5)": {"nn": [[-1.8369701987210296e-15, -10.0, 0.0], [-10.0, 1.2246467991473533e-15, 5.0], [-1.8369701987210296e-15, -10.0, 5.0], [-10.0, 1.2246467991473533e-15, 0.0]], "index": 23},