{"(3.0, 0.0, -1.5)": {"nn": [[3.0, -7.347880794884119e-16, -0.75], [2.121320343559642, -2.121320343559643, -1.125], [-9.18485099360515e-17, 1.1102230246251565e-16, -1.5], [-5.51091059616309e-16, -3.0, -1.5], [1.8369701987210297e-16, 3.0, -1.5], [2.121320343559643, 2.121320343559643, -1.125]], "index": 0}, "(3.0, -7.347880794884119e-16, 1.5)": {"nn": [[-5.51091059616309e-16, -3.0, 1.5], [1.8369701987210297e-16, 3.0, 1.5], [3.0, 0.0, 0.75], [2.121320343559643, 2.121320343559643, 1.125], [-9.18485099360515e-17, -1.1102230246251565e-16, 1.5], [2.121320343559642, -2.121320343559643, 1.125]], "index": 1}, "(-3.0, 3.6739403974420594e-16, 0.0)": {"nn": [[-3.0, 3.6739403974420594e-16, 0.75], [-3.0, 3.6739403974420594e-16, -0.75], [-5.51091059616309e-16, -3.0, 0.0], [-2.1213203435596424, 2.121320343559643, 0.375], [-2.121320343559643, -2.1213203435596424, -0.375], [-2.1213203435596424, 2.121320343559643, -0.375], [-2.121320343559643, -2.1213203435596424, 0.375], [1.8369701987210297e-16, 3.0, 0.0]], "index": 2}, "(-3.0, 3.6739403974420594e-16, -1.5)": {"nn": [[1.8369701987210297e-16, 3.0, -1.5], [-3.0, 3.6739403974420594e-16, -0.75], [-5.51091059616309e-16, -3.0, -1.5], [-2.121320343559643, -2.1213203435596424, -1.125], [-2.1213203435596424, 2.121320343559643, -1.125], [-9.18485099360515e-17, 1.1102230246251565e-16, -1.5]], "index": 3}, "(3.0, 0.0, 0.0)": {"nn": [[2.121320343559642, -2.121320343559643, -0.375], [2.121320343559642, -2.121320343559643, 0.375], [-5.51091059616309e-16, -3.0, 0.0], [3.0, -7.347880794884119e-16, -0.75], [3.0, 0.0, 0.75], [2.121320343559643, 2.121320343559643, 0.375], [2.121320343559643, 2.121320343559643, -0.375], [1.8369701987210297e-16, 3.0, 0.0]], "index": 4}, "(-3.0, 3.6739403974420594e-16, 1.5)": {"nn": [[-3.0, 3.6739403974420594e-16, 0.75], [1.8369701987210297e-16, 3.0, 1.5], [-9.18485099360515e-17, -1.1102230246251565e-16, 1.5], [-5.51091059616309e-16, -3.0, 1.5], [-2.1213203435596424, 2.121320343559643, 1.125], [-2.121320343559643, -2.1213203435596424, 1.125]], "index": 5}, "(1.8369701987210297e-16, 3.0, 0.75)": {"nn": [[-3.0, 3.6739403974420594e-16, 0.75], [1.8369701987210297e-16, 3.0, 1.5], [2.121320343559643, 2.121320343559643, 1.125], [-2.1213203435596424, 2.121320343559643, 0.375], [3.0, 0.0, 0.75], [2.121320343559643, 2.121320343559643, 0.375], [1.8369701987210297e-16, 3.0, 0.0], [-2.1213203435596424, 2.121320343559643, 1.125]], "index": 6}, "(-5.51091059616309e-16, -3.0, -0.75)": {"nn": [[2.121320343559642, -2.121320343559643, -0.375], [-3.0, 3.6739403974420594e-16, -0.75], [-2.121320343559643, -2.1213203435596424, -1.125], [-5.51091059616309e-16, -3.0, 0.0], [3.0, -7.347880794884119e-16, -0.75], [-2.121320343559643, -2.1213203435596424, -0.375], [2.121320343559642, -2.121320343559643, -1.125], [-5.51091059616309e-16, -3.0, -1.5]], "index": 7}, "(1.8369701987210297e-16, 3.0, -0.75)": {"nn": [[-3.0, 3.6739403974420594e-16, -0.75], [-2.1213203435596424, 2.121320343559643, -1.125], [1.8369701987210297e-16, 3.0, -1.5], [2.121320343559643, 2.121320343559643, -1.125], [3.0, -7.347880794884119e-16, -0.75], [-2.1213203435596424, 2.121320343559643, -0.375], [2.121320343559643, 2.121320343559643, -0.375], [1.8369701987210297e-16, 3.0, 0.0]], "index": 8}, "(-5.51091059616309e-16, -3.0, 0.75)": {"nn": [[2.121320343559642, -2.121320343559643, 0.375], [-3.0, 3.6739403974420594e-16, 0.75], [-5.51091059616309e-16, -3.0, 0.0], [2.121320343559642, -2.121320343559643, 1.125], [-2.121320343559643, -2.1213203435596424, 0.375], [-5.51091059616309e-16, -3.0, 1.5], [3.0, 0.0, 0.75], [-2.121320343559643, -2.1213203435596424, 1.125]], "index": 9}, "(1.8369701987210297e-16, 3.0, 0.0)": {"nn": [[-2.1213203435596424, 2.121320343559643, 0.375], [-3.0, 3.6739403974420594e-16, 0.0], [-2.1213203435596424, 2.121320343559643, -0.375], [3.0, 0.0, 0.0], [2.121320343559643, 2.121320343559643, 0.375], [2.121320343559643, 2.121320343559643, -0.375], [1.8369701987210297e-16, 3.0, 0.75], [1.8369701987210297e-16, 3.0, -0.75]], "index": 10}, "(3.0, 0.0, 0.75)": {"nn": [[2.121320343559642, -2.121320343559643, 0.375], [3.0, 0.0, 0.0], [2.121320343559643, 2.121320343559643, 1.125], [-5.51091059616309e-16, -3.0, 0.75], [2.121320343559643, 2.121320343559643, 0.375], [2.121320343559642, -2.121320343559643, 1.125], [3.0, -7.347880794884119e-16, 1.5], [1.8369701987210297e-16, 3.0, 0.75]], "index": 11}, "(-3.0, 3.6739403974420594e-16, 0.75)": {"nn": [[-2.1213203435596424, 2.121320343559643, 0.375], [-3.0, 3.6739403974420594e-16, 0.0], [-2.121320343559643, -2.1213203435596424, 0.375], [-5.51091059616309e-16, -3.0, 0.75], [1.8369701987210297e-16, 3.0, 0.75], [-2.1213203435596424, 2.121320343559643, 1.125], [-2.121320343559643, -2.1213203435596424, 1.125], [-3.0, 3.6739403974420594e-16, 1.5]], "index": 12}, "(1.8369701987210297e-16, 3.0, 1.5)": {"nn": [[2.121320343559643, 2.121320343559643, 1.125], [-9.18485099360515e-17, -1.1102230246251565e-16, 1.5], [-2.1213203435596424, 2.121320343559643, 1.125], [3.0, -7.347880794884119e-16, 1.5], [1.8369701987210297e-16, 3.0, 0.75], [-3.0, 3.6739403974420594e-16, 1.5]], "index": 13}, "(2.121320343559643, 2.121320343559643, 1.125)": {"nn": [[3.0, 0.0, 0.75], [1.8369701987210297e-16, 3.0, 1.5], [1.8369701987210297e-16, 3.0, 0.75], [3.0, -7.347880794884119e-16, 1.5]], "index": 14}, "(-2.1213203435596424, 2.121320343559643, 0.375)": {"nn": [[-3.0, 3.6739403974420594e-16, 0.75], [-3.0, 3.6739403974420594e-16, 0.0], [1.8369701987210297e-16, 3.0, 0.75], [1.8369701987210297e-16, 3.0, 0.0]], "index": 15}, "(-2.1213203435596424, 2.121320343559643, 1.125)": {"nn": [[-3.0, 3.6739403974420594e-16, 1.5], [-3.0, 3.6739403974420594e-16, 0.75], [1.8369701987210297e-16, 3.0, 1.5], [1.8369701987210297e-16, 3.0, 0.75]], "index": 16}, "(2.121320343559643, 2.121320343559643, 0.375)": {"nn": [[3.0, 0.0, 0.0], [3.0, 0.0, 0.75], [1.8369701987210297e-16, 3.0, 0.75], [1.8369701987210297e-16, 3.0, 0.0]], "index": 17}, "(-5.51091059616309e-16, -3.0, -1.5)": {"nn": [[2.121320343559642, -2.121320343559643, -1.125], [-2.121320343559643, -2.1213203435596424, -1.125], [-5.51091059616309e-16, -3.0, -0.75], [3.0, 0.0, -1.5], [-3.0, 3.6739403974420594e-16, -1.5], [-9.18485099360515e-17, 1.1102230246251565e-16, -1.5]], "index": 18}, "(-3.0, 3.6739403974420594e-16, -0.75)": {"nn": [[-2.121320343559643, -2.1213203435596424, -0.375], [-3.0, 3.6739403974420594e-16, 0.0], [-2.1213203435596424, 2.121320343559643, -0.375], [-2.121320343559643, -2.1213203435596424, -1.125], [-5.51091059616309e-16, -3.0, -0.75], [-2.1213203435596424, 2.121320343559643, -1.125], [-3.0, 3.6739403974420594e-16, -1.5], [1.8369701987210297e-16, 3.0, -0.75]], "index": 19}, "(3.0, -7.347880794884119e-16, -0.75)": {"nn": [[2.121320343559642, -2.121320343559643, -0.375], [3.0, 0.0, 0.0], [2.121320343559642, -2.121320343559643, -1.125], [-5.51091059616309e-16, -3.0, -0.75], [3.0, 0.0, -1.5], [2.121320343559643, 2.121320343559643, -0.375], [1.8369701987210297e-16, 3.0, -0.75], [2.121320343559643, 2.121320343559643, -1.125]], "index": 20}, "(-5.51091059616309e-16, -3.0, 0.0)": {"nn": [[-3.0, 3.6739403974420594e-16, 0.0], [-2.121320343559643, -2.1213203435596424, -0.375], [2.121320343559642, -2.121320343559643, -0.375], [-2.121320343559643, -2.1213203435596424, 0.375], [3.0, 0.0, 0.0], [2.121320343559642, -2.121320343559643, 0.375], [-5.51091059616309e-16, -3.0, -0.75], [-5.51091059616309e-16, -3.0, 0.75]], "index": 21}, "(-2.121320343559643, -2.1213203435596424, -1.125)": {"nn": [[-3.0, 3.6739403974420594e-16, -0.75], [-5.51091059616309e-16, -3.0, -1.5], [-5.51091059616309e-16, -3.0, -0.75], [-3.0, 3.6739403974420594e-16, -1.5]], "index": 22}, "(-2.121320343559643, -2.1213203435596424, -0.375)": {"nn": [[-3.0, 3.6739403974420594e-16, -0.75], [-3.0, 3.6739403974420594e-16, 0.0], [-5.51091059616309e-16, -3.0, -0.75], [-5.51091059616309e-16, -3.0, 0.0]], "index": 23},