{"(1.0, 0.0, -1.0)": {"nn": [[0.7071067811865474, -0.7071067811865477, -0.75], [-3.0616169978683824e-17, 2.7755575615628914e-17, -1.0], [-1.8369701987210297e-16, -1.0, -1.0], [1.0, -2.4492935982947064e-16, -0.5], [0.7071067811865476, 0.7071067811865476, -0.75], [6.123233995736766e-17, 1.0, -1.0]], "index": 0}, "(1.0, -2.4492935982947064e-16, 1.0)": {"nn": [[0.7071067811865474, -0.7071067811865477, 0.75], [-3.0616169978683824e-17, -2.7755575615628914e-17, 1.0], [1.0, 0.0, 0.5], [-1.8369701987210297e-16, -1.0, 1.0], [6.123233995736766e-17, 1.0, 1.0], [0.7071067811865476, 0.7071067811865476, 0.75]], "index": 1}, "(-1.0, 1.2246467991473532e-16, 0.0)": {"nn": [[-0.7071067811865477, -0.7071067811865475, -0.25], [-0.7071067811865477, -0.7071067811865475, 0.25], [6.123233995736766e-17, 1.0, 0.0], [-1.0, 1.2246467991473532e-16, 0.5], [-1.0, 1.2246467991473532e-16, -0.5], [-1.8369701987210297e-16, -1.0, 0.0], [-0.7071067811865475, 0.7071067811865476, 0.25], [-0.7071067811865475, 0.7071067811865476, -0.25]], "index": 2}, "(-1.0, 1.2246467991473532e-16, -1.0)": {"nn": [[-0.7071067811865477, -0.7071067811865475, -0.75], [6.123233995736766e-17, 1.0, -1.0], [-0.7071067811865475, 0.7071067811865476, -0.75], [-3.0616169978683824e-17, 2.7755575615628914e-17, -1.0], [-1.0, 1.2246467991473532e-16, -0.5], [-1.8369701987210297e-16, -1.0, -1.0]], "index": 3}, "(1.0, 0.0, 0.0)": {"nn": [[0.7071067811865474, -0.7071067811865477, -0.25], [0.7071067811865474, -0.7071067811865477, 0.25], [6.123233995736766e-17, 1.0, 0.0], [1.0, 0.0, 0.5], [0.7071067811865476, 0.7071067811865476, 0.25], [-1.8369701987210297e-16, -1.0, 0.0], [0.7071067811865476, 0.7071067811865476, -0.25], [1.0, -2.4492935982947064e-16, -0.5]], "index": 4}, "(-1.0, 1.2246467991473532e-16, 1.0)": {"nn": [[6.123233995736766e-17, 1.0, 1.0], [-0.7071067811865475, 0.7071067811865476, 0.75], [-0.7071067811865477, -0.7071067811865475, 0.75], [-3.0616169978683824e-17, -2.7755575615628914e-17, 1.0], [-1.0, 1.2246467991473532e-16, 0.5], [-1.8369701987210297e-16, -1.0, 1.0]], "index": 5}, "(6.123233995736766e-17, 1.0, 0.5)": {"nn": [[6.123233995736766e-17, 1.0, 0.0], [1.0, 0.0, 0.5], [0.7071067811865476, 0.7071067811865476, 0.75], [0.7071067811865476, 0.7071067811865476, 0.25], [6.123233995736766e-17, 1.0, 1.0], [-0.7071067811865475, 0.7071067811865476, 0.25], [-0.7071067811865475, 0.7071067811865476, 0.75], [-1.0, 1.2246467991473532e-16, 0.5]], "index": 6}, "(-1.8369701987210297e-16, -1.0, -0.5)": {"nn": [[-0.7071067811865477, -0.7071067811865475, -0.25], [0.7071067811865474, -0.7071067811865477, -0.75], [0.7071067811865474, -0.7071067811865477, -0.25], [-0.7071067811865477, -0.7071067811865475, -0.75], [-1.8369701987210297e-16, -1.0, 0.0], [-1.8369701987210297e-16, -1.0, -1.0], [1.0, -2.4492935982947064e-16, -0.5], [-1.0, 1.2246467991473532e-16, -0.5]], "index": 7}, "(6.123233995736766e-17, 1.0, -0.5)": {"nn": [[6.123233995736766e-17, 1.0, 0.0], [0.7071067811865476, 0.7071067811865476, -0.25], [0.7071067811865476, 0.7071067811865476, -0.75], [6.123233995736766e-17, 1.0, -1.0], [-0.7071067811865475, 0.7071067811865476, -0.25], [-0.7071067811865475, 0.7071067811865476, -0.75], [1.0, -2.4492935982947064e-16, -0.5], [-1.0, 1.2246467991473532e-16, -0.5]], "index": 8}, "(-1.8369701987210297e-16, -1.0, 0.5)": {"nn": [[-0.7071067811865477, -0.7071067811865475, 0.25], [-0.7071067811865477, -0.7071067811865475, 0.75], [0.7071067811865474, -0.7071067811865477, 0.25], [0.7071067811865474, -0.7071067811865477, 0.75], [1.0, 0.0, 0.5], [-1.8369701987210297e-16, -1.0, 0.0], [-1.8369701987210297e-16, -1.0, 1.0], [-1.0, 1.2246467991473532e-16, 0.5]], "index": 9}, "(6.123233995736766e-17, 1.0, 0.0)": {"nn": [[-0.7071067811865475, 0.7071067811865476, 0.25], [-0.7071067811865475, 0.7071067811865476, -0.25], [6.123233995736766e-17, 1.0, 0.5], [6.123233995736766e-17, 1.0, -0.5], [1.0, 0.0, 0.0], [0.7071067811865476, 0.7071067811865476, 0.25], [-1.0, 1.2246467991473532e-16, 0.0], [0.7071067811865476, 0.7071067811865476, -0.25]], "index": 10}, "(1.0, 0.0, 0.5)": {"nn": [[1.0, -2.4492935982947064e-16, 1.0], [0.7071067811865474, -0.7071067811865477, 0.25], [0.7071067811865474, -0.7071067811865477, 0.75], [6.123233995736766e-17, 1.0, 0.5], [1.0, 0.0, 0.0], [0.7071067811865476, 0.7071067811865476, 0.75], [-1.8369701987210297e-16, -1.0, 0.5], [0.7071067811865476, 0.7071067811865476, 0.25]], "index": 11}, "(-1.0, 1.2246467991473532e-16, 0.5)": {"nn": [[-0.7071067811865475, 0.7071067811865476, 0.25], [-0.7071067811865475, 0.7071067811865476, 0.75], [-0.7071067811865477, -0.7071067811865475, 0.25], [-0.7071067811865477, -0.7071067811865475, 0.75], [-1.0, 1.2246467991473532e-16, 1.0], [6.123233995736766e-17, 1.0, 0.5], [-1.8369701987210297e-16, -1.0, 0.5], [-1.0, 1.2246467991473532e-16, 0.0]], "index": 12}, "(6.123233995736766e-17, 1.0, 1.0)": {"nn": [[1.0, -2.4492935982947064e-16, 1.0], [-3.0616169978683824e-17, -2.7755575615628914e-17, 1.0], [6.123233995736766e-17, 1.0, 0.5], [-1.0, 1.2246467991473532e-16, 1.0], [-0.7071067811865475, 0.7071067811865476, 0.75], [0.7071067811865476, 0.7071067811865476, 0.75]], "index": 13}, "(0.7071067811865476, 0.7071067811865476, 0.75)": {"nn": [[6.123233995736766e-17, 1.0, 1.0], [1.0, -2.4492935982947064e-16, 1.0], [6.123233995736766e-17, 1.0, 0.5], [1.0, 0.0, 0.5]], "index": 14}, "(-0.7071067811865475, 0.7071067811865476, 0.25)": {"nn": [[-1.0, 1.2246467991473532e-16, 0.0], [6.123233995736766e-17, 1.0, 0.0], [6.123233995736766e-17, 1.0, 0.5], [-1.0, 1.2246467991473532e-16, 0.5]], "index": 15}, "(-0.7071067811865475, 0.7071067811865476, 0.75)": {"nn": [[6.123233995736766e-17, 1.0, 1.0], [-1.0, 1.2246467991473532e-16, 0.5], [6.123233995736766e-17, 1.0, 0.5], [-1.0, 1.2246467991473532e-16, 1.0]], "index": 16}, "(0.7071067811865476, 0.7071067811865476, 0.25)": {"nn": [[6.123233995736766e-17, 1.0, 0.0], [6.123233995736766e-17, 1.0, 0.5], [1.0, 0.0, 0.0], [1.0, 0.0, 0.5]], "index": 17}, "(-1.8369701987210297e-16, -1.0, -1.0)": {"nn": [[-0.7071067811865477, -0.7071067811865475, -0.75], [0.7071067811865474, -0.7071067811865477, -0.75], [-3.0616169978683824e-17, 2.7755575615628914e-17, -1.0], [1.0, 0.0, -1.0], [-1.0, 1.2246467991473532e-16, -1.0], [-1.8369701987210297e-16, -1.0, -0.5]], "index": 18}, "(-1.0, 1.2246467991473532e-16, -0.5)": {"nn": [[-0.7071067811865477, -0.7071067811865475, -0.25], [-0.7071067811865477, -0.7071067811865475, -0.75], [-1.0, 1.2246467991473532e-16, -1.0], [-0.7071067811865475, 0.7071067811865476, -0.25], [-0.7071067811865475, 0.7071067811865476, -0.75], [6.123233995736766e-17, 1.0, -0.5], [-1.8369701987210297e-16, -1.0, -0.5], [-1.0, 1.2246467991473532e-16, 0.0]], "index": 19}, "(1.0, -2.4492935982947064e-16, -0.5)": {"nn": [[0.7071067811865474, -0.7071067811865477, -0.75], [1.0, 0.0, -1.0], [0.7071067811865474, -0.7071067811865477, -0.25], [6.123233995736766e-17, 1.0, -0.5], [1.0, 0.0, 0.0], [0.7071067811865476, 0.7071067811865476, -0.25], [-1.8369701987210297e-16, -1.0, -0.5], [0.7071067811865476, 0.7071067811865476, -0.75]], "index": 20}, "(-1.8369701987210297e-16, -1.0, 0.0)": {"nn": [[-0.7071067811865477, -0.7071067811865475, -0.25], [0.7071067811865474, -0.7071067811865477, -0.25], [-0.7071067811865477, -0.7071067811865475, 0.25], [0.7071067811865474, -0.7071067811865477, 0.25], [-1.0, 1.2246467991473532e-16, 0.0], [1.0, 0.0, 0.0], [-1.8369701987210297e-16, -1.0, -0.5], [-1.8369701987210297e-16, -1.0, 0.5]], "index": 21}, "(-0.7071067811865477, -0.7071067811865475, -0.25)": {"nn": [[-1.0, 1.2246467991473532e-16, 0.0], [-1.0, 1.2246467991473532e-16, -0.5], [-1.8369701987210297e-16, -1.0, 0.0], [-1.8369701987210297e-16, -1.0, -0.5]], "index": 22}, "(0.7071067811865474, -0.7071067811865477, -0.75)": {"nn": [[1.0, 0.0, -1.0], [-1.8369701987210297e-16, -1.0, -1.0], [-1.8369701987210297e-16, -1.0, -0.5], [1.0, -2.4492935982947064e-16, -0.5]], "index": 23},