{"(0.4, 0.0, 0.0)": {"nn": [[2.4492935982947065e-17, 0.4, 0.0], [-7.347880794884119e-17, -0.4, 0.0], [-0.007254421497524673, 0.020566979751428172, 0.0010333062398430127], [-1.2246467991473531e-17, 1.3877787807814457e-17, 0.0], [0.11982218667259373, -0.11992045340910426, -0.0003240347986260181], [0.11977331457356759, 0.1199504397265567, -0.0003666017359629552]], "index": 0}, "(0.8, -1.9594348786357652e-16, 0.7)": {"nn": [[4.898587196589413e-17, 0.8, 0.7], [0.3532561895720065, -0.35325501364012946, 0.699886391801231], [-1.4695761589768238e-16, -0.8, 0.7], [0.5952813128416623, 2.329703679117664e-06, 0.699740021946603], [-2.4492935982947062e-17, -2.7755575615628914e-17, 0.7], [0.3532564888341051, 0.3532553080362758, 0.6998391870986488]], "index": 1}, "(-0.4, 4.898587196589413e-17, 0.0)": {"nn": [[2.4492935982947065e-17, 0.4, 0.0], [-0.11994343017875643, -0.11982878331769099, -0.0003516402756260982], [-7.347880794884119e-17, -0.4, 0.0], [-0.11989906482315094, 0.11983129499778115, -0.00040066715354459994], [-0.007244988731428647, 0.02045970472154333, 0.001059080460357763], [-1.2246467991473531e-17, 1.3877787807814457e-17, 0.0]], "index": 3}, "(-0.8, 9.797174393178826e-17, 0.7)": {"nn": [[4.898587196589413e-17, 0.8, 0.7], [-0.5952867538857495, 6.242082569213835e-06, 0.6997163843008433], [-1.4695761589768238e-16, -0.8, 0.7], [-0.35325644722117466, 0.3532553676720882, 0.6998286341195867], [-0.35325624490726665, -0.35325516976265126, 0.6998758446683105], [-2.4492935982947062e-17, -2.7755575615628914e-17, 0.7]], "index": 5}, "(-7.347880794884119e-17, -0.4, 0.0)": {"nn": [[-0.4, 4.898587196589413e-17, 0.0], [0.4, 0.0, 0.0], [-0.007311498420180938, 0.020431315615618315, 0.0010574175159016117], [-0.11994343017875643, -0.11982878331769099, -0.0003516402756260982], [-1.2246467991473531e-17, 1.3877787807814457e-17, 0.0], [0.11982218667259373, -0.11992045340910426, -0.0003240347986260181]], "index": 10}, "(4.898587196589413e-17, 0.8, 0.7)": {"nn": [[-0.35325644722117466, 0.3532553676720882, 0.6998286341195867], [0.8, -1.9594348786357652e-16, 0.7], [-0.8, 9.797174393178826e-17, 0.7], [-2.4492935982947062e-17, -2.7755575615628914e-17, 0.7], [-2.8016393700998356e-08, 0.5952379706316872, 0.6997190460464624], [0.3532564888341051, 0.3532553080362758, 0.6998391870986488]], "index": 21}, "(-1.4695761589768238e-16, -0.8, 0.7)": {"nn": [[4.5939372164317815e-06, -0.5952381990449493, 0.6998174960982791], [0.3532561895720065, -0.35325501364012946, 0.699886391801231], [-0.35325624490726665, -0.35325516976265126, 0.6998758446683105], [0.8, -1.9594348786357652e-16, 0.7], [-0.8, 9.797174393178826e-17, 0.7], [-2.4492935982947062e-17, -2.7755575615628914e-17, 0.7]], "index": 26}, "(2.4492935982947065e-17, 0.4, 0.0)": {"nn": [[-0.4, 4.898587196589413e-17, 0.0], [0.4, 0.0, 0.0], [-0.11989906482315094, 0.11983129499778115, -0.00040066715354459994], [-1.2246467991473531e-17, 1.3877787807814457e-17, 0.0], [-0.007189583358065897, 0.02058763402260009, 0.001039243938251235], [0.11977331457356759, 0.1199504397265567, -0.0003666017359629552]], "index": 31}, "(-2.4492935982947062e-17, -2.7755575615628914e-17, 0.7)": {"nn": [[4.898587196589413e-17, 0.8, 0.7], [-1.4695761589768238e-16, -0.8, 0.7], [0.8, -1.9594348786357652e-16, 0.7], [-0.8, 9.797174393178826e-17, 0.7]], "index": 36}, "(-1.2246467991473531e-17, 1.3877787807814457e-17, 0.0)": {"nn": [[2.4492935982947065e-17, 0.4, 0.0], [-0.4, 4.898587196589413e-17, 0.0], [0.4, 0.0, 0.0], [-7.347880794884119e-17, -0.4, 0.0]], "index": 37}, "(-0.03958101511692395, 0.19239942209318356, 0.6996873848472148)": {"nn": [[-0.027376998285437333, 0.12823198978449182, 0.4390854838990898], [-0.21489295280704196, -0.21463896379992364, 0.6996753697484822], [-0.03957217496816867, 0.1924195209753555, 0.6997330829475105], [-0.02790524127481676, 0.12975942618429565, 0.4447372849964174], [-0.007244988731428647, 0.02045970472154333, 0.001059080460357763], [-0.21476371178482923, 0.21488796411955532, 0.6996496945551602], [-0.5952867538857495, 6.242082569213835e-06, 0.6997163843008433], [-0.039462221177420966, 0.19238411555150461, 0.6996629458503218]], "index": 2}, "(-0.03961206925737683, 0.19231987220985616, 0.6997584658295386)": {"nn": [[-0.007254421497524673, 0.020566979751428172, 0.0010333062398430127], [-0.027472966233571976, 0.1273005746273178, 0.4350457550449704], [0.21463424422558264, 0.21484093089129935, 0.6996355400779173], [-0.039462221177420966, 0.19238411555150461, 0.6996629458503218], [-0.03957217496816867, 0.1924195209753555, 0.6997330829475105], [0.5952813128416623, 2.329703679117664e-06, 0.699740021946603], [0.21478719615920308, -0.21455875157544269, 0.6996950640701324], [-0.027561723516657827, 0.12889091076606513, 0.4417028148906303]], "index": 4}, "(-0.007311498420180938, 0.020431315615618315, 0.0010574175159016117)": {"nn": [[-0.027376998285437333, 0.12823198978449182, 0.4390854838990898], [0.11982218667259373, -0.11992045340910426, -0.0003240347986260181], [-0.007244988731428647, 0.02045970472154333, 0.001059080460357763], [-0.11994343017875643, -0.11982878331769099, -0.0003516402756260982], [-7.347880794884119e-17, -0.4, 0.0], [-0.007254421497524673, 0.020566979751428172, 0.0010333062398430127], [-0.027472966233571976, 0.1273005746273178, 0.4350457550449704], [-0.039462221177420966, 0.19238411555150461, 0.6996629458503218]], "index": 6}, "(-2.8016393700998356e-08, 0.5952379706316872, 0.6997190460464624)": {"nn": [[4.898587196589413e-17, 0.8, 0.7], [-0.35325644722117466, 0.3532553676720882, 0.6998286341195867], [0.3532564888341051, 0.3532553080362758, 0.6998391870986488], [-0.21476371178482923, 0.21488796411955532, 0.6996496945551602], [-0.5952867538857495, 6.242082569213835e-06, 0.6997163843008433], [0.21463424422558264, 0.21484093089129935, 0.6996355400779173], [0.5952813128416623, 2.329703679117664e-06, 0.699740021946603], [-0.03957217496816867, 0.1924195209753555, 0.6997330829475105]], "index": 7}, "(4.5939372164317815e-06, -0.5952381990449493, 0.6998174960982791)": {"nn": [[-0.21489295280704196, -0.21463896379992364, 0.6996753697484822], [0.21478719615920308, -0.21455875157544269, 0.6996950640701324], [0.3532561895720065, -0.35325501364012946, 0.699886391801231], [-0.5952867538857495, 6.242082569213835e-06, 0.6997163843008433], [-0.039462221177420966, 0.19238411555150461, 0.6996629458503218], [0.5952813128416623, 2.329703679117664e-06, 0.699740021946603], [-0.35325624490726665, -0.35325516976265126, 0.6998758446683105], [-1.4695761589768238e-16, -0.8, 0.7]], "index": 8}, "(-0.007189583358065897, 0.02058763402260009, 0.001039243938251235)": {"nn": [[-0.03957217496816867, 0.1924195209753555, 0.6997330829475105], [-0.02790524127481676, 0.12975942618429565, 0.4447372849964174], [0.11977331457356759, 0.1199504397265567, -0.0003666017359629552], [-0.007244988731428647, 0.02045970472154333, 0.001059080460357763], [2.4492935982947065e-17, 0.4, 0.0], [-0.11989906482315094, 0.11983129499778115, -0.00040066715354459994], [-0.007254421497524673, 0.020566979751428172, 0.0010333062398430127], [-0.027561723516657827, 0.12889091076606513, 0.4417028148906303]], "index": 9}, "(-0.007244988731428647, 0.02045970472154333, 0.001059080460357763)": {"nn": [[-0.027376998285437333, 0.12823198978449182, 0.4390854838990898], [-0.4, 4.898587196589413e-17, 0.0], [-0.11994343017875643, -0.11982878331769099, -0.0003516402756260982], [-0.007311498420180938, 0.020431315615618315, 0.0010574175159016117], [-0.11989906482315094, 0.11983129499778115, -0.00040066715354459994], [-0.02790524127481676, 0.12975942618429565, 0.4447372849964174], [-0.007189583358065897, 0.02058763402260009, 0.001039243938251235], [-0.03958101511692395, 0.19239942209318356, 0.6996873848472148]], "index": 11},