{"(0.006495190528383289, 0.0, 0.0)": {"nn": [[0.004592793267718459, 0.004592793267718459, 0.0], [NaN, NaN, NaN], [NaN, NaN, NaN], [NaN, NaN, NaN], [0.004592793267718457, -0.00459279326771846, 0.0]], "index": 0}, "(0.006495190528383289, -1.59086285808736e-18, 0.0015)": {"nn": [[0.004592793267718459, 0.004592793267718459, 0.0015], [NaN, NaN, NaN], [NaN, NaN, NaN], [NaN, NaN, NaN], [0.004592793267718457, -0.00459279326771846, 0.0015]], "index": 1}, "(-0.006495190528383289, 7.9543142904368e-19, 0.0)": {"nn": [[NaN, NaN, NaN], [NaN, NaN, NaN], [NaN, NaN, NaN], [-0.00459279326771846, -0.004592793267718458, 0.0], [-0.004592793267718458, 0.004592793267718459, 0.0]], "index": 3}, "(-0.006495190528383289, 7.9543142904368e-19, 0.0015)": {"nn": [[-0.00459279326771846, -0.004592793267718458, 0.0015], [-0.004592793267718458, 0.004592793267718459, 0.0015], [NaN, NaN, NaN], [NaN, NaN, NaN], [NaN, NaN, NaN]], "index": 5}, "(-1.1931471435655201e-18, -0.006495190528383289, 0.0015)": {"nn": [[-0.00459279326771846, -0.004592793267718458, 0.0015], [0.004592793267718457, -0.00459279326771846, 0.0015], [NaN, NaN, NaN], [NaN, NaN, NaN], [NaN, NaN, NaN]], "index": 13}, "(3.9771571452184e-19, 0.006495190528383289, 0.0015)": {"nn": [[-0.004592793267718458, 0.004592793267718459, 0.0015], [0.004592793267718459, 0.004592793267718459, 0.0015], [NaN, NaN, NaN], [NaN, NaN, NaN], [NaN, NaN, NaN]], "index": 19}, "(-1.1931471435655201e-18, -0.006495190528383289, 0.0)": {"nn": [[NaN, NaN, NaN], [NaN, NaN, NaN], [NaN, NaN, NaN], [0.004592793267718457, -0.00459279326771846, 0.0], [-0.00459279326771846, -0.004592793267718458, 0.0]], "index": 24}, "(3.9771571452184e-19, 0.006495190528383289, 0.0)": {"nn": [[0.004592793267718459, 0.004592793267718459, 0.0], [NaN, NaN, NaN], [NaN, NaN, NaN], [NaN, NaN, NaN], [-0.004592793267718458, 0.004592793267718459, 0.0]], "index": 31}, "(0.004592793267718457, -0.00459279326771846, 0.0015)": {"nn": [[0.006495190528383289, -1.59086285808736e-18, 0.0015], [-1.1931471435655201e-18, -0.006495190528383289, 0.0015], [NaN, NaN, NaN], [NaN, NaN, NaN], [NaN, NaN, NaN]], "index": 39}, "(-0.00459279326771846, -0.004592793267718458, 0.0015)": {"nn": [[-1.1931471435655201e-18, -0.006495190528383289, 0.0015], [NaN, NaN, NaN], [NaN, NaN, NaN], [NaN, NaN, NaN], [-0.006495190528383289, 7.9543142904368e-19, 0.0015]], "index": 53}, "(0.004592793267718459, 0.004592793267718459, 0.0015)": {"nn": [[0.006495190528383289, -1.59086285808736e-18, 0.0015], [NaN, NaN, NaN], [3.9771571452184e-19, 0.006495190528383289, 0.0015], [NaN, NaN, NaN], [NaN, NaN, NaN]], "index": 66}, "(-0.004592793267718458, 0.004592793267718459, 0.0015)": {"nn": [[NaN, NaN, NaN], [NaN, NaN, NaN], [3.9771571452184e-19, 0.006495190528383289, 0.0015], [NaN, NaN, NaN], [-0.006495190528383289, 7.9543142904368e-19, 0.0015]], "index": 78}, "(0.004592793267718457, -0.00459279326771846, 0.0)": {"nn": [[NaN, NaN, NaN], [NaN, NaN, NaN], [0.006495190528383289, 0.0, 0.0], [-1.1931471435655201e-18, -0.006495190528383289, 0.0], [NaN, NaN, NaN]], "index": 95}, "(-0.00459279326771846, -0.004592793267718458, 0.0)": {"nn": [[-0.006495190528383289, 7.9543142904368e-19, 0.0], [NaN, NaN, NaN], [NaN, NaN, NaN], [NaN, NaN, NaN], [-1.1931471435655201e-18, -0.006495190528383289, 0.0]], "index": 102}, "(-0.004592793267718458, 0.004592793267718459, 0.0)": {"nn": [[-0.006495190528383289, 7.9543142904368e-19, 0.0], [NaN, NaN, NaN], [NaN, NaN, NaN], [NaN, NaN, NaN], [3.9771571452184e-19, 0.006495190528383289, 0.0]], "index": 114}, "(0.004592793267718459, 0.004592793267718459, 0.0)": {"nn": [[NaN, NaN, NaN], [NaN, NaN, NaN], [0.006495190528383289, 0.0, 0.0], [NaN, NaN, NaN], [3.9771571452184e-19, 0.006495190528383289, 0.0]], "index": 131}, "(nan, nan, nan)": {"nn": [[0.004592793267718459, 0.004592793267718459, 0.0], [0.006495190528383289, 0.0, 0.0], [NaN, NaN, NaN], [NaN, NaN, NaN]], "index": 135}}